id,BT_Score_Bipartite,BT_Strength_Bipartite,BT_Total_Wins
110027826921,-0.6436467845096427,0.5253730041815082,8.0
110028633218,-0.19664597851836352,0.8214814039038502,10.0
110035139358,-0.8786098890220313,0.4153599069113695,7.0
110044533326,0.48408499806120064,1.6226895652577062,13.0
110045555227,1.686244275521618,5.399164803132479,17.0
110045866789,-1.403315676289053,0.24578068224607452,5.0
110052299472,2.943098183087192,18.97454194533812,19.0
110052932631,-1.1289543247129585,0.32337122098518667,6.0
110058819335,0.24983652365680514,1.2838155260645954,12.0
110061539364,1.315490508247546,3.7265784544872633,16.0
110064745587,-0.4179399951054699,0.6584017345661755,9.0
110065459693,0.0245227838049558,1.024825940275543,11.0
110075894633,0.48408499806120064,1.6226895652577062,13.0
110086673956,0.7332970226599381,2.0819334862991092,14.0
110089981866,-0.6436467845096427,0.5253730041815082,8.0
110092539338,-1.403315676289053,0.24578068224607452,5.0
110093995576,-0.4179399951054699,0.6584017345661755,9.0
110098721984,0.0245227838049558,1.024825940275543,11.0
120023458674,1.315490508247546,3.7265784544872633,16.0
120029547131,-1.1289543247129585,0.32337122098518667,6.0
120034985998,-0.19664597851836352,0.8214814039038502,10.0
120036694429,2.943098183087192,18.97454194533812,19.0
120037224769,0.7332970226599381,2.0819334862991092,14.0
120042625533,1.0059592914716404,2.734529225581451,15.0
120045521527,0.48408499806120064,1.6226895652577062,13.0
120046546199,-0.4179399951054699,0.6584017345661755,9.0
120046721991,0.7332970226599381,2.0819334862991092,14.0
120049597123,-1.1289543247129585,0.32337122098518667,6.0
120054648243,1.0059592914716404,2.734529225581451,15.0
120055987214,1.0059592914716404,2.734529225581451,15.0
120061496511,-1.403315676289053,0.24578068224607452,5.0
120064851452,1.686244275521618,5.399164803132479,17.0
120066371486,-0.4179399951054699,0.6584017345661755,9.0
120072433168,1.686244275521618,5.399164803132479,17.0
120073575495,-1.7153292122271522,0.1799044842070357,4.0
120076239149,0.7332970226599381,2.0819334862991092,14.0
120076678199,-0.4179399951054699,0.6584017345661755,9.0
120078264619,1.315490508247546,3.7265784544872633,16.0
120081943867,-0.8786098890220313,0.4153599069113695,7.0
120081996415,1.0059592914716404,2.734529225581451,15.0
120083554121,0.24983652365680514,1.2838155260645954,12.0
120087412241,0.7332970226599381,2.0819334862991092,14.0
120089855464,-1.1289543247129585,0.32337122098518667,6.0
120095443671,0.0245227838049558,1.024825940275543,11.0
130016365323,-1.403315676289053,0.24578068224607452,5.0
130018142989,-3.3586648823044363,0.03478166557587941,1.0
130024469222,0.0245227838049558,1.024825940275543,11.0
130031873317,-0.4179399951054699,0.6584017345661755,9.0
130041141352,1.686244275521618,5.399164803132479,17.0
130049661453,1.686244275521618,5.399164803132479,17.0
130052485424,-1.7153292122271522,0.1799044842070357,4.0
130064734754,-2.0896521116984643,0.12373017261062058,3.0
130073832265,0.24983652365680514,1.2838155260645954,12.0
130075114343,-0.6436467845096427,0.5253730041815082,8.0
130078453683,-0.6436467845096427,0.5253730041815082,8.0
130078778594,-0.8786098890220313,0.4153599069113695,7.0
130079821813,-1.1289543247129585,0.32337122098518667,6.0
130081397834,-0.4179399951054699,0.6584017345661755,9.0
130082776252,0.48408499806120064,1.6226895652577062,13.0
130083585444,0.24983652365680514,1.2838155260645954,12.0
130084826196,1.686244275521618,5.399164803132479,17.0
130088445915,0.7332970226599381,2.0819334862991092,14.0
130092749787,1.0059592914716404,2.734529225581451,15.0
130095235267,-0.6436467845096427,0.5253730041815082,8.0
130098363736,-1.1289543247129585,0.32337122098518667,6.0
130098749758,-0.4179399951054699,0.6584017345661755,9.0
140012475985,0.48408499806120064,1.6226895652577062,13.0
140012588323,-0.8786098890220313,0.4153599069113695,7.0
140013936122,-2.0896521116984643,0.12373017261062058,3.0
140017132769,0.48408499806120064,1.6226895652577062,13.0
140018187569,-1.7153292122271522,0.1799044842070357,4.0
140026873743,-0.19664597851836352,0.8214814039038502,10.0
140034326257,1.315490508247546,3.7265784544872633,16.0
140035215969,1.315490508247546,3.7265784544872633,16.0
140038668852,1.315490508247546,3.7265784544872633,16.0
140043612712,0.0245227838049558,1.024825940275543,11.0
140043895656,0.24983652365680514,1.2838155260645954,12.0
140045557273,1.315490508247546,3.7265784544872633,16.0
140045762952,1.0059592914716404,2.734529225581451,15.0
140046736644,-1.1289543247129585,0.32337122098518667,6.0
140047549216,2.1719969141000317,8.775791055818827,18.0
140048358285,-1.1289543247129585,0.32337122098518667,6.0
140055768864,-0.19664597851836352,0.8214814039038502,10.0
140056165667,-2.0896521116984643,0.12373017261062058,3.0
140061626491,-0.6436467845096427,0.5253730041815082,8.0
140063977658,1.315490508247546,3.7265784544872633,16.0
140064713665,-0.19664597851836352,0.8214814039038502,10.0
140064787385,-0.19664597851836352,0.8214814039038502,10.0
140071655168,0.0245227838049558,1.024825940275543,11.0
140073579147,1.0059592914716404,2.734529225581451,15.0
140075611743,-0.6436467845096427,0.5253730041815082,8.0
140078125929,-0.4179399951054699,0.6584017345661755,9.0
140079852872,-2.0896521116984643,0.12373017261062058,3.0
140082352743,-0.6436467845096427,0.5253730041815082,8.0
140087868586,-0.19664597851836352,0.8214814039038502,10.0
140092552374,-0.8786098890220313,0.4153599069113695,7.0
140092892663,-1.1289543247129585,0.32337122098518667,6.0
140097747589,2.943098183087192,18.97454194533812,19.0
140099743682,0.24983652365680514,1.2838155260645954,12.0
150016266852,1.686244275521618,5.399164803132479,17.0
150022616226,1.0059592914716404,2.734529225581451,15.0
150023489839,-0.4179399951054699,0.6584017345661755,9.0
150026812693,0.7332970226599381,2.0819334862991092,14.0
150027613742,-1.7153292122271522,0.1799044842070357,4.0
150027977342,-0.6436467845096427,0.5253730041815082,8.0
150038365688,-0.8786098890220313,0.4153599069113695,7.0
150038782491,-1.403315676289053,0.24578068224607452,5.0
150044487712,1.0059592914716404,2.734529225581451,15.0
150052879942,-0.4179399951054699,0.6584017345661755,9.0
150059821881,-0.8786098890220313,0.4153599069113695,7.0
150059938121,0.48408499806120064,1.6226895652577062,13.0
150061585118,0.24983652365680514,1.2838155260645954,12.0
150066663443,-0.8786098890220313,0.4153599069113695,7.0
150074569757,2.943098183087192,18.97454194533812,19.0
150084142367,-0.19664597851836352,0.8214814039038502,10.0
150092941462,0.48408499806120064,1.6226895652577062,13.0
150093232398,0.48408499806120064,1.6226895652577062,13.0
150097338449,0.7332970226599381,2.0819334862991092,14.0
160012387827,0.24983652365680514,1.2838155260645954,12.0
160012534726,0.7332970226599381,2.0819334862991092,14.0
160012974993,2.1719969141000317,8.775791055818827,18.0
160019563943,-0.4179399951054699,0.6584017345661755,9.0
160021727255,0.0245227838049558,1.024825940275543,11.0
160028546368,0.48408499806120064,1.6226895652577062,13.0
160029365996,0.0245227838049558,1.024825940275543,11.0
160031792692,0.7332970226599381,2.0819334862991092,14.0
160031868762,0.24983652365680514,1.2838155260645954,12.0
160043861677,0.0245227838049558,1.024825940275543,11.0
160044479271,2.943098183087192,18.97454194533812,19.0
160045614613,-0.8786098890220313,0.4153599069113695,7.0
160047247163,1.0059592914716404,2.734529225581451,15.0
160049575843,-0.8786098890220313,0.4153599069113695,7.0
160052966968,1.0059592914716404,2.734529225581451,15.0
160053732341,1.315490508247546,3.7265784544872633,16.0
160054826587,0.7332970226599381,2.0819334862991092,14.0
160061513621,0.0245227838049558,1.024825940275543,11.0
160062974191,1.0059592914716404,2.734529225581451,15.0
160064561981,2.1719969141000317,8.775791055818827,18.0
160065868722,-0.8786098890220313,0.4153599069113695,7.0
160071541825,-1.1289543247129585,0.32337122098518667,6.0
160074633215,-0.19664597851836352,0.8214814039038502,10.0
160076427948,1.315490508247546,3.7265784544872633,16.0
160082324817,1.315490508247546,3.7265784544872633,16.0
160086565159,1.686244275521618,5.399164803132479,17.0
160089436152,-0.6436467845096427,0.5253730041815082,8.0
160091719933,0.7332970226599381,2.0819334862991092,14.0
160091925488,1.0059592914716404,2.734529225581451,15.0
160096835698,0.0245227838049558,1.024825940275543,11.0
160097264276,-2.5804719484789684,0.07573825103434943,2.0
170015365753,0.7332970226599381,2.0819334862991092,14.0
170017477464,-0.4179399951054699,0.6584017345661755,9.0
170018638796,1.315490508247546,3.7265784544872633,16.0
170022657516,-3.3586648823044363,0.03478166557587941,1.0
170025436317,0.7332970226599381,2.0819334862991092,14.0
170025726295,0.24983652365680514,1.2838155260645954,12.0
170026767439,-0.4179399951054699,0.6584017345661755,9.0
170028691874,0.48408499806120064,1.6226895652577062,13.0
170031867592,-1.403315676289053,0.24578068224607452,5.0
170031921556,0.48408499806120064,1.6226895652577062,13.0
170034187723,1.315490508247546,3.7265784544872633,16.0
170034191362,-1.1289543247129585,0.32337122098518667,6.0
170037428168,0.24983652365680514,1.2838155260645954,12.0
170041854717,-0.19664597851836352,0.8214814039038502,10.0
170042915383,-0.19664597851836352,0.8214814039038502,10.0
170045836839,0.48408499806120064,1.6226895652577062,13.0
170047792563,1.315490508247546,3.7265784544872633,16.0
170052537621,0.48408499806120064,1.6226895652577062,13.0
170053913943,0.48408499806120064,1.6226895652577062,13.0
170056859976,0.0245227838049558,1.024825940275543,11.0
170061138995,-2.0896521116984643,0.12373017261062058,3.0
170061719831,0.7332970226599381,2.0819334862991092,14.0
170061918841,-0.4179399951054699,0.6584017345661755,9.0
170066365359,0.7332970226599381,2.0819334862991092,14.0
170069125145,-0.4179399951054699,0.6584017345661755,9.0
170069988323,-1.403315676289053,0.24578068224607452,5.0
170075469563,0.48408499806120064,1.6226895652577062,13.0
170078159393,-0.8786098890220313,0.4153599069113695,7.0
170079617526,-1.403315676289053,0.24578068224607452,5.0
170079871592,-0.6436467845096427,0.5253730041815082,8.0
170082481545,-0.6436467845096427,0.5253730041815082,8.0
170083252614,-0.4179399951054699,0.6584017345661755,9.0
170083461771,-0.19664597851836352,0.8214814039038502,10.0
170084624977,-0.4179399951054699,0.6584017345661755,9.0
170085815116,2.943098183087192,18.97454194533812,19.0
170089836634,-2.5804719484789684,0.07573825103434943,2.0
170092738452,-0.19664597851836352,0.8214814039038502,10.0
170095318998,1.315490508247546,3.7265784544872633,16.0
170098616227,-0.19664597851836352,0.8214814039038502,10.0
170098622632,-0.19664597851836352,0.8214814039038502,10.0
180017136128,-2.0896521116984643,0.12373017261062058,3.0
180017995188,-1.403315676289053,0.24578068224607452,5.0
180024288478,-2.5804719484789684,0.07573825103434943,2.0
180025869655,-0.8786098890220313,0.4153599069113695,7.0
180029425874,0.48408499806120064,1.6226895652577062,13.0
180042247375,-1.403315676289053,0.24578068224607452,5.0
180042719265,2.943098183087192,18.97454194533812,19.0
180044238519,2.943098183087192,18.97454194533812,19.0
180044821353,0.48408499806120064,1.6226895652577062,13.0
180047416613,0.0245227838049558,1.024825940275543,11.0
180047524279,0.24983652365680514,1.2838155260645954,12.0
180049759759,0.24983652365680514,1.2838155260645954,12.0
180057644165,0.24983652365680514,1.2838155260645954,12.0
180058796694,1.315490508247546,3.7265784544872633,16.0
180062797584,-0.6436467845096427,0.5253730041815082,8.0
180066552647,-0.19664597851836352,0.8214814039038502,10.0
180067844927,-0.4179399951054699,0.6584017345661755,9.0
180069723549,1.315490508247546,3.7265784544872633,16.0
180071974896,-0.8786098890220313,0.4153599069113695,7.0
180078528771,-2.0896521116984643,0.12373017261062058,3.0
180087712149,-27.631021099356374,1.0000000165721738e-12,0.0
180093181286,0.24983652365680514,1.2838155260645954,12.0
180095711399,1.0059592914716404,2.734529225581451,15.0
180098284157,-2.5804719484789684,0.07573825103434943,2.0
180098772562,0.24983652365680514,1.2838155260645954,12.0
190012787395,0.48408499806120064,1.6226895652577062,13.0
190015891348,1.686244275521618,5.399164803132479,17.0
190016596721,0.7332970226599381,2.0819334862991092,14.0
190016623384,-0.6436467845096427,0.5253730041815082,8.0
190017354858,-0.6436467845096427,0.5253730041815082,8.0
190021663673,-1.403315676289053,0.24578068224607452,5.0
190023346942,1.315490508247546,3.7265784544872633,16.0
190025616172,1.315490508247546,3.7265784544872633,16.0
190026761738,0.24983652365680514,1.2838155260645954,12.0
190027646355,0.24983652365680514,1.2838155260645954,12.0
190027998444,0.0245227838049558,1.024825940275543,11.0
190028421548,-0.8786098890220313,0.4153599069113695,7.0
190029992846,0.7332970226599381,2.0819334862991092,14.0
190042654249,-0.8786098890220313,0.4153599069113695,7.0
190043182117,2.1719969141000317,8.775791055818827,18.0
190043858831,1.315490508247546,3.7265784544872633,16.0
190044174155,1.315490508247546,3.7265784544872633,16.0
190046238849,2.1719969141000317,8.775791055818827,18.0
190046735385,-0.4179399951054699,0.6584017345661755,9.0
190047128795,-0.19664597851836352,0.8214814039038502,10.0
190049177287,0.7332970226599381,2.0819334862991092,14.0
190061947962,2.943098183087192,18.97454194533812,19.0
190064123772,-0.4179399951054699,0.6584017345661755,9.0
190065956611,-2.0896521116984643,0.12373017261062058,3.0
190066669131,2.943098183087192,18.97454194533812,19.0
190068937562,-0.8786098890220313,0.4153599069113695,7.0
190069791374,0.7332970226599381,2.0819334862991092,14.0
190074358152,0.0245227838049558,1.024825940275543,11.0
190075594397,-0.19664597851836352,0.8214814039038502,10.0
190076828592,2.1719969141000317,8.775791055818827,18.0
190078656557,-1.7153292122271522,0.1799044842070357,4.0
190081998279,2.1719969141000317,8.775791055818827,18.0
190083431958,0.0245227838049558,1.024825940275543,11.0
190085681765,1.686244275521618,5.399164803132479,17.0
190088192812,7.629056451555377,2057.10812267482,20.0
190089535459,1.315490508247546,3.7265784544872633,16.0
190091323935,-1.1289543247129585,0.32337122098518667,6.0
190092122568,1.0059592914716404,2.734529225581451,15.0
190092297256,1.686244275521618,5.399164803132479,17.0
190093544432,1.315490508247546,3.7265784544872633,16.0
210018628861,0.0245227838049558,1.024825940275543,11.0
210022637673,0.7332970226599381,2.0819334862991092,14.0
210025285672,0.24983652365680514,1.2838155260645954,12.0
210033668136,1.315490508247546,3.7265784544872633,16.0
210035274769,0.7332970226599381,2.0819334862991092,14.0
210036286641,1.0059592914716404,2.734529225581451,15.0
210042198879,-0.8786098890220313,0.4153599069113695,7.0
210043888541,0.0245227838049558,1.024825940275543,11.0
210044369521,0.24983652365680514,1.2838155260645954,12.0
210045634581,2.1719969141000317,8.775791055818827,18.0
210046429587,-1.1289543247129585,0.32337122098518667,6.0
210048717237,-0.8786098890220313,0.4153599069113695,7.0
210059143738,-0.4179399951054699,0.6584017345661755,9.0
210059598294,0.0245227838049558,1.024825940275543,11.0
210062185876,0.7332970226599381,2.0819334862991092,14.0
210067299748,0.0245227838049558,1.024825940275543,11.0
210067958511,-0.4179399951054699,0.6584017345661755,9.0
220015336584,0.24983652365680514,1.2838155260645954,12.0
220032356586,-0.19664597851836352,0.8214814039038502,10.0
220035138141,-1.1289543247129585,0.32337122098518667,6.0
220035533752,-1.403315676289053,0.24578068224607452,5.0
220037496388,0.24983652365680514,1.2838155260645954,12.0
220041312616,0.48408499806120064,1.6226895652577062,13.0
220042868721,-0.6436467845096427,0.5253730041815082,8.0
220045515763,-0.8786098890220313,0.4153599069113695,7.0
220047947475,-0.8786098890220313,0.4153599069113695,7.0
220049965176,-1.1289543247129585,0.32337122098518667,6.0
220057481646,0.24983652365680514,1.2838155260645954,12.0
220057859144,0.7332970226599381,2.0819334862991092,14.0
220059916335,-0.6436467845096427,0.5253730041815082,8.0
220071794486,-0.8786098890220313,0.4153599069113695,7.0
220078371568,1.315490508247546,3.7265784544872633,16.0
220082523849,-1.1289543247129585,0.32337122098518667,6.0
220086938986,0.48408499806120064,1.6226895652577062,13.0
220095269153,-0.19664597851836352,0.8214814039038502,10.0
220097653794,-0.19664597851836352,0.8214814039038502,10.0
230014174229,1.0059592914716404,2.734529225581451,15.0
230014549761,2.943098183087192,18.97454194533812,19.0
230015275839,0.7332970226599381,2.0819334862991092,14.0
230015965153,-1.403315676289053,0.24578068224607452,5.0
230017823113,0.48408499806120064,1.6226895652577062,13.0
230023444974,0.48408499806120064,1.6226895652577062,13.0
230023465563,-0.19664597851836352,0.8214814039038502,10.0
230025182997,1.315490508247546,3.7265784544872633,16.0
230025326417,1.0059592914716404,2.734529225581451,15.0
230025647739,1.0059592914716404,2.734529225581451,15.0
230027217755,2.1719969141000317,8.775791055818827,18.0
230027625142,-0.8786098890220313,0.4153599069113695,7.0
230028339211,0.24983652365680514,1.2838155260645954,12.0
230028348522,-1.1289543247129585,0.32337122098518667,6.0
230032297685,-1.403315676289053,0.24578068224607452,5.0
230034893167,-0.6436467845096427,0.5253730041815082,8.0
230037939175,-1.403315676289053,0.24578068224607452,5.0
230038846987,-0.8786098890220313,0.4153599069113695,7.0
230041134623,0.48408499806120064,1.6226895652577062,13.0
230047199629,0.0245227838049558,1.024825940275543,11.0
230052213174,1.0059592914716404,2.734529225581451,15.0
230053416876,0.7332970226599381,2.0819334862991092,14.0
230054736684,1.315490508247546,3.7265784544872633,16.0
230055681643,-0.4179399951054699,0.6584017345661755,9.0
230068141494,2.943098183087192,18.97454194533812,19.0
230071769887,0.7332970226599381,2.0819334862991092,14.0
230073333487,-1.7153292122271522,0.1799044842070357,4.0
230073739632,1.0059592914716404,2.734529225581451,15.0
230075776324,0.7332970226599381,2.0819334862991092,14.0
230083912639,1.686244275521618,5.399164803132479,17.0
230084453991,-0.4179399951054699,0.6584017345661755,9.0
230085434536,1.0059592914716404,2.734529225581451,15.0
230086386887,0.48408499806120064,1.6226895652577062,13.0
230086868992,1.686244275521618,5.399164803132479,17.0
230091149732,-0.8786098890220313,0.4153599069113695,7.0
230094322478,1.0059592914716404,2.734529225581451,15.0
240013723291,-0.4179399951054699,0.6584017345661755,9.0
240015754617,2.1719969141000317,8.775791055818827,18.0
240016876539,-0.6436467845096427,0.5253730041815082,8.0
240016919434,1.315490508247546,3.7265784544872633,16.0
240019369615,1.0059592914716404,2.734529225581451,15.0
240019482678,-0.19664597851836352,0.8214814039038502,10.0
240027419288,0.0245227838049558,1.024825940275543,11.0
240032973328,-0.4179399951054699,0.6584017345661755,9.0
240033842335,-0.6436467845096427,0.5253730041815082,8.0
240038642414,-0.4179399951054699,0.6584017345661755,9.0
240046598295,1.686244275521618,5.399164803132479,17.0
240053622344,-1.7153292122271522,0.1799044842070357,4.0
240054629598,2.1719969141000317,8.775791055818827,18.0
240054783613,0.0245227838049558,1.024825940275543,11.0
240055516226,1.315490508247546,3.7265784544872633,16.0
240055641194,-0.8786098890220313,0.4153599069113695,7.0
240057574318,-1.1289543247129585,0.32337122098518667,6.0
240061671235,-0.19664597851836352,0.8214814039038502,10.0
240061913754,2.943098183087192,18.97454194533812,19.0
240067824674,-0.19664597851836352,0.8214814039038502,10.0
240069341476,-1.403315676289053,0.24578068224607452,5.0
240075494641,-1.403315676289053,0.24578068224607452,5.0
240076633319,0.0245227838049558,1.024825940275543,11.0
240077879489,-0.4179399951054699,0.6584017345661755,9.0
240078389651,0.0245227838049558,1.024825940275543,11.0
240079167265,-0.6436467845096427,0.5253730041815082,8.0
240086839458,-0.6436467845096427,0.5253730041815082,8.0
240087726252,-1.403315676289053,0.24578068224607452,5.0
240087948825,0.24983652365680514,1.2838155260645954,12.0
240089631498,0.7332970226599381,2.0819334862991092,14.0
240093924272,1.315490508247546,3.7265784544872633,16.0
240098761884,0.7332970226599381,2.0819334862991092,14.0
250012749767,-0.6436467845096427,0.5253730041815082,8.0
250012977817,7.629056451555377,2057.10812267482,20.0
250015693553,0.0245227838049558,1.024825940275543,11.0
250016283171,-0.4179399951054699,0.6584017345661755,9.0
250016557925,1.686244275521618,5.399164803132479,17.0
250021621332,0.7332970226599381,2.0819334862991092,14.0
250024594579,-2.5804719484789684,0.07573825103434943,2.0
250025569882,-0.8786098890220313,0.4153599069113695,7.0
250033348624,0.24983652365680514,1.2838155260645954,12.0
250034832668,0.48408499806120064,1.6226895652577062,13.0
250042464259,-1.403315676289053,0.24578068224607452,5.0
250045359884,-0.4179399951054699,0.6584017345661755,9.0
250046253948,2.943098183087192,18.97454194533812,19.0
250046839546,-0.8786098890220313,0.4153599069113695,7.0
250049643964,-1.1289543247129585,0.32337122098518667,6.0
250049735319,1.0059592914716404,2.734529225581451,15.0
250059714252,-1.1289543247129585,0.32337122098518667,6.0
250063441198,-0.19664597851836352,0.8214814039038502,10.0
250067395729,-0.4179399951054699,0.6584017345661755,9.0
250069261593,-1.1289543247129585,0.32337122098518667,6.0
250073875129,0.0245227838049558,1.024825940275543,11.0
250078583392,1.315490508247546,3.7265784544872633,16.0
250079283473,0.24983652365680514,1.2838155260645954,12.0
250094553431,1.315490508247546,3.7265784544872633,16.0
250097963838,1.315490508247546,3.7265784544872633,16.0
260011547311,0.7332970226599381,2.0819334862991092,14.0
260012234288,0.48408499806120064,1.6226895652577062,13.0
260012756483,1.0059592914716404,2.734529225581451,15.0
260015975674,1.0059592914716404,2.734529225581451,15.0
260016519129,-0.8786098890220313,0.4153599069113695,7.0
260019929691,1.0059592914716404,2.734529225581451,15.0
260021421975,0.0245227838049558,1.024825940275543,11.0
260021913391,-0.6436467845096427,0.5253730041815082,8.0
260023289661,2.1719969141000317,8.775791055818827,18.0
260023939136,-0.19664597851836352,0.8214814039038502,10.0
260026549417,-0.8786098890220313,0.4153599069113695,7.0
260028252378,-0.19664597851836352,0.8214814039038502,10.0
260031651144,1.686244275521618,5.399164803132479,17.0
260031862532,-1.403315676289053,0.24578068224607452,5.0
260036926486,1.686244275521618,5.399164803132479,17.0
260036961918,-1.1289543247129585,0.32337122098518667,6.0
260038437345,-0.4179399951054699,0.6584017345661755,9.0
260044273489,-1.7153292122271522,0.1799044842070357,4.0
260046191839,0.7332970226599381,2.0819334862991092,14.0
260048242896,-0.19664597851836352,0.8214814039038502,10.0
260049863524,-1.403315676289053,0.24578068224607452,5.0
260049943294,0.24983652365680514,1.2838155260645954,12.0
260054797922,0.48408499806120064,1.6226895652577062,13.0
260056474615,0.7332970226599381,2.0819334862991092,14.0
260057462382,1.0059592914716404,2.734529225581451,15.0
260059898168,-0.6436467845096427,0.5253730041815082,8.0
260061845459,-1.403315676289053,0.24578068224607452,5.0
260061865784,7.629056451555377,2057.10812267482,20.0
260063343387,-1.403315676289053,0.24578068224607452,5.0
260075546749,-0.19664597851836352,0.8214814039038502,10.0
260076121323,-0.8786098890220313,0.4153599069113695,7.0
260077437356,0.48408499806120064,1.6226895652577062,13.0
260078998845,0.48408499806120064,1.6226895652577062,13.0
260084236794,1.0059592914716404,2.734529225581451,15.0
260088818233,1.315490508247546,3.7265784544872633,16.0
260091356461,-0.6436467845096427,0.5253730041815082,8.0
260092682163,-0.19664597851836352,0.8214814039038502,10.0
260098261847,-1.1289543247129585,0.32337122098518667,6.0
260099857269,-0.4179399951054699,0.6584017345661755,9.0
270011611849,-0.4179399951054699,0.6584017345661755,9.0
270012467719,-0.4179399951054699,0.6584017345661755,9.0
270013298613,-0.4179399951054699,0.6584017345661755,9.0
270014625362,0.24983652365680514,1.2838155260645954,12.0
270018978797,-1.1289543247129585,0.32337122098518667,6.0
270019288977,0.0245227838049558,1.024825940275543,11.0
270052445178,0.7332970226599381,2.0819334862991092,14.0
270063468229,0.24983652365680514,1.2838155260645954,12.0
270068548361,-0.4179399951054699,0.6584017345661755,9.0
270071891473,-0.19664597851836352,0.8214814039038502,10.0
270072557566,0.48408499806120064,1.6226895652577062,13.0
270082324816,-0.8786098890220313,0.4153599069113695,7.0
270085683528,0.48408499806120064,1.6226895652577062,13.0
270093939273,1.686244275521618,5.399164803132479,17.0
270096149567,1.686244275521618,5.399164803132479,17.0
270099313415,0.24983652365680514,1.2838155260645954,12.0
280021674432,-0.4179399951054699,0.6584017345661755,9.0
280028466724,1.686244275521618,5.399164803132479,17.0
280029419274,1.686244275521618,5.399164803132479,17.0
280029895784,0.24983652365680514,1.2838155260645954,12.0
280032749713,1.0059592914716404,2.734529225581451,15.0
280039676327,-0.6436467845096427,0.5253730041815082,8.0
280049519235,1.315490508247546,3.7265784544872633,16.0
280057554661,-1.403315676289053,0.24578068224607452,5.0
280058914223,-0.19664597851836352,0.8214814039038502,10.0
280063697346,1.315490508247546,3.7265784544872633,16.0
280066277579,0.24983652365680514,1.2838155260645954,12.0
280071368845,0.7332970226599381,2.0819334862991092,14.0
280091449514,0.7332970226599381,2.0819334862991092,14.0
280092283837,0.48408499806120064,1.6226895652577062,13.0
280097652957,1.0059592914716404,2.734529225581451,15.0
280098478386,1.686244275521618,5.399164803132479,17.0
280099245412,1.686244275521618,5.399164803132479,17.0
280099672698,0.7332970226599381,2.0819334862991092,14.0
290012139134,0.7332970226599381,2.0819334862991092,14.0
290012162317,-1.1289543247129585,0.32337122098518667,6.0
290013393455,0.48408499806120064,1.6226895652577062,13.0
290017853429,1.0059592914716404,2.734529225581451,15.0
290023291112,0.7332970226599381,2.0819334862991092,14.0
290024712516,-1.7153292122271522,0.1799044842070357,4.0
290029133676,-0.19664597851836352,0.8214814039038502,10.0
290043195412,-0.4179399951054699,0.6584017345661755,9.0
290048244893,0.24983652365680514,1.2838155260645954,12.0
290052211286,1.315490508247546,3.7265784544872633,16.0
290054624118,0.24983652365680514,1.2838155260645954,12.0
290062231716,-0.4179399951054699,0.6584017345661755,9.0
290067285491,-1.7153292122271522,0.1799044842070357,4.0
290068531972,0.0245227838049558,1.024825940275543,11.0
290074613978,0.24983652365680514,1.2838155260645954,12.0
290076153963,-1.1289543247129585,0.32337122098518667,6.0
290076323386,-0.19664597851836352,0.8214814039038502,10.0
290078189892,1.686244275521618,5.399164803132479,17.0
290079959145,-1.1289543247129585,0.32337122098518667,6.0
290085194923,1.0059592914716404,2.734529225581451,15.0
290087936669,0.48408499806120064,1.6226895652577062,13.0
290087988129,-1.7153292122271522,0.1799044842070357,4.0
290089731816,-0.6436467845096427,0.5253730041815082,8.0
290095371728,0.7332970226599381,2.0819334862991092,14.0
290095426287,-1.403315676289053,0.24578068224607452,5.0
310013153631,0.24983652365680514,1.2838155260645954,12.0
310013926764,1.686244275521618,5.399164803132479,17.0
310014983199,2.1719969141000317,8.775791055818827,18.0
310016195549,0.24983652365680514,1.2838155260645954,12.0
310016339393,-0.19664597851836352,0.8214814039038502,10.0
310016972931,0.7332970226599381,2.0819334862991092,14.0
310019362261,2.943098183087192,18.97454194533812,19.0
310021732339,-0.6436467845096427,0.5253730041815082,8.0
310021761545,-0.19664597851836352,0.8214814039038502,10.0
310023975361,0.48408499806120064,1.6226895652577062,13.0
310025524241,0.24983652365680514,1.2838155260645954,12.0
310027751375,-0.6436467845096427,0.5253730041815082,8.0
310027844617,0.7332970226599381,2.0819334862991092,14.0
310031492851,-0.19664597851836352,0.8214814039038502,10.0
310035253137,0.24983652365680514,1.2838155260645954,12.0
310035667714,-1.7153292122271522,0.1799044842070357,4.0
310042628456,-0.6436467845096427,0.5253730041815082,8.0
310044685786,0.0245227838049558,1.024825940275543,11.0
310046256552,0.7332970226599381,2.0819334862991092,14.0
310051963863,2.1719969141000317,8.775791055818827,18.0
310054482414,1.686244275521618,5.399164803132479,17.0
310061492883,-1.1289543247129585,0.32337122098518667,6.0
310066211516,0.0245227838049558,1.024825940275543,11.0
310069562343,0.48408499806120064,1.6226895652577062,13.0
310071524181,-0.19664597851836352,0.8214814039038502,10.0
310071621941,-1.7153292122271522,0.1799044842070357,4.0
310074461617,0.24983652365680514,1.2838155260645954,12.0
310074997885,1.0059592914716404,2.734529225581451,15.0
310076681898,2.1719969141000317,8.775791055818827,18.0
310079939811,-1.1289543247129585,0.32337122098518667,6.0
310088587121,0.48408499806120064,1.6226895652577062,13.0
310098417976,-1.1289543247129585,0.32337122098518667,6.0
320012528775,0.0245227838049558,1.024825940275543,11.0
320024587728,-0.8786098890220313,0.4153599069113695,7.0
320028776899,0.24983652365680514,1.2838155260645954,12.0
320029112152,1.0059592914716404,2.734529225581451,15.0
320034282153,-0.19664597851836352,0.8214814039038502,10.0
320035282341,1.315490508247546,3.7265784544872633,16.0
320037844449,0.24983652365680514,1.2838155260645954,12.0
320037852869,0.0245227838049558,1.024825940275543,11.0
320045553168,-0.8786098890220313,0.4153599069113695,7.0
320048942858,0.48408499806120064,1.6226895652577062,13.0
320055624821,1.686244275521618,5.399164803132479,17.0
320055754336,-1.7153292122271522,0.1799044842070357,4.0
320056362877,1.315490508247546,3.7265784544872633,16.0
320057856994,-0.19664597851836352,0.8214814039038502,10.0
320063475328,0.0245227838049558,1.024825940275543,11.0
320071234526,0.7332970226599381,2.0819334862991092,14.0
320073137768,0.24983652365680514,1.2838155260645954,12.0
320077665127,-1.7153292122271522,0.1799044842070357,4.0
320087388861,1.686244275521618,5.399164803132479,17.0
320093848446,-1.403315676289053,0.24578068224607452,5.0
320094986489,0.48408499806120064,1.6226895652577062,13.0
320098424723,-1.403315676289053,0.24578068224607452,5.0
330012497654,1.0059592914716404,2.734529225581451,15.0
330021983653,2.1719969141000317,8.775791055818827,18.0
330023783931,-0.6436467845096427,0.5253730041815082,8.0
330024881614,0.48408499806120064,1.6226895652577062,13.0
330045963447,0.24983652365680514,1.2838155260645954,12.0
330046396972,-3.3586648823044363,0.03478166557587941,1.0
330053596661,-1.1289543247129585,0.32337122098518667,6.0
330055958973,-27.631021099356374,1.0000000165721738e-12,0.0
330056948412,-0.6436467845096427,0.5253730041815082,8.0
330057418777,0.0245227838049558,1.024825940275543,11.0
330059466587,2.1719969141000317,8.775791055818827,18.0
330068968215,0.0245227838049558,1.024825940275543,11.0
330069518622,-0.6436467845096427,0.5253730041815082,8.0
330071643883,0.7332970226599381,2.0819334862991092,14.0
330073651683,1.686244275521618,5.399164803132479,17.0
330075796582,-0.8786098890220313,0.4153599069113695,7.0
330078135811,-0.8786098890220313,0.4153599069113695,7.0
330078969278,-0.19664597851836352,0.8214814039038502,10.0
330081571894,-2.0896521116984643,0.12373017261062058,3.0
330082839276,-0.19664597851836352,0.8214814039038502,10.0
330084327868,-1.7153292122271522,0.1799044842070357,4.0
330086956932,0.24983652365680514,1.2838155260645954,12.0
330091634419,1.315490508247546,3.7265784544872633,16.0
330091849918,-0.19664597851836352,0.8214814039038502,10.0
330093943973,-0.6436467845096427,0.5253730041815082,8.0
340015275598,-0.8786098890220313,0.4153599069113695,7.0
340029443518,1.0059592914716404,2.734529225581451,15.0
340035681837,0.48408499806120064,1.6226895652577062,13.0
340038213155,-1.1289543247129585,0.32337122098518667,6.0
340039415862,-0.8786098890220313,0.4153599069113695,7.0
340041829853,-0.4179399951054699,0.6584017345661755,9.0
340045469275,-1.403315676289053,0.24578068224607452,5.0
340055815418,-0.8786098890220313,0.4153599069113695,7.0
340056311419,1.315490508247546,3.7265784544872633,16.0
340056515757,0.48408499806120064,1.6226895652577062,13.0
340062283968,0.7332970226599381,2.0819334862991092,14.0
340062875196,-0.19664597851836352,0.8214814039038502,10.0
340063672865,2.943098183087192,18.97454194533812,19.0
340063922679,0.48408499806120064,1.6226895652577062,13.0
340065876522,-1.1289543247129585,0.32337122098518667,6.0
340066974162,0.0245227838049558,1.024825940275543,11.0
340072199982,1.315490508247546,3.7265784544872633,16.0
340074454512,-0.8786098890220313,0.4153599069113695,7.0
340075798731,0.48408499806120064,1.6226895652577062,13.0
340089113287,-1.1289543247129585,0.32337122098518667,6.0
340089391795,0.7332970226599381,2.0819334862991092,14.0
340091943245,-0.19664597851836352,0.8214814039038502,10.0
340093695324,0.7332970226599381,2.0819334862991092,14.0
340094153681,0.0245227838049558,1.024825940275543,11.0
340098251767,-2.5804719484789684,0.07573825103434943,2.0
350018713946,-0.19664597851836352,0.8214814039038502,10.0
350019762748,0.7332970226599381,2.0819334862991092,14.0
350023255284,-0.19664597851836352,0.8214814039038502,10.0
350023361267,0.24983652365680514,1.2838155260645954,12.0
350027878251,0.48408499806120064,1.6226895652577062,13.0
350033391475,-0.8786098890220313,0.4153599069113695,7.0
350049685966,1.0059592914716404,2.734529225581451,15.0
350049724842,-0.8786098890220313,0.4153599069113695,7.0
350063457338,-0.4179399951054699,0.6584017345661755,9.0
350067897336,-0.4179399951054699,0.6584017345661755,9.0
350067921855,-0.6436467845096427,0.5253730041815082,8.0
350076348778,2.943098183087192,18.97454194533812,19.0
350079286356,1.686244275521618,5.399164803132479,17.0
350084756699,-0.8786098890220313,0.4153599069113695,7.0
350085223458,0.24983652365680514,1.2838155260645954,12.0
350086956743,-0.4179399951054699,0.6584017345661755,9.0
350087649516,-0.19664597851836352,0.8214814039038502,10.0
350089543891,-0.4179399951054699,0.6584017345661755,9.0
350092758549,-0.19664597851836352,0.8214814039038502,10.0
350095197951,0.48408499806120064,1.6226895652577062,13.0
350097428314,-1.403315676289053,0.24578068224607452,5.0
350098265335,-1.403315676289053,0.24578068224607452,5.0
360011897723,-0.6436467845096427,0.5253730041815082,8.0
360014691361,-1.1289543247129585,0.32337122098518667,6.0
360025569174,-0.19664597851836352,0.8214814039038502,10.0
360029728311,0.24983652365680514,1.2838155260645954,12.0
360034381759,0.24983652365680514,1.2838155260645954,12.0
360037987864,0.24983652365680514,1.2838155260645954,12.0
360039359367,2.943098183087192,18.97454194533812,19.0
360041918832,-0.6436467845096427,0.5253730041815082,8.0
360048974279,1.315490508247546,3.7265784544872633,16.0
360052681283,0.7332970226599381,2.0819334862991092,14.0
360057326254,-0.6436467845096427,0.5253730041815082,8.0
360061417393,-0.4179399951054699,0.6584017345661755,9.0
360065475467,2.1719969141000317,8.775791055818827,18.0
360065738391,0.48408499806120064,1.6226895652577062,13.0
360067346689,1.0059592914716404,2.734529225581451,15.0
360067724951,1.315490508247546,3.7265784544872633,16.0
360074382259,-0.6436467845096427,0.5253730041815082,8.0
360077321124,0.7332970226599381,2.0819334862991092,14.0
360078469227,-0.19664597851836352,0.8214814039038502,10.0
360081512573,1.686244275521618,5.399164803132479,17.0
360083438242,1.686244275521618,5.399164803132479,17.0
360091565361,0.7332970226599381,2.0819334862991092,14.0
360092667837,-0.19664597851836352,0.8214814039038502,10.0
360093417113,-1.1289543247129585,0.32337122098518667,6.0
360094455135,1.0059592914716404,2.734529225581451,15.0
360095836748,0.24983652365680514,1.2838155260645954,12.0
370012566273,1.315490508247546,3.7265784544872633,16.0
370013844528,-0.19664597851836352,0.8214814039038502,10.0
370014589622,-1.403315676289053,0.24578068224607452,5.0
370018815653,-1.7153292122271522,0.1799044842070357,4.0
370018947227,1.686244275521618,5.399164803132479,17.0
370021584757,-0.8786098890220313,0.4153599069113695,7.0
370021948464,-0.19664597851836352,0.8214814039038502,10.0
370022423446,-0.6436467845096427,0.5253730041815082,8.0
370024249653,0.0245227838049558,1.024825940275543,11.0
370024347751,-0.6436467845096427,0.5253730041815082,8.0
370026827625,1.315490508247546,3.7265784544872633,16.0
370026966476,0.0245227838049558,1.024825940275543,11.0
370031843877,0.7332970226599381,2.0819334862991092,14.0
370032478599,0.0245227838049558,1.024825940275543,11.0
370034216496,-0.6436467845096427,0.5253730041815082,8.0
370035617814,1.0059592914716404,2.734529225581451,15.0
370036966575,-2.0896521116984643,0.12373017261062058,3.0
370041339985,-0.4179399951054699,0.6584017345661755,9.0
370045245522,-1.1289543247129585,0.32337122098518667,6.0
370052847133,-1.1289543247129585,0.32337122098518667,6.0
370053635299,0.0245227838049558,1.024825940275543,11.0
370057465668,-1.403315676289053,0.24578068224607452,5.0
370061375688,0.0245227838049558,1.024825940275543,11.0
370061516785,1.0059592914716404,2.734529225581451,15.0
370063642786,-0.8786098890220313,0.4153599069113695,7.0
370064846151,-0.19664597851836352,0.8214814039038502,10.0
370075893835,-0.4179399951054699,0.6584017345661755,9.0
370075941677,0.48408499806120064,1.6226895652577062,13.0
370079534126,2.1719969141000317,8.775791055818827,18.0
370081642314,0.24983652365680514,1.2838155260645954,12.0
370082693144,0.24983652365680514,1.2838155260645954,12.0
370085837483,-1.1289543247129585,0.32337122098518667,6.0
370091536638,0.0245227838049558,1.024825940275543,11.0
370098228645,0.24983652365680514,1.2838155260645954,12.0
370098514266,1.0059592914716404,2.734529225581451,15.0
370099317496,-0.8786098890220313,0.4153599069113695,7.0
370099537359,-0.19664597851836352,0.8214814039038502,10.0
380013412894,1.0059592914716404,2.734529225581451,15.0
380017867629,-0.6436467845096427,0.5253730041815082,8.0
380019315683,-0.4179399951054699,0.6584017345661755,9.0
380019538139,0.24983652365680514,1.2838155260645954,12.0
380023119658,1.686244275521618,5.399164803132479,17.0
380023228745,-0.6436467845096427,0.5253730041815082,8.0
380025335915,0.7332970226599381,2.0819334862991092,14.0
380032949129,2.1719969141000317,8.775791055818827,18.0
380037742971,-0.19664597851836352,0.8214814039038502,10.0
380042773727,1.315490508247546,3.7265784544872633,16.0
380045668786,0.48408499806120064,1.6226895652577062,13.0
380045759619,0.48408499806120064,1.6226895652577062,13.0
380046365487,0.0245227838049558,1.024825940275543,11.0
380048242592,-0.6436467845096427,0.5253730041815082,8.0
380048611818,1.0059592914716404,2.734529225581451,15.0
380056878722,0.0245227838049558,1.024825940275543,11.0
380057781962,1.315490508247546,3.7265784544872633,16.0
380058611548,1.0059592914716404,2.734529225581451,15.0
380062676687,0.48408499806120064,1.6226895652577062,13.0
380067572387,-0.19664597851836352,0.8214814039038502,10.0
380087445429,1.686244275521618,5.399164803132479,17.0
380087472828,-1.1289543247129585,0.32337122098518667,6.0
380091333889,1.315490508247546,3.7265784544872633,16.0
380097272553,0.7332970226599381,2.0819334862991092,14.0
380099574516,-0.6436467845096427,0.5253730041815082,8.0
390017624477,0.24983652365680514,1.2838155260645954,12.0
390022136315,0.7332970226599381,2.0819334862991092,14.0
390023243291,-0.6436467845096427,0.5253730041815082,8.0
390025715279,0.0245227838049558,1.024825940275543,11.0
390028385219,2.943098183087192,18.97454194533812,19.0
390028389496,-0.8786098890220313,0.4153599069113695,7.0
390036839962,0.7332970226599381,2.0819334862991092,14.0
390037332245,2.943098183087192,18.97454194533812,19.0
390037751352,-0.19664597851836352,0.8214814039038502,10.0
390042331878,1.686244275521618,5.399164803132479,17.0
390052556265,0.0245227838049558,1.024825940275543,11.0
390053315141,-1.7153292122271522,0.1799044842070357,4.0
390053887142,-0.19664597851836352,0.8214814039038502,10.0
390057656893,0.0245227838049558,1.024825940275543,11.0
390072728652,1.686244275521618,5.399164803132479,17.0
390072897944,-0.8786098890220313,0.4153599069113695,7.0
390078552789,-1.1289543247129585,0.32337122098518667,6.0
390079431384,-1.1289543247129585,0.32337122098518667,6.0
390083353954,1.0059592914716404,2.734529225581451,15.0
390083556786,-0.19664597851836352,0.8214814039038502,10.0
390084651599,1.315490508247546,3.7265784544872633,16.0
390085819587,1.315490508247546,3.7265784544872633,16.0
390097199823,-0.8786098890220313,0.4153599069113695,7.0
390098535999,0.7332970226599381,2.0819334862991092,14.0
410017144948,0.7332970226599381,2.0819334862991092,14.0
410019899789,0.24983652365680514,1.2838155260645954,12.0
410019997838,0.0245227838049558,1.024825940275543,11.0
410024886333,-0.8786098890220313,0.4153599069113695,7.0
410029788645,2.943098183087192,18.97454194533812,19.0
410037152976,0.7332970226599381,2.0819334862991092,14.0
410049382139,-0.4179399951054699,0.6584017345661755,9.0
410052541934,0.24983652365680514,1.2838155260645954,12.0
410056554294,1.0059592914716404,2.734529225581451,15.0
410056788378,0.0245227838049558,1.024825940275543,11.0
410058441496,0.7332970226599381,2.0819334862991092,14.0
410059215921,0.24983652365680514,1.2838155260645954,12.0
410063748795,-1.403315676289053,0.24578068224607452,5.0
410064941319,0.24983652365680514,1.2838155260645954,12.0
410069782742,0.7332970226599381,2.0819334862991092,14.0
410071168581,0.0245227838049558,1.024825940275543,11.0
410071974541,-0.8786098890220313,0.4153599069113695,7.0
410072665439,-1.403315676289053,0.24578068224607452,5.0
410073452826,1.686244275521618,5.399164803132479,17.0
410075285726,-0.6436467845096427,0.5253730041815082,8.0
410075359448,-2.0896521116984643,0.12373017261062058,3.0
410076268293,1.315490508247546,3.7265784544872633,16.0
410077547126,-0.4179399951054699,0.6584017345661755,9.0
410078573557,1.686244275521618,5.399164803132479,17.0
410081946165,-0.19664597851836352,0.8214814039038502,10.0
410084942586,1.686244275521618,5.399164803132479,17.0
410086313475,0.48408499806120064,1.6226895652577062,13.0
410088795989,-1.403315676289053,0.24578068224607452,5.0
410091185428,0.24983652365680514,1.2838155260645954,12.0
410099376451,0.7332970226599381,2.0819334862991092,14.0
420017114677,-2.5804719484789684,0.07573825103434943,2.0
420018491133,-1.7153292122271522,0.1799044842070357,4.0
420019437499,1.0059592914716404,2.734529225581451,15.0
420024625437,1.686244275521618,5.399164803132479,17.0
420031384261,-0.8786098890220313,0.4153599069113695,7.0
420035539635,1.0059592914716404,2.734529225581451,15.0
420037193574,-2.0896521116984643,0.12373017261062058,3.0
420042824811,0.24983652365680514,1.2838155260645954,12.0
420043645747,2.943098183087192,18.97454194533812,19.0
420048496689,0.7332970226599381,2.0819334862991092,14.0
420048719892,-0.8786098890220313,0.4153599069113695,7.0
420055246653,-0.4179399951054699,0.6584017345661755,9.0
420058321228,-0.19664597851836352,0.8214814039038502,10.0
420058578292,1.0059592914716404,2.734529225581451,15.0
420069744837,2.943098183087192,18.97454194533812,19.0
420078889167,-0.4179399951054699,0.6584017345661755,9.0
420082833116,-1.403315676289053,0.24578068224607452,5.0
420083326314,-0.19664597851836352,0.8214814039038502,10.0
420095524852,0.7332970226599381,2.0819334862991092,14.0
420096362229,1.686244275521618,5.399164803132479,17.0
420097115653,-1.403315676289053,0.24578068224607452,5.0
420099186762,0.48408499806120064,1.6226895652577062,13.0
430018818766,-0.4179399951054699,0.6584017345661755,9.0
430022655433,0.48408499806120064,1.6226895652577062,13.0
430025892214,0.24983652365680514,1.2838155260645954,12.0
430031122394,0.7332970226599381,2.0819334862991092,14.0
430032836859,1.0059592914716404,2.734529225581451,15.0
430042459877,0.24983652365680514,1.2838155260645954,12.0
430042594624,0.0245227838049558,1.024825940275543,11.0
430045924354,-2.0896521116984643,0.12373017261062058,3.0
430049865536,0.24983652365680514,1.2838155260645954,12.0
430053823614,0.24983652365680514,1.2838155260645954,12.0
430068788246,-0.19664597851836352,0.8214814039038502,10.0
430077791723,1.0059592914716404,2.734529225581451,15.0
430078536818,-0.4179399951054699,0.6584017345661755,9.0
430081398359,0.48408499806120064,1.6226895652577062,13.0
430081837523,0.48408499806120064,1.6226895652577062,13.0
430094159774,-1.1289543247129585,0.32337122098518667,6.0
430094843157,-2.0896521116984643,0.12373017261062058,3.0
440012629254,1.315490508247546,3.7265784544872633,16.0
440018619176,-0.8786098890220313,0.4153599069113695,7.0
440018681282,-1.1289543247129585,0.32337122098518667,6.0
440021256381,0.24983652365680514,1.2838155260645954,12.0
440023998979,-1.1289543247129585,0.32337122098518667,6.0
440026322961,2.943098183087192,18.97454194533812,19.0
440026527723,-1.1289543247129585,0.32337122098518667,6.0
440026958513,0.24983652365680514,1.2838155260645954,12.0
440028326661,-0.6436467845096427,0.5253730041815082,8.0
440032399962,1.0059592914716404,2.734529225581451,15.0
440033937299,-1.7153292122271522,0.1799044842070357,4.0
440034763178,0.0245227838049558,1.024825940275543,11.0
440039159183,0.24983652365680514,1.2838155260645954,12.0
440054274289,-0.4179399951054699,0.6584017345661755,9.0
440057732294,-0.6436467845096427,0.5253730041815082,8.0
440058196837,0.24983652365680514,1.2838155260645954,12.0
440059592913,-0.8786098890220313,0.4153599069113695,7.0
440059874667,-0.6436467845096427,0.5253730041815082,8.0
440061848883,-0.19664597851836352,0.8214814039038502,10.0
440061894911,-1.1289543247129585,0.32337122098518667,6.0
440068957391,-0.19664597851836352,0.8214814039038502,10.0
440069949539,-0.8786098890220313,0.4153599069113695,7.0
440072287368,-1.1289543247129585,0.32337122098518667,6.0
440077577357,0.0245227838049558,1.024825940275543,11.0
440078958239,-1.7153292122271522,0.1799044842070357,4.0
440088616777,0.24983652365680514,1.2838155260645954,12.0
440091785358,-0.6436467845096427,0.5253730041815082,8.0
440097872254,0.24983652365680514,1.2838155260645954,12.0
440098486129,0.7332970226599381,2.0819334862991092,14.0
440098711545,-0.19664597851836352,0.8214814039038502,10.0
440099723152,-0.6436467845096427,0.5253730041815082,8.0
450017484282,-0.6436467845096427,0.5253730041815082,8.0
450017491682,1.315490508247546,3.7265784544872633,16.0
450017982864,-1.1289543247129585,0.32337122098518667,6.0
450025453626,-3.3586648823044363,0.03478166557587941,1.0
450028834379,0.7332970226599381,2.0819334862991092,14.0
450034841957,0.0245227838049558,1.024825940275543,11.0
450038386219,0.7332970226599381,2.0819334862991092,14.0
450038838368,-0.6436467845096427,0.5253730041815082,8.0
450039199455,1.686244275521618,5.399164803132479,17.0
450041386749,1.0059592914716404,2.734529225581451,15.0
450046715337,0.0245227838049558,1.024825940275543,11.0
450054316358,-0.19664597851836352,0.8214814039038502,10.0
450058657564,0.0245227838049558,1.024825940275543,11.0
450068495916,2.1719969141000317,8.775791055818827,18.0
450068512181,0.7332970226599381,2.0819334862991092,14.0
450068861744,1.315490508247546,3.7265784544872633,16.0
450074651726,0.24983652365680514,1.2838155260645954,12.0
450085629155,-1.403315676289053,0.24578068224607452,5.0
450086826374,-0.8786098890220313,0.4153599069113695,7.0
450088789435,0.0245227838049558,1.024825940275543,11.0
450092343869,-0.19664597851836352,0.8214814039038502,10.0
450097966434,-1.1289543247129585,0.32337122098518667,6.0
460036429154,1.686244275521618,5.399164803132479,17.0
460041225851,-1.1289543247129585,0.32337122098518667,6.0
460043914199,-0.19664597851836352,0.8214814039038502,10.0
460044759529,0.7332970226599381,2.0819334862991092,14.0
460046593475,0.0245227838049558,1.024825940275543,11.0
460047388457,-0.19664597851836352,0.8214814039038502,10.0
460049364993,-1.1289543247129585,0.32337122098518667,6.0
460049367838,1.315490508247546,3.7265784544872633,16.0
460049934599,-1.1289543247129585,0.32337122098518667,6.0
460052894362,0.24983652365680514,1.2838155260645954,12.0
460055914625,-0.8786098890220313,0.4153599069113695,7.0
460057398691,1.0059592914716404,2.734529225581451,15.0
460058458515,-1.1289543247129585,0.32337122098518667,6.0
460058652178,-2.0896521116984643,0.12373017261062058,3.0
460061217339,-0.19664597851836352,0.8214814039038502,10.0
460069132194,-1.7153292122271522,0.1799044842070357,4.0
460069519452,-0.8786098890220313,0.4153599069113695,7.0
460073482715,0.0245227838049558,1.024825940275543,11.0
460077624311,-0.4179399951054699,0.6584017345661755,9.0
460081341461,0.0245227838049558,1.024825940275543,11.0
460082566526,1.686244275521618,5.399164803132479,17.0
460086378463,0.48408499806120064,1.6226895652577062,13.0
460089656159,1.315490508247546,3.7265784544872633,16.0
460091431317,0.24983652365680514,1.2838155260645954,12.0
460095475937,1.0059592914716404,2.734529225581451,15.0
460097182985,1.0059592914716404,2.734529225581451,15.0
470011732634,1.0059592914716404,2.734529225581451,15.0
470028358416,-0.4179399951054699,0.6584017345661755,9.0
470029231719,0.24983652365680514,1.2838155260645954,12.0
470033959363,0.24983652365680514,1.2838155260645954,12.0
470036658271,0.7332970226599381,2.0819334862991092,14.0
470036723838,-0.19664597851836352,0.8214814039038502,10.0
470037255645,-2.5804719484789684,0.07573825103434943,2.0
470042298865,-0.6436467845096427,0.5253730041815082,8.0
470048427647,-0.8786098890220313,0.4153599069113695,7.0
470048442889,0.48408499806120064,1.6226895652577062,13.0
470048663797,1.315490508247546,3.7265784544872633,16.0
470053555579,-0.4179399951054699,0.6584017345661755,9.0
470056756382,0.7332970226599381,2.0819334862991092,14.0
470059869412,0.7332970226599381,2.0819334862991092,14.0
470068487172,-0.8786098890220313,0.4153599069113695,7.0
470069692215,-0.4179399951054699,0.6584017345661755,9.0
470072881946,2.943098183087192,18.97454194533812,19.0
470076217336,7.629056451555377,2057.10812267482,20.0
470079196614,-0.4179399951054699,0.6584017345661755,9.0
470085368568,-1.1289543247129585,0.32337122098518667,6.0
470096992657,-0.19664597851836352,0.8214814039038502,10.0
470098577736,0.24983652365680514,1.2838155260645954,12.0
480014963623,-0.8786098890220313,0.4153599069113695,7.0
480017668725,-0.4179399951054699,0.6584017345661755,9.0
480022451864,0.48408499806120064,1.6226895652577062,13.0
480025757597,0.24983652365680514,1.2838155260645954,12.0
480041561655,0.7332970226599381,2.0819334862991092,14.0
480052891149,-0.4179399951054699,0.6584017345661755,9.0
480054615426,-0.6436467845096427,0.5253730041815082,8.0
480056867678,7.629056451555377,2057.10812267482,20.0
480058428438,-1.403315676289053,0.24578068224607452,5.0
480059485372,0.0245227838049558,1.024825940275543,11.0
480059867455,0.48408499806120064,1.6226895652577062,13.0
480061344859,-0.6436467845096427,0.5253730041815082,8.0
480062226312,2.943098183087192,18.97454194533812,19.0
480062232648,-0.6436467845096427,0.5253730041815082,8.0
480063635268,-1.1289543247129585,0.32337122098518667,6.0
480065596688,0.24983652365680514,1.2838155260645954,12.0
480067283492,1.0059592914716404,2.734529225581451,15.0
480069245314,0.7332970226599381,2.0819334862991092,14.0
480079528384,2.1719969141000317,8.775791055818827,18.0
480082794184,0.0245227838049558,1.024825940275543,11.0
480085865643,1.0059592914716404,2.734529225581451,15.0
480086617849,0.24983652365680514,1.2838155260645954,12.0
480089249125,-3.3586648823044363,0.03478166557587941,1.0
480094677883,-1.403315676289053,0.24578068224607452,5.0
480095379513,-1.403315676289053,0.24578068224607452,5.0
480096655918,0.0245227838049558,1.024825940275543,11.0
490012348938,0.0245227838049558,1.024825940275543,11.0
490012985966,2.1719969141000317,8.775791055818827,18.0
490015851286,1.315490508247546,3.7265784544872633,16.0
490021425928,-1.7153292122271522,0.1799044842070357,4.0
490021888333,0.7332970226599381,2.0819334862991092,14.0
490022297194,0.0245227838049558,1.024825940275543,11.0
490029119131,-1.403315676289053,0.24578068224607452,5.0
490032816571,1.686244275521618,5.399164803132479,17.0
490032926536,1.686244275521618,5.399164803132479,17.0
490033146737,-1.403315676289053,0.24578068224607452,5.0
490034997878,0.7332970226599381,2.0819334862991092,14.0
490039855793,-1.7153292122271522,0.1799044842070357,4.0
490042181656,0.7332970226599381,2.0819334862991092,14.0
490042269329,-1.1289543247129585,0.32337122098518667,6.0
490042538147,0.7332970226599381,2.0819334862991092,14.0
490042698177,1.315490508247546,3.7265784544872633,16.0
490051628732,2.1719969141000317,8.775791055818827,18.0
490053317237,-0.4179399951054699,0.6584017345661755,9.0
490056239474,0.7332970226599381,2.0819334862991092,14.0
490058861612,-0.8786098890220313,0.4153599069113695,7.0
490062236468,0.48408499806120064,1.6226895652577062,13.0
490062856576,0.0245227838049558,1.024825940275543,11.0
490063325166,-0.6436467845096427,0.5253730041815082,8.0
490067946443,-0.4179399951054699,0.6584017345661755,9.0
490071612766,1.315490508247546,3.7265784544872633,16.0
490074163534,0.7332970226599381,2.0819334862991092,14.0
490076872797,0.0245227838049558,1.024825940275543,11.0
490091919216,1.315490508247546,3.7265784544872633,16.0
490098632986,-0.6436467845096427,0.5253730041815082,8.0
510014522383,-1.7153292122271522,0.1799044842070357,4.0
510019532516,0.0245227838049558,1.024825940275543,11.0
510022872167,0.0245227838049558,1.024825940275543,11.0
510024373125,1.686244275521618,5.399164803132479,17.0
510025776789,-1.1289543247129585,0.32337122098518667,6.0
510027134428,0.24983652365680514,1.2838155260645954,12.0
510027578493,1.686244275521618,5.399164803132479,17.0
510036677694,0.7332970226599381,2.0819334862991092,14.0
510039411796,-0.8786098890220313,0.4153599069113695,7.0
510039585415,0.48408499806120064,1.6226895652577062,13.0
510042754846,1.315490508247546,3.7265784544872633,16.0
510043621628,1.315490508247546,3.7265784544872633,16.0
510046946285,0.48408499806120064,1.6226895652577062,13.0
510047813669,0.7332970226599381,2.0819334862991092,14.0
510051859191,0.0245227838049558,1.024825940275543,11.0
510054821367,0.7332970226599381,2.0819334862991092,14.0
510058237853,0.48408499806120064,1.6226895652577062,13.0
510058822143,0.24983652365680514,1.2838155260645954,12.0
510064622917,1.686244275521618,5.399164803132479,17.0
510065466194,-0.4179399951054699,0.6584017345661755,9.0
510066186655,-1.1289543247129585,0.32337122098518667,6.0
510067118291,7.629056451555377,2057.10812267482,20.0
510068182286,0.48408499806120064,1.6226895652577062,13.0
510072944565,-0.4179399951054699,0.6584017345661755,9.0
510074435831,1.0059592914716404,2.734529225581451,15.0
510075759319,-0.4179399951054699,0.6584017345661755,9.0
510077934355,-0.8786098890220313,0.4153599069113695,7.0
510086718139,-0.4179399951054699,0.6584017345661755,9.0
510086945882,-1.1289543247129585,0.32337122098518667,6.0
510093135654,-0.8786098890220313,0.4153599069113695,7.0
510097183692,-0.19664597851836352,0.8214814039038502,10.0
520023279747,1.0059592914716404,2.734529225581451,15.0
520023373144,-0.6436467845096427,0.5253730041815082,8.0
520023894171,2.1719969141000317,8.775791055818827,18.0
520027469588,0.7332970226599381,2.0819334862991092,14.0
520033865469,0.0245227838049558,1.024825940275543,11.0
520035713485,0.7332970226599381,2.0819334862991092,14.0
520035933336,-2.0896521116984643,0.12373017261062058,3.0
520037687756,-0.4179399951054699,0.6584017345661755,9.0
520041699788,0.24983652365680514,1.2838155260645954,12.0
520043282853,2.943098183087192,18.97454194533812,19.0
520045184774,0.7332970226599381,2.0819334862991092,14.0
520046435286,-0.4179399951054699,0.6584017345661755,9.0
520047563853,2.1719969141000317,8.775791055818827,18.0
520051256738,1.686244275521618,5.399164803132479,17.0
520053772456,-0.19664597851836352,0.8214814039038502,10.0
520053973328,1.0059592914716404,2.734529225581451,15.0
520058251249,-0.6436467845096427,0.5253730041815082,8.0
520059486972,-0.6436467845096427,0.5253730041815082,8.0
520061946728,-0.19664597851836352,0.8214814039038502,10.0
520064319913,0.24983652365680514,1.2838155260645954,12.0
520067619439,-0.8786098890220313,0.4153599069113695,7.0
520067873978,-2.5804719484789684,0.07573825103434943,2.0
520072557869,-0.4179399951054699,0.6584017345661755,9.0
520073192728,0.0245227838049558,1.024825940275543,11.0
520073265688,-1.1289543247129585,0.32337122098518667,6.0
520079723248,0.24983652365680514,1.2838155260645954,12.0
520083733726,-0.8786098890220313,0.4153599069113695,7.0
520088445356,1.0059592914716404,2.734529225581451,15.0
520097541767,1.686244275521618,5.399164803132479,17.0
520099539376,1.315490508247546,3.7265784544872633,16.0
530012485623,1.686244275521618,5.399164803132479,17.0
530013239882,0.0245227838049558,1.024825940275543,11.0
530014294566,-0.6436467845096427,0.5253730041815082,8.0
530015834276,1.315490508247546,3.7265784544872633,16.0
530022167773,0.0245227838049558,1.024825940275543,11.0
530034967434,0.24983652365680514,1.2838155260645954,12.0
530037874952,-1.1289543247129585,0.32337122098518667,6.0
530043281542,1.0059592914716404,2.734529225581451,15.0
530044946213,-1.7153292122271522,0.1799044842070357,4.0
530045641783,-1.1289543247129585,0.32337122098518667,6.0
530049361363,0.48408499806120064,1.6226895652577062,13.0
530052978927,-0.6436467845096427,0.5253730041815082,8.0
530054226951,-1.7153292122271522,0.1799044842070357,4.0
530054432734,-0.6436467845096427,0.5253730041815082,8.0
530063293122,0.48408499806120064,1.6226895652577062,13.0
530063431999,0.0245227838049558,1.024825940275543,11.0
530066967344,-3.3586648823044363,0.03478166557587941,1.0
530067374386,0.7332970226599381,2.0819334862991092,14.0
530068127423,0.7332970226599381,2.0819334862991092,14.0
530068213782,0.48408499806120064,1.6226895652577062,13.0
530068422921,0.48408499806120064,1.6226895652577062,13.0
530069117654,0.48408499806120064,1.6226895652577062,13.0
530069624865,1.686244275521618,5.399164803132479,17.0
530071226561,1.686244275521618,5.399164803132479,17.0
530072481828,2.1719969141000317,8.775791055818827,18.0
530074394253,0.24983652365680514,1.2838155260645954,12.0
530074558593,1.686244275521618,5.399164803132479,17.0
530081122712,0.0245227838049558,1.024825940275543,11.0
530085529569,0.24983652365680514,1.2838155260645954,12.0
530088263412,0.7332970226599381,2.0819334862991092,14.0
530088933224,-0.19664597851836352,0.8214814039038502,10.0
530092562233,1.0059592914716404,2.734529225581451,15.0
540012558396,1.0059592914716404,2.734529225581451,15.0
540017781184,0.0245227838049558,1.024825940275543,11.0
540021532643,2.1719969141000317,8.775791055818827,18.0
540033275731,1.686244275521618,5.399164803132479,17.0
540047832899,0.0245227838049558,1.024825940275543,11.0
540048187115,2.943098183087192,18.97454194533812,19.0
540048634169,0.48408499806120064,1.6226895652577062,13.0
540054545327,0.48408499806120064,1.6226895652577062,13.0
540056385129,0.7332970226599381,2.0819334862991092,14.0
540059977793,0.0245227838049558,1.024825940275543,11.0
540064153257,-0.4179399951054699,0.6584017345661755,9.0
540064843185,1.686244275521618,5.399164803132479,17.0
540072169156,-0.19664597851836352,0.8214814039038502,10.0
540072531672,0.7332970226599381,2.0819334862991092,14.0
540073976256,2.1719969141000317,8.775791055818827,18.0
540084225291,0.48408499806120064,1.6226895652577062,13.0
540084917136,2.1719969141000317,8.775791055818827,18.0
540086284587,0.48408499806120064,1.6226895652577062,13.0
540087739327,1.0059592914716404,2.734529225581451,15.0
540092769475,-0.8786098890220313,0.4153599069113695,7.0
540094682245,1.686244275521618,5.399164803132479,17.0
540097514813,-0.19664597851836352,0.8214814039038502,10.0
540098897561,0.7332970226599381,2.0819334862991092,14.0
540099133166,-0.4179399951054699,0.6584017345661755,9.0
550012355377,1.315490508247546,3.7265784544872633,16.0
550013392933,7.629056451555377,2057.10812267482,20.0
550015836797,0.7332970226599381,2.0819334862991092,14.0
550016138895,-2.0896521116984643,0.12373017261062058,3.0
550017921283,0.48408499806120064,1.6226895652577062,13.0
550017941282,-0.6436467845096427,0.5253730041815082,8.0
550021939774,-0.6436467845096427,0.5253730041815082,8.0
550023385877,-2.5804719484789684,0.07573825103434943,2.0
550023954612,0.0245227838049558,1.024825940275543,11.0
550025877773,0.0245227838049558,1.024825940275543,11.0
550031482979,0.7332970226599381,2.0819334862991092,14.0
550035419321,0.7332970226599381,2.0819334862991092,14.0
550043147854,-1.403315676289053,0.24578068224607452,5.0
550048762811,-0.8786098890220313,0.4153599069113695,7.0
550067724377,-2.0896521116984643,0.12373017261062058,3.0
550076244175,-0.19664597851836352,0.8214814039038502,10.0
550083365267,-0.6436467845096427,0.5253730041815082,8.0
550084683232,1.0059592914716404,2.734529225581451,15.0
550095394818,-27.631021099356374,1.0000000165721738e-12,0.0
550095836372,-0.4179399951054699,0.6584017345661755,9.0
550096734861,0.7332970226599381,2.0819334862991092,14.0
550098846719,-0.6436467845096427,0.5253730041815082,8.0
550098899494,1.0059592914716404,2.734529225581451,15.0
560011186169,0.24983652365680514,1.2838155260645954,12.0
560014787259,1.686244275521618,5.399164803132479,17.0
560019854939,7.629056451555377,2057.10812267482,20.0
560025599144,1.315490508247546,3.7265784544872633,16.0
560031348796,0.48408499806120064,1.6226895652577062,13.0
560032491118,0.0245227838049558,1.024825940275543,11.0
560034153491,1.0059592914716404,2.734529225581451,15.0
560038978939,0.0245227838049558,1.024825940275543,11.0
560039422798,-0.6436467845096427,0.5253730041815082,8.0
560039929413,-0.8786098890220313,0.4153599069113695,7.0
560044434889,-0.4179399951054699,0.6584017345661755,9.0
560045158595,-0.6436467845096427,0.5253730041815082,8.0
560045521652,-0.8786098890220313,0.4153599069113695,7.0
560045897469,1.686244275521618,5.399164803132479,17.0
560046277722,-0.8786098890220313,0.4153599069113695,7.0
560048533517,1.0059592914716404,2.734529225581451,15.0
560052735119,1.686244275521618,5.399164803132479,17.0
560053212191,2.943098183087192,18.97454194533812,19.0
560054311392,-0.19664597851836352,0.8214814039038502,10.0
560057552211,-2.0896521116984643,0.12373017261062058,3.0
560059156747,0.7332970226599381,2.0819334862991092,14.0
560059763224,-0.19664597851836352,0.8214814039038502,10.0
560061154343,-1.1289543247129585,0.32337122098518667,6.0
560068556184,1.0059592914716404,2.734529225581451,15.0
560068845216,1.686244275521618,5.399164803132479,17.0
560076728569,-3.3586648823044363,0.03478166557587941,1.0
560084272592,-0.6436467845096427,0.5253730041815082,8.0
560094332573,-0.6436467845096427,0.5253730041815082,8.0
560094588358,-0.8786098890220313,0.4153599069113695,7.0
570016559189,1.686244275521618,5.399164803132479,17.0
570016864693,0.24983652365680514,1.2838155260645954,12.0
570018559934,-0.8786098890220313,0.4153599069113695,7.0
570021265268,0.7332970226599381,2.0819334862991092,14.0
570022127453,2.1719969141000317,8.775791055818827,18.0
570026423173,0.0245227838049558,1.024825940275543,11.0
570031891867,0.24983652365680514,1.2838155260645954,12.0
570032653674,-0.4179399951054699,0.6584017345661755,9.0
570037416895,0.48408499806120064,1.6226895652577062,13.0
570048247365,0.7332970226599381,2.0819334862991092,14.0
570051671434,-0.8786098890220313,0.4153599069113695,7.0
570055471546,-1.1289543247129585,0.32337122098518667,6.0
570057291153,0.0245227838049558,1.024825940275543,11.0
570058413599,1.0059592914716404,2.734529225581451,15.0
570058965891,-0.4179399951054699,0.6584017345661755,9.0
570063461319,0.7332970226599381,2.0819334862991092,14.0
570063511859,1.315490508247546,3.7265784544872633,16.0
570075414654,-1.1289543247129585,0.32337122098518667,6.0
570075876192,0.24983652365680514,1.2838155260645954,12.0
570076694947,1.315490508247546,3.7265784544872633,16.0
570083828942,-1.1289543247129585,0.32337122098518667,6.0
570084893588,1.686244275521618,5.399164803132479,17.0
570085187715,0.24983652365680514,1.2838155260645954,12.0
570085432724,-0.8786098890220313,0.4153599069113695,7.0
570093311757,0.7332970226599381,2.0819334862991092,14.0
570094779733,0.48408499806120064,1.6226895652577062,13.0
570099642743,1.686244275521618,5.399164803132479,17.0
580015641149,-1.7153292122271522,0.1799044842070357,4.0
580017172197,-1.403315676289053,0.24578068224607452,5.0
580018262192,-0.6436467845096427,0.5253730041815082,8.0
580021192564,1.686244275521618,5.399164803132479,17.0
580028238167,1.315490508247546,3.7265784544872633,16.0
580029988974,-0.4179399951054699,0.6584017345661755,9.0
580031879867,0.24983652365680514,1.2838155260645954,12.0
580036313267,1.686244275521618,5.399164803132479,17.0
580037673337,-0.6436467845096427,0.5253730041815082,8.0
580041825993,0.0245227838049558,1.024825940275543,11.0
580042118743,0.48408499806120064,1.6226895652577062,13.0
580044459966,2.943098183087192,18.97454194533812,19.0
580045865642,0.7332970226599381,2.0819334862991092,14.0
580046161582,-0.8786098890220313,0.4153599069113695,7.0
580053733754,1.0059592914716404,2.734529225581451,15.0
580058629416,0.24983652365680514,1.2838155260645954,12.0
580059813981,-0.4179399951054699,0.6584017345661755,9.0
580062426785,-0.4179399951054699,0.6584017345661755,9.0
580066282863,0.0245227838049558,1.024825940275543,11.0
580069933669,1.315490508247546,3.7265784544872633,16.0
580073491967,0.24983652365680514,1.2838155260645954,12.0
580075827643,0.0245227838049558,1.024825940275543,11.0
580076375699,-0.4179399951054699,0.6584017345661755,9.0
580079865282,-0.6436467845096427,0.5253730041815082,8.0
580086172862,2.1719969141000317,8.775791055818827,18.0
580091575315,1.0059592914716404,2.734529225581451,15.0
580091969364,1.315490508247546,3.7265784544872633,16.0
580094118863,-1.7153292122271522,0.1799044842070357,4.0
590012184581,2.1719969141000317,8.775791055818827,18.0
590012883132,2.1719969141000317,8.775791055818827,18.0
590013135644,0.0245227838049558,1.024825940275543,11.0
590017285854,0.7332970226599381,2.0819334862991092,14.0
590023379568,0.0245227838049558,1.024825940275543,11.0
590024889813,0.48408499806120064,1.6226895652577062,13.0
590025688121,0.0245227838049558,1.024825940275543,11.0
590025742134,-0.19664597851836352,0.8214814039038502,10.0
590031719177,0.24983652365680514,1.2838155260645954,12.0
590035196214,0.7332970226599381,2.0819334862991092,14.0
590039492597,0.24983652365680514,1.2838155260645954,12.0
590039752276,-0.8786098890220313,0.4153599069113695,7.0
590043699398,-0.8786098890220313,0.4153599069113695,7.0
590043718158,1.0059592914716404,2.734529225581451,15.0
590045446963,-1.7153292122271522,0.1799044842070357,4.0
590046387649,-0.6436467845096427,0.5253730041815082,8.0
590048423557,0.7332970226599381,2.0819334862991092,14.0
590049844923,1.0059592914716404,2.734529225581451,15.0
590057565313,-0.6436467845096427,0.5253730041815082,8.0
590062844415,1.315490508247546,3.7265784544872633,16.0
590063498614,-2.0896521116984643,0.12373017261062058,3.0
590063989913,0.24983652365680514,1.2838155260645954,12.0
590069335826,7.629056451555377,2057.10812267482,20.0
590069615645,1.686244275521618,5.399164803132479,17.0
590071429472,-0.8786098890220313,0.4153599069113695,7.0
590071541952,0.7332970226599381,2.0819334862991092,14.0
590082581449,0.0245227838049558,1.024825940275543,11.0
590086898581,1.0059592914716404,2.734529225581451,15.0
590088179675,0.24983652365680514,1.2838155260645954,12.0
590088719879,-1.1289543247129585,0.32337122098518667,6.0
590088986563,2.1719969141000317,8.775791055818827,18.0
590089214271,1.686244275521618,5.399164803132479,17.0
590089519392,0.24983652365680514,1.2838155260645954,12.0
590089641183,-0.8786098890220313,0.4153599069113695,7.0
590091236413,1.0059592914716404,2.734529225581451,15.0
590093911677,0.24983652365680514,1.2838155260645954,12.0
590097478396,-0.6436467845096427,0.5253730041815082,8.0
610017649229,1.0059592914716404,2.734529225581451,15.0
610021252647,1.0059592914716404,2.734529225581451,15.0
610022249362,1.0059592914716404,2.734529225581451,15.0
610022678148,1.686244275521618,5.399164803132479,17.0
610026178584,1.686244275521618,5.399164803132479,17.0
610027552319,-1.7153292122271522,0.1799044842070357,4.0
610033967215,-0.4179399951054699,0.6584017345661755,9.0
610034116781,-1.7153292122271522,0.1799044842070357,4.0
610034458274,-0.4179399951054699,0.6584017345661755,9.0
610039252251,0.0245227838049558,1.024825940275543,11.0
610049283165,1.0059592914716404,2.734529225581451,15.0
610051736911,-0.6436467845096427,0.5253730041815082,8.0
610053581175,0.7332970226599381,2.0819334862991092,14.0
610053895896,0.0245227838049558,1.024825940275543,11.0
610054111859,0.48408499806120064,1.6226895652577062,13.0
610055231557,1.686244275521618,5.399164803132479,17.0
610056414173,-1.1289543247129585,0.32337122098518667,6.0
610057464259,-0.19664597851836352,0.8214814039038502,10.0
610058834626,1.315490508247546,3.7265784544872633,16.0
610059298235,-0.4179399951054699,0.6584017345661755,9.0
610061445593,-1.1289543247129585,0.32337122098518667,6.0
610061624684,1.686244275521618,5.399164803132479,17.0
610074112358,-1.1289543247129585,0.32337122098518667,6.0
610075924461,-0.6436467845096427,0.5253730041815082,8.0
610087794679,0.48408499806120064,1.6226895652577062,13.0
610091945861,0.0245227838049558,1.024825940275543,11.0
610093334616,0.7332970226599381,2.0819334862991092,14.0
610097974318,1.0059592914716404,2.734529225581451,15.0
610098211743,-1.403315676289053,0.24578068224607452,5.0
610099156497,-2.0896521116984643,0.12373017261062058,3.0
620018593332,-0.19664597851836352,0.8214814039038502,10.0
620019472633,7.629056451555377,2057.10812267482,20.0
620028983854,0.24983652365680514,1.2838155260645954,12.0
620029288569,-1.1289543247129585,0.32337122098518667,6.0
620035678821,0.48408499806120064,1.6226895652577062,13.0
620048674646,-0.19664597851836352,0.8214814039038502,10.0
620056488757,0.48408499806120064,1.6226895652577062,13.0
620059549946,-0.6436467845096427,0.5253730041815082,8.0
620063982371,-1.1289543247129585,0.32337122098518667,6.0
620066373551,-0.8786098890220313,0.4153599069113695,7.0
620066961583,-0.4179399951054699,0.6584017345661755,9.0
620073278135,0.24983652365680514,1.2838155260645954,12.0
620073958961,1.686244275521618,5.399164803132479,17.0
620081527648,-0.4179399951054699,0.6584017345661755,9.0
620082821921,1.686244275521618,5.399164803132479,17.0
620083125339,-0.4179399951054699,0.6584017345661755,9.0
620084336269,-0.4179399951054699,0.6584017345661755,9.0
620084618737,1.0059592914716404,2.734529225581451,15.0
620086384319,-1.1289543247129585,0.32337122098518667,6.0
620089256995,0.24983652365680514,1.2838155260645954,12.0
620092782831,-1.1289543247129585,0.32337122098518667,6.0
620097698436,-1.7153292122271522,0.1799044842070357,4.0
630012287646,-0.6436467845096427,0.5253730041815082,8.0
630015718842,-0.8786098890220313,0.4153599069113695,7.0
630019877982,-0.8786098890220313,0.4153599069113695,7.0
630023119556,-0.6436467845096427,0.5253730041815082,8.0
630024122246,1.686244275521618,5.399164803132479,17.0
630024143775,-1.1289543247129585,0.32337122098518667,6.0
630027623235,1.686244275521618,5.399164803132479,17.0
630028173258,-3.3586648823044363,0.03478166557587941,1.0
630031976214,-0.6436467845096427,0.5253730041815082,8.0
630041347281,-0.6436467845096427,0.5253730041815082,8.0
630041489322,0.7332970226599381,2.0819334862991092,14.0
630045735315,-0.4179399951054699,0.6584017345661755,9.0
630053671961,-1.1289543247129585,0.32337122098518667,6.0
630055234459,-0.6436467845096427,0.5253730041815082,8.0
630062766957,1.315490508247546,3.7265784544872633,16.0
630075284556,0.24983652365680514,1.2838155260645954,12.0
630076675929,-0.8786098890220313,0.4153599069113695,7.0
630078147859,-0.19664597851836352,0.8214814039038502,10.0
630079255524,-0.8786098890220313,0.4153599069113695,7.0
630081841489,0.0245227838049558,1.024825940275543,11.0
630083557424,1.0059592914716404,2.734529225581451,15.0
630083651158,-0.4179399951054699,0.6584017345661755,9.0
630085217283,0.7332970226599381,2.0819334862991092,14.0
630088274776,1.0059592914716404,2.734529225581451,15.0
630092539536,-0.6436467845096427,0.5253730041815082,8.0
630092881276,0.24983652365680514,1.2838155260645954,12.0
630093286923,0.0245227838049558,1.024825940275543,11.0
640011821128,0.0245227838049558,1.024825940275543,11.0
640011854181,-1.1289543247129585,0.32337122098518667,6.0
640013458761,-0.8786098890220313,0.4153599069113695,7.0
640013493793,0.0245227838049558,1.024825940275543,11.0
640015448995,1.0059592914716404,2.734529225581451,15.0
640019377658,-0.4179399951054699,0.6584017345661755,9.0
640021882164,0.0245227838049558,1.024825940275543,11.0
640025195328,0.24983652365680514,1.2838155260645954,12.0
640028522778,-1.1289543247129585,0.32337122098518667,6.0
640032998924,0.48408499806120064,1.6226895652577062,13.0
640033524796,-0.6436467845096427,0.5253730041815082,8.0
640034262233,-1.1289543247129585,0.32337122098518667,6.0
640035641425,0.48408499806120064,1.6226895652577062,13.0
640049892646,0.24983652365680514,1.2838155260645954,12.0
640054914548,-0.8786098890220313,0.4153599069113695,7.0
640059421773,0.48408499806120064,1.6226895652577062,13.0
640063868147,-0.8786098890220313,0.4153599069113695,7.0
640064446518,0.0245227838049558,1.024825940275543,11.0
640067647345,1.686244275521618,5.399164803132479,17.0
640071174458,-0.8786098890220313,0.4153599069113695,7.0
640074416385,0.24983652365680514,1.2838155260645954,12.0
640074858336,0.0245227838049558,1.024825940275543,11.0
640075211669,0.0245227838049558,1.024825940275543,11.0
640075462662,-0.4179399951054699,0.6584017345661755,9.0
640076332719,0.7332970226599381,2.0819334862991092,14.0
640077118937,-0.4179399951054699,0.6584017345661755,9.0
640079892783,-0.4179399951054699,0.6584017345661755,9.0
640079946814,1.315490508247546,3.7265784544872633,16.0
640081819921,-0.6436467845096427,0.5253730041815082,8.0
640081989723,0.48408499806120064,1.6226895652577062,13.0
640083192258,0.0245227838049558,1.024825940275543,11.0
640085758743,-0.6436467845096427,0.5253730041815082,8.0
640085877386,-0.4179399951054699,0.6584017345661755,9.0
640086487857,-0.4179399951054699,0.6584017345661755,9.0
640091968981,-1.1289543247129585,0.32337122098518667,6.0
640092352189,1.315490508247546,3.7265784544872633,16.0
640092751377,-0.19664597851836352,0.8214814039038502,10.0
640095922488,0.0245227838049558,1.024825940275543,11.0
650012757227,-0.6436467845096427,0.5253730041815082,8.0
650019548862,-1.7153292122271522,0.1799044842070357,4.0
650023497651,0.7332970226599381,2.0819334862991092,14.0
650025518353,2.1719969141000317,8.775791055818827,18.0
650025932193,-0.8786098890220313,0.4153599069113695,7.0
650027868617,-1.403315676289053,0.24578068224607452,5.0
650034229982,1.315490508247546,3.7265784544872633,16.0
650035193354,-0.4179399951054699,0.6584017345661755,9.0
650035294985,1.686244275521618,5.399164803132479,17.0
650043162121,1.0059592914716404,2.734529225581451,15.0
650052928496,-0.8786098890220313,0.4153599069113695,7.0
650053284279,0.7332970226599381,2.0819334862991092,14.0
650059768948,-0.19664597851836352,0.8214814039038502,10.0
650059877433,-0.4179399951054699,0.6584017345661755,9.0
650061761714,1.315490508247546,3.7265784544872633,16.0
650079458825,1.315490508247546,3.7265784544872633,16.0
650079975187,-0.6436467845096427,0.5253730041815082,8.0
650081588867,-0.6436467845096427,0.5253730041815082,8.0
650084617514,1.0059592914716404,2.734529225581451,15.0
650086193329,-0.8786098890220313,0.4153599069113695,7.0
650087446171,0.0245227838049558,1.024825940275543,11.0
650097113368,0.0245227838049558,1.024825940275543,11.0
650097373623,0.0245227838049558,1.024825940275543,11.0
650098384547,0.0245227838049558,1.024825940275543,11.0
650099725327,1.315490508247546,3.7265784544872633,16.0
650099796939,-1.403315676289053,0.24578068224607452,5.0
660011935888,0.48408499806120064,1.6226895652577062,13.0
660013347598,1.315490508247546,3.7265784544872633,16.0
660013562459,-2.0896521116984643,0.12373017261062058,3.0
660015388236,1.315490508247546,3.7265784544872633,16.0
660021197989,0.7332970226599381,2.0819334862991092,14.0
660026687818,0.48408499806120064,1.6226895652577062,13.0
660032869244,-1.1289543247129585,0.32337122098518667,6.0
660033449815,0.0245227838049558,1.024825940275543,11.0
660039387163,-0.8786098890220313,0.4153599069113695,7.0
660039526139,0.0245227838049558,1.024825940275543,11.0
660041411397,-1.1289543247129585,0.32337122098518667,6.0
660042533375,0.24983652365680514,1.2838155260645954,12.0
660043838764,0.24983652365680514,1.2838155260645954,12.0
660049421485,-0.6436467845096427,0.5253730041815082,8.0
660052826212,-0.4179399951054699,0.6584017345661755,9.0
660053636239,-0.4179399951054699,0.6584017345661755,9.0
660054767891,-0.19664597851836352,0.8214814039038502,10.0
660076539923,-0.8786098890220313,0.4153599069113695,7.0
660077623274,0.24983652365680514,1.2838155260645954,12.0
660082965821,-0.6436467845096427,0.5253730041815082,8.0
660084728491,-1.7153292122271522,0.1799044842070357,4.0
660089322486,0.48408499806120064,1.6226895652577062,13.0
670013129847,0.48408499806120064,1.6226895652577062,13.0
670016991739,1.686244275521618,5.399164803132479,17.0
670017326529,1.315490508247546,3.7265784544872633,16.0
670022538429,-1.403315676289053,0.24578068224607452,5.0
670023167676,1.0059592914716404,2.734529225581451,15.0
670023543645,0.48408499806120064,1.6226895652577062,13.0
670023783581,1.0059592914716404,2.734529225581451,15.0
670024739818,-0.19664597851836352,0.8214814039038502,10.0
670031194682,1.315490508247546,3.7265784544872633,16.0
670032723317,0.7332970226599381,2.0819334862991092,14.0
670038635872,1.315490508247546,3.7265784544872633,16.0
670047377524,0.48408499806120064,1.6226895652577062,13.0
670049417291,-0.6436467845096427,0.5253730041815082,8.0
670052731671,0.24983652365680514,1.2838155260645954,12.0
670057588285,-1.403315676289053,0.24578068224607452,5.0
670063691841,-0.6436467845096427,0.5253730041815082,8.0
670066462639,-0.6436467845096427,0.5253730041815082,8.0
670067126139,-0.6436467845096427,0.5253730041815082,8.0
670074138286,-3.3586648823044363,0.03478166557587941,1.0
670074454477,-0.19664597851836352,0.8214814039038502,10.0
670075692548,-0.19664597851836352,0.8214814039038502,10.0
670083773751,1.315490508247546,3.7265784544872633,16.0
670085272914,0.7332970226599381,2.0819334862991092,14.0
670092822764,-0.8786098890220313,0.4153599069113695,7.0
670093591563,0.7332970226599381,2.0819334862991092,14.0
680012324894,-1.403315676289053,0.24578068224607452,5.0
680014147856,0.48408499806120064,1.6226895652577062,13.0
680014925514,0.0245227838049558,1.024825940275543,11.0
680018699128,-1.403315676289053,0.24578068224607452,5.0
680021455913,-0.6436467845096427,0.5253730041815082,8.0
680022266948,-0.8786098890220313,0.4153599069113695,7.0
680022497432,-0.19664597851836352,0.8214814039038502,10.0
680022526559,1.315490508247546,3.7265784544872633,16.0
680033975761,1.315490508247546,3.7265784544872633,16.0
680037369285,-0.19664597851836352,0.8214814039038502,10.0
680039455172,0.48408499806120064,1.6226895652577062,13.0
680045897884,1.0059592914716404,2.734529225581451,15.0
680047451976,-0.8786098890220313,0.4153599069113695,7.0
680048577696,-0.19664597851836352,0.8214814039038502,10.0
680054754685,-1.7153292122271522,0.1799044842070357,4.0
680057477979,-0.19664597851836352,0.8214814039038502,10.0
680061161579,1.686244275521618,5.399164803132479,17.0
680062826773,1.0059592914716404,2.734529225581451,15.0
680066954815,0.24983652365680514,1.2838155260645954,12.0
680071493418,-1.7153292122271522,0.1799044842070357,4.0
680075144366,-0.8786098890220313,0.4153599069113695,7.0
680077486561,-0.4179399951054699,0.6584017345661755,9.0
680079267896,1.0059592914716404,2.734529225581451,15.0
680082183771,1.0059592914716404,2.734529225581451,15.0
680082656367,0.48408499806120064,1.6226895652577062,13.0
680085176147,-1.7153292122271522,0.1799044842070357,4.0
680087787878,0.24983652365680514,1.2838155260645954,12.0
680091877518,-0.8786098890220313,0.4153599069113695,7.0
680093543296,1.0059592914716404,2.734529225581451,15.0
690011436323,-1.403315676289053,0.24578068224607452,5.0
690016362918,-0.6436467845096427,0.5253730041815082,8.0
690016654992,-2.0896521116984643,0.12373017261062058,3.0
690018172532,-1.1289543247129585,0.32337122098518667,6.0
690023738735,-0.4179399951054699,0.6584017345661755,9.0
690027816374,0.7332970226599381,2.0819334862991092,14.0
690029243449,-1.1289543247129585,0.32337122098518667,6.0
690031923917,2.943098183087192,18.97454194533812,19.0
690031934826,2.943098183087192,18.97454194533812,19.0
690034632216,-0.19664597851836352,0.8214814039038502,10.0
690036555979,1.315490508247546,3.7265784544872633,16.0
690039917515,-2.0896521116984643,0.12373017261062058,3.0
690047625619,-0.6436467845096427,0.5253730041815082,8.0
690047686716,-0.19664597851836352,0.8214814039038502,10.0
690049764858,-0.4179399951054699,0.6584017345661755,9.0
690052644545,0.24983652365680514,1.2838155260645954,12.0
690052835694,1.315490508247546,3.7265784544872633,16.0
690061965883,1.0059592914716404,2.734529225581451,15.0
690063172284,1.0059592914716404,2.734529225581451,15.0
690063229812,2.1719969141000317,8.775791055818827,18.0
690063569283,-0.6436467845096427,0.5253730041815082,8.0
690068473772,-0.4179399951054699,0.6584017345661755,9.0
690072263575,0.24983652365680514,1.2838155260645954,12.0
690073911898,2.943098183087192,18.97454194533812,19.0
690076278523,-1.1289543247129585,0.32337122098518667,6.0
690079874764,0.7332970226599381,2.0819334862991092,14.0
690084343955,-0.4179399951054699,0.6584017345661755,9.0
690085129491,-1.1289543247129585,0.32337122098518667,6.0
690091296588,1.315490508247546,3.7265784544872633,16.0
690093386156,0.48408499806120064,1.6226895652577062,13.0
690095759666,-1.403315676289053,0.24578068224607452,5.0
690097517574,0.7332970226599381,2.0819334862991092,14.0
710014372438,-0.8786098890220313,0.4153599069113695,7.0
710017934458,-1.403315676289053,0.24578068224607452,5.0
710018654298,-0.19664597851836352,0.8214814039038502,10.0
710059243396,-0.6436467845096427,0.5253730041815082,8.0
710061348375,-0.4179399951054699,0.6584017345661755,9.0
710069192341,-1.403315676289053,0.24578068224607452,5.0
710092557598,0.24983652365680514,1.2838155260645954,12.0
710094254764,-0.6436467845096427,0.5253730041815082,8.0
710097444172,-0.4179399951054699,0.6584017345661755,9.0
720013524254,-1.1289543247129585,0.32337122098518667,6.0
720014236774,0.48408499806120064,1.6226895652577062,13.0
720015472878,-0.19664597851836352,0.8214814039038502,10.0
720017763841,-0.4179399951054699,0.6584017345661755,9.0
720025661423,0.48408499806120064,1.6226895652577062,13.0
720028647874,0.7332970226599381,2.0819334862991092,14.0
720035331214,-2.5804719484789684,0.07573825103434943,2.0
720041921685,1.0059592914716404,2.734529225581451,15.0
720043129751,1.686244275521618,5.399164803132479,17.0
720043393379,-0.6436467845096427,0.5253730041815082,8.0
720043579532,0.24983652365680514,1.2838155260645954,12.0
720051349153,0.24983652365680514,1.2838155260645954,12.0
720052614871,-1.1289543247129585,0.32337122098518667,6.0
720055177672,-0.19664597851836352,0.8214814039038502,10.0
720066698659,0.7332970226599381,2.0819334862991092,14.0
720067872948,-2.0896521116984643,0.12373017261062058,3.0
720071538214,-1.7153292122271522,0.1799044842070357,4.0
720071555527,-0.4179399951054699,0.6584017345661755,9.0
720072151863,0.7332970226599381,2.0819334862991092,14.0
720074699342,-0.6436467845096427,0.5253730041815082,8.0
720077391139,-0.4179399951054699,0.6584017345661755,9.0
720081186965,0.7332970226599381,2.0819334862991092,14.0
720081579668,0.7332970226599381,2.0819334862991092,14.0
720099674358,-0.8786098890220313,0.4153599069113695,7.0
730011167243,-0.4179399951054699,0.6584017345661755,9.0
730011486549,-0.8786098890220313,0.4153599069113695,7.0
730011678725,-0.8786098890220313,0.4153599069113695,7.0
730015411153,-1.7153292122271522,0.1799044842070357,4.0
730017394274,-1.403315676289053,0.24578068224607452,5.0
730019138513,0.24983652365680514,1.2838155260645954,12.0
730024695625,1.315490508247546,3.7265784544872633,16.0
730025933237,1.315490508247546,3.7265784544872633,16.0
730029675194,0.48408499806120064,1.6226895652577062,13.0
730031635926,0.24983652365680514,1.2838155260645954,12.0
730031765337,0.24983652365680514,1.2838155260645954,12.0
730032568463,0.24983652365680514,1.2838155260645954,12.0
730036826244,-0.4179399951054699,0.6584017345661755,9.0
730043276798,-1.403315676289053,0.24578068224607452,5.0
730044739749,-1.7153292122271522,0.1799044842070357,4.0
730045211991,-0.8786098890220313,0.4153599069113695,7.0
730046468148,-0.6436467845096427,0.5253730041815082,8.0
730046712475,-0.6436467845096427,0.5253730041815082,8.0
730047232562,-0.6436467845096427,0.5253730041815082,8.0
730052797282,1.0059592914716404,2.734529225581451,15.0
730053538531,-0.8786098890220313,0.4153599069113695,7.0
730054981463,1.686244275521618,5.399164803132479,17.0
730057945433,1.315490508247546,3.7265784544872633,16.0
730058426289,0.48408499806120064,1.6226895652577062,13.0
730058954495,1.0059592914716404,2.734529225581451,15.0
730064624887,-1.7153292122271522,0.1799044842070357,4.0
730072384894,-0.19664597851836352,0.8214814039038502,10.0
730074321518,1.0059592914716404,2.734529225581451,15.0
730075329941,0.0245227838049558,1.024825940275543,11.0
730078136313,2.1719969141000317,8.775791055818827,18.0
730079717121,1.315490508247546,3.7265784544872633,16.0
730089393873,-0.4179399951054699,0.6584017345661755,9.0
730089697255,0.48408499806120064,1.6226895652577062,13.0
740013648461,0.24983652365680514,1.2838155260645954,12.0
740019453546,0.7332970226599381,2.0819334862991092,14.0
740022813322,-0.19664597851836352,0.8214814039038502,10.0
740027546929,0.24983652365680514,1.2838155260645954,12.0
740028848115,-27.631021099356374,1.0000000165721738e-12,0.0
740031976182,0.24983652365680514,1.2838155260645954,12.0
740035144337,1.315490508247546,3.7265784544872633,16.0
740038294937,-0.6436467845096427,0.5253730041815082,8.0
740046624645,0.7332970226599381,2.0819334862991092,14.0
740048549828,0.0245227838049558,1.024825940275543,11.0
740052316173,-0.19664597851836352,0.8214814039038502,10.0
740053281548,0.0245227838049558,1.024825940275543,11.0
740058813466,-0.6436467845096427,0.5253730041815082,8.0
740058834694,0.24983652365680514,1.2838155260645954,12.0
740059295974,1.0059592914716404,2.734529225581451,15.0
740062926116,1.686244275521618,5.399164803132479,17.0
740071893359,-0.4179399951054699,0.6584017345661755,9.0
740076331227,1.0059592914716404,2.734529225581451,15.0
740082665652,1.315490508247546,3.7265784544872633,16.0
740086159498,-0.19664597851836352,0.8214814039038502,10.0
740094689831,-0.6436467845096427,0.5253730041815082,8.0
740098893741,2.1719969141000317,8.775791055818827,18.0
740099939742,-0.4179399951054699,0.6584017345661755,9.0
750012751187,-1.7153292122271522,0.1799044842070357,4.0
750016616565,1.686244275521618,5.399164803132479,17.0
750021712489,-0.6436467845096427,0.5253730041815082,8.0
750023584251,0.7332970226599381,2.0819334862991092,14.0
750027991325,0.7332970226599381,2.0819334862991092,14.0
750028497472,0.24983652365680514,1.2838155260645954,12.0
750032379429,0.24983652365680514,1.2838155260645954,12.0
750032836717,-1.1289543247129585,0.32337122098518667,6.0
750042713649,-0.19664597851836352,0.8214814039038502,10.0
750045392857,0.24983652365680514,1.2838155260645954,12.0
750051353295,-1.403315676289053,0.24578068224607452,5.0
750057174882,0.0245227838049558,1.024825940275543,11.0
750057392613,0.0245227838049558,1.024825940275543,11.0
750059152493,1.315490508247546,3.7265784544872633,16.0
750061762864,1.0059592914716404,2.734529225581451,15.0
750065558723,-1.7153292122271522,0.1799044842070357,4.0
750069367163,0.0245227838049558,1.024825940275543,11.0
750072778889,0.48408499806120064,1.6226895652577062,13.0
750073451352,-27.631021099356374,1.0000000165721738e-12,0.0
750077996188,-0.8786098890220313,0.4153599069113695,7.0
750096295233,0.48408499806120064,1.6226895652577062,13.0
760011672745,0.48408499806120064,1.6226895652577062,13.0
760022957668,0.0245227838049558,1.024825940275543,11.0
760023974752,0.7332970226599381,2.0819334862991092,14.0
760025766892,-1.7153292122271522,0.1799044842070357,4.0
760031991254,-0.19664597851836352,0.8214814039038502,10.0
760033611238,-0.4179399951054699,0.6584017345661755,9.0
760033975489,0.48408499806120064,1.6226895652577062,13.0
760037357165,-0.4179399951054699,0.6584017345661755,9.0
760039278298,-0.6436467845096427,0.5253730041815082,8.0
760049829775,0.0245227838049558,1.024825940275543,11.0
760052644878,-1.1289543247129585,0.32337122098518667,6.0
760053848568,-0.19664597851836352,0.8214814039038502,10.0
760056419638,-0.8786098890220313,0.4153599069113695,7.0
760068373156,-0.19664597851836352,0.8214814039038502,10.0
760075749631,0.7332970226599381,2.0819334862991092,14.0
760077253649,-0.6436467845096427,0.5253730041815082,8.0
760078248397,-0.6436467845096427,0.5253730041815082,8.0
760078768982,1.0059592914716404,2.734529225581451,15.0
760081943632,1.0059592914716404,2.734529225581451,15.0
760082398685,2.1719969141000317,8.775791055818827,18.0
760083152859,0.24983652365680514,1.2838155260645954,12.0
760084629988,1.0059592914716404,2.734529225581451,15.0
760086679568,0.24983652365680514,1.2838155260645954,12.0
760086991765,0.24983652365680514,1.2838155260645954,12.0
760087628757,-1.1289543247129585,0.32337122098518667,6.0
760089344312,-0.6436467845096427,0.5253730041815082,8.0
760092991549,-1.1289543247129585,0.32337122098518667,6.0
760093135922,-1.403315676289053,0.24578068224607452,5.0
760093598793,0.24983652365680514,1.2838155260645954,12.0
760095759557,-0.4179399951054699,0.6584017345661755,9.0
760095999665,-0.4179399951054699,0.6584017345661755,9.0
770011157474,-0.8786098890220313,0.4153599069113695,7.0
770014433616,-1.403315676289053,0.24578068224607452,5.0
770019212239,-0.8786098890220313,0.4153599069113695,7.0
770028945548,-0.19664597851836352,0.8214814039038502,10.0
770029619392,-0.6436467845096427,0.5253730041815082,8.0
770034655324,-0.6436467845096427,0.5253730041815082,8.0
770037353899,-0.6436467845096427,0.5253730041815082,8.0
770037838665,0.24983652365680514,1.2838155260645954,12.0
770039623197,0.48408499806120064,1.6226895652577062,13.0
770042539612,-0.8786098890220313,0.4153599069113695,7.0
770043952423,0.7332970226599381,2.0819334862991092,14.0
770047135844,1.686244275521618,5.399164803132479,17.0
770052327653,-1.403315676289053,0.24578068224607452,5.0
770057877994,1.315490508247546,3.7265784544872633,16.0
770062129633,0.7332970226599381,2.0819334862991092,14.0
770063742843,-0.6436467845096427,0.5253730041815082,8.0
770086932135,-0.6436467845096427,0.5253730041815082,8.0
770089567699,-2.0896521116984643,0.12373017261062058,3.0
770094416516,1.315490508247546,3.7265784544872633,16.0
770099399893,1.0059592914716404,2.734529225581451,15.0
780028665752,-0.4179399951054699,0.6584017345661755,9.0
780029287236,-3.3586648823044363,0.03478166557587941,1.0
780031562924,1.0059592914716404,2.734529225581451,15.0
780035681624,-0.8786098890220313,0.4153599069113695,7.0
780036195748,1.0059592914716404,2.734529225581451,15.0
780044976614,0.7332970226599381,2.0819334862991092,14.0
780045436279,-1.7153292122271522,0.1799044842070357,4.0
780046483865,1.0059592914716404,2.734529225581451,15.0
780046965877,0.7332970226599381,2.0819334862991092,14.0
780048274137,-0.4179399951054699,0.6584017345661755,9.0
780061796137,0.0245227838049558,1.024825940275543,11.0
780061926282,2.1719969141000317,8.775791055818827,18.0
780062167428,1.315490508247546,3.7265784544872633,16.0
780063657852,-2.5804719484789684,0.07573825103434943,2.0
780066533374,-1.1289543247129585,0.32337122098518667,6.0
780068986634,-0.8786098890220313,0.4153599069113695,7.0
780077313712,-2.5804719484789684,0.07573825103434943,2.0
780077513139,1.315490508247546,3.7265784544872633,16.0
780078456794,-0.6436467845096427,0.5253730041815082,8.0
780079823941,0.48408499806120064,1.6226895652577062,13.0
780079862814,-1.7153292122271522,0.1799044842070357,4.0
780081292345,1.0059592914716404,2.734529225581451,15.0
780081473476,-0.6436467845096427,0.5253730041815082,8.0
780084399228,-0.8786098890220313,0.4153599069113695,7.0
780085269427,1.0059592914716404,2.734529225581451,15.0
780086267697,1.686244275521618,5.399164803132479,17.0
780091427425,0.48408499806120064,1.6226895652577062,13.0
780092236193,-1.403315676289053,0.24578068224607452,5.0
780095717195,2.1719969141000317,8.775791055818827,18.0
780098836328,-1.403315676289053,0.24578068224607452,5.0
790013777283,0.48408499806120064,1.6226895652577062,13.0
790017744256,1.0059592914716404,2.734529225581451,15.0
790023546223,-1.1289543247129585,0.32337122098518667,6.0
790023924895,2.1719969141000317,8.775791055818827,18.0
790027456313,-0.6436467845096427,0.5253730041815082,8.0
790028242519,0.0245227838049558,1.024825940275543,11.0
790029961379,-0.6436467845096427,0.5253730041815082,8.0
790031171251,0.48408499806120064,1.6226895652577062,13.0
790034729933,1.686244275521618,5.399164803132479,17.0
790037878799,1.315490508247546,3.7265784544872633,16.0
790042758327,0.0245227838049558,1.024825940275543,11.0
790047121329,1.686244275521618,5.399164803132479,17.0
790047625842,0.24983652365680514,1.2838155260645954,12.0
790048169332,0.48408499806120064,1.6226895652577062,13.0
790058182461,1.686244275521618,5.399164803132479,17.0
790062745649,-2.0896521116984643,0.12373017261062058,3.0
790063818299,-0.4179399951054699,0.6584017345661755,9.0
790068395895,-1.403315676289053,0.24578068224607452,5.0
790073823168,1.315490508247546,3.7265784544872633,16.0
790079943725,0.7332970226599381,2.0819334862991092,14.0
790083176846,-0.6436467845096427,0.5253730041815082,8.0
790086333527,1.315490508247546,3.7265784544872633,16.0
790086426578,0.0245227838049558,1.024825940275543,11.0
790087238155,0.48408499806120064,1.6226895652577062,13.0
790093574615,1.0059592914716404,2.734529225581451,15.0
790094194815,-1.7153292122271522,0.1799044842070357,4.0
790095315664,-0.6436467845096427,0.5253730041815082,8.0
790095511257,-0.4179399951054699,0.6584017345661755,9.0
810013329174,-0.6436467845096427,0.5253730041815082,8.0
810014347161,1.686244275521618,5.399164803132479,17.0
810017953346,0.48408499806120064,1.6226895652577062,13.0
810023575411,-0.8786098890220313,0.4153599069113695,7.0
810025285353,0.7332970226599381,2.0819334862991092,14.0
810026364426,-0.4179399951054699,0.6584017345661755,9.0
810026775254,0.48408499806120064,1.6226895652577062,13.0
810027798151,1.686244275521618,5.399164803132479,17.0
810029924639,0.48408499806120064,1.6226895652577062,13.0
810039912938,-0.4179399951054699,0.6584017345661755,9.0
810045798422,0.0245227838049558,1.024825940275543,11.0
810051468421,-0.4179399951054699,0.6584017345661755,9.0
810053929433,0.0245227838049558,1.024825940275543,11.0
810056158779,-0.4179399951054699,0.6584017345661755,9.0
810059116125,-1.1289543247129585,0.32337122098518667,6.0
810063988951,1.686244275521618,5.399164803132479,17.0
810064729161,-2.0896521116984643,0.12373017261062058,3.0
810065162938,-1.1289543247129585,0.32337122098518667,6.0
810066261494,1.0059592914716404,2.734529225581451,15.0
810073442898,1.315490508247546,3.7265784544872633,16.0
810075543271,0.24983652365680514,1.2838155260645954,12.0
810076776535,-0.6436467845096427,0.5253730041815082,8.0
810077351667,1.686244275521618,5.399164803132479,17.0
810081436678,0.7332970226599381,2.0819334862991092,14.0
810083977858,0.48408499806120064,1.6226895652577062,13.0
810085599684,-0.6436467845096427,0.5253730041815082,8.0
810091139786,-0.4179399951054699,0.6584017345661755,9.0
810092465396,1.0059592914716404,2.734529225581451,15.0
810094813579,1.686244275521618,5.399164803132479,17.0
810094885548,-2.0896521116984643,0.12373017261062058,3.0
810094981618,-0.4179399951054699,0.6584017345661755,9.0
810099959251,1.0059592914716404,2.734529225581451,15.0
820012346771,-0.8786098890220313,0.4153599069113695,7.0
820013963698,-3.3586648823044363,0.03478166557587941,1.0
820014757396,-1.7153292122271522,0.1799044842070357,4.0
820017646384,-1.7153292122271522,0.1799044842070357,4.0
820021326763,-0.6436467845096427,0.5253730041815082,8.0
820025249765,0.0245227838049558,1.024825940275543,11.0
820029879867,0.48408499806120064,1.6226895652577062,13.0
820032659662,0.48408499806120064,1.6226895652577062,13.0
820033528146,1.686244275521618,5.399164803132479,17.0
820038377731,-1.1289543247129585,0.32337122098518667,6.0
820038422899,-0.8786098890220313,0.4153599069113695,7.0
820039896898,0.48408499806120064,1.6226895652577062,13.0
820043848768,-0.6436467845096427,0.5253730041815082,8.0
820048762894,-0.8786098890220313,0.4153599069113695,7.0
820054136793,-1.7153292122271522,0.1799044842070357,4.0
820055316698,0.24983652365680514,1.2838155260645954,12.0
820063927711,-0.4179399951054699,0.6584017345661755,9.0
820064451669,0.48408499806120064,1.6226895652577062,13.0
820064811357,-0.6436467845096427,0.5253730041815082,8.0
820065651943,0.48408499806120064,1.6226895652577062,13.0
820076615138,0.7332970226599381,2.0819334862991092,14.0
820077958651,0.48408499806120064,1.6226895652577062,13.0
820079155648,0.0245227838049558,1.024825940275543,11.0
820082699933,-0.8786098890220313,0.4153599069113695,7.0
820082852197,0.48408499806120064,1.6226895652577062,13.0
820091786154,0.48408499806120064,1.6226895652577062,13.0
820092863746,-0.4179399951054699,0.6584017345661755,9.0
830012262985,0.48408499806120064,1.6226895652577062,13.0
830012264767,0.7332970226599381,2.0819334862991092,14.0
830015367945,-0.19664597851836352,0.8214814039038502,10.0
830015836781,-2.0896521116984643,0.12373017261062058,3.0
830016535878,-0.6436467845096427,0.5253730041815082,8.0
830018941729,0.48408499806120064,1.6226895652577062,13.0
830022625457,-1.1289543247129585,0.32337122098518667,6.0
830023271182,1.0059592914716404,2.734529225581451,15.0
830027955548,-0.4179399951054699,0.6584017345661755,9.0
830035683781,0.7332970226599381,2.0819334862991092,14.0
830038891332,0.24983652365680514,1.2838155260645954,12.0
830039664232,0.48408499806120064,1.6226895652577062,13.0
830045792929,-1.1289543247129585,0.32337122098518667,6.0
830051314329,2.1719969141000317,8.775791055818827,18.0
830056622271,-0.19664597851836352,0.8214814039038502,10.0
830059797663,0.0245227838049558,1.024825940275543,11.0
830059958365,-0.19664597851836352,0.8214814039038502,10.0
830065569674,-2.0896521116984643,0.12373017261062058,3.0
830066156428,7.629056451555377,2057.10812267482,20.0
830074795588,0.7332970226599381,2.0819334862991092,14.0
830075343212,2.943098183087192,18.97454194533812,19.0
830075367776,-0.8786098890220313,0.4153599069113695,7.0
830075715246,-0.8786098890220313,0.4153599069113695,7.0
830077756258,-0.4179399951054699,0.6584017345661755,9.0
830078187811,0.0245227838049558,1.024825940275543,11.0
830082728272,-0.19664597851836352,0.8214814039038502,10.0
830088195948,0.24983652365680514,1.2838155260645954,12.0
830089459846,0.7332970226599381,2.0819334862991092,14.0
830089725352,-0.6436467845096427,0.5253730041815082,8.0
830095455925,-1.7153292122271522,0.1799044842070357,4.0
830096977256,-0.6436467845096427,0.5253730041815082,8.0
840011212939,-2.0896521116984643,0.12373017261062058,3.0
840017582442,0.48408499806120064,1.6226895652577062,13.0
840019925714,1.315490508247546,3.7265784544872633,16.0
840022658784,0.7332970226599381,2.0819334862991092,14.0
840027155376,0.0245227838049558,1.024825940275543,11.0
840029989459,0.48408499806120064,1.6226895652577062,13.0
840033492611,0.48408499806120064,1.6226895652577062,13.0
840035629626,0.7332970226599381,2.0819334862991092,14.0
840036769218,-2.0896521116984643,0.12373017261062058,3.0
840036835345,0.0245227838049558,1.024825940275543,11.0
840039674388,0.24983652365680514,1.2838155260645954,12.0
840039788594,-1.1289543247129585,0.32337122098518667,6.0
840043893384,1.686244275521618,5.399164803132479,17.0
840053788956,-0.6436467845096427,0.5253730041815082,8.0
840057343541,-1.1289543247129585,0.32337122098518667,6.0
840059848791,0.48408499806120064,1.6226895652577062,13.0
840061223894,0.0245227838049558,1.024825940275543,11.0
840066554538,0.7332970226599381,2.0819334862991092,14.0
840078454764,0.0245227838049558,1.024825940275543,11.0
840081215997,0.0245227838049558,1.024825940275543,11.0
840085169649,0.0245227838049558,1.024825940275543,11.0
840086425823,0.7332970226599381,2.0819334862991092,14.0
840087992118,-0.4179399951054699,0.6584017345661755,9.0
840094586873,-1.7153292122271522,0.1799044842070357,4.0
840095969722,0.0245227838049558,1.024825940275543,11.0
840098479348,-0.8786098890220313,0.4153599069113695,7.0
850011967888,1.0059592914716404,2.734529225581451,15.0
850018652183,0.24983652365680514,1.2838155260645954,12.0
850027263951,-0.19664597851836352,0.8214814039038502,10.0
850032482218,1.686244275521618,5.399164803132479,17.0
850032789251,-0.6436467845096427,0.5253730041815082,8.0
850035522751,-1.403315676289053,0.24578068224607452,5.0
850036235234,0.7332970226599381,2.0819334862991092,14.0
850038213748,-1.403315676289053,0.24578068224607452,5.0
850043771555,2.1719969141000317,8.775791055818827,18.0
850044128753,0.0245227838049558,1.024825940275543,11.0
850048925937,-0.6436467845096427,0.5253730041815082,8.0
850052627697,-1.7153292122271522,0.1799044842070357,4.0
850056638583,-0.4179399951054699,0.6584017345661755,9.0
850056972585,0.7332970226599381,2.0819334862991092,14.0
850058772955,-1.1289543247129585,0.32337122098518667,6.0
850063725443,-2.5804719484789684,0.07573825103434943,2.0
850065149475,0.48408499806120064,1.6226895652577062,13.0
850065268451,-1.7153292122271522,0.1799044842070357,4.0
850066313562,2.1719969141000317,8.775791055818827,18.0
850066738931,-0.4179399951054699,0.6584017345661755,9.0
850068764486,-1.1289543247129585,0.32337122098518667,6.0
850073521289,0.48408499806120064,1.6226895652577062,13.0
850073788666,-1.1289543247129585,0.32337122098518667,6.0
850074876737,-0.4179399951054699,0.6584017345661755,9.0
850081898945,2.943098183087192,18.97454194533812,19.0
850083372333,2.1719969141000317,8.775791055818827,18.0
850083826774,-0.19664597851836352,0.8214814039038502,10.0
850084123163,-0.19664597851836352,0.8214814039038502,10.0
850086197166,-0.8786098890220313,0.4153599069113695,7.0
850091375497,0.0245227838049558,1.024825940275543,11.0
850099115368,7.629056451555377,2057.10812267482,20.0
860013135421,0.24983652365680514,1.2838155260645954,12.0
860017534818,-27.631021099356374,1.0000000165721738e-12,0.0
860017958939,1.315490508247546,3.7265784544872633,16.0
860017995963,0.7332970226599381,2.0819334862991092,14.0
860018224863,-1.1289543247129585,0.32337122098518667,6.0
860022862873,-0.19664597851836352,0.8214814039038502,10.0
860027852976,-0.8786098890220313,0.4153599069113695,7.0
860029336393,-0.8786098890220313,0.4153599069113695,7.0
860031592485,0.0245227838049558,1.024825940275543,11.0
860031883613,2.1719969141000317,8.775791055818827,18.0
860035127567,1.686244275521618,5.399164803132479,17.0
860035336177,0.24983652365680514,1.2838155260645954,12.0
860037551936,-0.19664597851836352,0.8214814039038502,10.0
860037689778,0.7332970226599381,2.0819334862991092,14.0
860039266198,0.7332970226599381,2.0819334862991092,14.0
860043594754,-0.6436467845096427,0.5253730041815082,8.0
860043943698,-0.6436467845096427,0.5253730041815082,8.0
860046957881,-0.6436467845096427,0.5253730041815082,8.0
860049725889,2.1719969141000317,8.775791055818827,18.0
860056844653,2.943098183087192,18.97454194533812,19.0
860059338263,0.24983652365680514,1.2838155260645954,12.0
860061232967,-0.4179399951054699,0.6584017345661755,9.0
860064799698,1.0059592914716404,2.734529225581451,15.0
860069171188,-0.6436467845096427,0.5253730041815082,8.0
860074461335,-1.1289543247129585,0.32337122098518667,6.0
860075532781,0.48408499806120064,1.6226895652577062,13.0
860078152127,0.0245227838049558,1.024825940275543,11.0
860089425865,-1.403315676289053,0.24578068224607452,5.0
860089587966,-0.8786098890220313,0.4153599069113695,7.0
860091134158,-0.19664597851836352,0.8214814039038502,10.0
860093365527,1.0059592914716404,2.734529225581451,15.0
870013913414,-0.8786098890220313,0.4153599069113695,7.0
870016364314,-1.1289543247129585,0.32337122098518667,6.0
870027331148,1.315490508247546,3.7265784544872633,16.0
870028275227,1.686244275521618,5.399164803132479,17.0
870032533485,-2.5804719484789684,0.07573825103434943,2.0
870038145466,-0.8786098890220313,0.4153599069113695,7.0
870041299259,-0.8786098890220313,0.4153599069113695,7.0
870042768492,-0.19664597851836352,0.8214814039038502,10.0
870051374249,2.943098183087192,18.97454194533812,19.0
870052674974,-1.403315676289053,0.24578068224607452,5.0
870053556788,2.1719969141000317,8.775791055818827,18.0
870059998422,1.0059592914716404,2.734529225581451,15.0
870066176117,0.0245227838049558,1.024825940275543,11.0
870069736576,1.686244275521618,5.399164803132479,17.0
870075539446,0.0245227838049558,1.024825940275543,11.0
870082753394,-1.403315676289053,0.24578068224607452,5.0
870084333981,0.0245227838049558,1.024825940275543,11.0
870087259143,1.0059592914716404,2.734529225581451,15.0
870087938715,0.0245227838049558,1.024825940275543,11.0
870088243512,-1.7153292122271522,0.1799044842070357,4.0
870091653665,0.7332970226599381,2.0819334862991092,14.0
870091681224,0.0245227838049558,1.024825940275543,11.0
870093232156,2.943098183087192,18.97454194533812,19.0
870094455544,1.0059592914716404,2.734529225581451,15.0
870098262398,-0.4179399951054699,0.6584017345661755,9.0
870099573473,-0.8786098890220313,0.4153599069113695,7.0
880011296644,-0.4179399951054699,0.6584017345661755,9.0
880014146525,2.1719969141000317,8.775791055818827,18.0
880014874263,1.686244275521618,5.399164803132479,17.0
880016362486,0.7332970226599381,2.0819334862991092,14.0
880016628673,0.0245227838049558,1.024825940275543,11.0
880016782226,1.0059592914716404,2.734529225581451,15.0
880022662273,1.0059592914716404,2.734529225581451,15.0
880023274378,0.7332970226599381,2.0819334862991092,14.0
880025423724,-0.6436467845096427,0.5253730041815082,8.0
880026494368,1.315490508247546,3.7265784544872633,16.0
880028199363,-1.1289543247129585,0.32337122098518667,6.0
880029935521,-2.0896521116984643,0.12373017261062058,3.0
880032465365,0.24983652365680514,1.2838155260645954,12.0
880039373216,-0.19664597851836352,0.8214814039038502,10.0
880042843713,-1.1289543247129585,0.32337122098518667,6.0
880046198294,-0.19664597851836352,0.8214814039038502,10.0
880055411194,1.0059592914716404,2.734529225581451,15.0
880056244681,-0.8786098890220313,0.4153599069113695,7.0
880057727514,-0.4179399951054699,0.6584017345661755,9.0
880066375174,-0.19664597851836352,0.8214814039038502,10.0
880073145321,0.48408499806120064,1.6226895652577062,13.0
880094186994,-1.7153292122271522,0.1799044842070357,4.0
880097291574,0.0245227838049558,1.024825940275543,11.0
880099659245,0.0245227838049558,1.024825940275543,11.0
890012776955,2.1719969141000317,8.775791055818827,18.0
890013315666,0.7332970226599381,2.0819334862991092,14.0
890019667923,-0.19664597851836352,0.8214814039038502,10.0
890021266287,-2.5804719484789684,0.07573825103434943,2.0
890023856569,-0.8786098890220313,0.4153599069113695,7.0
890024515541,0.48408499806120064,1.6226895652577062,13.0
890026545367,0.24983652365680514,1.2838155260645954,12.0
890026642261,0.0245227838049558,1.024825940275543,11.0
890027732384,-0.6436467845096427,0.5253730041815082,8.0
890029845656,-1.7153292122271522,0.1799044842070357,4.0
890032147525,-0.6436467845096427,0.5253730041815082,8.0
890033632159,-0.8786098890220313,0.4153599069113695,7.0
890037389689,1.0059592914716404,2.734529225581451,15.0
890037914917,-1.1289543247129585,0.32337122098518667,6.0
890037971859,-0.19664597851836352,0.8214814039038502,10.0
890038574574,-1.1289543247129585,0.32337122098518667,6.0
890038722573,-1.1289543247129585,0.32337122098518667,6.0
890043989675,-0.6436467845096427,0.5253730041815082,8.0
890048369234,1.0059592914716404,2.734529225581451,15.0
890053587655,0.7332970226599381,2.0819334862991092,14.0
890054648917,-0.4179399951054699,0.6584017345661755,9.0
890056397315,1.0059592914716404,2.734529225581451,15.0
890059266574,0.7332970226599381,2.0819334862991092,14.0
890061644772,-0.8786098890220313,0.4153599069113695,7.0
890065144427,-0.4179399951054699,0.6584017345661755,9.0
890066971169,-0.6436467845096427,0.5253730041815082,8.0
890071865625,-2.5804719484789684,0.07573825103434943,2.0
890075328785,1.315490508247546,3.7265784544872633,16.0
890078226168,-0.6436467845096427,0.5253730041815082,8.0
890081121964,-1.403315676289053,0.24578068224607452,5.0
890081792376,-1.7153292122271522,0.1799044842070357,4.0
890084387728,-1.1289543247129585,0.32337122098518667,6.0
890089758446,-0.4179399951054699,0.6584017345661755,9.0
890089994547,-0.6436467845096427,0.5253730041815082,8.0
890091283341,0.24983652365680514,1.2838155260645954,12.0
910014452727,0.0245227838049558,1.024825940275543,11.0
910014497543,1.686244275521618,5.399164803132479,17.0
910017344984,-1.403315676289053,0.24578068224607452,5.0
910019917793,0.0245227838049558,1.024825940275543,11.0
910024531693,-0.6436467845096427,0.5253730041815082,8.0
910026718859,0.48408499806120064,1.6226895652577062,13.0
910035539458,-0.19664597851836352,0.8214814039038502,10.0
910044953277,-0.8786098890220313,0.4153599069113695,7.0
910046244586,-0.4179399951054699,0.6584017345661755,9.0
910054133134,0.0245227838049558,1.024825940275543,11.0
910058469164,0.0245227838049558,1.024825940275543,11.0
910058791587,-3.3586648823044363,0.03478166557587941,1.0
910059517796,1.315490508247546,3.7265784544872633,16.0
910059979341,0.48408499806120064,1.6226895652577062,13.0
910073167155,-1.1289543247129585,0.32337122098518667,6.0
910074665218,0.0245227838049558,1.024825940275543,11.0
910083597128,0.0245227838049558,1.024825940275543,11.0
910083972833,2.1719969141000317,8.775791055818827,18.0
910087398341,0.7332970226599381,2.0819334862991092,14.0
910089957647,0.24983652365680514,1.2838155260645954,12.0
910092151764,-0.19664597851836352,0.8214814039038502,10.0
920014487768,-1.1289543247129585,0.32337122098518667,6.0
920014997179,-0.8786098890220313,0.4153599069113695,7.0
920015779888,-0.8786098890220313,0.4153599069113695,7.0
920029873871,1.686244275521618,5.399164803132479,17.0
920034227583,-0.6436467845096427,0.5253730041815082,8.0
920034583262,1.315490508247546,3.7265784544872633,16.0
920038962581,0.7332970226599381,2.0819334862991092,14.0
920047367453,-0.4179399951054699,0.6584017345661755,9.0
920047542795,-1.7153292122271522,0.1799044842070357,4.0
920049327578,-1.1289543247129585,0.32337122098518667,6.0
920049544351,-0.6436467845096427,0.5253730041815082,8.0
920053563826,-1.403315676289053,0.24578068224607452,5.0
920056231494,-0.4179399951054699,0.6584017345661755,9.0
920056573995,-0.4179399951054699,0.6584017345661755,9.0
920057193741,-2.5804719484789684,0.07573825103434943,2.0
920057492194,-0.8786098890220313,0.4153599069113695,7.0
920062449113,0.0245227838049558,1.024825940275543,11.0
920063199547,0.48408499806120064,1.6226895652577062,13.0
920064343776,-0.6436467845096427,0.5253730041815082,8.0
920067332355,1.315490508247546,3.7265784544872633,16.0
920069154186,0.7332970226599381,2.0819334862991092,14.0
920077293646,-1.403315676289053,0.24578068224607452,5.0
920086953192,-1.403315676289053,0.24578068224607452,5.0
920091681482,-1.403315676289053,0.24578068224607452,5.0
920093259345,0.7332970226599381,2.0819334862991092,14.0
920093723375,1.315490508247546,3.7265784544872633,16.0
920096324357,0.24983652365680514,1.2838155260645954,12.0
920098752917,0.7332970226599381,2.0819334862991092,14.0
930012384149,0.7332970226599381,2.0819334862991092,14.0
930013558382,1.686244275521618,5.399164803132479,17.0
930014154287,0.0245227838049558,1.024825940275543,11.0
930016447867,-0.6436467845096427,0.5253730041815082,8.0
930017511263,0.48408499806120064,1.6226895652577062,13.0
930018697914,0.24983652365680514,1.2838155260645954,12.0
930019539614,-0.19664597851836352,0.8214814039038502,10.0
930021562445,-0.19664597851836352,0.8214814039038502,10.0
930021771983,1.0059592914716404,2.734529225581451,15.0
930024421545,-0.6436467845096427,0.5253730041815082,8.0
930025341735,0.24983652365680514,1.2838155260645954,12.0
930032115581,-2.0896521116984643,0.12373017261062058,3.0
930034911474,0.0245227838049558,1.024825940275543,11.0
930038955676,-0.19664597851836352,0.8214814039038502,10.0
930039116563,1.315490508247546,3.7265784544872633,16.0
930039444867,0.24983652365680514,1.2838155260645954,12.0
930039491374,-0.19664597851836352,0.8214814039038502,10.0
930048974987,0.48408499806120064,1.6226895652577062,13.0
930051546577,-0.8786098890220313,0.4153599069113695,7.0
930053145288,-0.19664597851836352,0.8214814039038502,10.0
930056177927,-2.5804719484789684,0.07573825103434943,2.0
930058487991,-0.19664597851836352,0.8214814039038502,10.0
930058687382,-1.403315676289053,0.24578068224607452,5.0
930063451284,-0.8786098890220313,0.4153599069113695,7.0
930066722564,-0.6436467845096427,0.5253730041815082,8.0
930074813471,0.7332970226599381,2.0819334862991092,14.0
930081219332,0.7332970226599381,2.0819334862991092,14.0
930082746545,0.7332970226599381,2.0819334862991092,14.0
930084638485,0.24983652365680514,1.2838155260645954,12.0
930085256774,0.24983652365680514,1.2838155260645954,12.0
930093294676,-0.19664597851836352,0.8214814039038502,10.0
930094286689,2.943098183087192,18.97454194533812,19.0
930095475464,0.7332970226599381,2.0819334862991092,14.0
930096957719,-0.19664597851836352,0.8214814039038502,10.0
930097111999,-0.6436467845096427,0.5253730041815082,8.0
930097597691,0.48408499806120064,1.6226895652577062,13.0
940012783187,0.0245227838049558,1.024825940275543,11.0
940014239513,-0.4179399951054699,0.6584017345661755,9.0
940019341868,0.7332970226599381,2.0819334862991092,14.0
940026458511,1.0059592914716404,2.734529225581451,15.0
940029239561,-1.1289543247129585,0.32337122098518667,6.0
940032654748,-0.4179399951054699,0.6584017345661755,9.0
940033358129,0.48408499806120064,1.6226895652577062,13.0
940036372128,-1.1289543247129585,0.32337122098518667,6.0
940037439634,-0.4179399951054699,0.6584017345661755,9.0
940037747872,0.24983652365680514,1.2838155260645954,12.0
940041333687,1.315490508247546,3.7265784544872633,16.0
940041899211,0.48408499806120064,1.6226895652577062,13.0
940046347643,1.0059592914716404,2.734529225581451,15.0
940048262152,-0.6436467845096427,0.5253730041815082,8.0
940057186729,-0.4179399951054699,0.6584017345661755,9.0
940058464978,-0.19664597851836352,0.8214814039038502,10.0
940064241618,-2.5804719484789684,0.07573825103434943,2.0
940069835677,1.315490508247546,3.7265784544872633,16.0
940075694248,1.686244275521618,5.399164803132479,17.0
940076342777,0.0245227838049558,1.024825940275543,11.0
940077225679,-0.6436467845096427,0.5253730041815082,8.0
940077826249,0.48408499806120064,1.6226895652577062,13.0
940078777882,1.315490508247546,3.7265784544872633,16.0
940078867824,-0.19664597851836352,0.8214814039038502,10.0
940078957888,-0.4179399951054699,0.6584017345661755,9.0
940096253722,0.48408499806120064,1.6226895652577062,13.0
940097897722,-2.0896521116984643,0.12373017261062058,3.0
950012246977,-0.4179399951054699,0.6584017345661755,9.0
950012741159,1.315490508247546,3.7265784544872633,16.0
950025762748,0.48408499806120064,1.6226895652577062,13.0
950027986293,-2.0896521116984643,0.12373017261062058,3.0
950028144389,0.48408499806120064,1.6226895652577062,13.0
950029953689,-0.6436467845096427,0.5253730041815082,8.0
950033636914,-1.7153292122271522,0.1799044842070357,4.0
950033719892,0.0245227838049558,1.024825940275543,11.0
950035152192,0.48408499806120064,1.6226895652577062,13.0
950035656157,1.315490508247546,3.7265784544872633,16.0
950035736524,-0.6436467845096427,0.5253730041815082,8.0
950038939759,-0.8786098890220313,0.4153599069113695,7.0
950042153381,0.24983652365680514,1.2838155260645954,12.0
950042829271,0.7332970226599381,2.0819334862991092,14.0
950046523745,0.7332970226599381,2.0819334862991092,14.0
950046773926,-1.403315676289053,0.24578068224607452,5.0
950051134829,1.315490508247546,3.7265784544872633,16.0
950051271966,-0.4179399951054699,0.6584017345661755,9.0
950052389684,-0.19664597851836352,0.8214814039038502,10.0
950052769186,-0.6436467845096427,0.5253730041815082,8.0
950065477953,-27.631021099356374,1.0000000165721738e-12,0.0
950067218596,-1.7153292122271522,0.1799044842070357,4.0
950071446252,1.686244275521618,5.399164803132479,17.0
950084175785,1.0059592914716404,2.734529225581451,15.0
950093973445,1.315490508247546,3.7265784544872633,16.0
950096285278,2.1719969141000317,8.775791055818827,18.0
950098879672,-0.19664597851836352,0.8214814039038502,10.0
960011987745,-27.631021099356374,1.0000000165721738e-12,0.0
960012355712,0.0245227838049558,1.024825940275543,11.0
960013512564,2.1719969141000317,8.775791055818827,18.0
960014572496,-0.4179399951054699,0.6584017345661755,9.0
960021728966,-0.19664597851836352,0.8214814039038502,10.0
960024942958,0.7332970226599381,2.0819334862991092,14.0
960027939249,-0.6436467845096427,0.5253730041815082,8.0
960032924778,2.1719969141000317,8.775791055818827,18.0
960032961648,-3.3586648823044363,0.03478166557587941,1.0
960033518643,-2.0896521116984643,0.12373017261062058,3.0
960034488756,-1.7153292122271522,0.1799044842070357,4.0
960036753691,-0.4179399951054699,0.6584017345661755,9.0
960037849855,-1.1289543247129585,0.32337122098518667,6.0
960038237163,1.315490508247546,3.7265784544872633,16.0
960041697314,-0.4179399951054699,0.6584017345661755,9.0
960044741878,-2.5804719484789684,0.07573825103434943,2.0
960045575457,-0.6436467845096427,0.5253730041815082,8.0
960048129318,1.315490508247546,3.7265784544872633,16.0
960048383636,0.7332970226599381,2.0819334862991092,14.0
960049976729,0.24983652365680514,1.2838155260645954,12.0
960051251572,2.1719969141000317,8.775791055818827,18.0
960058471237,-1.1289543247129585,0.32337122098518667,6.0
960067653423,-0.6436467845096427,0.5253730041815082,8.0
960067658566,-0.8786098890220313,0.4153599069113695,7.0
960067835574,-0.6436467845096427,0.5253730041815082,8.0
960068151476,1.0059592914716404,2.734529225581451,15.0
960069469765,0.7332970226599381,2.0819334862991092,14.0
960071261658,-0.4179399951054699,0.6584017345661755,9.0
960078482946,0.0245227838049558,1.024825940275543,11.0
960081449581,1.315490508247546,3.7265784544872633,16.0
960087143619,2.1719969141000317,8.775791055818827,18.0
960098221765,-1.1289543247129585,0.32337122098518667,6.0
960098385476,0.24983652365680514,1.2838155260645954,12.0
960099293713,1.0059592914716404,2.734529225581451,15.0
970011731785,0.0245227838049558,1.024825940275543,11.0
970011828689,-1.7153292122271522,0.1799044842070357,4.0
970014588829,0.0245227838049558,1.024825940275543,11.0
970014725354,0.7332970226599381,2.0819334862991092,14.0
970015293244,0.7332970226599381,2.0819334862991092,14.0
970015396196,0.7332970226599381,2.0819334862991092,14.0
970019128666,-0.6436467845096427,0.5253730041815082,8.0
970023379319,0.48408499806120064,1.6226895652577062,13.0
970029912329,-1.7153292122271522,0.1799044842070357,4.0
970031722893,0.48408499806120064,1.6226895652577062,13.0
970034935274,1.686244275521618,5.399164803132479,17.0
970037749659,-0.8786098890220313,0.4153599069113695,7.0
970055347596,0.48408499806120064,1.6226895652577062,13.0
970055428147,-0.19664597851836352,0.8214814039038502,10.0
970055865852,-0.4179399951054699,0.6584017345661755,9.0
970056719315,0.48408499806120064,1.6226895652577062,13.0
970058184225,-0.19664597851836352,0.8214814039038502,10.0
970059475466,-1.7153292122271522,0.1799044842070357,4.0
970066628741,0.7332970226599381,2.0819334862991092,14.0
970069175145,1.686244275521618,5.399164803132479,17.0
970073542268,0.0245227838049558,1.024825940275543,11.0
970075981798,1.315490508247546,3.7265784544872633,16.0
970089561796,-1.1289543247129585,0.32337122098518667,6.0
970089972298,-0.19664597851836352,0.8214814039038502,10.0
970089991517,2.1719969141000317,8.775791055818827,18.0
970095985954,2.1719969141000317,8.775791055818827,18.0
970097547642,-1.1289543247129585,0.32337122098518667,6.0
970099376768,-2.5804719484789684,0.07573825103434943,2.0
980017545527,0.7332970226599381,2.0819334862991092,14.0
980024626683,-0.6436467845096427,0.5253730041815082,8.0
980027331288,1.686244275521618,5.399164803132479,17.0
980029327459,0.48408499806120064,1.6226895652577062,13.0
980032994961,0.7332970226599381,2.0819334862991092,14.0
980034695229,1.686244275521618,5.399164803132479,17.0
980036767569,0.48408499806120064,1.6226895652577062,13.0
980046298913,0.0245227838049558,1.024825940275543,11.0
980055376867,0.24983652365680514,1.2838155260645954,12.0
980072677764,1.0059592914716404,2.734529225581451,15.0
980074483936,-0.8786098890220313,0.4153599069113695,7.0
980075196468,0.0245227838049558,1.024825940275543,11.0
980085758922,2.943098183087192,18.97454194533812,19.0
980085785478,-2.5804719484789684,0.07573825103434943,2.0
980093823531,1.0059592914716404,2.734529225581451,15.0
980095858231,0.7332970226599381,2.0819334862991092,14.0
980096899252,1.0059592914716404,2.734529225581451,15.0
990011282391,-0.4179399951054699,0.6584017345661755,9.0
990013484462,1.315490508247546,3.7265784544872633,16.0
990017132743,0.48408499806120064,1.6226895652577062,13.0
990031382628,0.24983652365680514,1.2838155260645954,12.0
990034662642,1.0059592914716404,2.734529225581451,15.0
990038492678,2.1719969141000317,8.775791055818827,18.0
990044779748,-1.403315676289053,0.24578068224607452,5.0
990045921753,0.24983652365680514,1.2838155260645954,12.0
990053711754,1.0059592914716404,2.734529225581451,15.0
990055323863,0.0245227838049558,1.024825940275543,11.0
990058241374,1.686244275521618,5.399164803132479,17.0
990061194271,-1.1289543247129585,0.32337122098518667,6.0
990072567157,-0.19664597851836352,0.8214814039038502,10.0
990076767281,0.7332970226599381,2.0819334862991092,14.0
990082436315,0.7332970226599381,2.0819334862991092,14.0
990085764642,0.24983652365680514,1.2838155260645954,12.0
990087176167,-0.8786098890220313,0.4153599069113695,7.0
990087458254,0.48408499806120064,1.6226895652577062,13.0
