item,section_prompt,item_text,combined_text,CGCoT_Breakdown_gemini-3-flash-preview,CGCoT_Breakdown_gemini-3.1-pro-preview,CGCoT_Breakdown_gemini-3.7-flash,CGCoT_Breakdown_gpt-5.4-mini,CGCoT_Breakdown_gpt-5.4,CGCoT_Breakdown_gpt-5.6-luna,CGCoT_Breakdown_gpt-5.6-sol,a_2PL,b_2PL,b_1PL,BT_Item_Score_Bipartite,BT_Item_Strength_Bipartite,BT_Item_Total_Wins_Bipartite,table,Bradley_Terry_Log_Score_gemini-3-flash-preview,Bradley_Terry_Log_SE_gemini-3-flash-preview,Bradley_Terry_Z_Score_gemini-3-flash-preview,Bradley_Terry_Z_SE_gemini-3-flash-preview,Bradley_Terry_Log_Score_gemini-3.1-pro-preview,Bradley_Terry_Log_SE_gemini-3.1-pro-preview,Bradley_Terry_Z_Score_gemini-3.1-pro-preview,Bradley_Terry_Z_SE_gemini-3.1-pro-preview,Bradley_Terry_Log_Score_gemini-3.7-flash,Bradley_Terry_Log_SE_gemini-3.7-flash,Bradley_Terry_Z_Score_gemini-3.7-flash,Bradley_Terry_Z_SE_gemini-3.7-flash,Bradley_Terry_Log_Score_gpt-5.4-mini,Bradley_Terry_Log_SE_gpt-5.4-mini,Bradley_Terry_Z_Score_gpt-5.4-mini,Bradley_Terry_Z_SE_gpt-5.4-mini,Bradley_Terry_Log_Score_gpt-5.4,Bradley_Terry_Log_SE_gpt-5.4,Bradley_Terry_Z_Score_gpt-5.4,Bradley_Terry_Z_SE_gpt-5.4,Bradley_Terry_Log_Score_gpt-5.6-luna,Bradley_Terry_Log_SE_gpt-5.6-luna,Bradley_Terry_Z_Score_gpt-5.6-luna,Bradley_Terry_Z_SE_gpt-5.6-luna,Bradley_Terry_Log_Score_gpt-5.6-sol,Bradley_Terry_Log_SE_gpt-5.6-sol,Bradley_Terry_Z_Score_gpt-5.6-sol,Bradley_Terry_Z_SE_gpt-5.6-sol
3,"Teacher Directions to Read Aloud: “Now you will read the passage silently by yourself and then answer the questions. There are 3 answer choices for each question but only one correct answer. Circle the answer that you think is correct. After question 7, stop and wait for your teacher to read the directions. You may begin.” “Paleontologists and the ammonites” © READS Lab
1
There have been five mass extinctions in the earth’s history. What happened during the fifth mass extinction nearly 66 million years ago? What species was gone forever? Dinosaurs. What about fish in the oceans?
2
Paleontologists found a body fossil of a shellfish that became extinct long ago. The shellfish is called an ammonite. Ammonites were predators that lived in the ocean. They were related to other ocean predators like the octopus.
3
Ammonites survived for a long time. They had a strong shell that protected them from large fish. They were also good hunters.
4
But there are no more ammonites living today. What happened? Paleontologists have used fossil evidence to understand what happened in the past. Even 66 million years ago. One theory is that a huge rock from outer space killed many plants and animals. Another theory is that ammonites had trouble finding food before the huge rock hit the earth.
5
Body fossils help paleontologists understand what happened to living things in the past. Even when no one was around to see the animals.",Some paleontologists think,"Teacher Directions to Read Aloud: “Now you will read the passage silently by yourself and then answer the questions. There are 3 answer choices for each question but only one correct answer. Circle the answer that you think is correct. After question 7, stop and wait for your teacher to read the directions. You may begin.” “Paleontologists and the ammonites” © READS Lab
1
There have been five mass extinctions in the earth’s history. What happened during the fifth mass extinction nearly 66 million years ago? What species was gone forever? Dinosaurs. What about fish in the oceans?
2
Paleontologists found a body fossil of a shellfish that became extinct long ago. The shellfish is called an ammonite. Ammonites were predators that lived in the ocean. They were related to other ocean predators like the octopus.
3
Ammonites survived for a long time. They had a strong shell that protected them from large fish. They were also good hunters.
4
But there are no more ammonites living today. What happened? Paleontologists have used fossil evidence to understand what happened in the past. Even 66 million years ago. One theory is that a huge rock from outer space killed many plants and animals. Another theory is that ammonites had trouble finding food before the huge rock hit the earth.
5
Body fossils help paleontologists understand what happened to living things in the past. Even when no one was around to see the animals.: Some paleontologists think
A big rock hit the earth and killed all the ammonites
Ammonites became extinct before dinosaurs
Many animals die during a mass extinction","Original Text: Teacher Directions to Read Aloud: “Now you will read the passage silently by yourself and then answer the questions. There are 3 answer choices for each question but only one correct answer. Circle the answer that you think is correct. After question 7, stop and wait for your teacher to read the directions. You may begin.” “Paleontologists and the ammonites” © READS Lab
1
There have been five mass extinctions in the earth’s history. What happened during the fifth mass extinction nearly 66 million years ago? What species was gone forever? Dinosaurs. What about fish in the oceans?
2
Paleontologists found a body fossil of a shellfish that became extinct long ago. The shellfish is called an ammonite. Ammonites were predators that lived in the ocean. They were related to other ocean predators like the octopus.
3
Ammonites survived for a long time. They had a strong shell that protected them from large fish. They were also good hunters.
4
But there are no more ammonites living today. What happened? Paleontologists have used fossil evidence to understand what happened in the past. Even 66 million years ago. One theory is that a huge rock from outer space killed many plants and animals. Another theory is that ammonites had trouble finding food before the huge rock hit the earth.
5
Body fossils help paleontologists understand what happened to living things in the past. Even when no one was around to see the animals.: Some paleontologists think
A big rock hit the earth and killed all the ammonites
Ammonites became extinct before dinosaurs
Many animals die during a mass extinction
This item requires the student to complete a reading comprehension task by identifying a specific theory or conclusion held by paleontologists regarding the extinction of ammonites and other species based on the provided text.
This analysis identifies the primary skill measured by the provided reading assessment item.

**Primary Skill:** Reading Comprehension (Literal Retrieval and Detail Identification)

**Justification:** The item requires the reader to locate and identify a specific theory mentioned in the text—that a ""big rock"" caused the extinction of ammonites—to correctly complete the statement about what ""some paleontologists think.""
This analysis evaluates the cognitive demand and structural complexity of the reading comprehension item regarding paleontological theories.

**Cognitive Demand:**
This item requires **synthesis**. To answer correctly, the reader must integrate the specific theories presented in paragraph 4 (the ""huge rock"" theory) with the question stem to identify the correct paleontological perspective.

**Structural and Semantic Elements:**
*   **Implicit Mapping:** The item requires the reader to link the phrase ""Some paleontologists think"" to the text's ""One theory is..."" structure, necessitating a connection between theoretical claims and the people who hold them.
*   **Plausible Distractors:** The third option (""Many animals die during a mass extinction"") acts as a ""true-but-irrelevant"" distractor; while the text supports this statement generally, it does not represent the specific ""thinking"" or theory requested by the stem.
*   **Synthesis of Evidence:** The reader must navigate multiple theories (rock vs. food scarcity) to select the one that matches the provided answer choices, increasing the cognitive load through comparative elimination.
To describe the level of the latent trait of reading comprehension required for this item, the respondent must possess a **low-to-moderate** level of proficiency. Success requires the ability to perform literal retrieval of information and identify a specific scientific theory explicitly stated in the text while distinguishing it from general factual statements or unsupported chronological claims.","Original Text: Teacher Directions to Read Aloud: “Now you will read the passage silently by yourself and then answer the questions. There are 3 answer choices for each question but only one correct answer. Circle the answer that you think is correct. After question 7, stop and wait for your teacher to read the directions. You may begin.” “Paleontologists and the ammonites” © READS Lab
1
There have been five mass extinctions in the earth’s history. What happened during the fifth mass extinction nearly 66 million years ago? What species was gone forever? Dinosaurs. What about fish in the oceans?
2
Paleontologists found a body fossil of a shellfish that became extinct long ago. The shellfish is called an ammonite. Ammonites were predators that lived in the ocean. They were related to other ocean predators like the octopus.
3
Ammonites survived for a long time. They had a strong shell that protected them from large fish. They were also good hunters.
4
But there are no more ammonites living today. What happened? Paleontologists have used fossil evidence to understand what happened in the past. Even 66 million years ago. One theory is that a huge rock from outer space killed many plants and animals. Another theory is that ammonites had trouble finding food before the huge rock hit the earth.
5
Body fossils help paleontologists understand what happened to living things in the past. Even when no one was around to see the animals.: Some paleontologists think
A big rock hit the earth and killed all the ammonites
Ammonites became extinct before dinosaurs
Many animals die during a mass extinction
The core request is to summarize the primary task and scenario of the provided text. 

The scenario is a reading comprehension assessment. The core task requires a student to read a passage about ammonites and answer a multiple-choice question identifying what some paleontologists theorize about their extinction.
The core objective is to classify the primary skill measured by the provided text and concisely justify this classification.

**Skill:** Reading comprehension. 

**Justification:** The item requires the student to silently read an informational passage about paleontologists and ammonites, then select the correct multiple-choice answer by recalling or inferring specific details and theories presented in the text.
To evaluate the cognitive demand and identify structural or semantic elements that increase the difficulty of this reading comprehension item:

This cognitive item requires synthesis and multi-step reasoning to connect the incomplete stem (""Some paleontologists think"") with the specific theories detailed in the fourth paragraph. The cognitive load is increased by tricky distractors that utilize semantic shifts and absolute language. Specifically, the first distractor claims the rock killed ""all"" the ammonites, whereas the text states it killed ""many"" plants and animals. Additionally, students must carefully discriminate between general facts stated in the passage (e.g., animals dying during mass extinctions) and the specific theories explicitly attributed to paleontologists.
The overall level of the underlying latent trait of reading comprehension required for a respondent to successfully answer this item is low to moderate, as it necessitates basic literal recall and the ability to locate explicitly stated information within a simple text.","Original Text: Teacher Directions to Read Aloud: “Now you will read the passage silently by yourself and then answer the questions. There are 3 answer choices for each question but only one correct answer. Circle the answer that you think is correct. After question 7, stop and wait for your teacher to read the directions. You may begin.” “Paleontologists and the ammonites” © READS Lab
1
There have been five mass extinctions in the earth’s history. What happened during the fifth mass extinction nearly 66 million years ago? What species was gone forever? Dinosaurs. What about fish in the oceans?
2
Paleontologists found a body fossil of a shellfish that became extinct long ago. The shellfish is called an ammonite. Ammonites were predators that lived in the ocean. They were related to other ocean predators like the octopus.
3
Ammonites survived for a long time. They had a strong shell that protected them from large fish. They were also good hunters.
4
But there are no more ammonites living today. What happened? Paleontologists have used fossil evidence to understand what happened in the past. Even 66 million years ago. One theory is that a huge rock from outer space killed many plants and animals. Another theory is that ammonites had trouble finding food before the huge rock hit the earth.
5
Body fossils help paleontologists understand what happened to living things in the past. Even when no one was around to see the animals.: Some paleontologists think
A big rock hit the earth and killed all the ammonites
Ammonites became extinct before dinosaurs
Many animals die during a mass extinction
This reading comprehension item requires a student to read an informational text about ammonite fossils and mass extinction, then complete a sentence identifying a specific scientific theory paleontologists propose regarding how ammonites became extinct.
**Targeted Construct/Skill:** Reading Comprehension of Informational Text (specifically, Key Detail Identification and Text-Based Evidence Retrieval).

**Justification:** This assessment item measures a student's ability to accurately locate and recall explicitly stated facts and scientific theories within an expository passage about paleontology and the extinction of ammonites.
**Cognitive Demand:** Low-to-moderate recall and literal comprehension, requiring students to locate and match specific theories presented in the text regarding ammonite extinction.

**Structural and Semantic Load Elements:**
* **Stem-to-Text Synonymous Phrasing:** The stem uses ""Some paleontologists think,"" requiring students to map the prompt to the word ""theory"" used in paragraph 4.
* **Distractor Nuance and Overlap:** Distractors incorporate true elements from the text (mass extinctions, dinosaurs) or introduce absolute language (""killed all""), requiring students to distinguish between general background facts and the specific hypotheses attributed to paleontologists.
To evaluate the level of the latent trait required to correctly answer this item, the question measures a **low-to-moderate (basic elementary) level of reading comprehension ability**. 

Success on this item relies on foundational decoding skills and direct literal retrieval of explicitly stated informational details from a simple, short passage with low syntactic complexity. Advanced inferencing, synthesis, or high-level cognitive processing is not required.","Original Text: Teacher Directions to Read Aloud: “Now you will read the passage silently by yourself and then answer the questions. There are 3 answer choices for each question but only one correct answer. Circle the answer that you think is correct. After question 7, stop and wait for your teacher to read the directions. You may begin.” “Paleontologists and the ammonites” © READS Lab
1
There have been five mass extinctions in the earth’s history. What happened during the fifth mass extinction nearly 66 million years ago? What species was gone forever? Dinosaurs. What about fish in the oceans?
2
Paleontologists found a body fossil of a shellfish that became extinct long ago. The shellfish is called an ammonite. Ammonites were predators that lived in the ocean. They were related to other ocean predators like the octopus.
3
Ammonites survived for a long time. They had a strong shell that protected them from large fish. They were also good hunters.
4
But there are no more ammonites living today. What happened? Paleontologists have used fossil evidence to understand what happened in the past. Even 66 million years ago. One theory is that a huge rock from outer space killed many plants and animals. Another theory is that ammonites had trouble finding food before the huge rock hit the earth.
5
Body fossils help paleontologists understand what happened to living things in the past. Even when no one was around to see the animals.: Some paleontologists think
A big rock hit the earth and killed all the ammonites
Ammonites became extinct before dinosaurs
Many animals die during a mass extinction
The item asks the reader to silently read a passage about ammonites and mass extinction, then answer multiple-choice questions by circling the one correct choice, with a pause after question 7 for teacher directions.
Primary domain: **Reading comprehension / science literacy**. It assesses understanding of a short informational passage about fossils and extinction, including identifying the main idea and using text evidence to answer a factual question.
This is a low-to-moderate demand reading item: it mainly requires recall of a stated detail and simple comprehension, not deep synthesis or multi-step reasoning. The correct choice is supported directly by the passage, while the distractors are semantically plausible but contradicted by the text. Structural load is modest, with short answer choices and no tricky conditional logic; the main challenge is distinguishing the passage-based explanation from the more extreme or off-target distractors.
A low-to-moderate reading comprehension and science literacy level is needed to identify the correct idea, with basic inference about extinction and fossil evidence rather than advanced latent ability.","Original Text: Teacher Directions to Read Aloud: “Now you will read the passage silently by yourself and then answer the questions. There are 3 answer choices for each question but only one correct answer. Circle the answer that you think is correct. After question 7, stop and wait for your teacher to read the directions. You may begin.” “Paleontologists and the ammonites” © READS Lab
1
There have been five mass extinctions in the earth’s history. What happened during the fifth mass extinction nearly 66 million years ago? What species was gone forever? Dinosaurs. What about fish in the oceans?
2
Paleontologists found a body fossil of a shellfish that became extinct long ago. The shellfish is called an ammonite. Ammonites were predators that lived in the ocean. They were related to other ocean predators like the octopus.
3
Ammonites survived for a long time. They had a strong shell that protected them from large fish. They were also good hunters.
4
But there are no more ammonites living today. What happened? Paleontologists have used fossil evidence to understand what happened in the past. Even 66 million years ago. One theory is that a huge rock from outer space killed many plants and animals. Another theory is that ammonites had trouble finding food before the huge rock hit the earth.
5
Body fossils help paleontologists understand what happened to living things in the past. Even when no one was around to see the animals.: Some paleontologists think
A big rock hit the earth and killed all the ammonites
Ammonites became extinct before dinosaurs
Many animals die during a mass extinction
The item asks the reader to identify what some paleontologists think happened to ammonites, based on a passage about fossils, mass extinction, and theories that a huge rock may have caused their extinction.
This item is primarily measuring reading comprehension, specifically the ability to identify an explicitly stated main idea or supporting detail from an informational passage. The question asks the reader to understand the passage about ammonites and paleontologists and select the statement that matches what “some paleontologists think,” which depends on recalling stated information rather than personal belief or advanced inference.
Core ask: assess the item’s cognitive demand and note wording/features that raise difficulty.

Moderate demand: mainly recall of explicitly stated details, with light inference to identify “Some paleontologists think” from the passage. No real synthesis; limited multi-step reasoning.

Load-raising elements:
- Long passage plus directions increases reading/attention demands.
- The question stem is incomplete/awkward (“Even when no one was around to see the animals.: Some paleontologists think”), which can confuse parsing.
- Distractors are plausible because they reuse passage ideas:
  - rock killed ammonites,
  - extinction timing,
  - general fact about mass extinctions.
- Requires distinguishing a specific theory from broader background facts.
- Some temporal/causal language (“before,” “during,” “66 million years ago”) adds mild reasoning demand.
This item appears to require a relatively low to moderate level of the underlying trait—enough reading comprehension to identify that the passage states some paleontologists think a huge rock hit Earth and killed many plants and animals, including ammonites.","Original Text: Teacher Directions to Read Aloud: “Now you will read the passage silently by yourself and then answer the questions. There are 3 answer choices for each question but only one correct answer. Circle the answer that you think is correct. After question 7, stop and wait for your teacher to read the directions. You may begin.” “Paleontologists and the ammonites” © READS Lab
1
There have been five mass extinctions in the earth’s history. What happened during the fifth mass extinction nearly 66 million years ago? What species was gone forever? Dinosaurs. What about fish in the oceans?
2
Paleontologists found a body fossil of a shellfish that became extinct long ago. The shellfish is called an ammonite. Ammonites were predators that lived in the ocean. They were related to other ocean predators like the octopus.
3
Ammonites survived for a long time. They had a strong shell that protected them from large fish. They were also good hunters.
4
But there are no more ammonites living today. What happened? Paleontologists have used fossil evidence to understand what happened in the past. Even 66 million years ago. One theory is that a huge rock from outer space killed many plants and animals. Another theory is that ammonites had trouble finding food before the huge rock hit the earth.
5
Body fossils help paleontologists understand what happened to living things in the past. Even when no one was around to see the animals.: Some paleontologists think
A big rock hit the earth and killed all the ammonites
Ammonites became extinct before dinosaurs
Many animals die during a mass extinction
Read the passage about ammonites and mass extinctions, then select the one correct answer from three choices.
**Primary skill:** Reading comprehension—identifying a passage-supported causal explanation.  

**Justification:** The item requires selecting the conclusion supported by the text: that some paleontologists believe a large extraterrestrial object caused the ammonites’ extinction.
This is a reading-comprehension item requiring **recall plus basic inference**, not synthesis. The student must connect the passage’s theories and mass-extinction information to select the supported statement.

- **Cognitive demand:** Locate relevant details, distinguish competing explanations, and recognize that mass extinctions affect many animals.
- **Distractors:**  
  - “A big rock hit the earth and killed all the ammonites” overstates a theory as certain and limits its effect to ammonites.  
  - “Ammonites became extinct before dinosaurs” contradicts the stated timeline.
- **Load-increasing features:** Scientific vocabulary (“paleontologists,” “ammonites,” “extinct”), temporal information (“66 million years ago”), competing causal theories, and an incomplete stem (“Some paleontologists think”) requiring grammatical and semantic completion.
This item requires a **low-to-moderate level of reading comprehension and factual reasoning**. The respondent must identify the passage’s stated theory and distinguish it from unsupported or incorrect alternatives; no advanced knowledge or complex inference is needed.","Original Text: Teacher Directions to Read Aloud: “Now you will read the passage silently by yourself and then answer the questions. There are 3 answer choices for each question but only one correct answer. Circle the answer that you think is correct. After question 7, stop and wait for your teacher to read the directions. You may begin.” “Paleontologists and the ammonites” © READS Lab
1
There have been five mass extinctions in the earth’s history. What happened during the fifth mass extinction nearly 66 million years ago? What species was gone forever? Dinosaurs. What about fish in the oceans?
2
Paleontologists found a body fossil of a shellfish that became extinct long ago. The shellfish is called an ammonite. Ammonites were predators that lived in the ocean. They were related to other ocean predators like the octopus.
3
Ammonites survived for a long time. They had a strong shell that protected them from large fish. They were also good hunters.
4
But there are no more ammonites living today. What happened? Paleontologists have used fossil evidence to understand what happened in the past. Even 66 million years ago. One theory is that a huge rock from outer space killed many plants and animals. Another theory is that ammonites had trouble finding food before the huge rock hit the earth.
5
Body fossils help paleontologists understand what happened to living things in the past. Even when no one was around to see the animals.: Some paleontologists think
A big rock hit the earth and killed all the ammonites
Ammonites became extinct before dinosaurs
Many animals die during a mass extinction
Identify the passage-supported conclusion about ammonite extinction and mass extinctions.
**Primary skill: Informational-text reading comprehension.** The item assesses whether the student can identify a stated scientific theory about ammonite extinction and distinguish it from unsupported claims.
**Low-to-moderate cognitive demand:** The item mainly requires locating and recalling an explicitly stated theory, with a simple inference that the rock killed the ammonites. Cognitive load increases slightly because the stem is grammatically incomplete, punctuation is malformed, and the broad true statement about mass extinctions is a plausible distractor. No multi-step reasoning or synthesis is required.
This item requires a relatively low level of reading comprehension: respondents need to identify an explicitly stated theory that a large rock struck Earth and caused ammonite extinction.",0.7956829642870028,-0.0840032459768551,-0.0563921860919575,-0.000523972820531,0.9994761644292546,1060.0,gilbert_meta_2,0.4690862011589581,0.40940808451320915,0.28336561395228177,0.2473152545064961,0.6896742274129357,0.41060451409845145,0.4133527114573536,0.2460937098895,-0.5175709969366626,0.43029437215193994,-0.3176942082476104,0.2641222763317667,0.5665647951273938,0.37368517627295644,0.5713734308963204,0.37685677450920013,1.18761347426491,0.4201569441036247,0.779384948261659,0.27573280805412614,1.5260798021277573,0.4391738616136286,0.9715255643148897,0.27958474592327437,0.6362418616591647,0.4091883988728921,0.3882352217960005,0.24968704256349247
13,"Teacher Directions to Read Aloud: “Now you will read the passage silently by yourself and then answer the questions. There are 3 answer choices for each question but only one correct answer. Circle the answer that you think is correct. After question 7, stop and wait for your teacher to read the directions. You may begin.” Archaeologists and the city of Pompei” © READS Lab
1
Nearly 2,000 years ago, a volcano eruption destroyed an old city. It was called Pompei. The eruption of a mountain was brutal. It lasted for more than 24 hours. By the end, Pompei was covered in ashes. Many people died. The city was totally destroyed. It was like a mass extinction.
2
But archaeologists discovered Pompei again in 1748. They found fossilized humans—not dinosaur fossils but human fossils. A team of archaeologists found fossilized buildings and human and animal skeletons.
3
Pompei is like a city frozen in time. But scientists are not studying the fossilized bones of dinosaurs. Instead, they are studying the buildings and other artifacts from Pompei. They also want to know what people were like.
4
One theory about Pompei is that there were rich and poor people. Archaeologists have found fossilized big homes and small homes.
5
Yes, Pompei was fossilized. So archaeologists have clues about life in Pompei. Even the kinds of people who lived there.",Which type of fossil would help an archaeologist learn about the past?,"Teacher Directions to Read Aloud: “Now you will read the passage silently by yourself and then answer the questions. There are 3 answer choices for each question but only one correct answer. Circle the answer that you think is correct. After question 7, stop and wait for your teacher to read the directions. You may begin.” Archaeologists and the city of Pompei” © READS Lab
1
Nearly 2,000 years ago, a volcano eruption destroyed an old city. It was called Pompei. The eruption of a mountain was brutal. It lasted for more than 24 hours. By the end, Pompei was covered in ashes. Many people died. The city was totally destroyed. It was like a mass extinction.
2
But archaeologists discovered Pompei again in 1748. They found fossilized humans—not dinosaur fossils but human fossils. A team of archaeologists found fossilized buildings and human and animal skeletons.
3
Pompei is like a city frozen in time. But scientists are not studying the fossilized bones of dinosaurs. Instead, they are studying the buildings and other artifacts from Pompei. They also want to know what people were like.
4
One theory about Pompei is that there were rich and poor people. Archaeologists have found fossilized big homes and small homes.
5
Yes, Pompei was fossilized. So archaeologists have clues about life in Pompei. Even the kinds of people who lived there.: Which type of fossil would help an archaeologist learn about the past?
Fossilized bones from a dinosaur
Fossilized rocks from a volcano
Fossilized homes from a city","Original Text: Teacher Directions to Read Aloud: “Now you will read the passage silently by yourself and then answer the questions. There are 3 answer choices for each question but only one correct answer. Circle the answer that you think is correct. After question 7, stop and wait for your teacher to read the directions. You may begin.” Archaeologists and the city of Pompei” © READS Lab
1
Nearly 2,000 years ago, a volcano eruption destroyed an old city. It was called Pompei. The eruption of a mountain was brutal. It lasted for more than 24 hours. By the end, Pompei was covered in ashes. Many people died. The city was totally destroyed. It was like a mass extinction.
2
But archaeologists discovered Pompei again in 1748. They found fossilized humans—not dinosaur fossils but human fossils. A team of archaeologists found fossilized buildings and human and animal skeletons.
3
Pompei is like a city frozen in time. But scientists are not studying the fossilized bones of dinosaurs. Instead, they are studying the buildings and other artifacts from Pompei. They also want to know what people were like.
4
One theory about Pompei is that there were rich and poor people. Archaeologists have found fossilized big homes and small homes.
5
Yes, Pompei was fossilized. So archaeologists have clues about life in Pompei. Even the kinds of people who lived there.: Which type of fossil would help an archaeologist learn about the past?
Fossilized bones from a dinosaur
Fossilized rocks from a volcano
Fossilized homes from a city
This item tasks the student with identifying the specific type of fossilized evidence that assists archaeologists in studying human history and social structures based on the provided passage about Pompeii.
This item measures **Reading Comprehension (Information Retrieval and Inference)**. It requires the reader to identify specific details from the text to distinguish between archaeological evidence (human-related artifacts like homes) and paleontological evidence (dinosaurs) to determine how researchers learn about human history.
This analysis evaluates the cognitive demand and structural complexity of the Pompeii reading comprehension item.

**Cognitive Demand**
This item requires **synthesis**. To identify the correct answer, the reader must integrate information from paragraphs 2, 3, and 4 to distinguish between the general concept of fossils (dinosaurs) and the specific ""fossilized"" artifacts relevant to the archaeologists in the text.

**Structural and Semantic Elements**
*   **Tricky Distractors:** The mention of ""dinosaur"" fossils in the text and options acts as a high-salience distractor, as the term ""fossil"" is prototypically associated with dinosaurs rather than architecture.
*   **Unconventional Semantics:** The text uses the term ""fossilized"" to describe ""homes"" and ""buildings."" This non-standard application increases cognitive load by requiring the reader to override scientific definitions in favor of the text’s specific usage.
*   **Contrastive Logic:** The passage relies on negation (e.g., ""not dinosaur fossils but human fossils"") and comparison (""Pompei is like a city frozen in time""), requiring the reader to carefully track what the scientists are and are not studying.
To describe the level of the underlying latent trait—specifically reading comprehension and literal information retrieval—required to answer this item, the respondent needs a **low to moderate level of proficiency**. The item requires the ability to identify explicitly stated details within a simple, high-interest text and distinguish between the primary subject (human/city fossils) and a contrastive distractor (dinosaur fossils) mentioned in the passage. Successful endorsement depends on basic decoding skills and the capacity to locate specific evidence across short paragraphs to confirm that archaeologists use fossilized homes to learn about the past.","Original Text: Teacher Directions to Read Aloud: “Now you will read the passage silently by yourself and then answer the questions. There are 3 answer choices for each question but only one correct answer. Circle the answer that you think is correct. After question 7, stop and wait for your teacher to read the directions. You may begin.” Archaeologists and the city of Pompei” © READS Lab
1
Nearly 2,000 years ago, a volcano eruption destroyed an old city. It was called Pompei. The eruption of a mountain was brutal. It lasted for more than 24 hours. By the end, Pompei was covered in ashes. Many people died. The city was totally destroyed. It was like a mass extinction.
2
But archaeologists discovered Pompei again in 1748. They found fossilized humans—not dinosaur fossils but human fossils. A team of archaeologists found fossilized buildings and human and animal skeletons.
3
Pompei is like a city frozen in time. But scientists are not studying the fossilized bones of dinosaurs. Instead, they are studying the buildings and other artifacts from Pompei. They also want to know what people were like.
4
One theory about Pompei is that there were rich and poor people. Archaeologists have found fossilized big homes and small homes.
5
Yes, Pompei was fossilized. So archaeologists have clues about life in Pompei. Even the kinds of people who lived there.: Which type of fossil would help an archaeologist learn about the past?
Fossilized bones from a dinosaur
Fossilized rocks from a volcano
Fossilized homes from a city
The core task presented in this scenario requires a student to silently read an informational passage about the archaeological excavation of Pompeii and answer a multiple-choice reading comprehension question identifying which type of fossil—dinosaur bones, volcanic rocks, or city homes—helps archaeologists learn about the past.
The core objective is to identify the primary domain or skill measured by the provided passage and multiple-choice question, accompanied by a brief rationale.

**Primary Skill:** Reading comprehension (specifically, literal comprehension and detail extraction).

**Justification:** The item requires the reader to locate and synthesize explicit information from the text—specifically that archaeologists study fossilized homes and buildings, rather than dinosaur bones, to learn about the past inhabitants of Pompeii.
In analyzing the cognitive demand, required reasoning level, and structural elements that increase the difficulty of this reading comprehension item, the question requires multi-step reasoning and synthesis. The reader must integrate information across multiple paragraphs to distinguish what the archaeologists in Pompeii study from what they do not. 

The cognitive load is increased by the use of tricky distractors paired with negation in the source text. Because the passage explicitly mentions a ""volcano"" and repeatedly mentions ""dinosaur fossils"" in a negative context (""not dinosaur fossils,"" ""not studying the fossilized bones""), the distractors ""Fossilized bones from a dinosaur"" and ""Fossilized rocks from a volcano"" require the reader to bypass simple word-matching and process negative phrasing to correctly select ""Fossilized homes from a city.""
The overall level of the underlying latent trait of reading comprehension required for a respondent to successfully answer this item is low to moderate, as the correct answer relies on basic literal recall and simple deduction directly supported by the text.","Original Text: Teacher Directions to Read Aloud: “Now you will read the passage silently by yourself and then answer the questions. There are 3 answer choices for each question but only one correct answer. Circle the answer that you think is correct. After question 7, stop and wait for your teacher to read the directions. You may begin.” Archaeologists and the city of Pompei” © READS Lab
1
Nearly 2,000 years ago, a volcano eruption destroyed an old city. It was called Pompei. The eruption of a mountain was brutal. It lasted for more than 24 hours. By the end, Pompei was covered in ashes. Many people died. The city was totally destroyed. It was like a mass extinction.
2
But archaeologists discovered Pompei again in 1748. They found fossilized humans—not dinosaur fossils but human fossils. A team of archaeologists found fossilized buildings and human and animal skeletons.
3
Pompei is like a city frozen in time. But scientists are not studying the fossilized bones of dinosaurs. Instead, they are studying the buildings and other artifacts from Pompei. They also want to know what people were like.
4
One theory about Pompei is that there were rich and poor people. Archaeologists have found fossilized big homes and small homes.
5
Yes, Pompei was fossilized. So archaeologists have clues about life in Pompei. Even the kinds of people who lived there.: Which type of fossil would help an archaeologist learn about the past?
Fossilized bones from a dinosaur
Fossilized rocks from a volcano
Fossilized homes from a city
The central task of this item requires students to read an informational passage about the archaeological rediscovery of Pompeii and determine which specific artifact type—dinosaur bones, volcanic rocks, or fossilized homes—helps archaeologists understand past human societies.
The construct measured by this item is **reading comprehension of informational text**, specifically the ability to recall key details and draw direct, text-based inferences. 

**Justification:** The question requires the reader to identify and apply information directly established in the passage—namely, that archaeologists study human structures and artifacts (such as ""fossilized homes"") rather than dinosaur remains to understand past human life.
**Demand Analysis: Cognitive Reading Comprehension Item**

* **Cognitive Demand:** The item requires **low-to-moderate recall and direct discrimination**. It asks the reader to identify text-explicit evidence regarding what archaeologists specifically study, rather than relying on general outside knowledge.
* **Structural and Semantic Elements Affecting Load:**
  * **Counter-Intuitive Phrasing:** The passage applies the term ""fossilized"" unconventionally to man-made structures (""fossilized homes""), requiring readers to accept the text's idiosyncratic usage over standard scientific definitions.
  * **Explicit Negation Distractor:** ""Fossilized bones from a dinosaur"" serves as a strong conceptual distractor based on prior knowledge of paleontology; students must recognize the text's explicit contrast (""not dinosaur fossils"") to select the correct archaeological subject. 
  * **Simple Three-Option Format:** The low number of choices and direct textual mirroring (""fossilized big homes and small homes"") keep the overall cognitive load low.
Successfully answering this item requires a **low to low-moderate level of the underlying reading comprehension ability**. The question relies on basic literal retrieval and simple textual differentiation, as the passage directly connects archaeologists studying the past to ""fossilized big homes and small homes"" while explicitly ruling out dinosaur fossils, requiring minimal inferential reasoning.","Original Text: Teacher Directions to Read Aloud: “Now you will read the passage silently by yourself and then answer the questions. There are 3 answer choices for each question but only one correct answer. Circle the answer that you think is correct. After question 7, stop and wait for your teacher to read the directions. You may begin.” Archaeologists and the city of Pompei” © READS Lab
1
Nearly 2,000 years ago, a volcano eruption destroyed an old city. It was called Pompei. The eruption of a mountain was brutal. It lasted for more than 24 hours. By the end, Pompei was covered in ashes. Many people died. The city was totally destroyed. It was like a mass extinction.
2
But archaeologists discovered Pompei again in 1748. They found fossilized humans—not dinosaur fossils but human fossils. A team of archaeologists found fossilized buildings and human and animal skeletons.
3
Pompei is like a city frozen in time. But scientists are not studying the fossilized bones of dinosaurs. Instead, they are studying the buildings and other artifacts from Pompei. They also want to know what people were like.
4
One theory about Pompei is that there were rich and poor people. Archaeologists have found fossilized big homes and small homes.
5
Yes, Pompei was fossilized. So archaeologists have clues about life in Pompei. Even the kinds of people who lived there.: Which type of fossil would help an archaeologist learn about the past?
Fossilized bones from a dinosaur
Fossilized rocks from a volcano
Fossilized homes from a city
The item asks the reader to identify which fossil type would best help an archaeologist learn about the past, using the passage about Pompeii.
Primary domain: **Reading comprehension / informational text understanding**. The item measures the ability to use details from a passage to identify the correct supporting example, since the question asks which fossil type would help an archaeologist learn about the past and the passage emphasizes fossilized homes and city artifacts rather than dinosaur bones or volcanic rocks.
Low demand overall: this is a straightforward reading-comprehension multiple-choice item requiring simple recall and text-based identification, not multi-step reasoning or synthesis. The endorsement threshold is low because the correct choice is directly supported by the passage. Structural load is minimal, though the item includes a distractor contrast (“dinosaur” vs. city artifacts) and a basic category distinction that slightly increases attention demands.
A low level of reading comprehension and basic inference is needed to identify that the correct choice is the fossilized homes from a city.","Original Text: Teacher Directions to Read Aloud: “Now you will read the passage silently by yourself and then answer the questions. There are 3 answer choices for each question but only one correct answer. Circle the answer that you think is correct. After question 7, stop and wait for your teacher to read the directions. You may begin.” Archaeologists and the city of Pompei” © READS Lab
1
Nearly 2,000 years ago, a volcano eruption destroyed an old city. It was called Pompei. The eruption of a mountain was brutal. It lasted for more than 24 hours. By the end, Pompei was covered in ashes. Many people died. The city was totally destroyed. It was like a mass extinction.
2
But archaeologists discovered Pompei again in 1748. They found fossilized humans—not dinosaur fossils but human fossils. A team of archaeologists found fossilized buildings and human and animal skeletons.
3
Pompei is like a city frozen in time. But scientists are not studying the fossilized bones of dinosaurs. Instead, they are studying the buildings and other artifacts from Pompei. They also want to know what people were like.
4
One theory about Pompei is that there were rich and poor people. Archaeologists have found fossilized big homes and small homes.
5
Yes, Pompei was fossilized. So archaeologists have clues about life in Pompei. Even the kinds of people who lived there.: Which type of fossil would help an archaeologist learn about the past?
Fossilized bones from a dinosaur
Fossilized rocks from a volcano
Fossilized homes from a city
The item asks the reader to use the passage about archaeologists studying Pompeii after a volcanic eruption to identify which kind of fossil would best help an archaeologist learn about the past.
This item is primarily measuring reading comprehension, specifically the skill of identifying text-based evidence to answer an inferential question. The student must understand the passage’s main idea about archaeologists using preserved city remains to learn about past human life and select the fossil type most relevant to that purpose.
Core ask: assess the item’s cognitive demand and note wording/features that raise difficulty.

Low-to-moderate cognitive demand. It mainly requires basic reading comprehension and selecting the passage-supported example, so it relies more on recall/local inference than multi-step reasoning or synthesis. The correct choice comes from understanding that archaeologists learn about past human life from city remains.

Load-increasing elements: the passage includes potentially distracting contrasts (“not dinosaur fossils”), repeated use of “fossilized” across different categories, and a broad final question (“learn about the past”) that requires mapping the passage’s main idea to the best answer. The distractors are plausible because dinosaurs and volcanoes are mentioned, but they are semantically weaker than “fossilized homes from a city.”
The core ask is to identify the latent trait level needed to get this item right: it appears to require a low to somewhat below-average level of the underlying trait, since the correct answer can be reached through straightforward recall and basic inference from explicitly stated details in the passage.","Original Text: Teacher Directions to Read Aloud: “Now you will read the passage silently by yourself and then answer the questions. There are 3 answer choices for each question but only one correct answer. Circle the answer that you think is correct. After question 7, stop and wait for your teacher to read the directions. You may begin.” Archaeologists and the city of Pompei” © READS Lab
1
Nearly 2,000 years ago, a volcano eruption destroyed an old city. It was called Pompei. The eruption of a mountain was brutal. It lasted for more than 24 hours. By the end, Pompei was covered in ashes. Many people died. The city was totally destroyed. It was like a mass extinction.
2
But archaeologists discovered Pompei again in 1748. They found fossilized humans—not dinosaur fossils but human fossils. A team of archaeologists found fossilized buildings and human and animal skeletons.
3
Pompei is like a city frozen in time. But scientists are not studying the fossilized bones of dinosaurs. Instead, they are studying the buildings and other artifacts from Pompei. They also want to know what people were like.
4
One theory about Pompei is that there were rich and poor people. Archaeologists have found fossilized big homes and small homes.
5
Yes, Pompei was fossilized. So archaeologists have clues about life in Pompei. Even the kinds of people who lived there.: Which type of fossil would help an archaeologist learn about the past?
Fossilized bones from a dinosaur
Fossilized rocks from a volcano
Fossilized homes from a city
Identify which type of fossil would best help an archaeologist learn about the past, based on the passage about Pompeii.
**Primary skill:** Reading comprehension—identifying information explicitly supported by an informational passage.  

**Justification:** The item requires recognizing that fossilized homes provide archaeologists evidence about past human life in Pompei.
This is a low-to-moderate cognitive-demand reading-comprehension item. It requires reading the passage and recalling/applying an explicitly stated idea—not multi-step reasoning or synthesis. The correct answer, fossilized homes, is supported directly by the text; distractors involve dinosaur bones or volcanic rocks, creating a simple category/content distinction. Directions add procedural demands (silent reading, circling one choice, stopping after question 7), but phrasing and emotional wording do not substantially increase difficulty.
This item requires a **low level of cognitive ability**, primarily basic reading comprehension and the ability to identify explicitly stated information. A respondent need not possess advanced reasoning or specialized knowledge.","Original Text: Teacher Directions to Read Aloud: “Now you will read the passage silently by yourself and then answer the questions. There are 3 answer choices for each question but only one correct answer. Circle the answer that you think is correct. After question 7, stop and wait for your teacher to read the directions. You may begin.” Archaeologists and the city of Pompei” © READS Lab
1
Nearly 2,000 years ago, a volcano eruption destroyed an old city. It was called Pompei. The eruption of a mountain was brutal. It lasted for more than 24 hours. By the end, Pompei was covered in ashes. Many people died. The city was totally destroyed. It was like a mass extinction.
2
But archaeologists discovered Pompei again in 1748. They found fossilized humans—not dinosaur fossils but human fossils. A team of archaeologists found fossilized buildings and human and animal skeletons.
3
Pompei is like a city frozen in time. But scientists are not studying the fossilized bones of dinosaurs. Instead, they are studying the buildings and other artifacts from Pompei. They also want to know what people were like.
4
One theory about Pompei is that there were rich and poor people. Archaeologists have found fossilized big homes and small homes.
5
Yes, Pompei was fossilized. So archaeologists have clues about life in Pompei. Even the kinds of people who lived there.: Which type of fossil would help an archaeologist learn about the past?
Fossilized bones from a dinosaur
Fossilized rocks from a volcano
Fossilized homes from a city
Identify which fossil type would help an archaeologist learn about past human life in a city.
**Primary skill: Reading comprehension—making a text-based inference.** The item assesses whether the reader can infer that fossilized homes would help archaeologists learn about past human life, based on the passage’s discussion of Pompei’s buildings and artifacts.
**Moderate cognitive demand:** Requires recall plus a one-step inference connecting archaeologists’ study of Pompei’s buildings to **“fossilized homes from a city.”** The broad wording makes all fossils seem potentially informative, while dinosaur and volcano distractors echo passage details. Awkward phrases such as “fossilized homes,” plus emotionally strong references to death and destruction, add minor semantic load.
This item requires a **low to moderate level of reading comprehension**. The correct answer—“fossilized homes from a city”—is explicitly supported by the passage and requires identifying which evidence helps archaeologists understand how people lived in the past.",1.4842735127351143,0.0098933180948235,0.0425437245825501,0.1084550217558636,1.114554776694079,1107.0,gilbert_meta_2,1.069960756354101,0.44166403639112417,0.6463419428668853,0.2668004313991827,-0.04065369096598914,0.45933152422527396,-0.024365581202847347,0.2752979935303218,-0.485766859598318,0.4529425206093149,-0.29817226770127775,0.27802410938467365,-0.03398093060349905,0.3903689556010314,-0.0342693387781098,0.39368215497226944,-0.6249125533071955,0.4511466181507291,-0.41010602235618343,0.29607013667764814,-0.5956549694398301,0.46383243044402367,-0.37920299417838277,0.2952827650994312,1.3547500431929436,0.4494634853637039,0.8266694085886976,0.2742629280543308
16,"Teacher Directions to Read Aloud: “Now you will read the passage silently by yourself and then answer the questions. There are 3 answer choices for each question but only one correct answer. Circle the answer that you think is correct. After question 7, stop and wait for your teacher to read the directions. You may begin.” “Genealogists and our descendants” © READS Lab
1
Some people want to know more about their ancestors. They want to know about their relatives who lived a long time ago. Often there are no living family members who know about those relatives. So sometimes they hire a genealogist.
2
A genealogist finds clues that help you to learn about your ancestors. You can learn about where your ancestors came from. You can learn about your ancestors' jobs. You can learn about what they looked like. Sometimes you can learn stories about them.
3
Some people want to prove that an ancestor was in an important event like a war. Some people want to know if they are a descendant of a famous person.
4
Other people just want to know their family lineage. Knowing about their ancestors can help them to understand themselves better.
5
Sometimes the genealogist finds clues using the computer. Sometimes she uses a library. She might talk to individuals in other countries. She might travel to other places to get clues.",What is this passage mainly about?,"Teacher Directions to Read Aloud: “Now you will read the passage silently by yourself and then answer the questions. There are 3 answer choices for each question but only one correct answer. Circle the answer that you think is correct. After question 7, stop and wait for your teacher to read the directions. You may begin.” “Genealogists and our descendants” © READS Lab
1
Some people want to know more about their ancestors. They want to know about their relatives who lived a long time ago. Often there are no living family members who know about those relatives. So sometimes they hire a genealogist.
2
A genealogist finds clues that help you to learn about your ancestors. You can learn about where your ancestors came from. You can learn about your ancestors' jobs. You can learn about what they looked like. Sometimes you can learn stories about them.
3
Some people want to prove that an ancestor was in an important event like a war. Some people want to know if they are a descendant of a famous person.
4
Other people just want to know their family lineage. Knowing about their ancestors can help them to understand themselves better.
5
Sometimes the genealogist finds clues using the computer. Sometimes she uses a library. She might talk to individuals in other countries. She might travel to other places to get clues.: What is this passage mainly about?
Why genealogists use the computer
Where ancestors come from
What genealogists do","Original Text: Teacher Directions to Read Aloud: “Now you will read the passage silently by yourself and then answer the questions. There are 3 answer choices for each question but only one correct answer. Circle the answer that you think is correct. After question 7, stop and wait for your teacher to read the directions. You may begin.” “Genealogists and our descendants” © READS Lab
1
Some people want to know more about their ancestors. They want to know about their relatives who lived a long time ago. Often there are no living family members who know about those relatives. So sometimes they hire a genealogist.
2
A genealogist finds clues that help you to learn about your ancestors. You can learn about where your ancestors came from. You can learn about your ancestors' jobs. You can learn about what they looked like. Sometimes you can learn stories about them.
3
Some people want to prove that an ancestor was in an important event like a war. Some people want to know if they are a descendant of a famous person.
4
Other people just want to know their family lineage. Knowing about their ancestors can help them to understand themselves better.
5
Sometimes the genealogist finds clues using the computer. Sometimes she uses a library. She might talk to individuals in other countries. She might travel to other places to get clues.: What is this passage mainly about?
Why genealogists use the computer
Where ancestors come from
What genealogists do
The core task of this item is to identify the main idea of a passage describing the role, methods, and motivations for hiring a genealogist.
This item evaluates the primary skill of identifying the main idea within an informational text.

**Measurement:** Reading Comprehension (Skill: Identifying Main Idea)

**Justification:** The question requires the reader to synthesize information across multiple paragraphs to determine the central topic—the role and methods of genealogists—rather than focusing on specific supporting details or secondary examples.
This analysis evaluates the cognitive demand and structural complexity of the provided reading comprehension item.

**Cognitive Demand**
The item requires **synthesis**. To identify the main idea, the reader must integrate information across all five paragraphs—covering the motivations for hiring a genealogist, the types of information discovered, and the methods used—rather than recalling a single isolated fact.

**Structural and Semantic Elements**
*   **Detail-Based Distractors:** The incorrect options (""Why genealogists use the computer"" and ""Where ancestors come from"") are specific details explicitly mentioned in the text. This increases cognitive load by requiring the student to differentiate between subordinate supporting information and the primary theme.
*   **Information Integration:** While the phrasing is linguistically simple, the correct answer requires aggregating multiple functional descriptions of a profession into a single categorical summary (""What genealogists do"").
To describe the level of the latent trait—specifically reading comprehension and central idea identification—required to answer this item:

The item requires a **low to foundational level** of reading comprehension. A respondent must possess the basic literacy skills necessary to synthesize five short, simple paragraphs into a single overarching theme. Because the correct answer (""What genealogists do"") directly summarizes the repetitive subject matter of the text, while the distractors are isolated details, the item demands only minimal cognitive processing and basic literal synthesis rather than complex inferential reasoning.","Original Text: Teacher Directions to Read Aloud: “Now you will read the passage silently by yourself and then answer the questions. There are 3 answer choices for each question but only one correct answer. Circle the answer that you think is correct. After question 7, stop and wait for your teacher to read the directions. You may begin.” “Genealogists and our descendants” © READS Lab
1
Some people want to know more about their ancestors. They want to know about their relatives who lived a long time ago. Often there are no living family members who know about those relatives. So sometimes they hire a genealogist.
2
A genealogist finds clues that help you to learn about your ancestors. You can learn about where your ancestors came from. You can learn about your ancestors' jobs. You can learn about what they looked like. Sometimes you can learn stories about them.
3
Some people want to prove that an ancestor was in an important event like a war. Some people want to know if they are a descendant of a famous person.
4
Other people just want to know their family lineage. Knowing about their ancestors can help them to understand themselves better.
5
Sometimes the genealogist finds clues using the computer. Sometimes she uses a library. She might talk to individuals in other countries. She might travel to other places to get clues.: What is this passage mainly about?
Why genealogists use the computer
Where ancestors come from
What genealogists do
To summarize the core task presented in the item: A student must silently read an informational passage about genealogists and answer a multiple-choice reading comprehension question to identify the main idea of the text.
To identify the primary skill or construct this item attempts to measure along with a brief rationale:

**Primary Skill:** Reading Comprehension (Identifying the Main Idea)

**Justification:** The item requires the student to read a multi-paragraph informational text and synthesize the provided details to determine the overarching theme or primary subject, as explicitly asked by the question, ""What is this passage mainly about?""
In analyzing the cognitive demand and structural elements that influence the difficulty of this reading comprehension item, this question requires synthesis. The reader must integrate information across all five paragraphs to determine the overarching main idea. The cognitive load is increased by the inclusion of tricky distractors (""Why genealogists use the computer"" and ""Where ancestors come from""). These distractors are explicitly stated supporting details localized within specific paragraphs, requiring the reader to successfully differentiate between narrow facts and the comprehensive theme (""What genealogists do"").
Assessing the degree of the underlying latent trait needed to correctly answer this item indicates that a low to moderate level of reading comprehension and cognitive ability is required to successfully identify the main idea of the passage.","Original Text: Teacher Directions to Read Aloud: “Now you will read the passage silently by yourself and then answer the questions. There are 3 answer choices for each question but only one correct answer. Circle the answer that you think is correct. After question 7, stop and wait for your teacher to read the directions. You may begin.” “Genealogists and our descendants” © READS Lab
1
Some people want to know more about their ancestors. They want to know about their relatives who lived a long time ago. Often there are no living family members who know about those relatives. So sometimes they hire a genealogist.
2
A genealogist finds clues that help you to learn about your ancestors. You can learn about where your ancestors came from. You can learn about your ancestors' jobs. You can learn about what they looked like. Sometimes you can learn stories about them.
3
Some people want to prove that an ancestor was in an important event like a war. Some people want to know if they are a descendant of a famous person.
4
Other people just want to know their family lineage. Knowing about their ancestors can help them to understand themselves better.
5
Sometimes the genealogist finds clues using the computer. Sometimes she uses a library. She might talk to individuals in other countries. She might travel to other places to get clues.: What is this passage mainly about?
Why genealogists use the computer
Where ancestors come from
What genealogists do
The core task requires a student to independently read an informational text about the work and purpose of genealogists and select the option that correctly identifies the main idea of the passage.
This assessment item is designed to measure the reading comprehension skill of identifying the main idea of an informational text. 

**Justification:** The question requires the reader to synthesize information across the entire passage—which outlines the role, methods, and purposes of genealogists—and distinguish the central topic (""What genealogists do"") from supporting details or secondary concepts.
**Cognitive Demand:** 
This item requires **synthesis**. Rather than relying on simple factual recall, the reader must integrate information across all five paragraphs to identify the overarching main idea rather than focusing on isolated details.

**Structural and Semantic Complexity Elements:**
* **Detail-Based Distractors:** The incorrect choices function as narrow supporting details (e.g., computer use from paragraph 5; origins of ancestors from paragraph 2), requiring test-takers to differentiate between localized facts and global themes.
* **Domain-Specific Vocabulary:** Words such as *ancestors*, *genealogist*, *descendant*, and *lineage* introduce semantic load that must be decoded and comprehended to understand the broader context.
* **Title-Text Misalignment:** The passage title includes the term ""descendants,"" while the text predominantly focuses on ""ancestors"" and the profession itself, introducing potential semantic interference.
* **Format:** The three-option multiple-choice structure keeps overall cognitive load relatively low, appropriate for an early-grade reading assessment.
To correctly identify the central idea of this passage, a respondent requires a **low to low-moderate level of reading comprehension ability**. The text consists of brief, accessible sentences with highly repetitive and direct phrasing, and the correct option directly reflects the overarching theme while the distractors represent easily distinguishable narrow details or off-target concepts.","Original Text: Teacher Directions to Read Aloud: “Now you will read the passage silently by yourself and then answer the questions. There are 3 answer choices for each question but only one correct answer. Circle the answer that you think is correct. After question 7, stop and wait for your teacher to read the directions. You may begin.” “Genealogists and our descendants” © READS Lab
1
Some people want to know more about their ancestors. They want to know about their relatives who lived a long time ago. Often there are no living family members who know about those relatives. So sometimes they hire a genealogist.
2
A genealogist finds clues that help you to learn about your ancestors. You can learn about where your ancestors came from. You can learn about your ancestors' jobs. You can learn about what they looked like. Sometimes you can learn stories about them.
3
Some people want to prove that an ancestor was in an important event like a war. Some people want to know if they are a descendant of a famous person.
4
Other people just want to know their family lineage. Knowing about their ancestors can help them to understand themselves better.
5
Sometimes the genealogist finds clues using the computer. Sometimes she uses a library. She might talk to individuals in other countries. She might travel to other places to get clues.: What is this passage mainly about?
Why genealogists use the computer
Where ancestors come from
What genealogists do
The task is to read a passage about genealogists and choose the main idea from the answer choices.
Primary domain: reading comprehension, specifically identifying the main idea of an informational passage. The item asks the reader to determine what the passage is mainly about, and the answer choices focus on summarizing the role and activities of genealogists rather than recalling a detail.
This is a low-demand reading comprehension item: it mainly requires recall of the passage’s central idea, not multi-step reasoning or synthesis. Endorsing the correct choice does not require a high threshold of knowledge or inference. The structure is straightforward, with a single main-idea question and two distractors that are narrower than the passage’s overall focus.
A low-to-moderate reading comprehension level is needed to identify the main idea, with enough understanding to recognize that the passage is broadly about what genealogists do rather than a specific detail.","Original Text: Teacher Directions to Read Aloud: “Now you will read the passage silently by yourself and then answer the questions. There are 3 answer choices for each question but only one correct answer. Circle the answer that you think is correct. After question 7, stop and wait for your teacher to read the directions. You may begin.” “Genealogists and our descendants” © READS Lab
1
Some people want to know more about their ancestors. They want to know about their relatives who lived a long time ago. Often there are no living family members who know about those relatives. So sometimes they hire a genealogist.
2
A genealogist finds clues that help you to learn about your ancestors. You can learn about where your ancestors came from. You can learn about your ancestors' jobs. You can learn about what they looked like. Sometimes you can learn stories about them.
3
Some people want to prove that an ancestor was in an important event like a war. Some people want to know if they are a descendant of a famous person.
4
Other people just want to know their family lineage. Knowing about their ancestors can help them to understand themselves better.
5
Sometimes the genealogist finds clues using the computer. Sometimes she uses a library. She might talk to individuals in other countries. She might travel to other places to get clues.: What is this passage mainly about?
Why genealogists use the computer
Where ancestors come from
What genealogists do
The item asks the reader to identify the main idea of a passage about genealogists by choosing what genealogists do.
This item is primarily measuring reading comprehension, specifically identifying the main idea of an informational passage. The question asks the reader to determine what the passage is mostly about, requiring integration of details across the text rather than recall of a single fact.
Core ask: assess the item’s cognitive demand and note wording/features that raise difficulty.

This is a low-demand cognitive item: mainly recall/basic main-idea identification, not multi-step reasoning or synthesis. The passage is straightforward and strongly supports the correct answer (“What genealogists do”) across multiple paragraphs.

Load-raising elements are minimal: the student must distinguish the broad main idea from narrower distractors (“Why genealogists use the computer,” “Where ancestors come from”), which requires recognizing scope. The passage is somewhat long for a simple question, but phrasing is simple, with no conditional logic, tricky wording, or emotional/severe language.
The item requires a relatively low to moderate level of the underlying trait—here, basic reading comprehension/main-idea identification. A respondent only needs to understand the passage at a general level and recognize that it broadly explains the work of genealogists, rather than focusing on one specific detail.","Original Text: Teacher Directions to Read Aloud: “Now you will read the passage silently by yourself and then answer the questions. There are 3 answer choices for each question but only one correct answer. Circle the answer that you think is correct. After question 7, stop and wait for your teacher to read the directions. You may begin.” “Genealogists and our descendants” © READS Lab
1
Some people want to know more about their ancestors. They want to know about their relatives who lived a long time ago. Often there are no living family members who know about those relatives. So sometimes they hire a genealogist.
2
A genealogist finds clues that help you to learn about your ancestors. You can learn about where your ancestors came from. You can learn about your ancestors' jobs. You can learn about what they looked like. Sometimes you can learn stories about them.
3
Some people want to prove that an ancestor was in an important event like a war. Some people want to know if they are a descendant of a famous person.
4
Other people just want to know their family lineage. Knowing about their ancestors can help them to understand themselves better.
5
Sometimes the genealogist finds clues using the computer. Sometimes she uses a library. She might talk to individuals in other countries. She might travel to other places to get clues.: What is this passage mainly about?
Why genealogists use the computer
Where ancestors come from
What genealogists do
The passage is mainly about what genealogists do.
**Primary construct:** Reading comprehension—identifying the main idea.

**Justification:** The item asks students to determine the passage’s central topic, which is what genealogists do, rather than recall a minor detail.
This is a low-to-moderate cognitive-demand item requiring comprehension and synthesis of the passage’s overall purpose, rather than simple recall. The correct answer, “What genealogists do,” integrates information across paragraphs; the distractors are narrower details explicitly mentioned in the text. Wording is straightforward, with no conditional logic or strong emotional language.
The item requires a **low-to-moderate level of reading comprehension**: the respondent must identify the passage’s overall topic rather than select a specific detail. Basic vocabulary and main-idea recognition are sufficient; high cognitive ability is not required.","Original Text: Teacher Directions to Read Aloud: “Now you will read the passage silently by yourself and then answer the questions. There are 3 answer choices for each question but only one correct answer. Circle the answer that you think is correct. After question 7, stop and wait for your teacher to read the directions. You may begin.” “Genealogists and our descendants” © READS Lab
1
Some people want to know more about their ancestors. They want to know about their relatives who lived a long time ago. Often there are no living family members who know about those relatives. So sometimes they hire a genealogist.
2
A genealogist finds clues that help you to learn about your ancestors. You can learn about where your ancestors came from. You can learn about your ancestors' jobs. You can learn about what they looked like. Sometimes you can learn stories about them.
3
Some people want to prove that an ancestor was in an important event like a war. Some people want to know if they are a descendant of a famous person.
4
Other people just want to know their family lineage. Knowing about their ancestors can help them to understand themselves better.
5
Sometimes the genealogist finds clues using the computer. Sometimes she uses a library. She might talk to individuals in other countries. She might travel to other places to get clues.: What is this passage mainly about?
Why genealogists use the computer
Where ancestors come from
What genealogists do
Identify the passage’s main idea about what genealogists do.
**Primary skill: Reading comprehension—identifying the main idea.** The item asks the reader to determine the passage’s central topic, correctly recognizing that it explains **what genealogists do**, rather than selecting a supporting detail.
This is a low-to-moderate cognitive-demand item requiring basic synthesis of repeated details to identify the passage’s main idea, not simple recall or multi-step reasoning. The short paragraphs and familiar phrasing reduce load, while the plausible distractors (“computer,” “where ancestors come from”) require distinguishing supporting details from the broader topic, “What genealogists do.”
This item requires a **low level of reading comprehension ability**, as the main idea—what genealogists do—is stated repeatedly, while the distractors focus on specific details.",2.191903226584708,-0.3087961205398052,-0.4925609615758534,-0.4799981881484886,0.6187845129507802,856.0,gilbert_meta_2,-0.811506284494618,0.44485447869673767,-0.49021475362910716,0.2687277139337698,0.7217545652258527,0.44048366750413415,0.4325798974132201,0.2640016272588616,1.0053015451816945,0.4298161840266001,0.6170718226811336,0.2638287560248477,0.340083454370611,0.3744578344039757,0.3429698629105891,0.3776359904630102,0.39290371116187645,0.40904171954128754,0.25784756171215895,0.26843831459463086,1.222757023874064,0.4392579603706413,0.7784256799565422,0.27963828446840877,0.1544741487543213,0.4241534975268785,0.0942602318668393,0.25881875605995813
4,"Teacher Directions to Read Aloud: “Now you will read the passage silently by yourself and then answer the questions. There are 3 answer choices for each question but only one correct answer. Circle the answer that you think is correct. After question 7, stop and wait for your teacher to read the directions. You may begin.” “Paleontologists and the ammonites” © READS Lab
1
There have been five mass extinctions in the earth’s history. What happened during the fifth mass extinction nearly 66 million years ago? What species was gone forever? Dinosaurs. What about fish in the oceans?
2
Paleontologists found a body fossil of a shellfish that became extinct long ago. The shellfish is called an ammonite. Ammonites were predators that lived in the ocean. They were related to other ocean predators like the octopus.
3
Ammonites survived for a long time. They had a strong shell that protected them from large fish. They were also good hunters.
4
But there are no more ammonites living today. What happened? Paleontologists have used fossil evidence to understand what happened in the past. Even 66 million years ago. One theory is that a huge rock from outer space killed many plants and animals. Another theory is that ammonites had trouble finding food before the huge rock hit the earth.
5
Body fossils help paleontologists understand what happened to living things in the past. Even when no one was around to see the animals.","In paragraph 1, what does mass extinction mean?","Teacher Directions to Read Aloud: “Now you will read the passage silently by yourself and then answer the questions. There are 3 answer choices for each question but only one correct answer. Circle the answer that you think is correct. After question 7, stop and wait for your teacher to read the directions. You may begin.” “Paleontologists and the ammonites” © READS Lab
1
There have been five mass extinctions in the earth’s history. What happened during the fifth mass extinction nearly 66 million years ago? What species was gone forever? Dinosaurs. What about fish in the oceans?
2
Paleontologists found a body fossil of a shellfish that became extinct long ago. The shellfish is called an ammonite. Ammonites were predators that lived in the ocean. They were related to other ocean predators like the octopus.
3
Ammonites survived for a long time. They had a strong shell that protected them from large fish. They were also good hunters.
4
But there are no more ammonites living today. What happened? Paleontologists have used fossil evidence to understand what happened in the past. Even 66 million years ago. One theory is that a huge rock from outer space killed many plants and animals. Another theory is that ammonites had trouble finding food before the huge rock hit the earth.
5
Body fossils help paleontologists understand what happened to living things in the past. Even when no one was around to see the animals.: In paragraph 1, what does mass extinction mean?
A long time ago
All over the world
Disappeared forever","Original Text: Teacher Directions to Read Aloud: “Now you will read the passage silently by yourself and then answer the questions. There are 3 answer choices for each question but only one correct answer. Circle the answer that you think is correct. After question 7, stop and wait for your teacher to read the directions. You may begin.” “Paleontologists and the ammonites” © READS Lab
1
There have been five mass extinctions in the earth’s history. What happened during the fifth mass extinction nearly 66 million years ago? What species was gone forever? Dinosaurs. What about fish in the oceans?
2
Paleontologists found a body fossil of a shellfish that became extinct long ago. The shellfish is called an ammonite. Ammonites were predators that lived in the ocean. They were related to other ocean predators like the octopus.
3
Ammonites survived for a long time. They had a strong shell that protected them from large fish. They were also good hunters.
4
But there are no more ammonites living today. What happened? Paleontologists have used fossil evidence to understand what happened in the past. Even 66 million years ago. One theory is that a huge rock from outer space killed many plants and animals. Another theory is that ammonites had trouble finding food before the huge rock hit the earth.
5
Body fossils help paleontologists understand what happened to living things in the past. Even when no one was around to see the animals.: In paragraph 1, what does mass extinction mean?
A long time ago
All over the world
Disappeared forever
The core task is to define the term ""mass extinction"" by applying context clues found within the provided reading passage about paleontologists and the history of ammonites.
This item measures the skill of **Reading Comprehension (Vocabulary in Context)**. It requires the reader to use textual evidence from the first paragraph—specifically the phrase ""gone forever""—to determine the meaning of the term ""mass extinction.""
This analysis evaluates the cognitive demand and structural complexity of the vocabulary item regarding the definition of ""mass extinction.""

**Cognitive Demand**
The item requires **synthesis** of local context clues. Rather than simple recall, the reader must integrate the term ""mass extinction"" with the subsequent explanatory detail: ""What species was gone forever? Dinosaurs.""

**Structural and Semantic Elements**
*   **Semantic Mapping:** The correct choice (""Disappeared forever"") utilizes a near-synonym of the text’s internal clue (""gone forever""), which facilitates endorsement through direct linguistic matching.
*   **Temporal Distractors:** Option A (""A long time ago"") functions as a plausible distractor by utilizing the specific numerical data (""66 million years ago"") located in the same paragraph, increasing cognitive load for readers who prioritize proximity over meaning.
*   **Contextual Dependency:** The item’s difficulty is moderated by the immediate proximity of the definition clue, though it requires the reader to recognize the rhetorical structure of a question followed by an answer.
The level of the underlying latent trait—specifically reading comprehension and contextual vocabulary acquisition—required to correctly define ""mass extinction"" is **low to moderate**. A respondent must possess the foundational ability to utilize immediate context clues, as the text directly follows the term with the clarifying phrase ""gone forever,"" allowing for a straightforward mapping of the definition to the correct option without requiring complex inference or specialized scientific knowledge.","Original Text: Teacher Directions to Read Aloud: “Now you will read the passage silently by yourself and then answer the questions. There are 3 answer choices for each question but only one correct answer. Circle the answer that you think is correct. After question 7, stop and wait for your teacher to read the directions. You may begin.” “Paleontologists and the ammonites” © READS Lab
1
There have been five mass extinctions in the earth’s history. What happened during the fifth mass extinction nearly 66 million years ago? What species was gone forever? Dinosaurs. What about fish in the oceans?
2
Paleontologists found a body fossil of a shellfish that became extinct long ago. The shellfish is called an ammonite. Ammonites were predators that lived in the ocean. They were related to other ocean predators like the octopus.
3
Ammonites survived for a long time. They had a strong shell that protected them from large fish. They were also good hunters.
4
But there are no more ammonites living today. What happened? Paleontologists have used fossil evidence to understand what happened in the past. Even 66 million years ago. One theory is that a huge rock from outer space killed many plants and animals. Another theory is that ammonites had trouble finding food before the huge rock hit the earth.
5
Body fossils help paleontologists understand what happened to living things in the past. Even when no one was around to see the animals.: In paragraph 1, what does mass extinction mean?
A long time ago
All over the world
Disappeared forever
The core objective of this prompt is to provide a summary of the main task or scenario depicted in the provided text. 

The item outlines a reading comprehension task in which a student reads a passage about ammonites and answers a multiple-choice question to determine the meaning of the phrase ""mass extinction"" using context clues from the first paragraph.
The objective is to determine the primary domain, skill, or construct assessed by the provided test item and provide a brief rationale. 

**Primary Skill:** Reading comprehension (vocabulary in context). 

**Justification:** The item requires the student to read a passage and use surrounding textual clues—specifically the phrase ""gone forever"" in the first paragraph—to deduce the correct meaning of the target phrase ""mass extinction.""
In analyzing the cognitive demand and structural elements that increase the difficulty of this reading comprehension item: 

This cognitive item requires synthesis and contextual deduction. The reader must infer the meaning of ""mass extinction"" by connecting it to the phrase ""gone forever"" located two sentences later. The cognitive load is increased by the tricky distractor ""A long time ago,"" which relies on proximity to the text's mention of ""66 million years ago,"" forcing the reader to carefully distinguish between the definition of the event and its chronological timeframe.
To successfully answer this item, the overall level of the underlying latent trait of reading comprehension required is low. The passage explicitly links the target concept to the correct answer by immediately following it with the phrase ""gone forever,"" demanding only basic literal comprehension and minimal inferential reasoning from the respondent.","Original Text: Teacher Directions to Read Aloud: “Now you will read the passage silently by yourself and then answer the questions. There are 3 answer choices for each question but only one correct answer. Circle the answer that you think is correct. After question 7, stop and wait for your teacher to read the directions. You may begin.” “Paleontologists and the ammonites” © READS Lab
1
There have been five mass extinctions in the earth’s history. What happened during the fifth mass extinction nearly 66 million years ago? What species was gone forever? Dinosaurs. What about fish in the oceans?
2
Paleontologists found a body fossil of a shellfish that became extinct long ago. The shellfish is called an ammonite. Ammonites were predators that lived in the ocean. They were related to other ocean predators like the octopus.
3
Ammonites survived for a long time. They had a strong shell that protected them from large fish. They were also good hunters.
4
But there are no more ammonites living today. What happened? Paleontologists have used fossil evidence to understand what happened in the past. Even 66 million years ago. One theory is that a huge rock from outer space killed many plants and animals. Another theory is that ammonites had trouble finding food before the huge rock hit the earth.
5
Body fossils help paleontologists understand what happened to living things in the past. Even when no one was around to see the animals.: In paragraph 1, what does mass extinction mean?
A long time ago
All over the world
Disappeared forever
The core task of this item is an independent reading comprehension assessment requiring the student to use context clues from the first paragraph of an informational text about prehistoric ammonites to determine the correct definition of the phrase ""mass extinction"" from three multiple-choice options.
**Core Measurement Focus:** Reading Comprehension (specifically, Vocabulary in Context / Context Clue Utilization)

**Justification:** This assessment item evaluates a student's ability to determine the meaning of an unfamiliar or domain-specific phrase (""mass extinction"") by identifying and utilizing semantic context clues (such as the subsequent clarification ""gone forever"") embedded within an informational text.
**Cognitive Demand Analysis:**

* **Demand Level:** **Multi-step reasoning (contextual inference).** The item cannot be solved via direct definition recall alone; it requires the reader to locate the target term in paragraph 1, analyze the surrounding rhetorical questions, and synthesize the clarifying phrase (*""What species was gone forever?""*) to deduce the meaning of ""mass extinction.""
* **Structural and Semantic Load Factors:**
  * **Interrogative Context Clues:** Paragraph 1 presents information as a sequence of rhetorical questions rather than direct declarative statements, requiring readers to infer definitions across sentence boundaries.
  * **Plausible Text-Based Distractors:** 
    * *""A long time ago""* leverages the salient temporal marker in the text (*""nearly 66 million years ago""*).
    * *""All over the world""* exploits the semantic association with *""earth's history""* and the quantifier *""mass,""* tempting students who focus on scale rather than biological mortality.
To successfully answer this vocabulary-in-context item, a respondent requires a **low-to-moderate level of reading comprehension ability**. The item demands foundational decoding and basic context-clue integration, as the text explicitly pairs ""mass extinction"" with the direct syntactic clue ""gone forever"" in the immediate sentence, making the target meaning readily identifiable without advanced analytical reasoning.","Original Text: Teacher Directions to Read Aloud: “Now you will read the passage silently by yourself and then answer the questions. There are 3 answer choices for each question but only one correct answer. Circle the answer that you think is correct. After question 7, stop and wait for your teacher to read the directions. You may begin.” “Paleontologists and the ammonites” © READS Lab
1
There have been five mass extinctions in the earth’s history. What happened during the fifth mass extinction nearly 66 million years ago? What species was gone forever? Dinosaurs. What about fish in the oceans?
2
Paleontologists found a body fossil of a shellfish that became extinct long ago. The shellfish is called an ammonite. Ammonites were predators that lived in the ocean. They were related to other ocean predators like the octopus.
3
Ammonites survived for a long time. They had a strong shell that protected them from large fish. They were also good hunters.
4
But there are no more ammonites living today. What happened? Paleontologists have used fossil evidence to understand what happened in the past. Even 66 million years ago. One theory is that a huge rock from outer space killed many plants and animals. Another theory is that ammonites had trouble finding food before the huge rock hit the earth.
5
Body fossils help paleontologists understand what happened to living things in the past. Even when no one was around to see the animals.: In paragraph 1, what does mass extinction mean?
A long time ago
All over the world
Disappeared forever
The item asks the reader to silently read a passage about ammonites and mass extinctions, then answer multiple-choice questions, including identifying what “mass extinction” means in paragraph 1.
Primary domain: Reading comprehension / science literacy. It measures the ability to infer the meaning of a key term from context in an informational passage about paleontology and extinction, specifically understanding that “mass extinction” means many species disappeared forever.
This is a low-to-moderate demand reading item: it mainly requires recall and basic comprehension, not multi-step reasoning or synthesis. The correct choice hinges on understanding a vocabulary phrase (“mass extinction”) from context, with a simple semantic inference. The structure is straightforward, with only mild load from the passage’s scientific terms and the need to distinguish a broad concept from distractor options.
A low level of reading comprehension is needed to identify that the term refers to many species disappearing forever.","Original Text: Teacher Directions to Read Aloud: “Now you will read the passage silently by yourself and then answer the questions. There are 3 answer choices for each question but only one correct answer. Circle the answer that you think is correct. After question 7, stop and wait for your teacher to read the directions. You may begin.” “Paleontologists and the ammonites” © READS Lab
1
There have been five mass extinctions in the earth’s history. What happened during the fifth mass extinction nearly 66 million years ago? What species was gone forever? Dinosaurs. What about fish in the oceans?
2
Paleontologists found a body fossil of a shellfish that became extinct long ago. The shellfish is called an ammonite. Ammonites were predators that lived in the ocean. They were related to other ocean predators like the octopus.
3
Ammonites survived for a long time. They had a strong shell that protected them from large fish. They were also good hunters.
4
But there are no more ammonites living today. What happened? Paleontologists have used fossil evidence to understand what happened in the past. Even 66 million years ago. One theory is that a huge rock from outer space killed many plants and animals. Another theory is that ammonites had trouble finding food before the huge rock hit the earth.
5
Body fossils help paleontologists understand what happened to living things in the past. Even when no one was around to see the animals.: In paragraph 1, what does mass extinction mean?
A long time ago
All over the world
Disappeared forever
The item asks the reader to determine the meaning of “mass extinction” in paragraph 1, using the passage context to identify that it means disappeared forever.
This item is primarily measuring reading comprehension, specifically vocabulary-in-context. It asks the reader to infer the meaning of “mass extinction” from the passage and select the definition that matches how the term is used.
Core ask: assess the item’s cognitive demand and what in its wording raises difficulty.

Low-to-moderate cognitive demand: this is mainly vocabulary-in-context/recall from the passage, not multi-step reasoning or synthesis. The reader must map “mass extinction” to the idea that species were “gone forever,” using nearby context about dinosaurs.

Load-raising elements:
- The target term is abstract academic vocabulary: “mass extinction.”
- The passage includes extra details and distractor-like context (“nearly 66 million years ago,” “all over the world,” fish, ammonites), which can pull attention away from the definition.
- The question asks about paragraph 1 specifically, requiring local reference.
- Answer choices include plausible but partial associates:
  - “A long time ago” matches time context.
  - “All over the world” matches “mass” superficially.
  - “Disappeared forever” is the correct semantic meaning.
This item appears to require a relatively low to moderate level of the underlying trait—here, basic reading comprehension. A respondent only needs to understand the passage context and infer that “mass extinction” means species “disappeared forever,” which is strongly cued by the surrounding sentences.","Original Text: Teacher Directions to Read Aloud: “Now you will read the passage silently by yourself and then answer the questions. There are 3 answer choices for each question but only one correct answer. Circle the answer that you think is correct. After question 7, stop and wait for your teacher to read the directions. You may begin.” “Paleontologists and the ammonites” © READS Lab
1
There have been five mass extinctions in the earth’s history. What happened during the fifth mass extinction nearly 66 million years ago? What species was gone forever? Dinosaurs. What about fish in the oceans?
2
Paleontologists found a body fossil of a shellfish that became extinct long ago. The shellfish is called an ammonite. Ammonites were predators that lived in the ocean. They were related to other ocean predators like the octopus.
3
Ammonites survived for a long time. They had a strong shell that protected them from large fish. They were also good hunters.
4
But there are no more ammonites living today. What happened? Paleontologists have used fossil evidence to understand what happened in the past. Even 66 million years ago. One theory is that a huge rock from outer space killed many plants and animals. Another theory is that ammonites had trouble finding food before the huge rock hit the earth.
5
Body fossils help paleontologists understand what happened to living things in the past. Even when no one was around to see the animals.: In paragraph 1, what does mass extinction mean?
A long time ago
All over the world
Disappeared forever
The item asks students to determine the meaning of “mass extinction” in paragraph 1; the correct choice is **“Disappeared forever.”**
**Primary skill:** Vocabulary comprehension in context.  
**Justification:** The item measures whether the reader can infer the meaning of “mass extinction” from the passage—species disappearing permanently, as indicated by the dinosaurs’ extinction.
This is a low-demand comprehension item requiring contextual recall/basic inference, not multi-step reasoning or synthesis. The definition is stated or strongly implied in the passage (“gone forever”), making **“Disappeared forever”** the clear answer. Distractors are short, semantically related phrases (“long time ago,” “all over the world”) that test distinguishing extinction from time and location; no complex phrasing, conditional logic, or emotional threshold is involved.
This item requires a **low level of the underlying trait**: basic reading comprehension and recognition that “mass extinction” refers to species disappearing forever.","Original Text: Teacher Directions to Read Aloud: “Now you will read the passage silently by yourself and then answer the questions. There are 3 answer choices for each question but only one correct answer. Circle the answer that you think is correct. After question 7, stop and wait for your teacher to read the directions. You may begin.” “Paleontologists and the ammonites” © READS Lab
1
There have been five mass extinctions in the earth’s history. What happened during the fifth mass extinction nearly 66 million years ago? What species was gone forever? Dinosaurs. What about fish in the oceans?
2
Paleontologists found a body fossil of a shellfish that became extinct long ago. The shellfish is called an ammonite. Ammonites were predators that lived in the ocean. They were related to other ocean predators like the octopus.
3
Ammonites survived for a long time. They had a strong shell that protected them from large fish. They were also good hunters.
4
But there are no more ammonites living today. What happened? Paleontologists have used fossil evidence to understand what happened in the past. Even 66 million years ago. One theory is that a huge rock from outer space killed many plants and animals. Another theory is that ammonites had trouble finding food before the huge rock hit the earth.
5
Body fossils help paleontologists understand what happened to living things in the past. Even when no one was around to see the animals.: In paragraph 1, what does mass extinction mean?
A long time ago
All over the world
Disappeared forever
Determine the meaning of “mass extinction” in paragraph 1.
**Primary skill: Reading comprehension—determining word meaning in context.** The item assesses whether the student can infer that “mass extinction” means species **disappeared forever** using information in the passage.
Moderate demand: requires vocabulary inference from context, linking “mass extinctions” with “species gone forever,” rather than simple recall. The distractors are plausible phrases from the passage but semantically distinct; no multi-step reasoning, conditional logic, or emotional endorsement is required.
This item requires a **low level of the underlying reading-comprehension trait** because the correct meaning, **“disappeared forever,”** is stated directly in the passage and requires only basic contextual vocabulary understanding.",1.0596770739888624,0.5053379337893392,0.5618101825081311,0.6815495430485664,1.9769387116963997,1349.0,gilbert_meta_2,-0.00906743876102245,0.4044778324450252,-0.0054774588234394565,0.24433698761058495,-1.4650241668498396,0.4559489271626811,-0.8780547215596493,0.27327065132727135,1.0907695050335158,0.4142692824564203,0.6695335641550008,0.25428579358244824,0.7583107693337752,0.37049250187548366,0.7647468209923693,0.3736370027550997,0.7575413733927208,0.40307378289328716,0.4971452049861579,0.26452178779830965,-0.43225162422860564,0.4022557655192454,-0.2751779445407848,0.25608212562024757,-0.4702870682831749,0.4068929447531239,-0.28696949268094285,0.24828635488005904
10,"Teacher Directions to Read Aloud: “Now you will read the passage silently by yourself and then answer the questions. There are 3 answer choices for each question but only one correct answer. Circle the answer that you think is correct. After question 7, stop and wait for your teacher to read the directions. You may begin.” Archaeologists and the city of Pompei” © READS Lab
1
Nearly 2,000 years ago, a volcano eruption destroyed an old city. It was called Pompei. The eruption of a mountain was brutal. It lasted for more than 24 hours. By the end, Pompei was covered in ashes. Many people died. The city was totally destroyed. It was like a mass extinction.
2
But archaeologists discovered Pompei again in 1748. They found fossilized humans—not dinosaur fossils but human fossils. A team of archaeologists found fossilized buildings and human and animal skeletons.
3
Pompei is like a city frozen in time. But scientists are not studying the fossilized bones of dinosaurs. Instead, they are studying the buildings and other artifacts from Pompei. They also want to know what people were like.
4
One theory about Pompei is that there were rich and poor people. Archaeologists have found fossilized big homes and small homes.
5
Yes, Pompei was fossilized. So archaeologists have clues about life in Pompei. Even the kinds of people who lived there.","In paragraph 4, theory can also be called:","Teacher Directions to Read Aloud: “Now you will read the passage silently by yourself and then answer the questions. There are 3 answer choices for each question but only one correct answer. Circle the answer that you think is correct. After question 7, stop and wait for your teacher to read the directions. You may begin.” Archaeologists and the city of Pompei” © READS Lab
1
Nearly 2,000 years ago, a volcano eruption destroyed an old city. It was called Pompei. The eruption of a mountain was brutal. It lasted for more than 24 hours. By the end, Pompei was covered in ashes. Many people died. The city was totally destroyed. It was like a mass extinction.
2
But archaeologists discovered Pompei again in 1748. They found fossilized humans—not dinosaur fossils but human fossils. A team of archaeologists found fossilized buildings and human and animal skeletons.
3
Pompei is like a city frozen in time. But scientists are not studying the fossilized bones of dinosaurs. Instead, they are studying the buildings and other artifacts from Pompei. They also want to know what people were like.
4
One theory about Pompei is that there were rich and poor people. Archaeologists have found fossilized big homes and small homes.
5
Yes, Pompei was fossilized. So archaeologists have clues about life in Pompei. Even the kinds of people who lived there.: In paragraph 4, theory can also be called:
An answer
An idea
A solution","Original Text: Teacher Directions to Read Aloud: “Now you will read the passage silently by yourself and then answer the questions. There are 3 answer choices for each question but only one correct answer. Circle the answer that you think is correct. After question 7, stop and wait for your teacher to read the directions. You may begin.” Archaeologists and the city of Pompei” © READS Lab
1
Nearly 2,000 years ago, a volcano eruption destroyed an old city. It was called Pompei. The eruption of a mountain was brutal. It lasted for more than 24 hours. By the end, Pompei was covered in ashes. Many people died. The city was totally destroyed. It was like a mass extinction.
2
But archaeologists discovered Pompei again in 1748. They found fossilized humans—not dinosaur fossils but human fossils. A team of archaeologists found fossilized buildings and human and animal skeletons.
3
Pompei is like a city frozen in time. But scientists are not studying the fossilized bones of dinosaurs. Instead, they are studying the buildings and other artifacts from Pompei. They also want to know what people were like.
4
One theory about Pompei is that there were rich and poor people. Archaeologists have found fossilized big homes and small homes.
5
Yes, Pompei was fossilized. So archaeologists have clues about life in Pompei. Even the kinds of people who lived there.: In paragraph 4, theory can also be called:
An answer
An idea
A solution
This item requires identifying a synonym for the word ""theory"" based on its contextual usage within a reading passage about the archaeological discovery of Pompeii.
This item measures the skill of **vocabulary acquisition and use**, specifically the ability to determine the meaning of a word through context. The question requires the reader to identify a synonym for ""theory"" based on its application within the provided text to demonstrate an understanding of how word meaning is shaped by surrounding information.
This analysis evaluates the cognitive demand and structural complexity of the vocabulary item defining ""theory"" within the provided text.

**Cognitive Demand:** This item requires **multi-step reasoning**. The reader must locate the word in paragraph 4, evaluate its function as a tentative explanation for archaeological findings, and map that specific context to the most appropriate synonym.

**Structural and Semantic Elements:**
*   **Semantic Nuance:** The item tests the ability to distinguish between degrees of certainty. ""Theory"" is framed by ""clues,"" necessitating a synonym that reflects speculation rather than finality.
*   **Plausible Distractors:** ""An answer"" and ""A solution"" function as tricky distractors because they are semantically related to the process of inquiry but imply a level of definitive proof that contradicts the speculative nature of the text.
*   **Contextual Logic:** The cognitive load is centered on the reader's ability to recognize that archaeological interpretations are ""ideas"" based on evidence, rather than resolved ""solutions.""
To describe the level of the latent trait required to identify the synonym for ""theory"" in the text, a respondent needs a low to moderate level of reading comprehension and basic academic vocabulary. This item requires the ability to utilize context clues within a simple narrative to distinguish a tentative proposition (""an idea"") from a definitive conclusion (""an answer"" or ""a solution"").","Original Text: Teacher Directions to Read Aloud: “Now you will read the passage silently by yourself and then answer the questions. There are 3 answer choices for each question but only one correct answer. Circle the answer that you think is correct. After question 7, stop and wait for your teacher to read the directions. You may begin.” Archaeologists and the city of Pompei” © READS Lab
1
Nearly 2,000 years ago, a volcano eruption destroyed an old city. It was called Pompei. The eruption of a mountain was brutal. It lasted for more than 24 hours. By the end, Pompei was covered in ashes. Many people died. The city was totally destroyed. It was like a mass extinction.
2
But archaeologists discovered Pompei again in 1748. They found fossilized humans—not dinosaur fossils but human fossils. A team of archaeologists found fossilized buildings and human and animal skeletons.
3
Pompei is like a city frozen in time. But scientists are not studying the fossilized bones of dinosaurs. Instead, they are studying the buildings and other artifacts from Pompei. They also want to know what people were like.
4
One theory about Pompei is that there were rich and poor people. Archaeologists have found fossilized big homes and small homes.
5
Yes, Pompei was fossilized. So archaeologists have clues about life in Pompei. Even the kinds of people who lived there.: In paragraph 4, theory can also be called:
An answer
An idea
A solution
The core task and scenario presented in this item is a reading comprehension assessment where a student reads a passage about Pompeii and selects the correct contextual synonym for the word ""theory"" from three multiple-choice options.
To identify the primary skill this item attempts to measure and provide a concise justification:

**Primary Skill:** Vocabulary in context (Reading Comprehension)

**Justification:** The question requires the reader to use surrounding textual clues from the passage to determine the meaning of the target word ""theory"" and select its closest synonym from the provided multiple-choice options.
To analyze the cognitive demand and structural elements that influence the difficulty of this vocabulary-in-context item: 

This cognitive task requires synthesis and multi-step reasoning rather than simple recall. The reader must locate the target word in paragraph 4, analyze its specific usage regarding an archaeological premise, and evaluate the provided synonyms. The cognitive load is increased by tricky distractors (""An answer"" and ""A solution"") that are semantically adjacent to scientific inquiry. Differentiating the correct choice (""An idea"") requires recognizing the nuanced semantic distinction between a proposed historical concept and a definitive conclusion.
To successfully answer this item, the overall level of the underlying latent trait—specifically, reading comprehension and vocabulary skill—required is low to moderate. The respondent needs only basic vocabulary knowledge and simple contextual deduction skills to identify ""an idea"" as the correct synonym for ""theory"" within the provided text.","Original Text: Teacher Directions to Read Aloud: “Now you will read the passage silently by yourself and then answer the questions. There are 3 answer choices for each question but only one correct answer. Circle the answer that you think is correct. After question 7, stop and wait for your teacher to read the directions. You may begin.” Archaeologists and the city of Pompei” © READS Lab
1
Nearly 2,000 years ago, a volcano eruption destroyed an old city. It was called Pompei. The eruption of a mountain was brutal. It lasted for more than 24 hours. By the end, Pompei was covered in ashes. Many people died. The city was totally destroyed. It was like a mass extinction.
2
But archaeologists discovered Pompei again in 1748. They found fossilized humans—not dinosaur fossils but human fossils. A team of archaeologists found fossilized buildings and human and animal skeletons.
3
Pompei is like a city frozen in time. But scientists are not studying the fossilized bones of dinosaurs. Instead, they are studying the buildings and other artifacts from Pompei. They also want to know what people were like.
4
One theory about Pompei is that there were rich and poor people. Archaeologists have found fossilized big homes and small homes.
5
Yes, Pompei was fossilized. So archaeologists have clues about life in Pompei. Even the kinds of people who lived there.: In paragraph 4, theory can also be called:
An answer
An idea
A solution
The core task assesses a student's reading comprehension and vocabulary in context by requiring them to read an informational passage about the archaeology of Pompeii and select the correct synonym for the word ""theory"" as used in paragraph 4 from three multiple-choice options.
**Construct Measured:** Reading Comprehension: Vocabulary in Context (Contextual Word Meaning)

**Justification:** This assessment task evaluates a student's ability to determine the precise meaning of an academic word (""theory"") as it is used within an informational text by identifying its closest synonym (""an idea"") using surrounding contextual clues.
**Demand Level:** 
This cognitive item requires **low-to-moderate single-step reasoning** and contextual vocabulary knowledge, as the reader must identify a synonym for ""theory"" based on its usage in the text rather than performing broad synthesis or multi-step problem-solving.

**Structural and Semantic Elements Affecting Demand:**
* **Plausible Near-Synonym Distractors:** The incorrect choices (""An answer,"" ""A solution"") are semantically adjacent terms commonly associated with scientific problem-solving. This requires the reader to distinguish between a tentative proposition (""An idea"") and a definitive conclusion.
* **Low Syntactic Complexity:** The surrounding text uses short, direct sentences with minimal subordinate clauses, keeping working-memory load low.
* **Immediate Contextual Clues:** The claim is immediately paired with supporting physical evidence (big vs. small homes), providing a clear context clue that the theory represents an interpretive concept rather than a solved problem.
* **Reduced Choice Field:** The three-option multiple-choice format reduces the elimination burden compared to standard four-option designs.
To determine the underlying latent trait required to correctly answer this vocabulary item, a respondent needs a **low-to-moderate level of basic reading comprehension and foundational vocabulary ability**. Successfully identifying that ""theory"" means ""an idea"" within the simple context of the passage requires only elementary-level verbal reasoning and straightforward synonym recognition.","Original Text: Teacher Directions to Read Aloud: “Now you will read the passage silently by yourself and then answer the questions. There are 3 answer choices for each question but only one correct answer. Circle the answer that you think is correct. After question 7, stop and wait for your teacher to read the directions. You may begin.” Archaeologists and the city of Pompei” © READS Lab
1
Nearly 2,000 years ago, a volcano eruption destroyed an old city. It was called Pompei. The eruption of a mountain was brutal. It lasted for more than 24 hours. By the end, Pompei was covered in ashes. Many people died. The city was totally destroyed. It was like a mass extinction.
2
But archaeologists discovered Pompei again in 1748. They found fossilized humans—not dinosaur fossils but human fossils. A team of archaeologists found fossilized buildings and human and animal skeletons.
3
Pompei is like a city frozen in time. But scientists are not studying the fossilized bones of dinosaurs. Instead, they are studying the buildings and other artifacts from Pompei. They also want to know what people were like.
4
One theory about Pompei is that there were rich and poor people. Archaeologists have found fossilized big homes and small homes.
5
Yes, Pompei was fossilized. So archaeologists have clues about life in Pompei. Even the kinds of people who lived there.: In paragraph 4, theory can also be called:
An answer
An idea
A solution
The task is to read a passage about Pompeii and answer a multiple-choice vocabulary question asking what “theory” means in paragraph 4.
Primary domain: reading comprehension / vocabulary in context. It measures understanding of a word’s meaning from the passage, since the item asks for the synonym of “theory” as used in context.
This is a low-demand vocabulary item requiring simple recall/recognition of a synonym. Endorsing the correct choice does not require deep reasoning or strong evidence. The main load comes from the multiple-choice format and the need to map “theory” to its closest meaning; there are no tricky distractors, conditional logic, or emotionally loaded terms.
A low level of reading comprehension is needed to identify that “theory” here means an idea.","Original Text: Teacher Directions to Read Aloud: “Now you will read the passage silently by yourself and then answer the questions. There are 3 answer choices for each question but only one correct answer. Circle the answer that you think is correct. After question 7, stop and wait for your teacher to read the directions. You may begin.” Archaeologists and the city of Pompei” © READS Lab
1
Nearly 2,000 years ago, a volcano eruption destroyed an old city. It was called Pompei. The eruption of a mountain was brutal. It lasted for more than 24 hours. By the end, Pompei was covered in ashes. Many people died. The city was totally destroyed. It was like a mass extinction.
2
But archaeologists discovered Pompei again in 1748. They found fossilized humans—not dinosaur fossils but human fossils. A team of archaeologists found fossilized buildings and human and animal skeletons.
3
Pompei is like a city frozen in time. But scientists are not studying the fossilized bones of dinosaurs. Instead, they are studying the buildings and other artifacts from Pompei. They also want to know what people were like.
4
One theory about Pompei is that there were rich and poor people. Archaeologists have found fossilized big homes and small homes.
5
Yes, Pompei was fossilized. So archaeologists have clues about life in Pompei. Even the kinds of people who lived there.: In paragraph 4, theory can also be called:
An answer
An idea
A solution
The item asks the reader to use the context of paragraph 4 in the Pompei passage to identify the meaning of the word “theory,” choosing the synonym “an idea.”
This item is primarily measuring reading comprehension/vocabulary-in-context. It asks the student to infer the meaning of the word “theory” from paragraph 4, so the target skill is understanding word meaning within a passage rather than background knowledge about archaeology.
Core ask: assess the cognitive demand of this reading-comprehension item and note features that raise difficulty.

Low-to-moderate cognitive demand: it mainly requires vocabulary-in-context recall/inference, not multi-step reasoning or synthesis. The student must map “theory” in paragraph 4 to a near-synonym.

Load-increasing elements: long passage before a single item, need to locate paragraph 4, and mild distractor plausibility (“answer,” “solution”) versus the correct abstract synonym (“idea”). Semantically, “theory can also be called” is straightforward, with no conditional logic or strong emotional wording.
This item appears to require a low to somewhat below-average level of the underlying trait, since successfully answering it mainly depends on basic vocabulary-in-context skill and recognizing that “theory” here means “an idea,” not a confirmed answer or a solution.","Original Text: Teacher Directions to Read Aloud: “Now you will read the passage silently by yourself and then answer the questions. There are 3 answer choices for each question but only one correct answer. Circle the answer that you think is correct. After question 7, stop and wait for your teacher to read the directions. You may begin.” Archaeologists and the city of Pompei” © READS Lab
1
Nearly 2,000 years ago, a volcano eruption destroyed an old city. It was called Pompei. The eruption of a mountain was brutal. It lasted for more than 24 hours. By the end, Pompei was covered in ashes. Many people died. The city was totally destroyed. It was like a mass extinction.
2
But archaeologists discovered Pompei again in 1748. They found fossilized humans—not dinosaur fossils but human fossils. A team of archaeologists found fossilized buildings and human and animal skeletons.
3
Pompei is like a city frozen in time. But scientists are not studying the fossilized bones of dinosaurs. Instead, they are studying the buildings and other artifacts from Pompei. They also want to know what people were like.
4
One theory about Pompei is that there were rich and poor people. Archaeologists have found fossilized big homes and small homes.
5
Yes, Pompei was fossilized. So archaeologists have clues about life in Pompei. Even the kinds of people who lived there.: In paragraph 4, theory can also be called:
An answer
An idea
A solution
Choose the word that means the same as “theory” in paragraph 4: answer, idea, or solution.
**Primary domain:** Reading vocabulary and contextual word meaning.  
**Justification:** The item assesses whether the student can infer that “theory” means “idea” from the passage’s context.
This is a low-demand vocabulary-in-context item requiring basic comprehension and recall of a synonym, not multi-step reasoning or synthesis. “Theory” is best matched with “idea”; “solution” is a plausible but incorrect distractor, while “An answer” is less precise. The short question and three choices reduce load, though the passage contains distracting information and minor grammatical/formatting issues.
This item requires a **low level of the underlying trait**—basic reading comprehension and vocabulary sufficient to recognize that *theory* means *idea*.","Original Text: Teacher Directions to Read Aloud: “Now you will read the passage silently by yourself and then answer the questions. There are 3 answer choices for each question but only one correct answer. Circle the answer that you think is correct. After question 7, stop and wait for your teacher to read the directions. You may begin.” Archaeologists and the city of Pompei” © READS Lab
1
Nearly 2,000 years ago, a volcano eruption destroyed an old city. It was called Pompei. The eruption of a mountain was brutal. It lasted for more than 24 hours. By the end, Pompei was covered in ashes. Many people died. The city was totally destroyed. It was like a mass extinction.
2
But archaeologists discovered Pompei again in 1748. They found fossilized humans—not dinosaur fossils but human fossils. A team of archaeologists found fossilized buildings and human and animal skeletons.
3
Pompei is like a city frozen in time. But scientists are not studying the fossilized bones of dinosaurs. Instead, they are studying the buildings and other artifacts from Pompei. They also want to know what people were like.
4
One theory about Pompei is that there were rich and poor people. Archaeologists have found fossilized big homes and small homes.
5
Yes, Pompei was fossilized. So archaeologists have clues about life in Pompei. Even the kinds of people who lived there.: In paragraph 4, theory can also be called:
An answer
An idea
A solution
Identify a synonym for “theory” as used in paragraph 4.
**Primary skill: Vocabulary in context.** The item measures whether the reader can infer that **“theory” means “an idea”** from its use in paragraph 4.
**Low-demand vocabulary-in-context item.** It requires simple synonym recognition/basic contextual inference: *theory* means **“an idea.”** No multi-step reasoning or synthesis is needed. Cognitive load is slightly increased by the long preceding passage, the indirect phrase “can also be called,” and semantically related distractors (“answer,” “solution”).
This item requires a **low to moderate level of reading comprehension and vocabulary knowledge**, as respondents must recognize that “theory” is closest in meaning to **“an idea.”**",1.1686444022389053,-0.0279450603562741,-0.0100778506652548,0.0504822319186657,1.0517781751088158,1082.0,gilbert_meta_2,0.769826076126269,0.4270492687528377,0.46503657144260113,0.25797194189264605,0.1773111323022073,0.4290230675572504,0.1062705178698929,0.2571327754522013,0.4054187483928444,0.4224127110324103,0.2488531796443834,0.2592843736983791,-1.1168790167244815,0.42451094922504645,-1.1263583638981396,0.4281139237697066,-0.9558550650851423,0.4622845208845747,-0.627290837120338,0.30337951294700605,-0.41111782559172205,0.43203578492597594,-0.2617238475674886,0.2750405379648008,-0.04386539142925272,0.4165092779523225,-0.02676669203484017,0.25415424801541375
11,"Teacher Directions to Read Aloud: “Now you will read the passage silently by yourself and then answer the questions. There are 3 answer choices for each question but only one correct answer. Circle the answer that you think is correct. After question 7, stop and wait for your teacher to read the directions. You may begin.” Archaeologists and the city of Pompei” © READS Lab
1
Nearly 2,000 years ago, a volcano eruption destroyed an old city. It was called Pompei. The eruption of a mountain was brutal. It lasted for more than 24 hours. By the end, Pompei was covered in ashes. Many people died. The city was totally destroyed. It was like a mass extinction.
2
But archaeologists discovered Pompei again in 1748. They found fossilized humans—not dinosaur fossils but human fossils. A team of archaeologists found fossilized buildings and human and animal skeletons.
3
Pompei is like a city frozen in time. But scientists are not studying the fossilized bones of dinosaurs. Instead, they are studying the buildings and other artifacts from Pompei. They also want to know what people were like.
4
One theory about Pompei is that there were rich and poor people. Archaeologists have found fossilized big homes and small homes.
5
Yes, Pompei was fossilized. So archaeologists have clues about life in Pompei. Even the kinds of people who lived there.",Archaeologists have studied the fossilized buildings and skeletons of Pompei. Fossilized means:,"Teacher Directions to Read Aloud: “Now you will read the passage silently by yourself and then answer the questions. There are 3 answer choices for each question but only one correct answer. Circle the answer that you think is correct. After question 7, stop and wait for your teacher to read the directions. You may begin.” Archaeologists and the city of Pompei” © READS Lab
1
Nearly 2,000 years ago, a volcano eruption destroyed an old city. It was called Pompei. The eruption of a mountain was brutal. It lasted for more than 24 hours. By the end, Pompei was covered in ashes. Many people died. The city was totally destroyed. It was like a mass extinction.
2
But archaeologists discovered Pompei again in 1748. They found fossilized humans—not dinosaur fossils but human fossils. A team of archaeologists found fossilized buildings and human and animal skeletons.
3
Pompei is like a city frozen in time. But scientists are not studying the fossilized bones of dinosaurs. Instead, they are studying the buildings and other artifacts from Pompei. They also want to know what people were like.
4
One theory about Pompei is that there were rich and poor people. Archaeologists have found fossilized big homes and small homes.
5
Yes, Pompei was fossilized. So archaeologists have clues about life in Pompei. Even the kinds of people who lived there.: Archaeologists have studied the fossilized buildings and skeletons of Pompei. Fossilized means:
Saved as it was years ago
Physical characteristics
New thing to help scientists","Original Text: Teacher Directions to Read Aloud: “Now you will read the passage silently by yourself and then answer the questions. There are 3 answer choices for each question but only one correct answer. Circle the answer that you think is correct. After question 7, stop and wait for your teacher to read the directions. You may begin.” Archaeologists and the city of Pompei” © READS Lab
1
Nearly 2,000 years ago, a volcano eruption destroyed an old city. It was called Pompei. The eruption of a mountain was brutal. It lasted for more than 24 hours. By the end, Pompei was covered in ashes. Many people died. The city was totally destroyed. It was like a mass extinction.
2
But archaeologists discovered Pompei again in 1748. They found fossilized humans—not dinosaur fossils but human fossils. A team of archaeologists found fossilized buildings and human and animal skeletons.
3
Pompei is like a city frozen in time. But scientists are not studying the fossilized bones of dinosaurs. Instead, they are studying the buildings and other artifacts from Pompei. They also want to know what people were like.
4
One theory about Pompei is that there were rich and poor people. Archaeologists have found fossilized big homes and small homes.
5
Yes, Pompei was fossilized. So archaeologists have clues about life in Pompei. Even the kinds of people who lived there.: Archaeologists have studied the fossilized buildings and skeletons of Pompei. Fossilized means:
Saved as it was years ago
Physical characteristics
New thing to help scientists
The core task of this item is to define the term ""fossilized"" based on the context of a reading passage about the archaeological discovery and preservation of Pompeii.
This item measures the skill of **Reading Comprehension (Vocabulary in Context)**. It requires the reader to derive the meaning of a specific term (""fossilized"") by synthesizing contextual clues provided throughout the informational passage, such as the description of the city being ""frozen in time.""
To analyze the cognitive demand and structural elements of the item defining ""fossilized"" based on the provided text:

**Cognitive Demand**
This item requires **synthesis**. The reader must integrate multiple textual clues—such as the city being ""frozen in time,"" ""covered in ashes,"" and ""saved"" for discovery centuries later—to derive a contextual definition that deviates from the standard biological meaning of the word.

**Structural and Semantic Elements**
*   **Semantic Shift:** The text applies ""fossilized"" to inanimate objects like buildings and an entire city, increasing cognitive load by requiring the reader to abandon the common association with prehistoric biology.
*   **Contrastive Logic:** The passage explicitly contrasts human fossils with dinosaur fossils, forcing the reader to navigate a distinction between types of remains before settling on a broader definition of preservation.
*   **Functional Distractors:** The distractor ""New thing to help scientists"" describes the *utility* of the object rather than its *state*, requiring the reader to distinguish between a definition and a consequence.
*   **Simplistic Phrasing vs. Abstract Concept:** While the phrasing is simple, the core concept—preservation through catastrophe—is an abstract synthesis of the ""brutal"" eruption and the city being ""totally destroyed"" yet ""found"" again.
To determine the level of the underlying latent trait—specifically reading comprehension and vocabulary acquisition—required to correctly define ""fossilized"" in this context, the respondent needs a low to moderate level of proficiency. The text provides explicit contextual support, such as the metaphor ""frozen in time,"" which directly aligns with the correct option, ""Saved as it was years ago."" A respondent must possess basic literal comprehension skills and the ability to map descriptive phrases to a specific term within a simple, structured narrative.","Original Text: Teacher Directions to Read Aloud: “Now you will read the passage silently by yourself and then answer the questions. There are 3 answer choices for each question but only one correct answer. Circle the answer that you think is correct. After question 7, stop and wait for your teacher to read the directions. You may begin.” Archaeologists and the city of Pompei” © READS Lab
1
Nearly 2,000 years ago, a volcano eruption destroyed an old city. It was called Pompei. The eruption of a mountain was brutal. It lasted for more than 24 hours. By the end, Pompei was covered in ashes. Many people died. The city was totally destroyed. It was like a mass extinction.
2
But archaeologists discovered Pompei again in 1748. They found fossilized humans—not dinosaur fossils but human fossils. A team of archaeologists found fossilized buildings and human and animal skeletons.
3
Pompei is like a city frozen in time. But scientists are not studying the fossilized bones of dinosaurs. Instead, they are studying the buildings and other artifacts from Pompei. They also want to know what people were like.
4
One theory about Pompei is that there were rich and poor people. Archaeologists have found fossilized big homes and small homes.
5
Yes, Pompei was fossilized. So archaeologists have clues about life in Pompei. Even the kinds of people who lived there.: Archaeologists have studied the fossilized buildings and skeletons of Pompei. Fossilized means:
Saved as it was years ago
Physical characteristics
New thing to help scientists
The core task presented in this scenario requires a student to read an informational passage about Pompeii and answer a multiple-choice reading comprehension question by identifying the definition of the word ""fossilized"" based on context clues.
In determining the primary construct this item evaluates and justifying this conclusion:

**Primary Skill:** Reading comprehension (vocabulary in context). 

**Justification:** The question requires the student to use contextual clues from the provided passage about Pompeii—such as the city being ""frozen in time""—to deduce the correct definition of the word ""fossilized"" from the given multiple-choice options.
To evaluate the cognitive demand and structural elements that affect the difficulty of this reading comprehension item:

This cognitive item requires synthesis and multi-step reasoning. The reader must deduce the contextual meaning of ""fossilized"" by synthesizing clues across the passage, such as ""frozen in time"" and ""nearly 2,000 years ago."" 

The cognitive load is increased by the text's unconventional semantic use of ""fossilized"" (applying it to buildings and recent human remains), which forces students to suppress strict prior knowledge of the word's scientific definition. Furthermore, the correct answer (""Saved as it was years ago"") acts as a structural paraphrase of the text's metaphor (""frozen in time""), requiring the student to map the target vocabulary word to the metaphor, and then to the corresponding answer choice.
The overall level of the underlying latent trait—specifically, reading comprehension and contextual vocabulary deduction—required for a respondent to successfully answer this item is low to moderate.","Original Text: Teacher Directions to Read Aloud: “Now you will read the passage silently by yourself and then answer the questions. There are 3 answer choices for each question but only one correct answer. Circle the answer that you think is correct. After question 7, stop and wait for your teacher to read the directions. You may begin.” Archaeologists and the city of Pompei” © READS Lab
1
Nearly 2,000 years ago, a volcano eruption destroyed an old city. It was called Pompei. The eruption of a mountain was brutal. It lasted for more than 24 hours. By the end, Pompei was covered in ashes. Many people died. The city was totally destroyed. It was like a mass extinction.
2
But archaeologists discovered Pompei again in 1748. They found fossilized humans—not dinosaur fossils but human fossils. A team of archaeologists found fossilized buildings and human and animal skeletons.
3
Pompei is like a city frozen in time. But scientists are not studying the fossilized bones of dinosaurs. Instead, they are studying the buildings and other artifacts from Pompei. They also want to know what people were like.
4
One theory about Pompei is that there were rich and poor people. Archaeologists have found fossilized big homes and small homes.
5
Yes, Pompei was fossilized. So archaeologists have clues about life in Pompei. Even the kinds of people who lived there.: Archaeologists have studied the fossilized buildings and skeletons of Pompei. Fossilized means:
Saved as it was years ago
Physical characteristics
New thing to help scientists
The core task requires students to read a brief informational passage about the archaeological preservation of Pompeii and identify the correct contextual definition of the word ""fossilized"" from three multiple-choice options.
The primary skill evaluated by this assessment item is **reading comprehension, specifically vocabulary in context**. 

**Justification:** The question requires the reader to determine the meaning of the target word (""fossilized"") by utilizing semantic context clues provided within an informational text (e.g., ""frozen in time,"" ""saved as it was years ago"").
**Assessment of Item Demand and Structural Elements**

* **Cognitive Demand:** This item represents **low-to-moderate demand requiring single-step context-clue reasoning**. Rather than relying on rote recall of a standard scientific definition, the reader must infer the passage-specific, metaphorical meaning of ""fossilized"" using direct textual context (e.g., ""frozen in time"").

* **Structural and Semantic Elements Affecting Load:**
  * **Non-Literal / Domain-Shifted Vocabulary:** The passage extends the term ""fossilized"" beyond biological remains to inanimate structures (""fossilized buildings""), requiring readers to overcome the conventional association with dinosaur fossils (a distinction explicitly scaffolded in the text).
  * **Explicit Textual Anchors:** The text provides a direct synonymous analogy in paragraph 3 (""Pompei is like a city frozen in time""), significantly reducing the inferential leap needed to identify the correct meaning.
  * **Low-Distractor Competition:** The incorrect options (""Physical characteristics,"" ""New thing to help scientists"") are semantically weak and structurally disjointed, lowering cognitive load by making the correct choice (""Saved as it was years ago"") easy to isolate through basic elimination.
  * **Syntactic Simplicity:** Short sentences, repetitive phrasing, and low syntactic complexity minimize working memory demands.
To successfully answer this vocabulary-in-context item, a respondent requires a **low to low-moderate level of reading comprehension and contextual vocabulary ability** (typical of an early elementary reading level, approximately grades 2–3). This requires the foundational cognitive skill to decode simple informational text and synthesize direct contextual clues—specifically the metaphor ""frozen in time""—to infer that ""fossilized"" means preserved as it existed in the past.","Original Text: Teacher Directions to Read Aloud: “Now you will read the passage silently by yourself and then answer the questions. There are 3 answer choices for each question but only one correct answer. Circle the answer that you think is correct. After question 7, stop and wait for your teacher to read the directions. You may begin.” Archaeologists and the city of Pompei” © READS Lab
1
Nearly 2,000 years ago, a volcano eruption destroyed an old city. It was called Pompei. The eruption of a mountain was brutal. It lasted for more than 24 hours. By the end, Pompei was covered in ashes. Many people died. The city was totally destroyed. It was like a mass extinction.
2
But archaeologists discovered Pompei again in 1748. They found fossilized humans—not dinosaur fossils but human fossils. A team of archaeologists found fossilized buildings and human and animal skeletons.
3
Pompei is like a city frozen in time. But scientists are not studying the fossilized bones of dinosaurs. Instead, they are studying the buildings and other artifacts from Pompei. They also want to know what people were like.
4
One theory about Pompei is that there were rich and poor people. Archaeologists have found fossilized big homes and small homes.
5
Yes, Pompei was fossilized. So archaeologists have clues about life in Pompei. Even the kinds of people who lived there.: Archaeologists have studied the fossilized buildings and skeletons of Pompei. Fossilized means:
Saved as it was years ago
Physical characteristics
New thing to help scientists
The item asks the reader to silently read a passage about Pompeii and archaeologists, then answer multiple-choice questions, including a vocabulary question asking what “fossilized” means.
Primary domain: **Reading comprehension / informational text understanding**. The item measures a student’s ability to read a short passage and infer the meaning of a vocabulary word in context, supported by details about Pompeii and archaeology.
This is a low-to-moderate demand reading item: it mainly requires basic recall and simple comprehension, not deep reasoning or synthesis. The endorsement threshold is low because the correct meaning is directly supported by the passage and the wording is straightforward. Structural load comes from a few distractors and a definition-style multiple-choice format, but there is little conditional logic, ambiguity, or emotionally loaded language.
A low level of reading comprehension and vocabulary is needed to answer this item correctly, since it mainly requires understanding a simple definition from the passage.","Original Text: Teacher Directions to Read Aloud: “Now you will read the passage silently by yourself and then answer the questions. There are 3 answer choices for each question but only one correct answer. Circle the answer that you think is correct. After question 7, stop and wait for your teacher to read the directions. You may begin.” Archaeologists and the city of Pompei” © READS Lab
1
Nearly 2,000 years ago, a volcano eruption destroyed an old city. It was called Pompei. The eruption of a mountain was brutal. It lasted for more than 24 hours. By the end, Pompei was covered in ashes. Many people died. The city was totally destroyed. It was like a mass extinction.
2
But archaeologists discovered Pompei again in 1748. They found fossilized humans—not dinosaur fossils but human fossils. A team of archaeologists found fossilized buildings and human and animal skeletons.
3
Pompei is like a city frozen in time. But scientists are not studying the fossilized bones of dinosaurs. Instead, they are studying the buildings and other artifacts from Pompei. They also want to know what people were like.
4
One theory about Pompei is that there were rich and poor people. Archaeologists have found fossilized big homes and small homes.
5
Yes, Pompei was fossilized. So archaeologists have clues about life in Pompei. Even the kinds of people who lived there.: Archaeologists have studied the fossilized buildings and skeletons of Pompei. Fossilized means:
Saved as it was years ago
Physical characteristics
New thing to help scientists
The item asks the reader to use the passage about archaeologists studying Pompeii after a volcanic eruption to determine the meaning of the word “fossilized” from context.
This item is primarily measuring reading comprehension, specifically vocabulary-in-context. It asks the reader to infer the meaning of “fossilized” from the passage and select the correct definition, so the target skill is understanding word meaning using textual context rather than background archaeology knowledge.
Core ask: assess the item’s cognitive demand and note wording/features that raise difficulty.

This is a low-to-moderate cognitive-demand reading-vocabulary item. It mainly requires recall of a definition from context, with a small amount of inference from repeated use of “fossilized” across the passage rather than multi-step reasoning or synthesis.

Load-increasing elements:
- Long directions before the passage add extraneous reading load.
- Multi-paragraph passage requires maintaining the meaning of “fossilized” across repeated mentions.
- The item asks for a definition (“Fossilized means:”), so success depends on context-based vocabulary inference.
- One distractor is semantically plausible but vague (“Physical characteristics”), which may attract partial understanding.
- Another distractor (“New thing to help scientists”) is less plausible.
- Minor punctuation/formatting irregularities near the end (“there.:”) may slightly disrupt comprehension.

Endorsement/severity: not applicable; this is a cognitive/ability item, not a psychological/attitudinal one.
The core issue is the latent trait level needed to answer this item correctly: it appears to require a low to moderately low level of the underlying trait, since the passage directly supports the meaning of “fossilized” as something preserved from long ago and the correct option can be identified with basic reading comprehension and simple vocabulary-in-context skills.","Original Text: Teacher Directions to Read Aloud: “Now you will read the passage silently by yourself and then answer the questions. There are 3 answer choices for each question but only one correct answer. Circle the answer that you think is correct. After question 7, stop and wait for your teacher to read the directions. You may begin.” Archaeologists and the city of Pompei” © READS Lab
1
Nearly 2,000 years ago, a volcano eruption destroyed an old city. It was called Pompei. The eruption of a mountain was brutal. It lasted for more than 24 hours. By the end, Pompei was covered in ashes. Many people died. The city was totally destroyed. It was like a mass extinction.
2
But archaeologists discovered Pompei again in 1748. They found fossilized humans—not dinosaur fossils but human fossils. A team of archaeologists found fossilized buildings and human and animal skeletons.
3
Pompei is like a city frozen in time. But scientists are not studying the fossilized bones of dinosaurs. Instead, they are studying the buildings and other artifacts from Pompei. They also want to know what people were like.
4
One theory about Pompei is that there were rich and poor people. Archaeologists have found fossilized big homes and small homes.
5
Yes, Pompei was fossilized. So archaeologists have clues about life in Pompei. Even the kinds of people who lived there.: Archaeologists have studied the fossilized buildings and skeletons of Pompei. Fossilized means:
Saved as it was years ago
Physical characteristics
New thing to help scientists
The task is to choose the correct meaning of “fossilized” in the passage: “saved as it was years ago,” “physical characteristics,” or “new thing to help scientists.”
**Primary domain:** Reading comprehension—contextual vocabulary.

**Justification:** The item measures whether the reader can infer the meaning of **“fossilized”** from its use in the passage, selecting the definition “saved as it was years ago.”
This is a low-demand cognitive item requiring vocabulary meaning recall with a simple context-based inference, not multi-step reasoning or synthesis. The correct answer is supported directly by the passage (“frozen in time”); distractors are brief but vague (“Physical characteristics,” “New thing…”). Slightly awkward wording, repetition, and the need to distinguish a definition from unrelated phrases add minimal cognitive load.
This item requires a **low level of the underlying trait**: basic reading comprehension and vocabulary. The answer is explicitly supported by the passage’s description of Pompeii being preserved or “frozen in time,” so success does not require advanced reasoning.","Original Text: Teacher Directions to Read Aloud: “Now you will read the passage silently by yourself and then answer the questions. There are 3 answer choices for each question but only one correct answer. Circle the answer that you think is correct. After question 7, stop and wait for your teacher to read the directions. You may begin.” Archaeologists and the city of Pompei” © READS Lab
1
Nearly 2,000 years ago, a volcano eruption destroyed an old city. It was called Pompei. The eruption of a mountain was brutal. It lasted for more than 24 hours. By the end, Pompei was covered in ashes. Many people died. The city was totally destroyed. It was like a mass extinction.
2
But archaeologists discovered Pompei again in 1748. They found fossilized humans—not dinosaur fossils but human fossils. A team of archaeologists found fossilized buildings and human and animal skeletons.
3
Pompei is like a city frozen in time. But scientists are not studying the fossilized bones of dinosaurs. Instead, they are studying the buildings and other artifacts from Pompei. They also want to know what people were like.
4
One theory about Pompei is that there were rich and poor people. Archaeologists have found fossilized big homes and small homes.
5
Yes, Pompei was fossilized. So archaeologists have clues about life in Pompei. Even the kinds of people who lived there.: Archaeologists have studied the fossilized buildings and skeletons of Pompei. Fossilized means:
Saved as it was years ago
Physical characteristics
New thing to help scientists
Determine the meaning of “fossilized” from the passage’s context.
**Primary skill: Reading vocabulary in context.** The item measures whether the student can infer the meaning of **“fossilized”** from passage clues, selecting “saved as it was years ago.”
**Cognitive demand: low to moderate.** The item requires vocabulary-in-context inference and brief synthesis of clues such as “frozen in time” and preserved buildings/skeletons, rather than simple recall or complex multi-step reasoning. Load is increased by the long passage, awkward/misleading phrases (“fossilized buildings,” “human fossils”), a punctuation error, and emotionally strong but irrelevant wording (“brutal,” “many people died,” “mass extinction”). The distractors are weak because they do not plausibly define “fossilized.”
This item requires a **low level of underlying reading comprehension ability**, as “fossilized” is repeatedly contextualized as being preserved or “saved as it was years ago,” and the distractors are clearly implausible.",0.9287834271042572,-0.2076346120263404,-0.1830220972921116,-0.1398935699000351,0.8694507662066489,1000.0,gilbert_meta_2,0.7739453182285676,0.43664874524741565,0.4675249234010515,0.2637707940946208,1.7602024562973364,0.4996416860121413,1.0549683156258698,0.2994576822813266,0.07711272065927444,0.43563478439228226,0.047333148265000874,0.26740031557363525,-0.11098807425398344,0.38099115854134796,-0.11193006928857079,0.384224765232697,0.10222664520276525,0.43370976163678027,0.06708740706367909,0.28462699982676176,0.4400908574965103,0.4227600992151047,0.2801685194201445,0.26913549565829936,-0.0052688253625496895,0.4382450258063724,-0.0032150408618186934,0.26741741631278615
14,"Teacher Directions to Read Aloud: “Now you will read the passage silently by yourself and then answer the questions. There are 3 answer choices for each question but only one correct answer. Circle the answer that you think is correct. After question 7, stop and wait for your teacher to read the directions. You may begin.” Archaeologists and the city of Pompei” © READS Lab
1
Nearly 2,000 years ago, a volcano eruption destroyed an old city. It was called Pompei. The eruption of a mountain was brutal. It lasted for more than 24 hours. By the end, Pompei was covered in ashes. Many people died. The city was totally destroyed. It was like a mass extinction.
2
But archaeologists discovered Pompei again in 1748. They found fossilized humans—not dinosaur fossils but human fossils. A team of archaeologists found fossilized buildings and human and animal skeletons.
3
Pompei is like a city frozen in time. But scientists are not studying the fossilized bones of dinosaurs. Instead, they are studying the buildings and other artifacts from Pompei. They also want to know what people were like.
4
One theory about Pompei is that there were rich and poor people. Archaeologists have found fossilized big homes and small homes.
5
Yes, Pompei was fossilized. So archaeologists have clues about life in Pompei. Even the kinds of people who lived there.",How are the jobs of paleontologists and archaeologists the same?,"Teacher Directions to Read Aloud: “Now you will read the passage silently by yourself and then answer the questions. There are 3 answer choices for each question but only one correct answer. Circle the answer that you think is correct. After question 7, stop and wait for your teacher to read the directions. You may begin.” Archaeologists and the city of Pompei” © READS Lab
1
Nearly 2,000 years ago, a volcano eruption destroyed an old city. It was called Pompei. The eruption of a mountain was brutal. It lasted for more than 24 hours. By the end, Pompei was covered in ashes. Many people died. The city was totally destroyed. It was like a mass extinction.
2
But archaeologists discovered Pompei again in 1748. They found fossilized humans—not dinosaur fossils but human fossils. A team of archaeologists found fossilized buildings and human and animal skeletons.
3
Pompei is like a city frozen in time. But scientists are not studying the fossilized bones of dinosaurs. Instead, they are studying the buildings and other artifacts from Pompei. They also want to know what people were like.
4
One theory about Pompei is that there were rich and poor people. Archaeologists have found fossilized big homes and small homes.
5
Yes, Pompei was fossilized. So archaeologists have clues about life in Pompei. Even the kinds of people who lived there.: How are the jobs of paleontologists and archaeologists the same?
They both use evidence to solve mysteries
They both look for living animals
They both dig for animal fossils","Original Text: Teacher Directions to Read Aloud: “Now you will read the passage silently by yourself and then answer the questions. There are 3 answer choices for each question but only one correct answer. Circle the answer that you think is correct. After question 7, stop and wait for your teacher to read the directions. You may begin.” Archaeologists and the city of Pompei” © READS Lab
1
Nearly 2,000 years ago, a volcano eruption destroyed an old city. It was called Pompei. The eruption of a mountain was brutal. It lasted for more than 24 hours. By the end, Pompei was covered in ashes. Many people died. The city was totally destroyed. It was like a mass extinction.
2
But archaeologists discovered Pompei again in 1748. They found fossilized humans—not dinosaur fossils but human fossils. A team of archaeologists found fossilized buildings and human and animal skeletons.
3
Pompei is like a city frozen in time. But scientists are not studying the fossilized bones of dinosaurs. Instead, they are studying the buildings and other artifacts from Pompei. They also want to know what people were like.
4
One theory about Pompei is that there were rich and poor people. Archaeologists have found fossilized big homes and small homes.
5
Yes, Pompei was fossilized. So archaeologists have clues about life in Pompei. Even the kinds of people who lived there.: How are the jobs of paleontologists and archaeologists the same?
They both use evidence to solve mysteries
They both look for living animals
They both dig for animal fossils
The core task of this item is to identify a commonality between the professions of paleontologists and archaeologists based on a reading passage about the archaeological discovery and study of Pompeii.
This item measures the primary skill of **Reading Comprehension (Comparative Analysis)**. It requires the student to synthesize textual information regarding the work of archaeologists with contextual references to paleontologists to identify a shared methodological commonality between the two disciplines.
This analysis evaluates the cognitive demand and structural complexity of the item comparing the roles of paleontologists and archaeologists.

**Cognitive Demand**
This item requires **synthesis** and **inference**. The student must integrate the text’s description of archaeology (studying artifacts, buildings, and human remains) with the implicit or external definition of paleontology (suggested by references to ""dinosaur fossils"") to identify a shared scientific methodology.

**Structural and Semantic Elements**
*   **External Knowledge Dependency:** The term ""paleontologist"" is not defined in the text, requiring the reader to infer its meaning from mentions of ""dinosaur fossils"" or rely on prior knowledge.
*   **Plausible Distractors:** Option 3 (""dig for animal fossils"") acts as a high-load distractor because the text explicitly mentions archaeologists finding ""animal skeletons,"" which may lead to a literal but incorrect association.
*   **Abstract Generalization:** The correct answer uses high-level, abstract phrasing (""evidence,"" ""mysteries"") that requires the student to generalize beyond the concrete actions (digging, finding skeletons) described in the passage.
*   **Negative Contrast Logic:** The text employs ""not/instead"" constructions (e.g., ""not dinosaur fossils but human fossils""), increasing cognitive load by forcing the reader to distinguish between what archaeologists do and what they are being contrasted against.
To describe the level of the latent trait—specifically reading comprehension and inferential reasoning—required to answer this item, a respondent must possess a **moderate level of proficiency**. While the text is written with simple syntax, the respondent must move beyond literal retrieval to synthesize the passage's mention of ""clues,"" ""theories,"" and ""studying"" artifacts with the implied methodology of a paleontologist. Success requires the ability to identify a shared abstract process (using evidence to solve mysteries) while rejecting distractors that are either factually incorrect based on the text or overly specific to only one field.","Original Text: Teacher Directions to Read Aloud: “Now you will read the passage silently by yourself and then answer the questions. There are 3 answer choices for each question but only one correct answer. Circle the answer that you think is correct. After question 7, stop and wait for your teacher to read the directions. You may begin.” Archaeologists and the city of Pompei” © READS Lab
1
Nearly 2,000 years ago, a volcano eruption destroyed an old city. It was called Pompei. The eruption of a mountain was brutal. It lasted for more than 24 hours. By the end, Pompei was covered in ashes. Many people died. The city was totally destroyed. It was like a mass extinction.
2
But archaeologists discovered Pompei again in 1748. They found fossilized humans—not dinosaur fossils but human fossils. A team of archaeologists found fossilized buildings and human and animal skeletons.
3
Pompei is like a city frozen in time. But scientists are not studying the fossilized bones of dinosaurs. Instead, they are studying the buildings and other artifacts from Pompei. They also want to know what people were like.
4
One theory about Pompei is that there were rich and poor people. Archaeologists have found fossilized big homes and small homes.
5
Yes, Pompei was fossilized. So archaeologists have clues about life in Pompei. Even the kinds of people who lived there.: How are the jobs of paleontologists and archaeologists the same?
They both use evidence to solve mysteries
They both look for living animals
They both dig for animal fossils
The core request is to summarize the primary task or scenario presented in the provided text. In this scenario, a student is instructed to independently read a passage about the archaeological discovery of Pompeii and complete a multiple-choice reading comprehension task by identifying a similarity between the professions of archaeologists and paleontologists.
The objective is to determine the specific construct or skill evaluated by the provided text and question, along with a brief rationale.

Primary Skill: Inferential reading comprehension.

Justification: The item requires the reader to synthesize textual details about archaeologists using clues from Pompeii with implied or background knowledge about paleontologists to deduce a shared characteristic (using evidence to solve mysteries) that is not explicitly stated in the passage.
In analyzing the cognitive demand and structural elements that increase the difficulty of this reading comprehension item, the question requires multi-step reasoning and synthesis. The reader must synthesize implicit text clues (references to scientists studying dinosaur fossils) or rely on prior knowledge to define ""paleontologists,"" as the term is entirely absent from the passage, and then compare this role to the described work of archaeologists. The cognitive load is further increased by the tricky distractor, ""They both dig for animal fossils,"" which leverages the text's specific mention of archaeologists finding ""animal skeletons"" to confuse the reader about the primary shared focus of both fields.
The level of the underlying latent trait—specifically inferential reading comprehension and cognitive ability—required for a respondent to successfully answer this item is moderate, as it necessitates synthesizing implicit text clues and applying deductive reasoning to compare the two professions.","Original Text: Teacher Directions to Read Aloud: “Now you will read the passage silently by yourself and then answer the questions. There are 3 answer choices for each question but only one correct answer. Circle the answer that you think is correct. After question 7, stop and wait for your teacher to read the directions. You may begin.” Archaeologists and the city of Pompei” © READS Lab
1
Nearly 2,000 years ago, a volcano eruption destroyed an old city. It was called Pompei. The eruption of a mountain was brutal. It lasted for more than 24 hours. By the end, Pompei was covered in ashes. Many people died. The city was totally destroyed. It was like a mass extinction.
2
But archaeologists discovered Pompei again in 1748. They found fossilized humans—not dinosaur fossils but human fossils. A team of archaeologists found fossilized buildings and human and animal skeletons.
3
Pompei is like a city frozen in time. But scientists are not studying the fossilized bones of dinosaurs. Instead, they are studying the buildings and other artifacts from Pompei. They also want to know what people were like.
4
One theory about Pompei is that there were rich and poor people. Archaeologists have found fossilized big homes and small homes.
5
Yes, Pompei was fossilized. So archaeologists have clues about life in Pompei. Even the kinds of people who lived there.: How are the jobs of paleontologists and archaeologists the same?
They both use evidence to solve mysteries
They both look for living animals
They both dig for animal fossils
The core task is a multiple-choice reading comprehension assessment asking students to identify a shared professional characteristic between archaeologists and paleontologists based on an informational passage about the excavation of Pompeii.
**Target Skill/Construct Measured:** Reading Comprehension: Comparative and Inferential Reasoning.

**Justification:** The item assesses a reader's ability to synthesize implicit textual details with conceptual knowledge by comparing and contrasting two distinct scientific fields (archaeology and paleontology) to identify a shared overarching methodology (using evidence to solve historical mysteries).
To evaluate the cognitive complexity and structural demands of this reading comprehension item:

**Cognitive Demand:** 
The item requires **multi-step reasoning and synthesis** combined with external domain knowledge. Because the text explains what archaeologists study while only implicitly referencing the study of dinosaurs, the reader must synthesize text details with prior knowledge of paleontology to identify the shared, abstract methodology.

**Structural and Semantic Load Factors:**
* **Omission of Target Term (Prior Knowledge Dependency):** The term ""paleontologist"" does not appear anywhere in the passage, requiring the reader to bridge the gap between the text's references to ""dinosaur fossils"" and the unstated profession.
* **Lexical Traps/Tricky Distractor:** The distractor *""They both dig for animal fossils""* introduces high cognitive interference because the passage repeatedly uses the word ""fossilized"" alongside mentions of ""animal skeletons,"" making it an attractive lure for readers relying on surface-level keyword matching rather than higher-order conceptual understanding.
To successfully answer this item, a respondent requires a **low-to-moderate level of reading comprehension and inferential reasoning ability** (typical of early-to-middle elementary cognitive development). The item demands basic text-based elimination skills and the ability to integrate simple contextual contrasts (human artifacts versus dinosaur fossils) with general background knowledge to recognize that both fields rely on evidence to understand the past.","Original Text: Teacher Directions to Read Aloud: “Now you will read the passage silently by yourself and then answer the questions. There are 3 answer choices for each question but only one correct answer. Circle the answer that you think is correct. After question 7, stop and wait for your teacher to read the directions. You may begin.” Archaeologists and the city of Pompei” © READS Lab
1
Nearly 2,000 years ago, a volcano eruption destroyed an old city. It was called Pompei. The eruption of a mountain was brutal. It lasted for more than 24 hours. By the end, Pompei was covered in ashes. Many people died. The city was totally destroyed. It was like a mass extinction.
2
But archaeologists discovered Pompei again in 1748. They found fossilized humans—not dinosaur fossils but human fossils. A team of archaeologists found fossilized buildings and human and animal skeletons.
3
Pompei is like a city frozen in time. But scientists are not studying the fossilized bones of dinosaurs. Instead, they are studying the buildings and other artifacts from Pompei. They also want to know what people were like.
4
One theory about Pompei is that there were rich and poor people. Archaeologists have found fossilized big homes and small homes.
5
Yes, Pompei was fossilized. So archaeologists have clues about life in Pompei. Even the kinds of people who lived there.: How are the jobs of paleontologists and archaeologists the same?
They both use evidence to solve mysteries
They both look for living animals
They both dig for animal fossils
The item asks the reader to identify how paleontologists and archaeologists are alike, based on evidence in the passage.
Primary domain: **Reading comprehension / informational text understanding**.  
This item measures the ability to **identify a stated similarity between two professions from a short passage** and choose the correct inference from text evidence; the question asks how the roles are alike, and the passage explicitly says both use evidence to solve mysteries.
This is a low-to-moderate demand reading-comprehension item. It mainly requires recall and simple text matching, not deep reasoning or synthesis. The correct choice is supported directly by the passage, while the distractors are straightforward but semantically off. Structural load is increased slightly by the passage’s length, the embedded teacher directions, and the awkward/fragmented wording, but the question itself is simple and not conditionally complex.
A low-to-moderate reading comprehension and inference level is needed: the respondent must understand the passage and identify that both professions use evidence to solve mysteries.","Original Text: Teacher Directions to Read Aloud: “Now you will read the passage silently by yourself and then answer the questions. There are 3 answer choices for each question but only one correct answer. Circle the answer that you think is correct. After question 7, stop and wait for your teacher to read the directions. You may begin.” Archaeologists and the city of Pompei” © READS Lab
1
Nearly 2,000 years ago, a volcano eruption destroyed an old city. It was called Pompei. The eruption of a mountain was brutal. It lasted for more than 24 hours. By the end, Pompei was covered in ashes. Many people died. The city was totally destroyed. It was like a mass extinction.
2
But archaeologists discovered Pompei again in 1748. They found fossilized humans—not dinosaur fossils but human fossils. A team of archaeologists found fossilized buildings and human and animal skeletons.
3
Pompei is like a city frozen in time. But scientists are not studying the fossilized bones of dinosaurs. Instead, they are studying the buildings and other artifacts from Pompei. They also want to know what people were like.
4
One theory about Pompei is that there were rich and poor people. Archaeologists have found fossilized big homes and small homes.
5
Yes, Pompei was fossilized. So archaeologists have clues about life in Pompei. Even the kinds of people who lived there.: How are the jobs of paleontologists and archaeologists the same?
They both use evidence to solve mysteries
They both look for living animals
They both dig for animal fossils
The item asks the reader to identify how paleontologists and archaeologists are similar based on a passage about Pompeii, with the key idea that both use evidence to learn about the past and solve mysteries.
This item is primarily measuring reading comprehension, specifically the skill of comparing information and drawing an inference from a passage. The question asks the reader to understand what archaeologists do in the text and connect that to paleontologists, selecting the shared idea that both use evidence to learn about the past.
Core ask: assess the cognitive demand of this reading-comprehension item and note features that raise load.

Demand: low to moderate cognitive demand. It mainly requires recall/comprehension with a simple comparison, not multi-step reasoning or synthesis.

Load-raising elements:
- Long passage plus directions increases reading load.
- The question asks for a similarity between paleontologists and archaeologists, requiring integrating the passage’s contrast between them.
- Distractors are somewhat tricky because “animal fossils” is mentioned and could attract literal recall.
- Some potentially confusing wording: “fossilized humans—not dinosaur fossils,” “city frozen in time,” and the paleontologist/archaeologist distinction.
- No conditional logic or emotional wording; endorsement/severity is not applicable since this is not an attitudinal item.
This item appears to require a low-to-moderate level of the latent trait: a respondent needs basic reading comprehension and enough inferential reasoning to recognize that both paleontologists and archaeologists use evidence to learn about the past, but the item does not demand especially advanced skill or extreme trait levels.","Original Text: Teacher Directions to Read Aloud: “Now you will read the passage silently by yourself and then answer the questions. There are 3 answer choices for each question but only one correct answer. Circle the answer that you think is correct. After question 7, stop and wait for your teacher to read the directions. You may begin.” Archaeologists and the city of Pompei” © READS Lab
1
Nearly 2,000 years ago, a volcano eruption destroyed an old city. It was called Pompei. The eruption of a mountain was brutal. It lasted for more than 24 hours. By the end, Pompei was covered in ashes. Many people died. The city was totally destroyed. It was like a mass extinction.
2
But archaeologists discovered Pompei again in 1748. They found fossilized humans—not dinosaur fossils but human fossils. A team of archaeologists found fossilized buildings and human and animal skeletons.
3
Pompei is like a city frozen in time. But scientists are not studying the fossilized bones of dinosaurs. Instead, they are studying the buildings and other artifacts from Pompei. They also want to know what people were like.
4
One theory about Pompei is that there were rich and poor people. Archaeologists have found fossilized big homes and small homes.
5
Yes, Pompei was fossilized. So archaeologists have clues about life in Pompei. Even the kinds of people who lived there.: How are the jobs of paleontologists and archaeologists the same?
They both use evidence to solve mysteries
They both look for living animals
They both dig for animal fossils
Students read a passage about archaeologists studying Pompeii and identify how archaeologists’ and paleontologists’ jobs are similar.
**Primary skill:** Reading comprehension—comparing and identifying shared roles.

**Justification:** The item requires students to use details from the passage to determine what paleontologists and archaeologists have in common, selecting that both use evidence to solve mysteries.
This is a **low-to-moderate cognitive-demand reading-comprehension item**. It requires **recall plus a simple comparison/inference**: recognizing that both professions use evidence to investigate the past. It does not require multi-step reasoning or synthesis.

Cognitive load is increased by the lengthy passage, unfamiliar topic and vocabulary (“archaeologists,” “paleontologists,” “fossilized”), and distractors that reflect related but incorrect activities (“look for living animals,” “dig for animal fossils”). The correct answer depends on distinguishing broad investigative work from a specific excavation task.
The item requires a low-to-moderate level of reading comprehension: the respondent must understand that both professions use physical evidence to learn about the past and distinguish this from distractors about living animals or only animal fossils.","Original Text: Teacher Directions to Read Aloud: “Now you will read the passage silently by yourself and then answer the questions. There are 3 answer choices for each question but only one correct answer. Circle the answer that you think is correct. After question 7, stop and wait for your teacher to read the directions. You may begin.” Archaeologists and the city of Pompei” © READS Lab
1
Nearly 2,000 years ago, a volcano eruption destroyed an old city. It was called Pompei. The eruption of a mountain was brutal. It lasted for more than 24 hours. By the end, Pompei was covered in ashes. Many people died. The city was totally destroyed. It was like a mass extinction.
2
But archaeologists discovered Pompei again in 1748. They found fossilized humans—not dinosaur fossils but human fossils. A team of archaeologists found fossilized buildings and human and animal skeletons.
3
Pompei is like a city frozen in time. But scientists are not studying the fossilized bones of dinosaurs. Instead, they are studying the buildings and other artifacts from Pompei. They also want to know what people were like.
4
One theory about Pompei is that there were rich and poor people. Archaeologists have found fossilized big homes and small homes.
5
Yes, Pompei was fossilized. So archaeologists have clues about life in Pompei. Even the kinds of people who lived there.: How are the jobs of paleontologists and archaeologists the same?
They both use evidence to solve mysteries
They both look for living animals
They both dig for animal fossils
Identify how paleontologists and archaeologists are alike in using evidence to investigate and solve mysteries about the past.
**Reading comprehension—comparing related concepts and drawing an inference.** The item assesses whether students can infer that archaeologists and paleontologists both examine physical evidence to understand the past, rather than focusing only on animals or animal fossils.
**Moderate cognitive demand:** Requires synthesis/comparison of two professions and inference that both use evidence to investigate the past; knowledge of paleontologists is only indirectly supplied. The “same” framing adds relational reasoning. One distractor is tempting because archaeologists found animal skeletons, while repeated contrasts involving dinosaur fossils may cause confusion. Long directions, unusual claims such as “fossilized buildings,” and strong wording (“brutal,” “mass extinction”) add incidental load but are irrelevant to the answer.
This item requires a **low to moderate level of reading comprehension**, as respondents must recognize the broad similarity that both professions use evidence to investigate the past, while rejecting clearly inaccurate alternatives.",1.3181806986569629,0.1403137706537391,0.20296715040115,0.2853194493855054,1.3301868876411689,1183.0,gilbert_meta_2,2.095295382637637,0.46592684990148175,1.2657261310300143,0.281457112899482,2.1149728288166068,0.4668138984534383,1.2675981190849068,0.27978251615334643,2.0708887469132797,0.46316660722038905,1.2711480448353092,0.2842998341068564,1.241389465428351,0.39743126537489804,1.251925576810431,0.40080440506661114,1.839518152479709,0.4457582207898855,1.207204861821044,0.29253393917795756,1.6525832615862497,0.4395567247544818,1.0520595866293458,0.27982848240969804,1.8031650146721812,0.4421802786895477,1.1002925327492223,0.269818710330031
17,"Teacher Directions to Read Aloud: “Now you will read the passage silently by yourself and then answer the questions. There are 3 answer choices for each question but only one correct answer. Circle the answer that you think is correct. After question 7, stop and wait for your teacher to read the directions. You may begin.” “Genealogists and our descendants” © READS Lab
1
Some people want to know more about their ancestors. They want to know about their relatives who lived a long time ago. Often there are no living family members who know about those relatives. So sometimes they hire a genealogist.
2
A genealogist finds clues that help you to learn about your ancestors. You can learn about where your ancestors came from. You can learn about your ancestors' jobs. You can learn about what they looked like. Sometimes you can learn stories about them.
3
Some people want to prove that an ancestor was in an important event like a war. Some people want to know if they are a descendant of a famous person.
4
Other people just want to know their family lineage. Knowing about their ancestors can help them to understand themselves better.
5
Sometimes the genealogist finds clues using the computer. Sometimes she uses a library. She might talk to individuals in other countries. She might travel to other places to get clues.",What do genealogists have to do first?,"Teacher Directions to Read Aloud: “Now you will read the passage silently by yourself and then answer the questions. There are 3 answer choices for each question but only one correct answer. Circle the answer that you think is correct. After question 7, stop and wait for your teacher to read the directions. You may begin.” “Genealogists and our descendants” © READS Lab
1
Some people want to know more about their ancestors. They want to know about their relatives who lived a long time ago. Often there are no living family members who know about those relatives. So sometimes they hire a genealogist.
2
A genealogist finds clues that help you to learn about your ancestors. You can learn about where your ancestors came from. You can learn about your ancestors' jobs. You can learn about what they looked like. Sometimes you can learn stories about them.
3
Some people want to prove that an ancestor was in an important event like a war. Some people want to know if they are a descendant of a famous person.
4
Other people just want to know their family lineage. Knowing about their ancestors can help them to understand themselves better.
5
Sometimes the genealogist finds clues using the computer. Sometimes she uses a library. She might talk to individuals in other countries. She might travel to other places to get clues.: What do genealogists have to do first?
Travel to other places
Find clues
Talk to people","Original Text: Teacher Directions to Read Aloud: “Now you will read the passage silently by yourself and then answer the questions. There are 3 answer choices for each question but only one correct answer. Circle the answer that you think is correct. After question 7, stop and wait for your teacher to read the directions. You may begin.” “Genealogists and our descendants” © READS Lab
1
Some people want to know more about their ancestors. They want to know about their relatives who lived a long time ago. Often there are no living family members who know about those relatives. So sometimes they hire a genealogist.
2
A genealogist finds clues that help you to learn about your ancestors. You can learn about where your ancestors came from. You can learn about your ancestors' jobs. You can learn about what they looked like. Sometimes you can learn stories about them.
3
Some people want to prove that an ancestor was in an important event like a war. Some people want to know if they are a descendant of a famous person.
4
Other people just want to know their family lineage. Knowing about their ancestors can help them to understand themselves better.
5
Sometimes the genealogist finds clues using the computer. Sometimes she uses a library. She might talk to individuals in other countries. She might travel to other places to get clues.: What do genealogists have to do first?
Travel to other places
Find clues
Talk to people
The core task of this item is to identify the initial action a genealogist must take according to the provided informational text.
This item measures the primary skill of **Reading Comprehension**, specifically **Literal Information Retrieval**.

**Justification:** The item requires the reader to locate and identify a specific detail or foundational action explicitly stated in the text to answer a question about the sequence or nature of the process described.
This analysis evaluates the cognitive demand and structural complexity of the question, ""What do genealogists have to do first?"" based on the provided text.

**Cognitive Demand**
The item requires **synthesis** and **inference**. Because the text lacks explicit chronological markers (e.g., ""first,"" ""then,"" ""next""), the reader cannot rely on simple recall. Instead, they must synthesize information across paragraphs to conclude that ""finding clues"" is the primary objective that encompasses the specific actions of traveling or talking to people.

**Structural and Semantic Elements**
*   **Temporal Logic Gap:** The inclusion of the word **""first""** in the prompt creates a high cognitive load because the text uses non-sequential qualifiers like ""sometimes"" and ""might."" 
*   **Categorical Distractors:** The options ""Travel to other places"" and ""Talk to people"" function as tricky distractors; they are literal details from the text, but they represent specific methods rather than the foundational requirement. 
*   **Hierarchical Reasoning:** To arrive at the correct answer, the reader must recognize a hierarchical relationship—identifying ""finding clues"" as the overarching goal that precedes or necessitates the specific tasks listed in the final paragraph.
To determine the level of reading comprehension required for this item, the respondent needs a low level of the latent trait. The item requires literal retrieval and the ability to identify a primary objective from a list of specific methods; the respondent must recognize that ""finding clues"" is presented as the foundational action of a genealogist's work before specific investigative steps are detailed.","Original Text: Teacher Directions to Read Aloud: “Now you will read the passage silently by yourself and then answer the questions. There are 3 answer choices for each question but only one correct answer. Circle the answer that you think is correct. After question 7, stop and wait for your teacher to read the directions. You may begin.” “Genealogists and our descendants” © READS Lab
1
Some people want to know more about their ancestors. They want to know about their relatives who lived a long time ago. Often there are no living family members who know about those relatives. So sometimes they hire a genealogist.
2
A genealogist finds clues that help you to learn about your ancestors. You can learn about where your ancestors came from. You can learn about your ancestors' jobs. You can learn about what they looked like. Sometimes you can learn stories about them.
3
Some people want to prove that an ancestor was in an important event like a war. Some people want to know if they are a descendant of a famous person.
4
Other people just want to know their family lineage. Knowing about their ancestors can help them to understand themselves better.
5
Sometimes the genealogist finds clues using the computer. Sometimes she uses a library. She might talk to individuals in other countries. She might travel to other places to get clues.: What do genealogists have to do first?
Travel to other places
Find clues
Talk to people
The core task presented in this scenario is a reading comprehension exercise requiring a student to read a passage about genealogy and answer a multiple-choice question identifying the initial action taken by a genealogist.
The objective is to determine the primary construct or skill evaluated by the provided text and question, along with a brief rationale.

**Primary Skill:** Reading Comprehension (Literal Comprehension and Detail Extraction)

**Justification:** The item requires the student to independently read an informational passage and retrieve explicit, text-based evidence to correctly identify the foundational task of a genealogist from a set of multiple-choice options.
In analyzing the cognitive demand and structural elements that increase the difficulty of this reading comprehension item:

This cognitive item requires multi-step reasoning and synthesis. The reader must infer a hierarchical or chronological order because the text does not explicitly state a step-by-step process. The cognitive load is increased by implicit chronological logic (prompted by the word ""first"") and tricky distractors (""Travel to other places"" and ""Talk to people""). Because these distractors are explicitly mentioned in the text, the reader is forced to distinguish the overarching foundational action (""Find clues"") from the subordinate methods used to achieve it.
To determine the overall level of the underlying latent trait (reading comprehension ability) required for a respondent to successfully answer the item regarding what genealogists do first, a low-to-moderate level is necessary. The respondent must possess basic literal comprehension and simple inference skills to recognize that ""finding clues"" is the primary, overarching task introduced early in the text, which logically precedes and encompasses the subsequent specific examples of traveling or talking to people.","Original Text: Teacher Directions to Read Aloud: “Now you will read the passage silently by yourself and then answer the questions. There are 3 answer choices for each question but only one correct answer. Circle the answer that you think is correct. After question 7, stop and wait for your teacher to read the directions. You may begin.” “Genealogists and our descendants” © READS Lab
1
Some people want to know more about their ancestors. They want to know about their relatives who lived a long time ago. Often there are no living family members who know about those relatives. So sometimes they hire a genealogist.
2
A genealogist finds clues that help you to learn about your ancestors. You can learn about where your ancestors came from. You can learn about your ancestors' jobs. You can learn about what they looked like. Sometimes you can learn stories about them.
3
Some people want to prove that an ancestor was in an important event like a war. Some people want to know if they are a descendant of a famous person.
4
Other people just want to know their family lineage. Knowing about their ancestors can help them to understand themselves better.
5
Sometimes the genealogist finds clues using the computer. Sometimes she uses a library. She might talk to individuals in other countries. She might travel to other places to get clues.: What do genealogists have to do first?
Travel to other places
Find clues
Talk to people
The core task requires a student to independently read a brief informational text about genealogists and select the correct multiple-choice answer identifying the initial action a genealogist must take.
The primary skill this item is designed to evaluate is **reading comprehension of informational text, specifically the ability to recall key details and determine sequence/action**. 

**Justification:** The task requires the student to independently read an expository passage about genealogists, synthesize the provided text, and identify the correct primary step/action from a set of multiple-choice options based directly on the written information.
**Cognitive Demand Assessment:**
This reading comprehension item requires **multi-step reasoning and inference** rather than simple explicit recall, as the text lacks direct chronological sequence markers (e.g., ""first,"" ""next""). 

**Elements Influencing Cognitive Load:**
* **Hierarchical/Category Distractors:** The options ""Travel to other places"" and ""Talk to people"" are specific, subordinate actions (methods) detailed in paragraph 5, whereas ""Find clues"" is the primary, overarching objective established in paragraph 2. Readers must differentiate a general prerequisite from optional, secondary tasks.
* **Implicit Sequential Framing:** The question introduces a temporal requirement (""do first"") applied to a text structured with non-linear, modal language (""sometimes,"" ""might""). This requires students to deduce a logical order of operations without explicit chronological transition words.
The level of the underlying latent trait required to correctly answer this reading comprehension item—specifically, cognitive reading ability—is **low to moderate** (early elementary level). Successfully identifying the correct response requires basic literal comprehension, elementary vocabulary knowledge, and the ability to extract direct textual details from simple, low-complexity sentences.","Original Text: Teacher Directions to Read Aloud: “Now you will read the passage silently by yourself and then answer the questions. There are 3 answer choices for each question but only one correct answer. Circle the answer that you think is correct. After question 7, stop and wait for your teacher to read the directions. You may begin.” “Genealogists and our descendants” © READS Lab
1
Some people want to know more about their ancestors. They want to know about their relatives who lived a long time ago. Often there are no living family members who know about those relatives. So sometimes they hire a genealogist.
2
A genealogist finds clues that help you to learn about your ancestors. You can learn about where your ancestors came from. You can learn about your ancestors' jobs. You can learn about what they looked like. Sometimes you can learn stories about them.
3
Some people want to prove that an ancestor was in an important event like a war. Some people want to know if they are a descendant of a famous person.
4
Other people just want to know their family lineage. Knowing about their ancestors can help them to understand themselves better.
5
Sometimes the genealogist finds clues using the computer. Sometimes she uses a library. She might talk to individuals in other countries. She might travel to other places to get clues.: What do genealogists have to do first?
Travel to other places
Find clues
Talk to people
The task is to read a passage about genealogists and answer a multiple-choice question asking what genealogists have to do first.
Primary domain: reading comprehension. The item measures the ability to identify a stated detail from a short informational passage, since the correct response is directly supported by the text (“A genealogist finds clues…”).
This is a low-demand reading comprehension item. It mainly requires simple recall from the passage, not multi-step reasoning or synthesis. The correct choice is directly stated, so endorsement is easy.

Structural features that raise load only slightly: the passage includes multiple details and repeated “sometimes” clauses, but the question itself is straightforward with no tricky distractors, conditional logic, or emotionally loaded wording.
A low-to-moderate reading comprehension level is needed to identify that the first step is to find clues.","Original Text: Teacher Directions to Read Aloud: “Now you will read the passage silently by yourself and then answer the questions. There are 3 answer choices for each question but only one correct answer. Circle the answer that you think is correct. After question 7, stop and wait for your teacher to read the directions. You may begin.” “Genealogists and our descendants” © READS Lab
1
Some people want to know more about their ancestors. They want to know about their relatives who lived a long time ago. Often there are no living family members who know about those relatives. So sometimes they hire a genealogist.
2
A genealogist finds clues that help you to learn about your ancestors. You can learn about where your ancestors came from. You can learn about your ancestors' jobs. You can learn about what they looked like. Sometimes you can learn stories about them.
3
Some people want to prove that an ancestor was in an important event like a war. Some people want to know if they are a descendant of a famous person.
4
Other people just want to know their family lineage. Knowing about their ancestors can help them to understand themselves better.
5
Sometimes the genealogist finds clues using the computer. Sometimes she uses a library. She might talk to individuals in other countries. She might travel to other places to get clues.: What do genealogists have to do first?
Travel to other places
Find clues
Talk to people
The item asks the reader to identify the first thing genealogists do, based on the passage: they first find clues.
This item is primarily measuring reading comprehension, specifically identifying explicitly stated sequence/main idea information in an informational passage. The question asks the reader to determine what genealogists do first based on the text, requiring understanding of the passage’s description of a genealogist’s role rather than background knowledge or attitude.
Core ask: assess the item’s cognitive demand and note features that raise difficulty.

This is a low-demand cognitive/ability item. It mainly requires straightforward recall of explicitly stated information from the passage, not multi-step reasoning or synthesis.

Load-increasing elements:
- The question asks what genealogists do “first,” which adds a mild sequencing/inference demand because the passage describes several actions rather than a strict ordered list.
- The answer choices are all plausible actions mentioned in the passage, creating mild distractor competition.
- The passage and question use simple, concrete wording with no complex syntax, conditional logic, or emotionally charged language.
This item appears to require a low-to-moderate level of the underlying trait—here, basic reading comprehension. A respondent only needs to understand the main idea that genealogists begin by finding clues, while the other options are later, possible methods. Successful answering reflects straightforward comprehension rather than advanced ability.","Original Text: Teacher Directions to Read Aloud: “Now you will read the passage silently by yourself and then answer the questions. There are 3 answer choices for each question but only one correct answer. Circle the answer that you think is correct. After question 7, stop and wait for your teacher to read the directions. You may begin.” “Genealogists and our descendants” © READS Lab
1
Some people want to know more about their ancestors. They want to know about their relatives who lived a long time ago. Often there are no living family members who know about those relatives. So sometimes they hire a genealogist.
2
A genealogist finds clues that help you to learn about your ancestors. You can learn about where your ancestors came from. You can learn about your ancestors' jobs. You can learn about what they looked like. Sometimes you can learn stories about them.
3
Some people want to prove that an ancestor was in an important event like a war. Some people want to know if they are a descendant of a famous person.
4
Other people just want to know their family lineage. Knowing about their ancestors can help them to understand themselves better.
5
Sometimes the genealogist finds clues using the computer. Sometimes she uses a library. She might talk to individuals in other countries. She might travel to other places to get clues.: What do genealogists have to do first?
Travel to other places
Find clues
Talk to people
Identify what genealogists do first when researching ancestors: find clues.
**Primary domain:** Reading comprehension—sequencing and identifying explicitly stated details.  

**Justification:** The item requires recognizing that genealogists must **find clues** before traveling or talking to people, based on the passage’s description of their work.
This is a low-demand comprehension item requiring literal recall and minimal sequencing: identify the genealogist’s first task as “find clues.” The distractors—traveling and talking to people—are also mentioned as later methods, creating a mild “first” distinction but no complex reasoning or synthesis.
This item requires a **low level of cognitive ability and reading comprehension**. The respondent must identify a directly stated, literal detail—“find clues”—with minimal inference or vocabulary demands.","Original Text: Teacher Directions to Read Aloud: “Now you will read the passage silently by yourself and then answer the questions. There are 3 answer choices for each question but only one correct answer. Circle the answer that you think is correct. After question 7, stop and wait for your teacher to read the directions. You may begin.” “Genealogists and our descendants” © READS Lab
1
Some people want to know more about their ancestors. They want to know about their relatives who lived a long time ago. Often there are no living family members who know about those relatives. So sometimes they hire a genealogist.
2
A genealogist finds clues that help you to learn about your ancestors. You can learn about where your ancestors came from. You can learn about your ancestors' jobs. You can learn about what they looked like. Sometimes you can learn stories about them.
3
Some people want to prove that an ancestor was in an important event like a war. Some people want to know if they are a descendant of a famous person.
4
Other people just want to know their family lineage. Knowing about their ancestors can help them to understand themselves better.
5
Sometimes the genealogist finds clues using the computer. Sometimes she uses a library. She might talk to individuals in other countries. She might travel to other places to get clues.: What do genealogists have to do first?
Travel to other places
Find clues
Talk to people
Identify the first task genealogists perform: finding clues about a person’s ancestors.
**Primary skill: Reading comprehension—identifying an explicitly stated sequence/detail.** The item requires students to infer from the passage that genealogists must first **find clues** before using activities such as travel or talking to people to gather them.
This is a low-to-moderate demand reading-comprehension item requiring recall plus a simple sequencing/generalization inference: genealogists must **find clues** before optional actions like traveling or talking to people. Cognitive load comes from the word **“first”** and plausible distractors that are explicitly mentioned as clue-gathering methods.
This item requires a **low level of reading comprehension ability**, because the correct answer (“Find clues”) is directly stated and the distractors are later methods of finding those clues.",1.0821602966739077,-0.4235865583207031,-0.4422883071331936,-0.4248183815654457,0.653888532557816,879.0,gilbert_meta_2,-0.34138056571673203,0.4652542584069006,-0.2062211878258139,0.2810508137985274,0.9382192614545036,0.4396887238396192,0.5623169030376628,0.2635251818501131,1.3596169169881906,0.44931506950720906,0.8345568482761776,0.27579751590733187,-1.5998035307667746,0.5050403242019692,-1.6133816290663179,0.50932678002943,-1.6982688036246236,0.5452189403821667,-1.1145083584258177,0.35780617587220565,-1.208543763855781,0.4878918650071456,-0.7693773029052482,0.3105993663076014,-0.17631793318107192,0.44690904863089204,-0.1075893241552157,0.27270420900220665
18,"Teacher Directions to Read Aloud: “Now you will read the passage silently by yourself and then answer the questions. There are 3 answer choices for each question but only one correct answer. Circle the answer that you think is correct. After question 7, stop and wait for your teacher to read the directions. You may begin.” “Genealogists and our descendants” © READS Lab
1
Some people want to know more about their ancestors. They want to know about their relatives who lived a long time ago. Often there are no living family members who know about those relatives. So sometimes they hire a genealogist.
2
A genealogist finds clues that help you to learn about your ancestors. You can learn about where your ancestors came from. You can learn about your ancestors' jobs. You can learn about what they looked like. Sometimes you can learn stories about them.
3
Some people want to prove that an ancestor was in an important event like a war. Some people want to know if they are a descendant of a famous person.
4
Other people just want to know their family lineage. Knowing about their ancestors can help them to understand themselves better.
5
Sometimes the genealogist finds clues using the computer. Sometimes she uses a library. She might talk to individuals in other countries. She might travel to other places to get clues.",Why does the author think genealogists are important?,"Teacher Directions to Read Aloud: “Now you will read the passage silently by yourself and then answer the questions. There are 3 answer choices for each question but only one correct answer. Circle the answer that you think is correct. After question 7, stop and wait for your teacher to read the directions. You may begin.” “Genealogists and our descendants” © READS Lab
1
Some people want to know more about their ancestors. They want to know about their relatives who lived a long time ago. Often there are no living family members who know about those relatives. So sometimes they hire a genealogist.
2
A genealogist finds clues that help you to learn about your ancestors. You can learn about where your ancestors came from. You can learn about your ancestors' jobs. You can learn about what they looked like. Sometimes you can learn stories about them.
3
Some people want to prove that an ancestor was in an important event like a war. Some people want to know if they are a descendant of a famous person.
4
Other people just want to know their family lineage. Knowing about their ancestors can help them to understand themselves better.
5
Sometimes the genealogist finds clues using the computer. Sometimes she uses a library. She might talk to individuals in other countries. She might travel to other places to get clues.: Why does the author think genealogists are important?
They are able to help famous people plan their jobs
They talk to people in other countries and cities
They help people find relatives from a long time ago","Original Text: Teacher Directions to Read Aloud: “Now you will read the passage silently by yourself and then answer the questions. There are 3 answer choices for each question but only one correct answer. Circle the answer that you think is correct. After question 7, stop and wait for your teacher to read the directions. You may begin.” “Genealogists and our descendants” © READS Lab
1
Some people want to know more about their ancestors. They want to know about their relatives who lived a long time ago. Often there are no living family members who know about those relatives. So sometimes they hire a genealogist.
2
A genealogist finds clues that help you to learn about your ancestors. You can learn about where your ancestors came from. You can learn about your ancestors' jobs. You can learn about what they looked like. Sometimes you can learn stories about them.
3
Some people want to prove that an ancestor was in an important event like a war. Some people want to know if they are a descendant of a famous person.
4
Other people just want to know their family lineage. Knowing about their ancestors can help them to understand themselves better.
5
Sometimes the genealogist finds clues using the computer. Sometimes she uses a library. She might talk to individuals in other countries. She might travel to other places to get clues.: Why does the author think genealogists are important?
They are able to help famous people plan their jobs
They talk to people in other countries and cities
They help people find relatives from a long time ago
The core task of this item is to identify the author's perspective on the importance of genealogists based on a provided reading passage. The scenario requires the reader to analyze the text's description of genealogical work and select the most accurate reason for their significance from three multiple-choice options.
This item measures the primary skill of **reading comprehension**, specifically the ability to identify key details and an author’s perspective within a text. The question requires the reader to synthesize information from the passage to determine the specific reason the author provides for the importance of genealogists, distinguishing the central purpose from secondary details or incorrect inferences.
This analysis evaluates the cognitive demand and structural elements of the reading comprehension item regarding the importance of genealogists.

**Cognitive Demand**
This item requires **synthesis**. To identify why the author considers genealogists important, the reader must integrate information across multiple paragraphs—specifically the need to find relatives when no living members remain (Paragraph 1) and the value of understanding one's lineage (Paragraph 4)—rather than relying on a single sentence of recall.

**Structural and Semantic Elements**
*   **Detail-Based Distractors:** Option 2 uses a specific procedural detail from the text (talking to people in other countries) to distract from the broader purpose, requiring the reader to distinguish between a method and a primary objective.
*   **Keyword Scrambling:** Option 1 functions as a ""tricky distractor"" by recombining unrelated keywords from the text (""famous person"" and ""jobs"") into a logically incorrect statement.
*   **Abstract Inference:** The question asks for the author’s perspective on ""importance,"" which increases cognitive load by requiring the reader to evaluate the hierarchy of information rather than just identifying stated facts.
To describe the level of the underlying latent trait required for this item, the respondent must possess a **low to moderate level of literal reading comprehension**. Successfully answering requires the ability to identify the primary function of a subject within a simple, multi-paragraph text and distinguish the author's main point from supporting details or methods.","Original Text: Teacher Directions to Read Aloud: “Now you will read the passage silently by yourself and then answer the questions. There are 3 answer choices for each question but only one correct answer. Circle the answer that you think is correct. After question 7, stop and wait for your teacher to read the directions. You may begin.” “Genealogists and our descendants” © READS Lab
1
Some people want to know more about their ancestors. They want to know about their relatives who lived a long time ago. Often there are no living family members who know about those relatives. So sometimes they hire a genealogist.
2
A genealogist finds clues that help you to learn about your ancestors. You can learn about where your ancestors came from. You can learn about your ancestors' jobs. You can learn about what they looked like. Sometimes you can learn stories about them.
3
Some people want to prove that an ancestor was in an important event like a war. Some people want to know if they are a descendant of a famous person.
4
Other people just want to know their family lineage. Knowing about their ancestors can help them to understand themselves better.
5
Sometimes the genealogist finds clues using the computer. Sometimes she uses a library. She might talk to individuals in other countries. She might travel to other places to get clues.: Why does the author think genealogists are important?
They are able to help famous people plan their jobs
They talk to people in other countries and cities
They help people find relatives from a long time ago
A summary of the core task and scenario presented in this item is that a student must independently read an informational passage about genealogists and answer a multiple-choice reading comprehension question identifying why the author believes genealogists are important.
To identify the primary skill this item attempts to measure and provide a concise justification:

**Primary Skill:** Reading comprehension (specifically, identifying the main idea and author's purpose). 

**Justification:** The item requires the student to read a passage silently, process the information, and synthesize the text's details to correctly determine the author's central argument regarding the value of genealogists from a set of multiple-choice options.
To evaluate the cognitive demand and structural elements that affect the difficulty of this reading comprehension item: 

This cognitive item requires basic synthesis and recall to connect the overarching purpose of a genealogist described in the text to the question of why they are important. The cognitive load is increased by tricky distractors that use verbatim vocabulary from the passage (e.g., ""famous people,"" ""jobs,"" ""talk to people in other countries"") in incorrect contexts, forcing the reader to comprehend the actual meaning rather than rely on superficial word-matching.
To successfully answer this reading comprehension item, a low to moderate level of the underlying latent trait of cognitive ability is required, as the correct answer relies on basic, literal recall of information explicitly stated in the first paragraph of the text.","Original Text: Teacher Directions to Read Aloud: “Now you will read the passage silently by yourself and then answer the questions. There are 3 answer choices for each question but only one correct answer. Circle the answer that you think is correct. After question 7, stop and wait for your teacher to read the directions. You may begin.” “Genealogists and our descendants” © READS Lab
1
Some people want to know more about their ancestors. They want to know about their relatives who lived a long time ago. Often there are no living family members who know about those relatives. So sometimes they hire a genealogist.
2
A genealogist finds clues that help you to learn about your ancestors. You can learn about where your ancestors came from. You can learn about your ancestors' jobs. You can learn about what they looked like. Sometimes you can learn stories about them.
3
Some people want to prove that an ancestor was in an important event like a war. Some people want to know if they are a descendant of a famous person.
4
Other people just want to know their family lineage. Knowing about their ancestors can help them to understand themselves better.
5
Sometimes the genealogist finds clues using the computer. Sometimes she uses a library. She might talk to individuals in other countries. She might travel to other places to get clues.: Why does the author think genealogists are important?
They are able to help famous people plan their jobs
They talk to people in other countries and cities
They help people find relatives from a long time ago
The core task requires the reader to independently review a short informational passage about genealogy and answer a multiple-choice comprehension question identifying why the author considers genealogists to be important.
**Target Skill / Domain:** Reading Comprehension (Informational Text: Identifying Key Details and Central Ideas)

**Justification:** This item evaluates a reader's ability to extract central details and comprehend an author's main point within an informational passage by requiring the student to identify the primary reason genealogists are valued based on explicit textual evidence.
### Item Demand and Cognitive Complexity Analysis

This reading comprehension item possesses a **low-to-moderate cognitive demand**, requiring **basic synthesis and main-idea identification** rather than simple recall or complex, multi-step reasoning. The reader must integrate the overarching purpose presented across the passage (connecting genealogists to discovering ancestors) rather than locating a single, verbatim sentence.

### Key Structural and Semantic Elements

* **Detail vs. Main Idea Distractor:** One distractor cites a true supporting detail from the text (communicating with people in other countries). This increases cognitive load by testing whether the reader can differentiate between a specific procedural action and the primary, overarching reason genealogists are important.
* **Lexical Trapping:** Another option recombines familiar passage keywords (""famous,"" ""jobs"") into an inaccurate statement, designed to catch readers relying on superficial word-matching rather than comprehension.
* **Low Linguistic Load:** The passage and question use simple syntax, short sentences, familiar vocabulary, and a three-option format, which keeps working-memory demands minimal.
The level of the underlying latent trait—elementary reading comprehension and textual retrieval ability—required to successfully answer this item is low to basic. The task demands only basic main-idea identification and literal comprehension, as the correct response directly mirrors the explicitly stated central purpose of a genealogist found in the opening paragraphs with minimal inferential reasoning.","Original Text: Teacher Directions to Read Aloud: “Now you will read the passage silently by yourself and then answer the questions. There are 3 answer choices for each question but only one correct answer. Circle the answer that you think is correct. After question 7, stop and wait for your teacher to read the directions. You may begin.” “Genealogists and our descendants” © READS Lab
1
Some people want to know more about their ancestors. They want to know about their relatives who lived a long time ago. Often there are no living family members who know about those relatives. So sometimes they hire a genealogist.
2
A genealogist finds clues that help you to learn about your ancestors. You can learn about where your ancestors came from. You can learn about your ancestors' jobs. You can learn about what they looked like. Sometimes you can learn stories about them.
3
Some people want to prove that an ancestor was in an important event like a war. Some people want to know if they are a descendant of a famous person.
4
Other people just want to know their family lineage. Knowing about their ancestors can help them to understand themselves better.
5
Sometimes the genealogist finds clues using the computer. Sometimes she uses a library. She might talk to individuals in other countries. She might travel to other places to get clues.: Why does the author think genealogists are important?
They are able to help famous people plan their jobs
They talk to people in other countries and cities
They help people find relatives from a long time ago
The item asks the reader to identify why genealogists are important, based on a passage about how they help people learn about ancestors and family history.
Primary domain: reading comprehension / informational text understanding. The item measures the ability to identify the author’s main idea or purpose from a short passage, since the correct choice reflects why genealogists are important based on details in the text.
This is a low-demand reading comprehension item with simple recall and direct text matching, not multi-step reasoning or synthesis. Endorsing the correct choice requires only identifying the stated purpose of genealogists from the passage. The structure is straightforward, with no tricky distractors, conditional logic, or emotionally loaded wording; the main load comes from basic passage comprehension and selecting the option that matches the explicit detail.
A low-to-moderate reading comprehension level is needed to identify that genealogists are important because they help people find long-ago relatives.","Original Text: Teacher Directions to Read Aloud: “Now you will read the passage silently by yourself and then answer the questions. There are 3 answer choices for each question but only one correct answer. Circle the answer that you think is correct. After question 7, stop and wait for your teacher to read the directions. You may begin.” “Genealogists and our descendants” © READS Lab
1
Some people want to know more about their ancestors. They want to know about their relatives who lived a long time ago. Often there are no living family members who know about those relatives. So sometimes they hire a genealogist.
2
A genealogist finds clues that help you to learn about your ancestors. You can learn about where your ancestors came from. You can learn about your ancestors' jobs. You can learn about what they looked like. Sometimes you can learn stories about them.
3
Some people want to prove that an ancestor was in an important event like a war. Some people want to know if they are a descendant of a famous person.
4
Other people just want to know their family lineage. Knowing about their ancestors can help them to understand themselves better.
5
Sometimes the genealogist finds clues using the computer. Sometimes she uses a library. She might talk to individuals in other countries. She might travel to other places to get clues.: Why does the author think genealogists are important?
They are able to help famous people plan their jobs
They talk to people in other countries and cities
They help people find relatives from a long time ago
The item asks why the author considers genealogists important, with the core idea that they help people learn about ancestors and relatives from long ago.
Primary construct: Reading comprehension, specifically identifying the author’s main idea/purpose.

Justification: The item asks why the author thinks genealogists are important, requiring the reader to understand the passage’s central point—that genealogists help people learn about ancestors from long ago—and select the answer that best reflects that idea.
Core ask: assess the item’s cognitive demand and note features that raise difficulty.

Low-to-moderate cognitive demand: mainly recall/inference from the passage rather than multi-step reasoning or synthesis. The reader must identify the author’s main idea about why genealogists matter, integrating several supporting details into the best summary.

Load-increasing elements:
- Main-idea question asks “why the author thinks genealogists are important,” requiring global understanding, not simple fact lookup.
- Distractors are text-based and plausible:
  - one lifts a minor detail (“talk to people in other countries and cities”),
  - one distorts content (“help famous people plan their jobs”).
- Passage includes several examples of what genealogists do, so the student must distinguish central idea from supporting details.
- Otherwise phrasing is straightforward, with no conditional logic, emotional wording, or complex syntax.
The item appears to require a low to moderate level of the underlying trait—here, basic reading comprehension. A respondent only needs to understand the passage’s main idea and identify that genealogists are important because they help people learn about ancestors from long ago.","Original Text: Teacher Directions to Read Aloud: “Now you will read the passage silently by yourself and then answer the questions. There are 3 answer choices for each question but only one correct answer. Circle the answer that you think is correct. After question 7, stop and wait for your teacher to read the directions. You may begin.” “Genealogists and our descendants” © READS Lab
1
Some people want to know more about their ancestors. They want to know about their relatives who lived a long time ago. Often there are no living family members who know about those relatives. So sometimes they hire a genealogist.
2
A genealogist finds clues that help you to learn about your ancestors. You can learn about where your ancestors came from. You can learn about your ancestors' jobs. You can learn about what they looked like. Sometimes you can learn stories about them.
3
Some people want to prove that an ancestor was in an important event like a war. Some people want to know if they are a descendant of a famous person.
4
Other people just want to know their family lineage. Knowing about their ancestors can help them to understand themselves better.
5
Sometimes the genealogist finds clues using the computer. Sometimes she uses a library. She might talk to individuals in other countries. She might travel to other places to get clues.: Why does the author think genealogists are important?
They are able to help famous people plan their jobs
They talk to people in other countries and cities
They help people find relatives from a long time ago
The item asks why the author considers genealogists important: they help people learn about relatives who lived long ago.
**Primary skill:** Reading comprehension—identifying the author’s stated purpose or central idea.  

**Justification:** The passage explains that genealogists help people discover information about ancestors and relatives who lived long ago.
This is a low-demand reading-comprehension item requiring recall and basic integration of explicit information, not multi-step reasoning or synthesis. The student must connect genealogists’ role with helping people learn about distant ancestors and relatives. One distractor states a true but secondary detail (talking to people elsewhere), while another is unsupported. The “why” wording requires identifying the central purpose rather than matching a single sentence.
This item requires a **low level of cognitive ability**: basic reading comprehension and literal identification of the passage’s main idea—that genealogists help people find information about relatives from long ago.","Original Text: Teacher Directions to Read Aloud: “Now you will read the passage silently by yourself and then answer the questions. There are 3 answer choices for each question but only one correct answer. Circle the answer that you think is correct. After question 7, stop and wait for your teacher to read the directions. You may begin.” “Genealogists and our descendants” © READS Lab
1
Some people want to know more about their ancestors. They want to know about their relatives who lived a long time ago. Often there are no living family members who know about those relatives. So sometimes they hire a genealogist.
2
A genealogist finds clues that help you to learn about your ancestors. You can learn about where your ancestors came from. You can learn about your ancestors' jobs. You can learn about what they looked like. Sometimes you can learn stories about them.
3
Some people want to prove that an ancestor was in an important event like a war. Some people want to know if they are a descendant of a famous person.
4
Other people just want to know their family lineage. Knowing about their ancestors can help them to understand themselves better.
5
Sometimes the genealogist finds clues using the computer. Sometimes she uses a library. She might talk to individuals in other countries. She might travel to other places to get clues.: Why does the author think genealogists are important?
They are able to help famous people plan their jobs
They talk to people in other countries and cities
They help people find relatives from a long time ago
Identify why genealogists are important: they help people learn about relatives and ancestors from long ago.
**Primary skill: Reading comprehension—identifying the author’s main idea and supporting purpose.** The item requires students to infer why genealogists are important by integrating information across the passage and selecting the answer that best summarizes their role: helping people learn about ancestors from long ago.
This is a low-to-moderate cognitive-demand reading-comprehension item requiring synthesis of the passage’s main idea rather than simple verbatim recall. The student must infer the author’s view of genealogists’ importance and distinguish it from a plausible detail-based distractor (“talk to people in other countries”) and an unsupported option about famous people’s jobs. Straightforward wording and three choices limit load; the main challenge is selecting the broad purpose over specific details.
This item requires a **low level of reading comprehension ability**, as the correct answer—genealogists help people learn about relatives from long ago—is stated directly and reinforced throughout the passage.",2.090012250911593,-0.2768569641819408,-0.4270659379318956,-0.4081057170038298,0.664908582963522,886.0,gilbert_meta_2,0.9763368764956418,0.3976220326071862,0.5897856252196372,0.24019553572949479,-0.48459730339077267,0.4145109797289075,-0.29044090870683525,0.24843503003223044,-0.6321056848522304,0.4155816668907399,-0.3879976201651763,0.2550913582996472,-0.5491304193616746,0.3666202995884173,-0.5537910834182095,0.36973193571790725,1.3518630627905948,0.4111739405438404,0.8871756224406678,0.2698376090551334,0.818417015446018,0.39128582288572655,0.5210166936666767,0.24909849364197753,0.853135544614897,0.3919212622487035,0.5205838963847518,0.23915062391352807
19,"Teacher Directions to Read Aloud: “Now you will read the passage silently by yourself and then answer the questions. There are 3 answer choices for each question but only one correct answer. Circle the answer that you think is correct. After question 7, stop and wait for your teacher to read the directions. You may begin.” “Genealogists and our descendants” © READS Lab
1
Some people want to know more about their ancestors. They want to know about their relatives who lived a long time ago. Often there are no living family members who know about those relatives. So sometimes they hire a genealogist.
2
A genealogist finds clues that help you to learn about your ancestors. You can learn about where your ancestors came from. You can learn about your ancestors' jobs. You can learn about what they looked like. Sometimes you can learn stories about them.
3
Some people want to prove that an ancestor was in an important event like a war. Some people want to know if they are a descendant of a famous person.
4
Other people just want to know their family lineage. Knowing about their ancestors can help them to understand themselves better.
5
Sometimes the genealogist finds clues using the computer. Sometimes she uses a library. She might talk to individuals in other countries. She might travel to other places to get clues.",What is one reason people want to find ancestors?,"Teacher Directions to Read Aloud: “Now you will read the passage silently by yourself and then answer the questions. There are 3 answer choices for each question but only one correct answer. Circle the answer that you think is correct. After question 7, stop and wait for your teacher to read the directions. You may begin.” “Genealogists and our descendants” © READS Lab
1
Some people want to know more about their ancestors. They want to know about their relatives who lived a long time ago. Often there are no living family members who know about those relatives. So sometimes they hire a genealogist.
2
A genealogist finds clues that help you to learn about your ancestors. You can learn about where your ancestors came from. You can learn about your ancestors' jobs. You can learn about what they looked like. Sometimes you can learn stories about them.
3
Some people want to prove that an ancestor was in an important event like a war. Some people want to know if they are a descendant of a famous person.
4
Other people just want to know their family lineage. Knowing about their ancestors can help them to understand themselves better.
5
Sometimes the genealogist finds clues using the computer. Sometimes she uses a library. She might talk to individuals in other countries. She might travel to other places to get clues.: What is one reason people want to find ancestors?
To prove their relative was an important person
To become famous like their ancestors
To use the computer to find out facts","Original Text: Teacher Directions to Read Aloud: “Now you will read the passage silently by yourself and then answer the questions. There are 3 answer choices for each question but only one correct answer. Circle the answer that you think is correct. After question 7, stop and wait for your teacher to read the directions. You may begin.” “Genealogists and our descendants” © READS Lab
1
Some people want to know more about their ancestors. They want to know about their relatives who lived a long time ago. Often there are no living family members who know about those relatives. So sometimes they hire a genealogist.
2
A genealogist finds clues that help you to learn about your ancestors. You can learn about where your ancestors came from. You can learn about your ancestors' jobs. You can learn about what they looked like. Sometimes you can learn stories about them.
3
Some people want to prove that an ancestor was in an important event like a war. Some people want to know if they are a descendant of a famous person.
4
Other people just want to know their family lineage. Knowing about their ancestors can help them to understand themselves better.
5
Sometimes the genealogist finds clues using the computer. Sometimes she uses a library. She might talk to individuals in other countries. She might travel to other places to get clues.: What is one reason people want to find ancestors?
To prove their relative was an important person
To become famous like their ancestors
To use the computer to find out facts
The core task of this item is to identify a specific motivation for researching family history based on the provided reading passage about genealogists. Students must select the correct reason people seek information about their ancestors from three multiple-choice options.
This item measures the primary skill of **Reading Comprehension (Literal Retrieval)**.

**Justification:** The item requires the reader to locate and identify a specific detail explicitly stated in the text—the motivation for finding ancestors—to select the correct answer from the provided options.
This analysis evaluates the cognitive demand and structural complexity of the genealogy comprehension item. The item requires **recall** and **synthesis** to identify specific motivations for hiring a genealogist. Structural elements increasing cognitive load include **semantic substitution** (replacing the text's ""important event"" with the answer choice's ""important person"") and **categorical distractors** that utilize keywords from the text (""famous,"" ""computer"") but misrepresent their context, requiring the reader to distinguish between a client's goal and a genealogist's method.
To describe the level of the underlying latent trait required for a respondent to successfully answer this item, the analysis indicates a **low level of reading comprehension**. The item requires literal retrieval of information explicitly stated in the text, utilizing basic vocabulary and simple sentence structures with minimal need for complex inference or synthesis.","Original Text: Teacher Directions to Read Aloud: “Now you will read the passage silently by yourself and then answer the questions. There are 3 answer choices for each question but only one correct answer. Circle the answer that you think is correct. After question 7, stop and wait for your teacher to read the directions. You may begin.” “Genealogists and our descendants” © READS Lab
1
Some people want to know more about their ancestors. They want to know about their relatives who lived a long time ago. Often there are no living family members who know about those relatives. So sometimes they hire a genealogist.
2
A genealogist finds clues that help you to learn about your ancestors. You can learn about where your ancestors came from. You can learn about your ancestors' jobs. You can learn about what they looked like. Sometimes you can learn stories about them.
3
Some people want to prove that an ancestor was in an important event like a war. Some people want to know if they are a descendant of a famous person.
4
Other people just want to know their family lineage. Knowing about their ancestors can help them to understand themselves better.
5
Sometimes the genealogist finds clues using the computer. Sometimes she uses a library. She might talk to individuals in other countries. She might travel to other places to get clues.: What is one reason people want to find ancestors?
To prove their relative was an important person
To become famous like their ancestors
To use the computer to find out facts
To summarize the core task and scenario presented in the text: The item outlines a reading comprehension assessment where a student silently reads an informational passage about genealogy and answers a multiple-choice question identifying a text-supported reason why people research their ancestors.
In determining the primary skill this item attempts to measure and providing a brief rationale:

**Primary Skill:** Reading Comprehension (Literal Information Retrieval)

**Justification:** The item requires the reader to process a written passage and locate explicitly stated details within the text to correctly answer a multiple-choice question about people's motivations for finding their ancestors.
To analyze the cognitive demand, reasoning level, and structural elements impacting the difficulty of this reading comprehension item:

This cognitive item requires basic recall and literal comprehension. It asks the reader to locate and identify a directly stated motivation from the text. 

The cognitive load is increased by tricky distractors that utilize deceptive word-matching. The incorrect options extract familiar vocabulary directly from the passage (""famous,"" ""computer"") but misapply the context, requiring the reader to accurately distinguish between the client's motivations (paragraph 3) and the genealogist's research methods (paragraph 5).
Regarding the overall level of the underlying latent trait required to successfully answer this item, a respondent needs a low to moderate level of reading comprehension and cognitive ability. The question requires basic literal comprehension and simple paraphrasing to connect the passage's explicit statement about wanting to know if an ancestor was a ""famous person"" to the correct answer choice about proving a relative was an ""important person.""","Original Text: Teacher Directions to Read Aloud: “Now you will read the passage silently by yourself and then answer the questions. There are 3 answer choices for each question but only one correct answer. Circle the answer that you think is correct. After question 7, stop and wait for your teacher to read the directions. You may begin.” “Genealogists and our descendants” © READS Lab
1
Some people want to know more about their ancestors. They want to know about their relatives who lived a long time ago. Often there are no living family members who know about those relatives. So sometimes they hire a genealogist.
2
A genealogist finds clues that help you to learn about your ancestors. You can learn about where your ancestors came from. You can learn about your ancestors' jobs. You can learn about what they looked like. Sometimes you can learn stories about them.
3
Some people want to prove that an ancestor was in an important event like a war. Some people want to know if they are a descendant of a famous person.
4
Other people just want to know their family lineage. Knowing about their ancestors can help them to understand themselves better.
5
Sometimes the genealogist finds clues using the computer. Sometimes she uses a library. She might talk to individuals in other countries. She might travel to other places to get clues.: What is one reason people want to find ancestors?
To prove their relative was an important person
To become famous like their ancestors
To use the computer to find out facts
The core task presented is a reading comprehension assessment requiring the student to read an informational text about genealogists and select the text-supported reason explaining why individuals choose to research their ancestors.
**Target Construct:** Reading Comprehension (specifically, Literal Comprehension / Locating Explicit Key Details).

**Justification:** This assessment item evaluates a reader's ability to locate and retrieve directly stated factual information from the text, as answering the question requires identifying the explicitly mentioned motivations for researching ancestors described in paragraph 3.
**Demand Analysis of the Reading Comprehension Item:**

* **Demand Level:** The item primarily requires **literal recall and simple matching with slight paraphrasing**, rather than multi-step reasoning or high-level synthesis. The test-taker must locate the reasons people seek ancestors in Paragraph 3 and align them with the correct choice.
* **Structural and Semantic Elements Affecting Cognitive Load:**
  * **Keyword Distractors:** The incorrect options introduce semantic traps by borrowing explicit vocabulary directly from the passage (""famous"" from Paragraph 3 and ""computer"" from Paragraph 5), requiring the reader to distinguish between the actual motive, an altered claim of personal fame, and a method used by the genealogist.
  * **Slight Paraphrasing:** The correct answer (""prove their relative was an important person"") synthesizes concepts from the text (""important event"" and ""famous person""), requiring basic conceptual alignment rather than exact verbatim matching.
The level of the underlying latent trait—specifically, elementary-level reading comprehension ability—required to successfully answer this item is **low to moderate**. Successfully responding requires only basic literal retrieval and simple paraphrasing of directly stated textual details rather than complex inferential reasoning.","Original Text: Teacher Directions to Read Aloud: “Now you will read the passage silently by yourself and then answer the questions. There are 3 answer choices for each question but only one correct answer. Circle the answer that you think is correct. After question 7, stop and wait for your teacher to read the directions. You may begin.” “Genealogists and our descendants” © READS Lab
1
Some people want to know more about their ancestors. They want to know about their relatives who lived a long time ago. Often there are no living family members who know about those relatives. So sometimes they hire a genealogist.
2
A genealogist finds clues that help you to learn about your ancestors. You can learn about where your ancestors came from. You can learn about your ancestors' jobs. You can learn about what they looked like. Sometimes you can learn stories about them.
3
Some people want to prove that an ancestor was in an important event like a war. Some people want to know if they are a descendant of a famous person.
4
Other people just want to know their family lineage. Knowing about their ancestors can help them to understand themselves better.
5
Sometimes the genealogist finds clues using the computer. Sometimes she uses a library. She might talk to individuals in other countries. She might travel to other places to get clues.: What is one reason people want to find ancestors?
To prove their relative was an important person
To become famous like their ancestors
To use the computer to find out facts
The task is to identify one reason people want to learn about their ancestors.
Primary domain: reading comprehension, specifically identifying a stated detail from a short informational passage. The item measures the ability to recall the passage’s explicit reason people seek ancestors, rather than infer or interpret beyond the text.
Low-to-moderate demand: it mainly requires simple recall/comprehension from the passage, not multi-step reasoning or synthesis. The correct choice is supported directly by the text, while the other options are distractors that are semantically related but unsupported. No severe symptom, strong belief, or deep introspection is needed; endorsement threshold is low.
A low level of reading comprehension is needed to answer this item correctly; it mainly requires basic understanding of the passage and identifying a stated reason people seek ancestors.","Original Text: Teacher Directions to Read Aloud: “Now you will read the passage silently by yourself and then answer the questions. There are 3 answer choices for each question but only one correct answer. Circle the answer that you think is correct. After question 7, stop and wait for your teacher to read the directions. You may begin.” “Genealogists and our descendants” © READS Lab
1
Some people want to know more about their ancestors. They want to know about their relatives who lived a long time ago. Often there are no living family members who know about those relatives. So sometimes they hire a genealogist.
2
A genealogist finds clues that help you to learn about your ancestors. You can learn about where your ancestors came from. You can learn about your ancestors' jobs. You can learn about what they looked like. Sometimes you can learn stories about them.
3
Some people want to prove that an ancestor was in an important event like a war. Some people want to know if they are a descendant of a famous person.
4
Other people just want to know their family lineage. Knowing about their ancestors can help them to understand themselves better.
5
Sometimes the genealogist finds clues using the computer. Sometimes she uses a library. She might talk to individuals in other countries. She might travel to other places to get clues.: What is one reason people want to find ancestors?
To prove their relative was an important person
To become famous like their ancestors
To use the computer to find out facts
The item asks the reader to identify one reason people want to learn about their ancestors, based on the passage about genealogists and family history.
This item is primarily measuring reading comprehension, specifically the skill of identifying an explicitly stated supporting detail in an informational passage. The question asks the reader to extract one stated reason people want to find ancestors from the text and distinguish it from plausible but unsupported distractors.
Core ask: assess the item’s cognitive demand and note wording/features that raise difficulty.

Low-to-moderate cognitive demand: mainly explicit recall with light inference. The reader must identify a stated reason people want to find ancestors and distinguish it from distractors, but it does not require multi-step reasoning or synthesis.

Load-increasing elements:
- Passage-to-question mapping: the correct idea is paraphrased, not copied exactly.
- Distractors are text-related, which makes them plausible:
  - “To become famous like their ancestors” twists the “famous person” detail.
  - “To use the computer to find out facts” uses a method from the passage, not a reason.
- Mild vocabulary demand: “ancestors,” “descendant,” “lineage,” “genealogist.”
- No conditional logic, strong emotional wording, or severe endorsement threshold.
This item appears to require a low-to-moderate level of the underlying latent trait—enough reading comprehension to identify an explicitly stated reason for researching ancestors, but not deep inference or advanced ability. A respondent with below-average to average proficiency on the trait would likely be able to answer it successfully.","Original Text: Teacher Directions to Read Aloud: “Now you will read the passage silently by yourself and then answer the questions. There are 3 answer choices for each question but only one correct answer. Circle the answer that you think is correct. After question 7, stop and wait for your teacher to read the directions. You may begin.” “Genealogists and our descendants” © READS Lab
1
Some people want to know more about their ancestors. They want to know about their relatives who lived a long time ago. Often there are no living family members who know about those relatives. So sometimes they hire a genealogist.
2
A genealogist finds clues that help you to learn about your ancestors. You can learn about where your ancestors came from. You can learn about your ancestors' jobs. You can learn about what they looked like. Sometimes you can learn stories about them.
3
Some people want to prove that an ancestor was in an important event like a war. Some people want to know if they are a descendant of a famous person.
4
Other people just want to know their family lineage. Knowing about their ancestors can help them to understand themselves better.
5
Sometimes the genealogist finds clues using the computer. Sometimes she uses a library. She might talk to individuals in other countries. She might travel to other places to get clues.: What is one reason people want to find ancestors?
To prove their relative was an important person
To become famous like their ancestors
To use the computer to find out facts
Identify why people want to learn about their ancestors by selecting the correct answer from three choices.
**Primary skill:** Reading comprehension—identifying explicitly stated supporting details.  

**Justification:** The item asks students to locate a reason from the passage for researching ancestors; the text states that some people want to prove an ancestor participated in an important event.
This is a low-demand reading-comprehension item requiring explicit-detail recall and a one-step match, not multi-step reasoning or synthesis. The correct idea is that people may want to prove an ancestor’s connection to something important; distractors confuse a research method (“use the computer”) with a purpose or infer an unsupported desire to become famous. The wording is simple, with minimal cognitive load; “important person” is a slightly imprecise distractor relative to the passage’s “important event” or “famous person.”
This item requires a **low overall level of reading comprehension and cognitive ability**. The respondent must identify a stated reason in the passage and distinguish it from unrelated distractors; basic understanding of the text and simple verbal matching are sufficient.","Original Text: Teacher Directions to Read Aloud: “Now you will read the passage silently by yourself and then answer the questions. There are 3 answer choices for each question but only one correct answer. Circle the answer that you think is correct. After question 7, stop and wait for your teacher to read the directions. You may begin.” “Genealogists and our descendants” © READS Lab
1
Some people want to know more about their ancestors. They want to know about their relatives who lived a long time ago. Often there are no living family members who know about those relatives. So sometimes they hire a genealogist.
2
A genealogist finds clues that help you to learn about your ancestors. You can learn about where your ancestors came from. You can learn about your ancestors' jobs. You can learn about what they looked like. Sometimes you can learn stories about them.
3
Some people want to prove that an ancestor was in an important event like a war. Some people want to know if they are a descendant of a famous person.
4
Other people just want to know their family lineage. Knowing about their ancestors can help them to understand themselves better.
5
Sometimes the genealogist finds clues using the computer. Sometimes she uses a library. She might talk to individuals in other countries. She might travel to other places to get clues.: What is one reason people want to find ancestors?
To prove their relative was an important person
To become famous like their ancestors
To use the computer to find out facts
Identify one reason people research their ancestors: to prove a relative was an important person.
**Primary skill: Reading comprehension—identifying an explicitly stated detail.** The item requires students to recognize that people may research ancestors to prove a relative was important or involved in an important event, as directly stated in the passage.
This item requires basic passage recall and matching. The correct answer paraphrases an explicitly stated reason. Cognitive load is low, though “important person” slightly generalizes the passage’s examples of a famous person or participation in an important event. The distractors are plausible because they reuse passage words (“famous,” “computer”) but confuse a goal with an outcome or research method.
This item requires a **low level of reading comprehension ability**. The answer is stated directly in the passage, and the distractors are clearly unsupported, so respondents need only basic recall and recognition of an explicitly stated reason.",1.4928904507060374,-0.1704989801963464,-0.2063276855730979,-0.165529270222259,0.8474450579366984,989.0,gilbert_meta_2,-1.4628460941281514,0.5227726224092017,-0.8836761357639115,0.3157965097682108,-0.6454892849817226,0.47363815111508833,-0.38687069279755854,0.283872596990417,0.09996791216536638,0.4382456378925385,0.06136206799359986,0.2690029035094425,-0.7202329598990238,0.40659212701136543,-0.7263458317235989,0.4100430181753164,-0.11002023559372298,0.4395098214430021,-0.07220204004423603,0.28843335552240146,-0.9732006844492334,0.48171983215864117,-0.6195543266039674,0.3066701565193892,-1.5279987117698925,0.5191276803881388,-0.932385865370451,0.31677206779565753
20,"Teacher Directions to Read Aloud: “Now you will read the passage silently by yourself and then answer the questions. There are 3 answer choices for each question but only one correct answer. Circle the answer that you think is correct. After question 7, stop and wait for your teacher to read the directions. You may begin.” “Genealogists and our descendants” © READS Lab
1
Some people want to know more about their ancestors. They want to know about their relatives who lived a long time ago. Often there are no living family members who know about those relatives. So sometimes they hire a genealogist.
2
A genealogist finds clues that help you to learn about your ancestors. You can learn about where your ancestors came from. You can learn about your ancestors' jobs. You can learn about what they looked like. Sometimes you can learn stories about them.
3
Some people want to prove that an ancestor was in an important event like a war. Some people want to know if they are a descendant of a famous person.
4
Other people just want to know their family lineage. Knowing about their ancestors can help them to understand themselves better.
5
Sometimes the genealogist finds clues using the computer. Sometimes she uses a library. She might talk to individuals in other countries. She might travel to other places to get clues.","What is similar about the work that paleontologists, archaeologists, and genealogists do?","Teacher Directions to Read Aloud: “Now you will read the passage silently by yourself and then answer the questions. There are 3 answer choices for each question but only one correct answer. Circle the answer that you think is correct. After question 7, stop and wait for your teacher to read the directions. You may begin.” “Genealogists and our descendants” © READS Lab
1
Some people want to know more about their ancestors. They want to know about their relatives who lived a long time ago. Often there are no living family members who know about those relatives. So sometimes they hire a genealogist.
2
A genealogist finds clues that help you to learn about your ancestors. You can learn about where your ancestors came from. You can learn about your ancestors' jobs. You can learn about what they looked like. Sometimes you can learn stories about them.
3
Some people want to prove that an ancestor was in an important event like a war. Some people want to know if they are a descendant of a famous person.
4
Other people just want to know their family lineage. Knowing about their ancestors can help them to understand themselves better.
5
Sometimes the genealogist finds clues using the computer. Sometimes she uses a library. She might talk to individuals in other countries. She might travel to other places to get clues.: What is similar about the work that paleontologists, archaeologists, and genealogists do?
They learn about ancestors’ jobs
They learn about things from the past
They learn about living things","Original Text: Teacher Directions to Read Aloud: “Now you will read the passage silently by yourself and then answer the questions. There are 3 answer choices for each question but only one correct answer. Circle the answer that you think is correct. After question 7, stop and wait for your teacher to read the directions. You may begin.” “Genealogists and our descendants” © READS Lab
1
Some people want to know more about their ancestors. They want to know about their relatives who lived a long time ago. Often there are no living family members who know about those relatives. So sometimes they hire a genealogist.
2
A genealogist finds clues that help you to learn about your ancestors. You can learn about where your ancestors came from. You can learn about your ancestors' jobs. You can learn about what they looked like. Sometimes you can learn stories about them.
3
Some people want to prove that an ancestor was in an important event like a war. Some people want to know if they are a descendant of a famous person.
4
Other people just want to know their family lineage. Knowing about their ancestors can help them to understand themselves better.
5
Sometimes the genealogist finds clues using the computer. Sometimes she uses a library. She might talk to individuals in other countries. She might travel to other places to get clues.: What is similar about the work that paleontologists, archaeologists, and genealogists do?
They learn about ancestors’ jobs
They learn about things from the past
They learn about living things
This item asks the reader to identify a commonality between the work of paleontologists, archaeologists, and genealogists based on a provided passage about genealogy. The core task is to determine which of three given statements accurately describes a shared objective of these three professions.
This item measures the primary skill of **Reading Comprehension**, specifically **Synthesis and Generalization**. The question requires the reader to integrate the text's description of genealogists' work with external knowledge of other disciplines to identify a common thematic link regarding the study of the past.
To analyze the cognitive demand and structural complexity of the question regarding the similarities between paleontologists, archaeologists, and genealogists, this item requires **synthesis** and the application of **external knowledge**.

**Cognitive Demand:**
The item demands **synthesis** because the reader must integrate information provided in the text about genealogists with prior knowledge of paleontologists and archaeologists, as the latter two terms are not defined or mentioned in the passage.

**Structural and Semantic Elements:**
*   **External Knowledge Dependency:** The primary cognitive load stems from the requirement to define two external professions to find a commonality.
*   **High-Level Generalization:** The correct answer requires abstracting specific tasks (finding clues, studying ancestors) into the broader category of ""things from the past.""
*   **Specific-Detail Distractor:** The first option (""ancestors’ jobs"") acts as a distractor by using a specific detail mentioned in the text that does not apply to the external professions introduced in the prompt.
To describe the level of the underlying latent trait required to answer the item regarding the similarities between paleontologists, archaeologists, and genealogists, this analysis identifies the necessity for a **moderate to high level of cognitive synthesis and general background knowledge**. 

While the passage provides a foundational definition of genealogy, the item requires the respondent to draw upon external domain knowledge of paleontology and archaeology—information not contained within the text—to identify the commonality of studying the past. Consequently, success depends on the ability to integrate text-based information with prior knowledge and apply categorical reasoning.","Original Text: Teacher Directions to Read Aloud: “Now you will read the passage silently by yourself and then answer the questions. There are 3 answer choices for each question but only one correct answer. Circle the answer that you think is correct. After question 7, stop and wait for your teacher to read the directions. You may begin.” “Genealogists and our descendants” © READS Lab
1
Some people want to know more about their ancestors. They want to know about their relatives who lived a long time ago. Often there are no living family members who know about those relatives. So sometimes they hire a genealogist.
2
A genealogist finds clues that help you to learn about your ancestors. You can learn about where your ancestors came from. You can learn about your ancestors' jobs. You can learn about what they looked like. Sometimes you can learn stories about them.
3
Some people want to prove that an ancestor was in an important event like a war. Some people want to know if they are a descendant of a famous person.
4
Other people just want to know their family lineage. Knowing about their ancestors can help them to understand themselves better.
5
Sometimes the genealogist finds clues using the computer. Sometimes she uses a library. She might talk to individuals in other countries. She might travel to other places to get clues.: What is similar about the work that paleontologists, archaeologists, and genealogists do?
They learn about ancestors’ jobs
They learn about things from the past
They learn about living things
The core task presented in this item is to read an informational passage about genealogists and answer a multiple-choice reading comprehension question requiring the student to identify a shared characteristic—studying the past—among genealogists, paleontologists, and archaeologists.
To identify the primary skill this assessment item attempts to measure and provide a concise justification:

**Primary Skill:** Reading comprehension requiring the integration of textual information with prior background knowledge.

**Justification:** The reading passage exclusively explains the role of a genealogist. To correctly answer the question, the student must synthesize this textual information with their own unprovided, external knowledge regarding the professions of paleontology and archaeology to identify that all three fields study the past.
In analyzing the cognitive demand, reasoning requirements, and structural elements that increase the difficulty of this assessment item:

This cognitive item requires synthesis and the application of outside knowledge. It demands that the reader synthesize the passage's information about genealogists and integrate it with prior, unprovided knowledge about paleontologists and archaeologists to deduce a shared characteristic. 

The structural and semantic elements increasing the cognitive load include:
*   **Outside Knowledge Requirement:** The question introduces terms (""paleontologists,"" ""archaeologists"") entirely absent from the source text, forcing the reader to rely on external vocabulary and concepts rather than just the provided reading material.
*   **Tricky Distractors:** The distractor ""They learn about ancestors’ jobs"" is explicitly stated in the text but applies only to genealogists. This traps readers who rely on simple text recall rather than evaluating the comparative logic required by the prompt.
To assess the magnitude of the underlying latent trait necessary to correctly answer this item, a high level of cognitive ability and reading comprehension is required. The respondent must synthesize literal text comprehension regarding genealogists with unprovided, external prior knowledge about paleontologists and archaeologists to deduce their shared focus on the past.","Original Text: Teacher Directions to Read Aloud: “Now you will read the passage silently by yourself and then answer the questions. There are 3 answer choices for each question but only one correct answer. Circle the answer that you think is correct. After question 7, stop and wait for your teacher to read the directions. You may begin.” “Genealogists and our descendants” © READS Lab
1
Some people want to know more about their ancestors. They want to know about their relatives who lived a long time ago. Often there are no living family members who know about those relatives. So sometimes they hire a genealogist.
2
A genealogist finds clues that help you to learn about your ancestors. You can learn about where your ancestors came from. You can learn about your ancestors' jobs. You can learn about what they looked like. Sometimes you can learn stories about them.
3
Some people want to prove that an ancestor was in an important event like a war. Some people want to know if they are a descendant of a famous person.
4
Other people just want to know their family lineage. Knowing about their ancestors can help them to understand themselves better.
5
Sometimes the genealogist finds clues using the computer. Sometimes she uses a library. She might talk to individuals in other countries. She might travel to other places to get clues.: What is similar about the work that paleontologists, archaeologists, and genealogists do?
They learn about ancestors’ jobs
They learn about things from the past
They learn about living things
The core task presented is a reading comprehension assessment item requiring students to read an informational passage about genealogy and select the correct commonality shared between genealogists, paleontologists, and archaeologists from three multiple-choice options.
**Construct Measured:** Reading comprehension, specifically inferential reasoning and cross-disciplinary conceptual synthesis.

**Justification:** This item evaluates a student's ability to integrate newly acquired passage details regarding genealogy with their prior knowledge of related scientific fields (paleontology and archaeology) to identify a unifying thematic concept (studying the past).
**Cognitive Demand Evaluation**
This item requires **synthesis and multi-step reasoning**, as it asks the reader to integrate information from the passage with unstated external concepts to identify a shared abstract principle.

**Structural and Semantic Elements Increasing Cognitive Load**
* **External Prior Knowledge Requirement:** The question introduces two professions (*paleontologists* and *archaeologists*) that are absent from the text, requiring the reader to draw upon outside world knowledge rather than relying strictly on text-based recall.
* **Conceptual Abstraction:** The correct answer (""They learn about things from the past"") requires categorizing diverse fields under a broad, overarching concept rather than identifying a concrete detail.
* **Surface-Feature Distractor:** The option ""They learn about ancestors’ jobs"" functions as a literal keyword trap, directly lifting phrasing from paragraph 2 to mislead test-takers who rely on simple text-matching strategies.
To successfully answer this item, a respondent requires a **moderate-to-high level of reading comprehension integrated with external background knowledge and analogical reasoning**. The task demands moving beyond the explicit text to retrieve the definitions of unmentioned professions (paleontologists and archaeologists) and synthesize them with the passage's explanation of genealogists to identify the overarching conceptual commonality of studying the past.","Original Text: Teacher Directions to Read Aloud: “Now you will read the passage silently by yourself and then answer the questions. There are 3 answer choices for each question but only one correct answer. Circle the answer that you think is correct. After question 7, stop and wait for your teacher to read the directions. You may begin.” “Genealogists and our descendants” © READS Lab
1
Some people want to know more about their ancestors. They want to know about their relatives who lived a long time ago. Often there are no living family members who know about those relatives. So sometimes they hire a genealogist.
2
A genealogist finds clues that help you to learn about your ancestors. You can learn about where your ancestors came from. You can learn about your ancestors' jobs. You can learn about what they looked like. Sometimes you can learn stories about them.
3
Some people want to prove that an ancestor was in an important event like a war. Some people want to know if they are a descendant of a famous person.
4
Other people just want to know their family lineage. Knowing about their ancestors can help them to understand themselves better.
5
Sometimes the genealogist finds clues using the computer. Sometimes she uses a library. She might talk to individuals in other countries. She might travel to other places to get clues.: What is similar about the work that paleontologists, archaeologists, and genealogists do?
They learn about ancestors’ jobs
They learn about things from the past
They learn about living things
The task is to read a passage about genealogists and answer a multiple-choice question asking what paleontologists, archaeologists, and genealogists have in common.
Primary domain: reading comprehension / informational text understanding. The item measures the ability to identify a shared idea across examples in a passage, since it asks the reader to infer what paleontologists, archaeologists, and genealogists have in common from the text.
This is a low-to-moderate demand reading-comprehension item. It mainly requires recall and simple synthesis across the passage, not deep reasoning or strong inference.

The correct choice is supported by a broad shared theme, while the distractors are specific but unsupported. The wording is straightforward, with minimal conditional logic or emotional language, so the endorsement threshold is low.
A relatively low-to-moderate level of reading comprehension is needed to identify the shared idea: all three professions study evidence from the past.","Original Text: Teacher Directions to Read Aloud: “Now you will read the passage silently by yourself and then answer the questions. There are 3 answer choices for each question but only one correct answer. Circle the answer that you think is correct. After question 7, stop and wait for your teacher to read the directions. You may begin.” “Genealogists and our descendants” © READS Lab
1
Some people want to know more about their ancestors. They want to know about their relatives who lived a long time ago. Often there are no living family members who know about those relatives. So sometimes they hire a genealogist.
2
A genealogist finds clues that help you to learn about your ancestors. You can learn about where your ancestors came from. You can learn about your ancestors' jobs. You can learn about what they looked like. Sometimes you can learn stories about them.
3
Some people want to prove that an ancestor was in an important event like a war. Some people want to know if they are a descendant of a famous person.
4
Other people just want to know their family lineage. Knowing about their ancestors can help them to understand themselves better.
5
Sometimes the genealogist finds clues using the computer. Sometimes she uses a library. She might talk to individuals in other countries. She might travel to other places to get clues.: What is similar about the work that paleontologists, archaeologists, and genealogists do?
They learn about ancestors’ jobs
They learn about things from the past
They learn about living things
The item asks the reader to identify the shared type of work paleontologists, archaeologists, and genealogists do by choosing that they all learn about things from the past.
This item is primarily measuring reading comprehension, specifically the skill of identifying a shared main idea across informational text and applying it to a comparison question. The correct choice depends on understanding that paleontologists, archaeologists, and genealogists all study evidence related to the past.
Core ask: assess the item’s cognitive demand and note features that raise load.

Low-to-moderate cognitive demand: this is mainly recall/comprehension with a simple comparison, not multi-step reasoning or synthesis. The reader must understand the passage’s main idea about genealogists and map it to what paleontologists and archaeologists also do.

Load-increasing elements:
- Requires cross-domain comparison: the correct answer depends on recognizing a shared broad feature across three professions.
- Includes plausible distractors tied to passage details: “ancestors’ jobs” is mentioned in the text, and “living things” may attract partial knowledge about paleontologists.
- Mild abstraction: “things from the past” is broader than the passage’s specific details.
- No conditional logic, strong emotional wording, or severe endorsement threshold.
This item appears to require a low-to-moderate level of the underlying trait—here, basic reading comprehension and ability to identify a broad common idea. A respondent only needs to understand the passage’s general theme and make a straightforward comparison across the professions, rather than infer something subtle or integrate highly complex details.","Original Text: Teacher Directions to Read Aloud: “Now you will read the passage silently by yourself and then answer the questions. There are 3 answer choices for each question but only one correct answer. Circle the answer that you think is correct. After question 7, stop and wait for your teacher to read the directions. You may begin.” “Genealogists and our descendants” © READS Lab
1
Some people want to know more about their ancestors. They want to know about their relatives who lived a long time ago. Often there are no living family members who know about those relatives. So sometimes they hire a genealogist.
2
A genealogist finds clues that help you to learn about your ancestors. You can learn about where your ancestors came from. You can learn about your ancestors' jobs. You can learn about what they looked like. Sometimes you can learn stories about them.
3
Some people want to prove that an ancestor was in an important event like a war. Some people want to know if they are a descendant of a famous person.
4
Other people just want to know their family lineage. Knowing about their ancestors can help them to understand themselves better.
5
Sometimes the genealogist finds clues using the computer. Sometimes she uses a library. She might talk to individuals in other countries. She might travel to other places to get clues.: What is similar about the work that paleontologists, archaeologists, and genealogists do?
They learn about ancestors’ jobs
They learn about things from the past
They learn about living things
The question asks what paleontologists, archaeologists, and genealogists have in common, with the correct idea being that they learn about things from the past.
**Primary domain:** Reading comprehension—identifying a shared main idea across related fields.  

**Justification:** The item requires recognizing that paleontologists, archaeologists, and genealogists all investigate evidence from the past, making **“They learn about things from the past”** the correct answer.
This is a moderate reading-comprehension item requiring recall plus a simple cross-domain generalization: identify the shared focus on the past among three professions. It does not require multi-step reasoning or synthesis, but paleontologists and archaeologists are not explained in the passage, adding a small background-knowledge demand. Distractors are plausible but narrower (“ancestors’ jobs”) or overly broad/incorrect (“living things”); no complex phrasing, conditional logic, or emotional wording is present.
This item requires a **low-to-moderate level of reading comprehension**: the respondent must identify the shared focus on learning about the past, rather than recall a specific detail. It primarily assesses basic passage understanding and comparison, not advanced reasoning.","Original Text: Teacher Directions to Read Aloud: “Now you will read the passage silently by yourself and then answer the questions. There are 3 answer choices for each question but only one correct answer. Circle the answer that you think is correct. After question 7, stop and wait for your teacher to read the directions. You may begin.” “Genealogists and our descendants” © READS Lab
1
Some people want to know more about their ancestors. They want to know about their relatives who lived a long time ago. Often there are no living family members who know about those relatives. So sometimes they hire a genealogist.
2
A genealogist finds clues that help you to learn about your ancestors. You can learn about where your ancestors came from. You can learn about your ancestors' jobs. You can learn about what they looked like. Sometimes you can learn stories about them.
3
Some people want to prove that an ancestor was in an important event like a war. Some people want to know if they are a descendant of a famous person.
4
Other people just want to know their family lineage. Knowing about their ancestors can help them to understand themselves better.
5
Sometimes the genealogist finds clues using the computer. Sometimes she uses a library. She might talk to individuals in other countries. She might travel to other places to get clues.: What is similar about the work that paleontologists, archaeologists, and genealogists do?
They learn about ancestors’ jobs
They learn about things from the past
They learn about living things
Identify the shared focus of paleontologists, archaeologists, and genealogists: learning about the past.
**Primary skill: Reading comprehension—integrating and comparing information across texts.** The item requires students to identify the shared feature of paleontologists’, archaeologists’, and genealogists’ work: learning about the past.
Moderate cognitive demand: requires synthesizing the shared function of three professions and selecting the broad commonality—“They learn about things from the past.” Load increases because two professions are not described in this passage, specialized vocabulary is used, and distractors reflect details true only of genealogists. Phrasing and answer structure are otherwise straightforward.
This item requires a **moderate level of reading comprehension and conceptual reasoning**, as respondents must identify the broad commonality that all three professions study **things from the past**.",2.039107854991671,-0.495677828904476,-0.7911109179459147,-0.8072379981026546,0.4460884634434375,724.0,gilbert_meta_2,2.266363155863925,0.48138916172308316,1.3690647593417227,0.2907975869352232,2.285376422470783,0.4821031139662613,1.3697286390888934,0.2889460290657947,2.2410763142269534,0.47890586463861307,1.3756121758846016,0.2939608679620821,1.0503488401719672,0.36906187030196796,1.0592635222103488,0.37219422890550946,1.4617053283153774,0.4142533085247624,0.9592608675882655,0.2718584795710856,1.6838910295227354,0.42948669518914506,1.0719905868755488,0.27341774874918373,2.251104832605742,0.48022775751839764,1.3736257178892117,0.2930353080926759
9,"Teacher Directions to Read Aloud: “Now you will read the passage silently by yourself and then answer the questions. There are 3 answer choices for each question but only one correct answer. Circle the answer that you think is correct. After question 7, stop and wait for your teacher to read the directions. You may begin.” Archaeologists and the city of Pompei” © READS Lab
1
Nearly 2,000 years ago, a volcano eruption destroyed an old city. It was called Pompei. The eruption of a mountain was brutal. It lasted for more than 24 hours. By the end, Pompei was covered in ashes. Many people died. The city was totally destroyed. It was like a mass extinction.
2
But archaeologists discovered Pompei again in 1748. They found fossilized humans—not dinosaur fossils but human fossils. A team of archaeologists found fossilized buildings and human and animal skeletons.
3
Pompei is like a city frozen in time. But scientists are not studying the fossilized bones of dinosaurs. Instead, they are studying the buildings and other artifacts from Pompei. They also want to know what people were like.
4
One theory about Pompei is that there were rich and poor people. Archaeologists have found fossilized big homes and small homes.
5
Yes, Pompei was fossilized. So archaeologists have clues about life in Pompei. Even the kinds of people who lived there.",This passage mainly tells about,"Teacher Directions to Read Aloud: “Now you will read the passage silently by yourself and then answer the questions. There are 3 answer choices for each question but only one correct answer. Circle the answer that you think is correct. After question 7, stop and wait for your teacher to read the directions. You may begin.” Archaeologists and the city of Pompei” © READS Lab
1
Nearly 2,000 years ago, a volcano eruption destroyed an old city. It was called Pompei. The eruption of a mountain was brutal. It lasted for more than 24 hours. By the end, Pompei was covered in ashes. Many people died. The city was totally destroyed. It was like a mass extinction.
2
But archaeologists discovered Pompei again in 1748. They found fossilized humans—not dinosaur fossils but human fossils. A team of archaeologists found fossilized buildings and human and animal skeletons.
3
Pompei is like a city frozen in time. But scientists are not studying the fossilized bones of dinosaurs. Instead, they are studying the buildings and other artifacts from Pompei. They also want to know what people were like.
4
One theory about Pompei is that there were rich and poor people. Archaeologists have found fossilized big homes and small homes.
5
Yes, Pompei was fossilized. So archaeologists have clues about life in Pompei. Even the kinds of people who lived there.: This passage mainly tells about
how archaeologists study the old city of Pompei
how a volcano destroyed a city called Pompei
what an archaeologist’s job is like","Original Text: Teacher Directions to Read Aloud: “Now you will read the passage silently by yourself and then answer the questions. There are 3 answer choices for each question but only one correct answer. Circle the answer that you think is correct. After question 7, stop and wait for your teacher to read the directions. You may begin.” Archaeologists and the city of Pompei” © READS Lab
1
Nearly 2,000 years ago, a volcano eruption destroyed an old city. It was called Pompei. The eruption of a mountain was brutal. It lasted for more than 24 hours. By the end, Pompei was covered in ashes. Many people died. The city was totally destroyed. It was like a mass extinction.
2
But archaeologists discovered Pompei again in 1748. They found fossilized humans—not dinosaur fossils but human fossils. A team of archaeologists found fossilized buildings and human and animal skeletons.
3
Pompei is like a city frozen in time. But scientists are not studying the fossilized bones of dinosaurs. Instead, they are studying the buildings and other artifacts from Pompei. They also want to know what people were like.
4
One theory about Pompei is that there were rich and poor people. Archaeologists have found fossilized big homes and small homes.
5
Yes, Pompei was fossilized. So archaeologists have clues about life in Pompei. Even the kinds of people who lived there.: This passage mainly tells about
how archaeologists study the old city of Pompei
how a volcano destroyed a city called Pompei
what an archaeologist’s job is like
The core task of this item is to identify the main idea of a passage describing the destruction of Pompei and its subsequent study by archaeologists.
This item measures the primary skill of **reading comprehension**, specifically the ability to **identify the main idea** of a text. The question requires the reader to synthesize information across multiple paragraphs to determine the central theme—how archaeologists study Pompeii—rather than focusing on isolated details like the volcanic eruption or general job descriptions.
This analysis evaluates the cognitive demand and structural complexity of the Pompeii reading comprehension item.

**Cognitive Demand**
The item requires **synthesis**. To identify the main idea, the reader must integrate the historical event (the eruption) with the scientific process (archaeological study) described across all five paragraphs rather than relying on simple recall of a single section.

**Structural and Semantic Elements**
*   **Tricky Distractors:** Option 2 serves as a strong ""detail distractor,"" focusing exclusively on the vivid imagery of the first paragraph, which increases the cognitive load required to evaluate the text's full scope.
*   **Scope Misalignment:** Option 3 is an overly broad distractor that requires the reader to distinguish between a general job description and a specific case study.
*   **Emotional Wording:** The use of high-intensity terms like ""brutal,"" ""mass extinction,"" and ""skeletons"" increases emotional salience, potentially distracting the reader from the primary informational focus.
*   **Semantic Complexity:** The repetitive, non-standard application of the term ""fossilized"" to buildings and cities adds conceptual weight and may confuse readers familiar with the term's typical biological context.
To identify the main idea of the passage regarding archaeologists and Pompeii, a respondent requires a **low-to-moderate level** of the latent trait of reading comprehension. This level involves the ability to decode basic academic vocabulary (e.g., ""archaeologists,"" ""fossilized,"" ""theory"") and synthesize information across multiple paragraphs to distinguish a global theme from specific supporting details or overly broad generalizations.","Original Text: Teacher Directions to Read Aloud: “Now you will read the passage silently by yourself and then answer the questions. There are 3 answer choices for each question but only one correct answer. Circle the answer that you think is correct. After question 7, stop and wait for your teacher to read the directions. You may begin.” Archaeologists and the city of Pompei” © READS Lab
1
Nearly 2,000 years ago, a volcano eruption destroyed an old city. It was called Pompei. The eruption of a mountain was brutal. It lasted for more than 24 hours. By the end, Pompei was covered in ashes. Many people died. The city was totally destroyed. It was like a mass extinction.
2
But archaeologists discovered Pompei again in 1748. They found fossilized humans—not dinosaur fossils but human fossils. A team of archaeologists found fossilized buildings and human and animal skeletons.
3
Pompei is like a city frozen in time. But scientists are not studying the fossilized bones of dinosaurs. Instead, they are studying the buildings and other artifacts from Pompei. They also want to know what people were like.
4
One theory about Pompei is that there were rich and poor people. Archaeologists have found fossilized big homes and small homes.
5
Yes, Pompei was fossilized. So archaeologists have clues about life in Pompei. Even the kinds of people who lived there.: This passage mainly tells about
how archaeologists study the old city of Pompei
how a volcano destroyed a city called Pompei
what an archaeologist’s job is like
The core task to be summarized from the provided text is a reading comprehension assessment in which a student reads an informational passage about the archaeological study of Pompeii and answers a multiple-choice question to identify the passage's main idea.
The purpose of this analysis is to identify the primary skill, domain, or construct measured by the provided text and question, accompanied by a concise justification.

**Primary Skill:** Reading Comprehension (Identifying the Main Idea)

**Justification:** The item requires the student to read an informational passage and synthesize the information across multiple paragraphs to determine the overarching theme or primary subject matter from the provided multiple-choice options.
To evaluate the cognitive demand and structural complexity of this reading comprehension item: 

This cognitive item requires synthesis, as the reader must integrate information across the entire passage to determine the main idea rather than recalling a single localized detail. The primary structural element increasing cognitive load is the use of tricky distractors. The distractor regarding the volcano's destruction relies on the primacy effect by isolating details found only in the first paragraph, while the distractor about an archaeologist's job is overly broad, forcing the reader to carefully evaluate the scope of each choice against the text as a whole.
To successfully answer this item, the overall level of the underlying latent trait of reading comprehension required is low to moderate. A respondent needs sufficient cognitive ability to synthesize the entire passage and distinguish the primary focus (archaeologists studying Pompeii) from a narrow detail (the volcanic eruption) or an overly broad concept (an archaeologist's general job).","Original Text: Teacher Directions to Read Aloud: “Now you will read the passage silently by yourself and then answer the questions. There are 3 answer choices for each question but only one correct answer. Circle the answer that you think is correct. After question 7, stop and wait for your teacher to read the directions. You may begin.” Archaeologists and the city of Pompei” © READS Lab
1
Nearly 2,000 years ago, a volcano eruption destroyed an old city. It was called Pompei. The eruption of a mountain was brutal. It lasted for more than 24 hours. By the end, Pompei was covered in ashes. Many people died. The city was totally destroyed. It was like a mass extinction.
2
But archaeologists discovered Pompei again in 1748. They found fossilized humans—not dinosaur fossils but human fossils. A team of archaeologists found fossilized buildings and human and animal skeletons.
3
Pompei is like a city frozen in time. But scientists are not studying the fossilized bones of dinosaurs. Instead, they are studying the buildings and other artifacts from Pompei. They also want to know what people were like.
4
One theory about Pompei is that there were rich and poor people. Archaeologists have found fossilized big homes and small homes.
5
Yes, Pompei was fossilized. So archaeologists have clues about life in Pompei. Even the kinds of people who lived there.: This passage mainly tells about
how archaeologists study the old city of Pompei
how a volcano destroyed a city called Pompei
what an archaeologist’s job is like
The core task presented is a reading comprehension assessment requiring the student to read an informational passage about the discovery and archaeological study of Pompeii and select the option that best identifies the main idea of the text.
**Construct/Skill Measured:** Reading comprehension: Identifying the main idea (central idea) of an informational text.

**Justification:** The assessment evaluates a student's ability to synthesize details across multiple paragraphs to determine the overarching focus of the passage, rather than just recalling isolated factual details.
**Cognitive Demand Assessment:**

* **Demand Level:** **Synthesis.** Determining the passage's main idea requires synthesizing information across all five paragraphs—integrating the introductory historical event with the subsequent details regarding modern discovery and research—rather than relying on simple factual recall.

* **Structural and Semantic Load Elements:**
  * **Part-vs-Whole Distractor:** The option *""how a volcano destroyed a city called Pompei""* leverages the vivid, emotionally salient content of the opening paragraph, tempting readers to mistake a single prominent supporting detail for the central theme.
  * **Overgeneralization Distractor:** The option *""what an archaeologist’s job is like""* introduces a broad conceptual distractor that requires students to distinguish between a general profession and the specific investigation of Pompeii.
  * **Structural Shift in Text:** The passage shifts focus from the initial catastrophe (Paragraph 1) to scientific analysis and social inference (Paragraphs 2–5), requiring the reader to track thematic progression rather than settling on the first introduced topic.
The underlying latent trait required to correctly answer this item is basic reading comprehension ability—specifically, the skill of identifying the central idea of a short, elementary-level informational text. 

The required level of this trait is **low to moderate (basic/emergent)**. A respondent needs only foundational decoding skills, simple vocabulary recognition, and the elementary cognitive ability to distinguish the primary, overarching theme sustained throughout the text (archaeologists researching Pompeii) from a single supporting detail presented in the opening paragraph (the volcanic destruction).","Original Text: Teacher Directions to Read Aloud: “Now you will read the passage silently by yourself and then answer the questions. There are 3 answer choices for each question but only one correct answer. Circle the answer that you think is correct. After question 7, stop and wait for your teacher to read the directions. You may begin.” Archaeologists and the city of Pompei” © READS Lab
1
Nearly 2,000 years ago, a volcano eruption destroyed an old city. It was called Pompei. The eruption of a mountain was brutal. It lasted for more than 24 hours. By the end, Pompei was covered in ashes. Many people died. The city was totally destroyed. It was like a mass extinction.
2
But archaeologists discovered Pompei again in 1748. They found fossilized humans—not dinosaur fossils but human fossils. A team of archaeologists found fossilized buildings and human and animal skeletons.
3
Pompei is like a city frozen in time. But scientists are not studying the fossilized bones of dinosaurs. Instead, they are studying the buildings and other artifacts from Pompei. They also want to know what people were like.
4
One theory about Pompei is that there were rich and poor people. Archaeologists have found fossilized big homes and small homes.
5
Yes, Pompei was fossilized. So archaeologists have clues about life in Pompei. Even the kinds of people who lived there.: This passage mainly tells about
how archaeologists study the old city of Pompei
how a volcano destroyed a city called Pompei
what an archaeologist’s job is like
The item asks the reader to identify the main idea of a passage about Pompei and archaeologists, focusing on how the city was destroyed and later studied.
Primary domain: reading comprehension, specifically identifying the main idea of an informational passage. The item asks the reader to determine what the passage is mainly about, using details about Pompeii and archaeologists to choose the central topic.
This is a low-to-moderate demand reading-comprehension item that mainly requires recall and basic synthesis of the passage’s central idea. The correct choice depends on identifying the passage’s overall focus, not on severe endorsement or deep introspection.

Structural/semantic load is modest: there is some distractor overlap among the options, and the passage includes a few potentially confusing details (e.g., destruction by volcano, archaeologists’ findings, and what they infer about people). The wording is straightforward, with no strong emotional language or complex conditional logic.
A low-to-moderate reading comprehension level is needed to answer this item correctly, with basic ability to identify the passage’s main idea.","Original Text: Teacher Directions to Read Aloud: “Now you will read the passage silently by yourself and then answer the questions. There are 3 answer choices for each question but only one correct answer. Circle the answer that you think is correct. After question 7, stop and wait for your teacher to read the directions. You may begin.” Archaeologists and the city of Pompei” © READS Lab
1
Nearly 2,000 years ago, a volcano eruption destroyed an old city. It was called Pompei. The eruption of a mountain was brutal. It lasted for more than 24 hours. By the end, Pompei was covered in ashes. Many people died. The city was totally destroyed. It was like a mass extinction.
2
But archaeologists discovered Pompei again in 1748. They found fossilized humans—not dinosaur fossils but human fossils. A team of archaeologists found fossilized buildings and human and animal skeletons.
3
Pompei is like a city frozen in time. But scientists are not studying the fossilized bones of dinosaurs. Instead, they are studying the buildings and other artifacts from Pompei. They also want to know what people were like.
4
One theory about Pompei is that there were rich and poor people. Archaeologists have found fossilized big homes and small homes.
5
Yes, Pompei was fossilized. So archaeologists have clues about life in Pompei. Even the kinds of people who lived there.: This passage mainly tells about
how archaeologists study the old city of Pompei
how a volcano destroyed a city called Pompei
what an archaeologist’s job is like
The item asks the reader to identify the passage’s main idea: that it is mainly about how archaeologists study and learn about the ancient city of Pompei.
Primary domain: Reading comprehension, specifically identifying the main idea of an informational passage.

Justification: The item asks what the passage “mainly tells about,” requiring the reader to integrate details across the text and select the best summary of the passage’s central idea.
Core ask: assess the item’s cognitive demand and note wording/features that raise difficulty.

This is a low-to-moderate cognitive-demand reading-comprehension item. It mainly requires gist identification and integrating the whole passage, so it goes beyond simple recall but does not require deep multi-step reasoning or synthesis.

Load-increasing elements:
- Main-idea question requires summarizing across all paragraphs, not locating one fact.
- Distractors are plausible because the passage discusses both the eruption and archaeologists.
- “Mainly tells about” asks for relative emphasis, which adds judgment.
- Some contrastive phrasing (“not dinosaur fossils but human fossils,” “Instead…”) may slightly increase processing demands.
- Minor textual noise/awkwardness (“Archaeologists and the city of Pompei,” punctuation issues) could add small extra load.
The core ask is the latent trait level needed to answer this item correctly: this item appears to require a low to low-moderate level of the underlying trait, since the main idea is stated clearly and repeated across the passage, making the correct answer accessible to respondents with basic reading comprehension and simple synthesis of the overall topic.","Original Text: Teacher Directions to Read Aloud: “Now you will read the passage silently by yourself and then answer the questions. There are 3 answer choices for each question but only one correct answer. Circle the answer that you think is correct. After question 7, stop and wait for your teacher to read the directions. You may begin.” Archaeologists and the city of Pompei” © READS Lab
1
Nearly 2,000 years ago, a volcano eruption destroyed an old city. It was called Pompei. The eruption of a mountain was brutal. It lasted for more than 24 hours. By the end, Pompei was covered in ashes. Many people died. The city was totally destroyed. It was like a mass extinction.
2
But archaeologists discovered Pompei again in 1748. They found fossilized humans—not dinosaur fossils but human fossils. A team of archaeologists found fossilized buildings and human and animal skeletons.
3
Pompei is like a city frozen in time. But scientists are not studying the fossilized bones of dinosaurs. Instead, they are studying the buildings and other artifacts from Pompei. They also want to know what people were like.
4
One theory about Pompei is that there were rich and poor people. Archaeologists have found fossilized big homes and small homes.
5
Yes, Pompei was fossilized. So archaeologists have clues about life in Pompei. Even the kinds of people who lived there.: This passage mainly tells about
how archaeologists study the old city of Pompei
how a volcano destroyed a city called Pompei
what an archaeologist’s job is like
The task is to identify the passage’s main idea: how archaeologists study the preserved ancient city of Pompeii.
**Primary construct:** Reading comprehension—identifying the main idea.

**Justification:** The item asks students to determine what the passage is mainly about, requiring them to synthesize details about archaeologists’ study of Pompeii rather than recall one fact.
This is a **reading-comprehension/main-idea item** requiring **synthesis** across the entire passage, not simple recall. The student must distinguish the overall focus—**how archaeologists study the old city of Pompeii**—from narrower detail distractors about the eruption and an archaeologist’s job.

Cognitive load is increased by:
- Integrating information across multiple paragraphs.
- Distinguishing the central idea from prominent opening details.
- Distractors that are text-related but overly narrow or unsupported.
- Repeated, potentially confusing terms such as “fossilized.”
- Misspellings and awkward phrasing (“Pompei,” “volcano eruption,” “Even the kinds…”).
- Directions requiring silent reading, answer selection, and stopping after a specified question.
The item requires a **low-to-moderate level of reading comprehension and cognitive ability**: the respondent must identify the passage’s central focus—how archaeologists study Pompeii—rather than select a narrower supporting detail.","Original Text: Teacher Directions to Read Aloud: “Now you will read the passage silently by yourself and then answer the questions. There are 3 answer choices for each question but only one correct answer. Circle the answer that you think is correct. After question 7, stop and wait for your teacher to read the directions. You may begin.” Archaeologists and the city of Pompei” © READS Lab
1
Nearly 2,000 years ago, a volcano eruption destroyed an old city. It was called Pompei. The eruption of a mountain was brutal. It lasted for more than 24 hours. By the end, Pompei was covered in ashes. Many people died. The city was totally destroyed. It was like a mass extinction.
2
But archaeologists discovered Pompei again in 1748. They found fossilized humans—not dinosaur fossils but human fossils. A team of archaeologists found fossilized buildings and human and animal skeletons.
3
Pompei is like a city frozen in time. But scientists are not studying the fossilized bones of dinosaurs. Instead, they are studying the buildings and other artifacts from Pompei. They also want to know what people were like.
4
One theory about Pompei is that there were rich and poor people. Archaeologists have found fossilized big homes and small homes.
5
Yes, Pompei was fossilized. So archaeologists have clues about life in Pompei. Even the kinds of people who lived there.: This passage mainly tells about
how archaeologists study the old city of Pompei
how a volcano destroyed a city called Pompei
what an archaeologist’s job is like
Identify the passage’s main idea about archaeologists studying the ancient city of Pompei.
**Primary skill: Reading comprehension—identifying the main idea.** The item asks students to select the statement that best summarizes the passage’s central focus: archaeologists’ study of the ancient city of Pompei.
**Moderate cognitive demand:** The item requires synthesizing details across the passage to identify the main idea, not simple recall. The volcano-destruction option is a salient but too-narrow distractor, while the archaeologist-job option is too broad. Repetition of “fossilized,” specialized vocabulary (“archaeologists,” “artifacts,” “theory”), awkward phrasing, and strong language such as “brutal” and “mass extinction” add load. The correct focus is **how archaeologists study the old city of Pompei**.
This item requires a **moderate level of reading comprehension ability**. Respondents must integrate ideas across the passage and distinguish its overall focus—how archaeologists study ancient Pompei—from a prominent supporting detail about the volcanic eruption.",1.0378204054902278,-0.1317847481549572,-0.1196235796105165,-0.0701332960858485,0.9322695437422324,1030.0,gilbert_meta_2,1.4649165827280584,0.4327820423617282,0.8849268766124896,0.26143499603774595,1.6221448878364817,0.44317779628941384,0.9722242199467144,0.2656163395304627,1.4489222374463624,0.4506301494784289,0.8893740293840479,0.2766047351926314,0.8469754990425465,0.392940667382589,0.8541640796164326,0.39627569378114413,1.7532086682288819,0.4648157666008519,1.150563273985441,0.305040671947277,2.1882284744435037,0.47218148577506697,1.3930594589611518,0.30059790044207757,1.876940677495904,0.4435394016678424,1.1453104929708633,0.2706480481066279
2,"Teacher Directions to Read Aloud: “Now you will read the passage silently by yourself and then answer the questions. There are 3 answer choices for each question but only one correct answer. Circle the answer that you think is correct. After question 7, stop and wait for your teacher to read the directions. You may begin.” “Paleontologists and the ammonites” © READS Lab
1
There have been five mass extinctions in the earth’s history. What happened during the fifth mass extinction nearly 66 million years ago? What species was gone forever? Dinosaurs. What about fish in the oceans?
2
Paleontologists found a body fossil of a shellfish that became extinct long ago. The shellfish is called an ammonite. Ammonites were predators that lived in the ocean. They were related to other ocean predators like the octopus.
3
Ammonites survived for a long time. They had a strong shell that protected them from large fish. They were also good hunters.
4
But there are no more ammonites living today. What happened? Paleontologists have used fossil evidence to understand what happened in the past. Even 66 million years ago. One theory is that a huge rock from outer space killed many plants and animals. Another theory is that ammonites had trouble finding food before the huge rock hit the earth.
5
Body fossils help paleontologists understand what happened to living things in the past. Even when no one was around to see the animals.",This passage mainly tells about,"Teacher Directions to Read Aloud: “Now you will read the passage silently by yourself and then answer the questions. There are 3 answer choices for each question but only one correct answer. Circle the answer that you think is correct. After question 7, stop and wait for your teacher to read the directions. You may begin.” “Paleontologists and the ammonites” © READS Lab
1
There have been five mass extinctions in the earth’s history. What happened during the fifth mass extinction nearly 66 million years ago? What species was gone forever? Dinosaurs. What about fish in the oceans?
2
Paleontologists found a body fossil of a shellfish that became extinct long ago. The shellfish is called an ammonite. Ammonites were predators that lived in the ocean. They were related to other ocean predators like the octopus.
3
Ammonites survived for a long time. They had a strong shell that protected them from large fish. They were also good hunters.
4
But there are no more ammonites living today. What happened? Paleontologists have used fossil evidence to understand what happened in the past. Even 66 million years ago. One theory is that a huge rock from outer space killed many plants and animals. Another theory is that ammonites had trouble finding food before the huge rock hit the earth.
5
Body fossils help paleontologists understand what happened to living things in the past. Even when no one was around to see the animals.: This passage mainly tells about
the physical characteristics of ammonites
the dinosaur extinction 66 million years ago
the theories of the ammonite’s extinction","Original Text: Teacher Directions to Read Aloud: “Now you will read the passage silently by yourself and then answer the questions. There are 3 answer choices for each question but only one correct answer. Circle the answer that you think is correct. After question 7, stop and wait for your teacher to read the directions. You may begin.” “Paleontologists and the ammonites” © READS Lab
1
There have been five mass extinctions in the earth’s history. What happened during the fifth mass extinction nearly 66 million years ago? What species was gone forever? Dinosaurs. What about fish in the oceans?
2
Paleontologists found a body fossil of a shellfish that became extinct long ago. The shellfish is called an ammonite. Ammonites were predators that lived in the ocean. They were related to other ocean predators like the octopus.
3
Ammonites survived for a long time. They had a strong shell that protected them from large fish. They were also good hunters.
4
But there are no more ammonites living today. What happened? Paleontologists have used fossil evidence to understand what happened in the past. Even 66 million years ago. One theory is that a huge rock from outer space killed many plants and animals. Another theory is that ammonites had trouble finding food before the huge rock hit the earth.
5
Body fossils help paleontologists understand what happened to living things in the past. Even when no one was around to see the animals.: This passage mainly tells about
the physical characteristics of ammonites
the dinosaur extinction 66 million years ago
the theories of the ammonite’s extinction
The core task of this item is to identify the main idea of a reading passage that describes the history, characteristics, and extinction theories of ammonites.
This analysis identifies the primary skill measured by the reading comprehension item regarding ammonites.

**Skill: Identifying the Main Idea**

**Justification:** The item requires the reader to synthesize information across the entire text to determine its central focus—the extinction of ammonites—rather than selecting isolated details or secondary topics mentioned in the passage.
This analysis evaluates the cognitive demand and structural complexity of the provided reading comprehension item.

**Cognitive Demand**
The item requires **synthesis**. To identify the main idea, the reader must integrate information across five paragraphs—moving from the general context of mass extinction to the specific biological traits of ammonites and concluding with scientific theories regarding their disappearance—rather than relying on simple recall of a single fact.

**Structural and Semantic Elements**
*   **Thematic Distractors:** Options 1 and 2 function as ""near-miss"" distractors; they reference specific details mentioned in the text (physical traits and dinosaurs) to test the student's ability to distinguish subordinate details from the primary thesis.
*   **Information Hierarchy:** The passage uses a funnel structure, beginning with a hook about dinosaurs before narrowing to the specific subject. This increases cognitive load by requiring the reader to filter out introductory context to identify the actual subject.
*   **Conceptual Synthesis:** The correct answer requires recognizing the relationship between the ""theories"" presented in paragraph 4 and the ""fossil evidence"" mentioned in paragraphs 2 and 5.
To identify the main idea of this passage, a respondent requires a **moderate level of reading comprehension**. This latent trait involves the ability to synthesize information across multiple paragraphs and distinguish the central theme—the history and extinction of ammonites—from subordinate details such as specific physical traits or the introductory context of dinosaur extinction. The respondent must move beyond literal fact retrieval to recognize that the text's primary purpose is to explain the theories surrounding the ammonite's disappearance.","Original Text: Teacher Directions to Read Aloud: “Now you will read the passage silently by yourself and then answer the questions. There are 3 answer choices for each question but only one correct answer. Circle the answer that you think is correct. After question 7, stop and wait for your teacher to read the directions. You may begin.” “Paleontologists and the ammonites” © READS Lab
1
There have been five mass extinctions in the earth’s history. What happened during the fifth mass extinction nearly 66 million years ago? What species was gone forever? Dinosaurs. What about fish in the oceans?
2
Paleontologists found a body fossil of a shellfish that became extinct long ago. The shellfish is called an ammonite. Ammonites were predators that lived in the ocean. They were related to other ocean predators like the octopus.
3
Ammonites survived for a long time. They had a strong shell that protected them from large fish. They were also good hunters.
4
But there are no more ammonites living today. What happened? Paleontologists have used fossil evidence to understand what happened in the past. Even 66 million years ago. One theory is that a huge rock from outer space killed many plants and animals. Another theory is that ammonites had trouble finding food before the huge rock hit the earth.
5
Body fossils help paleontologists understand what happened to living things in the past. Even when no one was around to see the animals.: This passage mainly tells about
the physical characteristics of ammonites
the dinosaur extinction 66 million years ago
the theories of the ammonite’s extinction
The objective of this prompt is to summarize the primary task or scenario presented in the provided text. 

The core scenario is a reading comprehension assessment in which a student is instructed to silently read an informational passage about ammonites and their extinction, and then answer a multiple-choice question to identify the main idea of the text.
In determining the primary skill this assessment item evaluates and providing a brief rationale:

**Primary Skill:** Reading Comprehension (Identifying the Main Idea)

**Justification:** The question requires the student to read a text and synthesize the information to identify its overarching theme (""mainly tells about""), distinguishing the central focus of the passage from secondary supporting details.
To evaluate the cognitive demand and structural elements affecting the difficulty of this reading comprehension item: 

This cognitive item requires synthesis to determine the passage's main idea. The cognitive load is elevated by tricky distractors that use localized text details to trap the reader. Specifically, the ""dinosaur extinction"" distractor leverages the primacy effect from the introductory hook, and the ""physical characteristics"" distractor relies on supporting details from the middle paragraphs, requiring the student to successfully distinguish between partial details and the synthesized central theme.
Regarding the level of the underlying latent trait—specifically reading comprehension—required to successfully answer this item, a low-to-moderate level of cognitive ability is necessary. The respondent must possess basic synthesis skills to integrate simple, explicitly stated information across a short text and distinguish the overarching theme from supporting details.","Original Text: Teacher Directions to Read Aloud: “Now you will read the passage silently by yourself and then answer the questions. There are 3 answer choices for each question but only one correct answer. Circle the answer that you think is correct. After question 7, stop and wait for your teacher to read the directions. You may begin.” “Paleontologists and the ammonites” © READS Lab
1
There have been five mass extinctions in the earth’s history. What happened during the fifth mass extinction nearly 66 million years ago? What species was gone forever? Dinosaurs. What about fish in the oceans?
2
Paleontologists found a body fossil of a shellfish that became extinct long ago. The shellfish is called an ammonite. Ammonites were predators that lived in the ocean. They were related to other ocean predators like the octopus.
3
Ammonites survived for a long time. They had a strong shell that protected them from large fish. They were also good hunters.
4
But there are no more ammonites living today. What happened? Paleontologists have used fossil evidence to understand what happened in the past. Even 66 million years ago. One theory is that a huge rock from outer space killed many plants and animals. Another theory is that ammonites had trouble finding food before the huge rock hit the earth.
5
Body fossils help paleontologists understand what happened to living things in the past. Even when no one was around to see the animals.: This passage mainly tells about
the physical characteristics of ammonites
the dinosaur extinction 66 million years ago
the theories of the ammonite’s extinction
The core task of this item requires a student to read an informational passage about ammonites and identify its primary topic or main idea from three multiple-choice options.
**Construct/Skill Measured:** Reading Comprehension: Determining the Main Idea of an Informational Text (Domain: English Language Arts).

**Justification:** This assessment item evaluates a reader's ability to synthesize information across a short expository passage to identify its central focus, distinguishing the primary topic (theories regarding the ammonite's extinction) from supporting details and background context.
**Cognitive Demand and Severity Analysis:**

* **Required Cognitive Level:** This item requires **synthesis**. Rather than relying on simple recall, the reader must integrate information across the entire passage to identify the central theme while distinguishing it from isolated supporting details.

* **Elements Increasing Cognitive Load:**
  * **Plausible Local Distractors:** The incorrect options target salient, explicitly stated details—the introductory mention of dinosaurs (paragraph 1) and the anatomical description of ammonites (paragraphs 2–3). Evaluating these requires the reader to suppress locally prominent facts in favor of the overarching topic.
  * **Shifting Structural Focus:** The passage transitions from a broad historical hook (mass extinction 66 million years ago) to physical traits, and finally to causal extinction hypotheses, requiring the reader to track the primary narrative arc across multiple structural shifts.
To determine the main idea of this passage, a respondent requires a **low-to-moderate level of reading comprehension ability** (characteristic of early-to-middle elementary reading proficiency). Successfully identifying the correct option requires basic global text synthesis to distinguish the primary theme—hypotheses regarding ammonite extinction—from minor introductory context and supporting details presented in short, direct sentences.","Original Text: Teacher Directions to Read Aloud: “Now you will read the passage silently by yourself and then answer the questions. There are 3 answer choices for each question but only one correct answer. Circle the answer that you think is correct. After question 7, stop and wait for your teacher to read the directions. You may begin.” “Paleontologists and the ammonites” © READS Lab
1
There have been five mass extinctions in the earth’s history. What happened during the fifth mass extinction nearly 66 million years ago? What species was gone forever? Dinosaurs. What about fish in the oceans?
2
Paleontologists found a body fossil of a shellfish that became extinct long ago. The shellfish is called an ammonite. Ammonites were predators that lived in the ocean. They were related to other ocean predators like the octopus.
3
Ammonites survived for a long time. They had a strong shell that protected them from large fish. They were also good hunters.
4
But there are no more ammonites living today. What happened? Paleontologists have used fossil evidence to understand what happened in the past. Even 66 million years ago. One theory is that a huge rock from outer space killed many plants and animals. Another theory is that ammonites had trouble finding food before the huge rock hit the earth.
5
Body fossils help paleontologists understand what happened to living things in the past. Even when no one was around to see the animals.: This passage mainly tells about
the physical characteristics of ammonites
the dinosaur extinction 66 million years ago
the theories of the ammonite’s extinction
A reading-comprehension task asking the reader to identify the passage’s main idea, specifically which choice best explains the extinction of ammonites.
Primary domain: reading comprehension in science content. It measures the ability to identify the main idea of a short informational passage and infer the central topic from supporting details; here, the passage focuses on explanations for ammonite extinction.
This is a low-to-moderate demand reading item: it mainly requires recall and basic comprehension of the passage’s main idea, with some synthesis to choose the best summary. The endorsement threshold is low; no severe symptom or strong belief is needed. Structural load comes from the multiple-choice format and the need to distinguish between a specific detail, a broader event, and the passage’s central explanation.
A low-to-moderate reading comprehension level is needed to identify the passage’s main idea, specifically understanding that it focuses on explanations for ammonite extinction rather than details about their traits or the dinosaur extinction.","Original Text: Teacher Directions to Read Aloud: “Now you will read the passage silently by yourself and then answer the questions. There are 3 answer choices for each question but only one correct answer. Circle the answer that you think is correct. After question 7, stop and wait for your teacher to read the directions. You may begin.” “Paleontologists and the ammonites” © READS Lab
1
There have been five mass extinctions in the earth’s history. What happened during the fifth mass extinction nearly 66 million years ago? What species was gone forever? Dinosaurs. What about fish in the oceans?
2
Paleontologists found a body fossil of a shellfish that became extinct long ago. The shellfish is called an ammonite. Ammonites were predators that lived in the ocean. They were related to other ocean predators like the octopus.
3
Ammonites survived for a long time. They had a strong shell that protected them from large fish. They were also good hunters.
4
But there are no more ammonites living today. What happened? Paleontologists have used fossil evidence to understand what happened in the past. Even 66 million years ago. One theory is that a huge rock from outer space killed many plants and animals. Another theory is that ammonites had trouble finding food before the huge rock hit the earth.
5
Body fossils help paleontologists understand what happened to living things in the past. Even when no one was around to see the animals.: This passage mainly tells about
the physical characteristics of ammonites
the dinosaur extinction 66 million years ago
the theories of the ammonite’s extinction
The item asks the reader to identify the passage’s main idea, which is the theories explaining the extinction of ammonites.
This item is primarily measuring reading comprehension, specifically identifying the main idea of an informational passage. It asks the reader to determine what the passage is mainly about, requiring synthesis of the overall text rather than recall of a single detail.
Core ask: assess the item’s cognitive demand and note wording/features that raise difficulty.

Moderate cognitive demand: mainly recall of the passage’s main idea, with light synthesis across several sentences/paragraphs to distinguish the passage’s focus from supporting details.

Load-increasing elements:
- Main-idea format requires integrating the whole passage, not retrieving one fact.
- Distractors are plausible because the passage also discusses ammonite traits and dinosaur extinction.
- The question stem “mainly tells about” is abstract and broader than literal recall.
- Some contrast/causal structure (“One theory… Another theory…”) adds mild integration demand.
- No strong emotional wording, deep inference, or complex conditional logic.
The item appears to require a low-to-moderate level of the underlying trait—here, basic reading comprehension/main-idea identification. A respondent would need enough ability to integrate the passage’s repeated focus on what happened to ammonites and the explanations for their disappearance, but not an especially high level of skill, since the correct answer is directly supported by the overall emphasis of the text.","Original Text: Teacher Directions to Read Aloud: “Now you will read the passage silently by yourself and then answer the questions. There are 3 answer choices for each question but only one correct answer. Circle the answer that you think is correct. After question 7, stop and wait for your teacher to read the directions. You may begin.” “Paleontologists and the ammonites” © READS Lab
1
There have been five mass extinctions in the earth’s history. What happened during the fifth mass extinction nearly 66 million years ago? What species was gone forever? Dinosaurs. What about fish in the oceans?
2
Paleontologists found a body fossil of a shellfish that became extinct long ago. The shellfish is called an ammonite. Ammonites were predators that lived in the ocean. They were related to other ocean predators like the octopus.
3
Ammonites survived for a long time. They had a strong shell that protected them from large fish. They were also good hunters.
4
But there are no more ammonites living today. What happened? Paleontologists have used fossil evidence to understand what happened in the past. Even 66 million years ago. One theory is that a huge rock from outer space killed many plants and animals. Another theory is that ammonites had trouble finding food before the huge rock hit the earth.
5
Body fossils help paleontologists understand what happened to living things in the past. Even when no one was around to see the animals.: This passage mainly tells about
the physical characteristics of ammonites
the dinosaur extinction 66 million years ago
the theories of the ammonite’s extinction
Read the passage about ammonites and choose the answer that best identifies its main topic.
**Primary skill:** Reading comprehension—identifying the main idea.  

**Justification:** The item asks students to determine which choice best summarizes the passage, focusing on theories explaining the ammonites’ extinction.
This is a **multi-step comprehension and synthesis item**: the student must integrate the passage’s central focus, distinguish main ideas from supporting details, and select the best summary.

- **Demand:** Moderate; requires identifying the passage’s overall purpose rather than recalling one fact.
- **Distractors:**  
  - “Physical characteristics” reflects details from paragraphs 2–3.  
  - “Dinosaur extinction” reflects the introductory context.  
  - The correct choice captures the passage’s focus on possible causes of ammonite extinction.
- **Cognitive-load elements:** Requires comparing answer choices with information distributed across multiple paragraphs; distractors are plausible but narrower than the central idea.
- **Semantic/structural issues:** The phrase “the theories of the ammonite’s extinction” is somewhat awkward grammatically, but its meaning is clear.
The item requires a low-to-moderate level of reading comprehension: the respondent must identify the passage’s central focus and select the theory about the ammonites’ extinction. It does not require advanced cognitive ability or strong psychological/attitudinal traits.","Original Text: Teacher Directions to Read Aloud: “Now you will read the passage silently by yourself and then answer the questions. There are 3 answer choices for each question but only one correct answer. Circle the answer that you think is correct. After question 7, stop and wait for your teacher to read the directions. You may begin.” “Paleontologists and the ammonites” © READS Lab
1
There have been five mass extinctions in the earth’s history. What happened during the fifth mass extinction nearly 66 million years ago? What species was gone forever? Dinosaurs. What about fish in the oceans?
2
Paleontologists found a body fossil of a shellfish that became extinct long ago. The shellfish is called an ammonite. Ammonites were predators that lived in the ocean. They were related to other ocean predators like the octopus.
3
Ammonites survived for a long time. They had a strong shell that protected them from large fish. They were also good hunters.
4
But there are no more ammonites living today. What happened? Paleontologists have used fossil evidence to understand what happened in the past. Even 66 million years ago. One theory is that a huge rock from outer space killed many plants and animals. Another theory is that ammonites had trouble finding food before the huge rock hit the earth.
5
Body fossils help paleontologists understand what happened to living things in the past. Even when no one was around to see the animals.: This passage mainly tells about
the physical characteristics of ammonites
the dinosaur extinction 66 million years ago
the theories of the ammonite’s extinction
Identify the passage’s main idea: theories explaining the extinction of ammonites.
**Primary skill: Reading comprehension—identifying the main idea of an informational text.** The item requires selecting the option that best summarizes the passage’s central focus: theories explaining the ammonites’ extinction.
Moderate cognitive demand: requires synthesizing details across the passage to identify the main idea, not simple recall. Load increases through rhetorical questions, multiple extinction theories, causal/time sequencing, and plausible distractors focused on narrower or related topics. No conditional logic or strong emotional wording; endorsement severity is not applicable.
This item requires a **moderate level of reading comprehension**, as respondents must identify the passage’s central focus on theories explaining ammonite extinction rather than select specific supporting details.",0.6653911406912913,1.1517100835513787,0.8413311352508408,0.9906683345372832,2.693033718477252,1471.0,gilbert_meta_2,1.976428523509163,0.4414872212655051,1.1939210333053312,0.2666936209099734,1.537289397381136,0.41201478124344215,0.921366516892719,0.24693894627080978,1.9589519878831636,0.43648940761844396,1.2024392874969838,0.26792489838602707,1.3557387586570462,0.38501439870712145,1.3672453929277701,0.3882821520604843,2.167862557470438,0.458088677688218,1.4226846392411356,0.3006259427801379,2.034384935538188,0.45354207530655877,1.2951203271131346,0.28873176883567925,1.9527418185185756,0.4485745023557004,1.1915644013832773,0.2737204700111189
6,"Teacher Directions to Read Aloud: “Now you will read the passage silently by yourself and then answer the questions. There are 3 answer choices for each question but only one correct answer. Circle the answer that you think is correct. After question 7, stop and wait for your teacher to read the directions. You may begin.” “Paleontologists and the ammonites” © READS Lab
1
There have been five mass extinctions in the earth’s history. What happened during the fifth mass extinction nearly 66 million years ago? What species was gone forever? Dinosaurs. What about fish in the oceans?
2
Paleontologists found a body fossil of a shellfish that became extinct long ago. The shellfish is called an ammonite. Ammonites were predators that lived in the ocean. They were related to other ocean predators like the octopus.
3
Ammonites survived for a long time. They had a strong shell that protected them from large fish. They were also good hunters.
4
But there are no more ammonites living today. What happened? Paleontologists have used fossil evidence to understand what happened in the past. Even 66 million years ago. One theory is that a huge rock from outer space killed many plants and animals. Another theory is that ammonites had trouble finding food before the huge rock hit the earth.
5
Body fossils help paleontologists understand what happened to living things in the past. Even when no one was around to see the animals.",The author of this article wants you to learn,"Teacher Directions to Read Aloud: “Now you will read the passage silently by yourself and then answer the questions. There are 3 answer choices for each question but only one correct answer. Circle the answer that you think is correct. After question 7, stop and wait for your teacher to read the directions. You may begin.” “Paleontologists and the ammonites” © READS Lab
1
There have been five mass extinctions in the earth’s history. What happened during the fifth mass extinction nearly 66 million years ago? What species was gone forever? Dinosaurs. What about fish in the oceans?
2
Paleontologists found a body fossil of a shellfish that became extinct long ago. The shellfish is called an ammonite. Ammonites were predators that lived in the ocean. They were related to other ocean predators like the octopus.
3
Ammonites survived for a long time. They had a strong shell that protected them from large fish. They were also good hunters.
4
But there are no more ammonites living today. What happened? Paleontologists have used fossil evidence to understand what happened in the past. Even 66 million years ago. One theory is that a huge rock from outer space killed many plants and animals. Another theory is that ammonites had trouble finding food before the huge rock hit the earth.
5
Body fossils help paleontologists understand what happened to living things in the past. Even when no one was around to see the animals.: The author of this article wants you to learn
How paleontologists look at animals
How paleontologists study fossils
How paleontologists work together","Original Text: Teacher Directions to Read Aloud: “Now you will read the passage silently by yourself and then answer the questions. There are 3 answer choices for each question but only one correct answer. Circle the answer that you think is correct. After question 7, stop and wait for your teacher to read the directions. You may begin.” “Paleontologists and the ammonites” © READS Lab
1
There have been five mass extinctions in the earth’s history. What happened during the fifth mass extinction nearly 66 million years ago? What species was gone forever? Dinosaurs. What about fish in the oceans?
2
Paleontologists found a body fossil of a shellfish that became extinct long ago. The shellfish is called an ammonite. Ammonites were predators that lived in the ocean. They were related to other ocean predators like the octopus.
3
Ammonites survived for a long time. They had a strong shell that protected them from large fish. They were also good hunters.
4
But there are no more ammonites living today. What happened? Paleontologists have used fossil evidence to understand what happened in the past. Even 66 million years ago. One theory is that a huge rock from outer space killed many plants and animals. Another theory is that ammonites had trouble finding food before the huge rock hit the earth.
5
Body fossils help paleontologists understand what happened to living things in the past. Even when no one was around to see the animals.: The author of this article wants you to learn
How paleontologists look at animals
How paleontologists study fossils
How paleontologists work together
The core task of this item is to identify the author’s primary purpose for writing the passage. The student must determine the central theme of the text, specifically focusing on how paleontologists utilize fossil evidence to reconstruct the history and extinction of ancient organisms like ammonites.
This analysis identifies the primary skill measured by the assessment item regarding paleontologists and ammonites.

**Primary Skill:** Reading Comprehension (Identifying Main Idea/Author's Purpose)

**Justification:** The item requires the reader to synthesize information from the entire passage to determine the author's central objective, which focuses on how paleontologists utilize fossil evidence to reconstruct the history of extinct species.
This analysis evaluates the cognitive demand and structural complexity of the item regarding the author's primary purpose.

**Cognitive Demand:** This item requires **synthesis**. The reader must integrate information across the entire passage—linking mass extinction, ammonite biology, and the use of ""body fossils""—to identify the overarching theme of paleontological methodology.

**Structural and Semantic Elements:**
*   **Semantic Overlap:** The options share a parallel structure (""How paleontologists...""), requiring the reader to make a fine-grained distinction between ""looking at animals"" and ""studying fossils.""
*   **Implicit Intent:** The author’s purpose is not explicitly stated, necessitating an inference based on the repetition of the keyword ""fossil"" in paragraphs 2, 4, and 5.
*   **Plausible Distractors:** Option 1 serves as a high-level distractor because the text discusses animals (dinosaurs, ammonites, fish), but the specific scientific mechanism described is the study of their remains.
To describe the level of the underlying latent trait required to successfully answer the item regarding the author's purpose, this task necessitates a **low-to-moderate level of reading comprehension**. A respondent must possess the ability to synthesize recurring thematic elements—specifically the role of paleontologists and their use of fossil evidence—to identify the central message. While the text uses accessible vocabulary, the respondent must move beyond literal identification of specific examples (like ammonites) to recognize the broader methodological focus on how fossils are used to understand the past.","Original Text: Teacher Directions to Read Aloud: “Now you will read the passage silently by yourself and then answer the questions. There are 3 answer choices for each question but only one correct answer. Circle the answer that you think is correct. After question 7, stop and wait for your teacher to read the directions. You may begin.” “Paleontologists and the ammonites” © READS Lab
1
There have been five mass extinctions in the earth’s history. What happened during the fifth mass extinction nearly 66 million years ago? What species was gone forever? Dinosaurs. What about fish in the oceans?
2
Paleontologists found a body fossil of a shellfish that became extinct long ago. The shellfish is called an ammonite. Ammonites were predators that lived in the ocean. They were related to other ocean predators like the octopus.
3
Ammonites survived for a long time. They had a strong shell that protected them from large fish. They were also good hunters.
4
But there are no more ammonites living today. What happened? Paleontologists have used fossil evidence to understand what happened in the past. Even 66 million years ago. One theory is that a huge rock from outer space killed many plants and animals. Another theory is that ammonites had trouble finding food before the huge rock hit the earth.
5
Body fossils help paleontologists understand what happened to living things in the past. Even when no one was around to see the animals.: The author of this article wants you to learn
How paleontologists look at animals
How paleontologists study fossils
How paleontologists work together
The core objective of this prompt is to summarize the primary task or scenario presented in the provided text. 

The item presents a reading comprehension assessment scenario in which a student is instructed to independently read an informational passage about paleontologists and ammonites, and then answer a multiple-choice question identifying the author's main purpose for writing the article.
In determining the primary skill this item attempts to measure and providing a concise justification:

**Primary Skill:** Reading comprehension (specifically, identifying the author's purpose or main idea). 

**Justification:** The item requires the student to read an informational passage about paleontologists and fossils, synthesize the text, and deduce the author's overarching instructional goal from the provided multiple-choice options.
To analyze the cognitive demand and structural complexity of this reading comprehension item: 

This cognitive item requires synthesis. The reader must integrate multiple details across the passage (mass extinctions, ammonites, theories of extinction) to abstract the author's overarching purpose. The cognitive load is increased by the tricky distractor, ""How paleontologists look at animals,"" which uses semantic overlap with the text's frequent mention of various species to distract from the passage's core focus on fossil evidence.
To determine the degree of the underlying latent trait necessary to correctly answer this reading comprehension item, a low to moderate level of cognitive ability and reading comprehension is required. Successfully identifying the author's purpose relies on basic synthesis of explicit textual evidence and repeated keywords (e.g., ""paleontologists,"" ""fossils"") rather than complex inferential reasoning or advanced vocabulary.","Original Text: Teacher Directions to Read Aloud: “Now you will read the passage silently by yourself and then answer the questions. There are 3 answer choices for each question but only one correct answer. Circle the answer that you think is correct. After question 7, stop and wait for your teacher to read the directions. You may begin.” “Paleontologists and the ammonites” © READS Lab
1
There have been five mass extinctions in the earth’s history. What happened during the fifth mass extinction nearly 66 million years ago? What species was gone forever? Dinosaurs. What about fish in the oceans?
2
Paleontologists found a body fossil of a shellfish that became extinct long ago. The shellfish is called an ammonite. Ammonites were predators that lived in the ocean. They were related to other ocean predators like the octopus.
3
Ammonites survived for a long time. They had a strong shell that protected them from large fish. They were also good hunters.
4
But there are no more ammonites living today. What happened? Paleontologists have used fossil evidence to understand what happened in the past. Even 66 million years ago. One theory is that a huge rock from outer space killed many plants and animals. Another theory is that ammonites had trouble finding food before the huge rock hit the earth.
5
Body fossils help paleontologists understand what happened to living things in the past. Even when no one was around to see the animals.: The author of this article wants you to learn
How paleontologists look at animals
How paleontologists study fossils
How paleontologists work together
The core scenario presents an elementary reading comprehension assessment item requiring a student to independently read an informational passage about ammonites and determine the author's main purpose regarding how paleontologists study fossils by selecting the single correct answer from three multiple-choice options.
**Construct Measured:** Reading Comprehension: Identifying Author’s Purpose and Main Idea in Informational Text.

**Justification:** This item evaluates a student's ability to synthesize central themes across an informational passage to determine the author's primary intent (""what the author wants you to learn""), requiring the reader to distinguish the overarching concept (how paleontologists use fossils to study the past) from supporting details.
**Cognitive Demand Level:**  
This item requires **synthesis** (identifying the central idea and author's purpose across the entire text) rather than simple recall, as the overarching intent is not stated in a single, verbatim sentence.

**Elements Affecting Demand and Cognitive Load:**
* **Parallel Answer Stems:** All three response options share an identical syntactic frame (*""How paleontologists...""*), requiring the reader to attend closely to the specific verb-object pairings rather than relying on surface-level elimination.
* **Surface-Level Distractor (Lexical Overlap):** The choice *""How paleontologists look at animals""* introduces slight interference by using a familiar word from the passage (*""animals""*), requiring students to discern the distinction between observing living animals and analyzing ancient remains. 
* **Inferential Integration:** Readers must connect recurring details across paragraphs 2, 4, and 5—specifically linking the work of paleontologists directly to *""fossil evidence""* and *""body fossils""*—to deduce the correct purpose.
To successfully identify the author's main purpose in this item, a respondent requires a **low to low-moderate level of reading comprehension ability**. The passage features basic syntactic structures, simple vocabulary, and explicit repetition of the core concepts (""paleontologists"" and ""fossils""), requiring only foundational main-idea extraction and literal understanding rather than complex inferential reasoning.","Original Text: Teacher Directions to Read Aloud: “Now you will read the passage silently by yourself and then answer the questions. There are 3 answer choices for each question but only one correct answer. Circle the answer that you think is correct. After question 7, stop and wait for your teacher to read the directions. You may begin.” “Paleontologists and the ammonites” © READS Lab
1
There have been five mass extinctions in the earth’s history. What happened during the fifth mass extinction nearly 66 million years ago? What species was gone forever? Dinosaurs. What about fish in the oceans?
2
Paleontologists found a body fossil of a shellfish that became extinct long ago. The shellfish is called an ammonite. Ammonites were predators that lived in the ocean. They were related to other ocean predators like the octopus.
3
Ammonites survived for a long time. They had a strong shell that protected them from large fish. They were also good hunters.
4
But there are no more ammonites living today. What happened? Paleontologists have used fossil evidence to understand what happened in the past. Even 66 million years ago. One theory is that a huge rock from outer space killed many plants and animals. Another theory is that ammonites had trouble finding food before the huge rock hit the earth.
5
Body fossils help paleontologists understand what happened to living things in the past. Even when no one was around to see the animals.: The author of this article wants you to learn
How paleontologists look at animals
How paleontologists study fossils
How paleontologists work together
The item asks the reader to identify the main idea of a passage about ammonites and how paleontologists use fossil evidence to understand what happened to them.
Primary domain: reading comprehension in science content. It measures the ability to identify the main idea/purpose of a short informational passage about paleontology and fossils, supported by details about how paleontologists use fossil evidence.
This is a low-demand reading-comprehension item. It mainly requires simple recall and basic inference from the passage, not multi-step reasoning or synthesis. The endorsement threshold is low: the correct choice is directly supported by the text. Structural load is modest, with a short passage and three answer choices, but there is some cognitive demand from the teacher-direction text, the embedded question format, and the need to identify the author’s purpose rather than a literal fact.
A low-to-moderate reading comprehension level is needed to identify the author’s purpose here, with basic understanding of fossils and paleontology; the item mainly requires simple passage comprehension rather than a high latent trait.","Original Text: Teacher Directions to Read Aloud: “Now you will read the passage silently by yourself and then answer the questions. There are 3 answer choices for each question but only one correct answer. Circle the answer that you think is correct. After question 7, stop and wait for your teacher to read the directions. You may begin.” “Paleontologists and the ammonites” © READS Lab
1
There have been five mass extinctions in the earth’s history. What happened during the fifth mass extinction nearly 66 million years ago? What species was gone forever? Dinosaurs. What about fish in the oceans?
2
Paleontologists found a body fossil of a shellfish that became extinct long ago. The shellfish is called an ammonite. Ammonites were predators that lived in the ocean. They were related to other ocean predators like the octopus.
3
Ammonites survived for a long time. They had a strong shell that protected them from large fish. They were also good hunters.
4
But there are no more ammonites living today. What happened? Paleontologists have used fossil evidence to understand what happened in the past. Even 66 million years ago. One theory is that a huge rock from outer space killed many plants and animals. Another theory is that ammonites had trouble finding food before the huge rock hit the earth.
5
Body fossils help paleontologists understand what happened to living things in the past. Even when no one was around to see the animals.: The author of this article wants you to learn
How paleontologists look at animals
How paleontologists study fossils
How paleontologists work together
The item asks the reader to identify the author’s purpose: to learn how paleontologists study fossils.
This item is primarily measuring reading comprehension, specifically identifying the author’s purpose/main idea. The student must understand the passage about ammonites and paleontologists and choose what the author wants the reader to learn, rather than recall a single isolated fact.
Core ask: assess the item’s cognitive demand and note wording/features that raise difficulty.

Low-to-moderate cognitive demand. It mainly requires recall of the passage’s main idea, with slight synthesis across sentences about fossils and paleontologists. No deep multi-step reasoning.

Load-raising elements:
- A brief passage must be read before answering, so comprehension is required.
- The stem “The author of this article wants you to learn” asks for main idea/purpose, which is broader than a single fact.
- Distractors are semantically similar (“look at animals,” “study fossils,” “work together”), increasing discrimination difficulty.
- Some rhetorical questions and theory statements in the passage may add mild distraction, but there is no complex conditional logic or strong emotional wording.
This item appears to require a relatively low to moderate level of the underlying trait—here, basic reading comprehension/informational text understanding—because the correct response depends on identifying the article’s main idea rather than making a complex inference.","Original Text: Teacher Directions to Read Aloud: “Now you will read the passage silently by yourself and then answer the questions. There are 3 answer choices for each question but only one correct answer. Circle the answer that you think is correct. After question 7, stop and wait for your teacher to read the directions. You may begin.” “Paleontologists and the ammonites” © READS Lab
1
There have been five mass extinctions in the earth’s history. What happened during the fifth mass extinction nearly 66 million years ago? What species was gone forever? Dinosaurs. What about fish in the oceans?
2
Paleontologists found a body fossil of a shellfish that became extinct long ago. The shellfish is called an ammonite. Ammonites were predators that lived in the ocean. They were related to other ocean predators like the octopus.
3
Ammonites survived for a long time. They had a strong shell that protected them from large fish. They were also good hunters.
4
But there are no more ammonites living today. What happened? Paleontologists have used fossil evidence to understand what happened in the past. Even 66 million years ago. One theory is that a huge rock from outer space killed many plants and animals. Another theory is that ammonites had trouble finding food before the huge rock hit the earth.
5
Body fossils help paleontologists understand what happened to living things in the past. Even when no one was around to see the animals.: The author of this article wants you to learn
How paleontologists look at animals
How paleontologists study fossils
How paleontologists work together
Determine what the article teaches about how paleontologists study fossils to learn about extinct animals, especially ammonites.
**Primary domain:** Reading comprehension—identifying the author’s main idea and purpose.  

**Justification:** The item requires integrating details about fossils and paleontologists’ use of fossil evidence to determine what happened to extinct animals.
This is a **low-to-moderate cognitive-demand reading-comprehension item**. It requires recalling and integrating the passage’s central idea—especially that paleontologists use fossils to study the past—rather than multi-step reasoning or synthesis.

- **Endorsement/selection:** Requires identifying the author’s purpose, not severe symptoms, strong beliefs, or introspection.
- **Load-increasing elements:** Scientific vocabulary (“paleontologists,” “ammonites,” “body fossil”), numerous historical details, competing extinction theories, and a broad main-idea distinction.
- **Distractors:** “How paleontologists look at animals” and “work together” are thematically related but less directly supported; distinguishing them requires attention to the passage’s repeated focus on fossil evidence.
- **Structure:** Read-aloud directions include multiple procedural steps and a conditional stopping instruction, adding modest task-management load.
The item requires a **low-to-moderate level of cognitive/reading ability**: the respondent must understand the passage’s main idea and identify that it explains **how paleontologists study fossils**. It does not require advanced inference or specialized knowledge.","Original Text: Teacher Directions to Read Aloud: “Now you will read the passage silently by yourself and then answer the questions. There are 3 answer choices for each question but only one correct answer. Circle the answer that you think is correct. After question 7, stop and wait for your teacher to read the directions. You may begin.” “Paleontologists and the ammonites” © READS Lab
1
There have been five mass extinctions in the earth’s history. What happened during the fifth mass extinction nearly 66 million years ago? What species was gone forever? Dinosaurs. What about fish in the oceans?
2
Paleontologists found a body fossil of a shellfish that became extinct long ago. The shellfish is called an ammonite. Ammonites were predators that lived in the ocean. They were related to other ocean predators like the octopus.
3
Ammonites survived for a long time. They had a strong shell that protected them from large fish. They were also good hunters.
4
But there are no more ammonites living today. What happened? Paleontologists have used fossil evidence to understand what happened in the past. Even 66 million years ago. One theory is that a huge rock from outer space killed many plants and animals. Another theory is that ammonites had trouble finding food before the huge rock hit the earth.
5
Body fossils help paleontologists understand what happened to living things in the past. Even when no one was around to see the animals.: The author of this article wants you to learn
How paleontologists look at animals
How paleontologists study fossils
How paleontologists work together
Identify the article’s main purpose: explaining how paleontologists study fossils to understand extinct animals.
**Primary skill: Reading comprehension—identifying the author’s main purpose.** The item asks students to infer the article’s central instructional aim: explaining how paleontologists study fossils to understand past life.
**Moderate cognitive demand:** requires synthesizing the passage’s repeated focus on fossil evidence to infer the author’s main teaching goal, rather than recalling one sentence. Scientific terms, rhetorical questions, multiple extinction theories, and closely related distractors increase load; “study fossils” is the only choice supported throughout.
This item requires a relatively low level of the underlying reading-comprehension ability because the central idea—how paleontologists use fossils to understand the past—is stated explicitly and repeated throughout the passage.",0.7617947978920189,-0.7116182409231363,-0.565457445114979,-0.5599709308303712,0.5712256686633284,823.0,gilbert_meta_2,1.520837322333704,0.45240037463258564,0.9187074795632247,0.27328603909745763,0.502022278804434,0.43887147705370566,0.3008844783633859,0.2630353691799277,0.892135292954272,0.4292002468247384,0.5476083807291496,0.26345068290476586,0.818847886077926,0.4040967998339191,0.8257977376538944,0.40752651227369974,1.4696656008938032,0.44969960836981043,0.9644848876639261,0.29512051993139704,1.0576144540234975,0.44477980660769956,0.6732934135162245,0.2831535755914801,1.3396835920872863,0.4528545522359856,0.8174758497564796,0.27633215939326244
12,"Teacher Directions to Read Aloud: “Now you will read the passage silently by yourself and then answer the questions. There are 3 answer choices for each question but only one correct answer. Circle the answer that you think is correct. After question 7, stop and wait for your teacher to read the directions. You may begin.” Archaeologists and the city of Pompei” © READS Lab
1
Nearly 2,000 years ago, a volcano eruption destroyed an old city. It was called Pompei. The eruption of a mountain was brutal. It lasted for more than 24 hours. By the end, Pompei was covered in ashes. Many people died. The city was totally destroyed. It was like a mass extinction.
2
But archaeologists discovered Pompei again in 1748. They found fossilized humans—not dinosaur fossils but human fossils. A team of archaeologists found fossilized buildings and human and animal skeletons.
3
Pompei is like a city frozen in time. But scientists are not studying the fossilized bones of dinosaurs. Instead, they are studying the buildings and other artifacts from Pompei. They also want to know what people were like.
4
One theory about Pompei is that there were rich and poor people. Archaeologists have found fossilized big homes and small homes.
5
Yes, Pompei was fossilized. So archaeologists have clues about life in Pompei. Even the kinds of people who lived there.",How can we imagine what Pompei was like a long time ago?,"Teacher Directions to Read Aloud: “Now you will read the passage silently by yourself and then answer the questions. There are 3 answer choices for each question but only one correct answer. Circle the answer that you think is correct. After question 7, stop and wait for your teacher to read the directions. You may begin.” Archaeologists and the city of Pompei” © READS Lab
1
Nearly 2,000 years ago, a volcano eruption destroyed an old city. It was called Pompei. The eruption of a mountain was brutal. It lasted for more than 24 hours. By the end, Pompei was covered in ashes. Many people died. The city was totally destroyed. It was like a mass extinction.
2
But archaeologists discovered Pompei again in 1748. They found fossilized humans—not dinosaur fossils but human fossils. A team of archaeologists found fossilized buildings and human and animal skeletons.
3
Pompei is like a city frozen in time. But scientists are not studying the fossilized bones of dinosaurs. Instead, they are studying the buildings and other artifacts from Pompei. They also want to know what people were like.
4
One theory about Pompei is that there were rich and poor people. Archaeologists have found fossilized big homes and small homes.
5
Yes, Pompei was fossilized. So archaeologists have clues about life in Pompei. Even the kinds of people who lived there.: How can we imagine what Pompei was like a long time ago?
By studying fossilized buildings and skeletons
By studying many different books about the city
By studying the people currently living in Pompei","Original Text: Teacher Directions to Read Aloud: “Now you will read the passage silently by yourself and then answer the questions. There are 3 answer choices for each question but only one correct answer. Circle the answer that you think is correct. After question 7, stop and wait for your teacher to read the directions. You may begin.” Archaeologists and the city of Pompei” © READS Lab
1
Nearly 2,000 years ago, a volcano eruption destroyed an old city. It was called Pompei. The eruption of a mountain was brutal. It lasted for more than 24 hours. By the end, Pompei was covered in ashes. Many people died. The city was totally destroyed. It was like a mass extinction.
2
But archaeologists discovered Pompei again in 1748. They found fossilized humans—not dinosaur fossils but human fossils. A team of archaeologists found fossilized buildings and human and animal skeletons.
3
Pompei is like a city frozen in time. But scientists are not studying the fossilized bones of dinosaurs. Instead, they are studying the buildings and other artifacts from Pompei. They also want to know what people were like.
4
One theory about Pompei is that there were rich and poor people. Archaeologists have found fossilized big homes and small homes.
5
Yes, Pompei was fossilized. So archaeologists have clues about life in Pompei. Even the kinds of people who lived there.: How can we imagine what Pompei was like a long time ago?
By studying fossilized buildings and skeletons
By studying many different books about the city
By studying the people currently living in Pompei
The core task is to identify the primary method used to reconstruct the historical life of Pompeii based on the provided reading passage. The item asks how one can imagine what the city was like a long time ago, requiring the selection of the correct archaeological evidence mentioned in the text.
This item measures the primary skill of **reading comprehension**, specifically the ability to retrieve explicit details from a text. The question requires the reader to identify the specific evidence mentioned in the passage—fossilized buildings and skeletons—that archaeologists use to reconstruct the history of Pompeii.
This analysis evaluates the cognitive demand and structural complexity of the reading comprehension item regarding the city of Pompeii.

**Cognitive Demand**
The item requires **synthesis**. To answer correctly, the reader must integrate information across several paragraphs—specifically the discovery of ""fossilized buildings and human and animal skeletons"" (Paragraph 2) and the use of these ""clues"" to understand life in the city (Paragraph 5)—to determine how one ""imagines"" the past.

**Structural and Semantic Elements**
*   **Non-standard Terminology:** The repeated use of ""fossilized"" to describe buildings and skeletons (rather than ""preserved"" or ""calcified"") creates a semantic hurdle, as it traditionally applies to paleontology.
*   **Temporal Distractors:** The third option (""people currently living"") requires the reader to apply conditional logic to distinguish between the historical ""long time ago"" context and the present day.
*   **Plausibility Distractor:** The second option (""studying many different books"") is a common-sense method for learning history that is not supported by the text, requiring the reader to rely strictly on provided evidence rather than outside knowledge.
*   **Emotional Tone:** The use of high-intensity language like ""brutal"" and ""mass extinction"" increases the emotional weight of the passage, though it serves as a distractor from the technical process of archaeology described in the question.
To describe the level of the underlying latent trait—specifically reading comprehension and literal retrieval—required for this item, the respondent needs a **low to basic level** of proficiency. The item requires the ability to locate explicitly stated information within a simple narrative text; the correct answer (""By studying fossilized buildings and skeletons"") is a direct paraphrase of details found in paragraphs 2 and 3. Minimal inferential reasoning is necessary, as the distractors are not mentioned in the text, making the cognitive demand primarily focused on basic decoding and information matching.","Original Text: Teacher Directions to Read Aloud: “Now you will read the passage silently by yourself and then answer the questions. There are 3 answer choices for each question but only one correct answer. Circle the answer that you think is correct. After question 7, stop and wait for your teacher to read the directions. You may begin.” Archaeologists and the city of Pompei” © READS Lab
1
Nearly 2,000 years ago, a volcano eruption destroyed an old city. It was called Pompei. The eruption of a mountain was brutal. It lasted for more than 24 hours. By the end, Pompei was covered in ashes. Many people died. The city was totally destroyed. It was like a mass extinction.
2
But archaeologists discovered Pompei again in 1748. They found fossilized humans—not dinosaur fossils but human fossils. A team of archaeologists found fossilized buildings and human and animal skeletons.
3
Pompei is like a city frozen in time. But scientists are not studying the fossilized bones of dinosaurs. Instead, they are studying the buildings and other artifacts from Pompei. They also want to know what people were like.
4
One theory about Pompei is that there were rich and poor people. Archaeologists have found fossilized big homes and small homes.
5
Yes, Pompei was fossilized. So archaeologists have clues about life in Pompei. Even the kinds of people who lived there.: How can we imagine what Pompei was like a long time ago?
By studying fossilized buildings and skeletons
By studying many different books about the city
By studying the people currently living in Pompei
The core task presented in this scenario is a reading comprehension assessment requiring students to read a short passage about the archaeological discovery of Pompeii and answer a multiple-choice question identifying how we are able to understand what the ancient city was like in the past.
To identify the primary skill this assessment item is attempting to measure and provide a concise justification:

**Primary Skill:** Reading Comprehension (Information Retrieval / Literal Comprehension)

**Justification:** The item requires the student to read an informational passage and answer a multiple-choice question by locating and retrieving explicitly stated details directly from the text (specifically, that archaeologists study fossilized buildings and skeletons to understand Pompeii).
To evaluate the cognitive demand, required reasoning level, and structural or semantic elements affecting the difficulty of this reading comprehension item:

This cognitive item presents a low demand, primarily requiring basic recall and simple synthesis. The reader must map the question's premise of how to ""imagine what Pompei was like"" to the text's explicit mentions of archaeologists studying ""fossilized buildings and human and animal skeletons"" to find ""clues about life."" The cognitive load is minimized by straightforward distractors; options involving books or current residents are easily eliminated by the passage's clear establishment of Pompeii as a destroyed, ancient city. While the text features strong emotional wording (""brutal,"" ""mass extinction""), these semantic elements do not increase the threshold for selecting the correct answer.
To successfully answer this item, the overall level of the underlying latent trait required is a low to moderate degree of reading comprehension, as the respondent only needs to perform basic recall and direct matching of explicitly stated information from the text to the correct answer choice.","Original Text: Teacher Directions to Read Aloud: “Now you will read the passage silently by yourself and then answer the questions. There are 3 answer choices for each question but only one correct answer. Circle the answer that you think is correct. After question 7, stop and wait for your teacher to read the directions. You may begin.” Archaeologists and the city of Pompei” © READS Lab
1
Nearly 2,000 years ago, a volcano eruption destroyed an old city. It was called Pompei. The eruption of a mountain was brutal. It lasted for more than 24 hours. By the end, Pompei was covered in ashes. Many people died. The city was totally destroyed. It was like a mass extinction.
2
But archaeologists discovered Pompei again in 1748. They found fossilized humans—not dinosaur fossils but human fossils. A team of archaeologists found fossilized buildings and human and animal skeletons.
3
Pompei is like a city frozen in time. But scientists are not studying the fossilized bones of dinosaurs. Instead, they are studying the buildings and other artifacts from Pompei. They also want to know what people were like.
4
One theory about Pompei is that there were rich and poor people. Archaeologists have found fossilized big homes and small homes.
5
Yes, Pompei was fossilized. So archaeologists have clues about life in Pompei. Even the kinds of people who lived there.: How can we imagine what Pompei was like a long time ago?
By studying fossilized buildings and skeletons
By studying many different books about the city
By studying the people currently living in Pompei
The core scenario presents an independent reading comprehension task requiring a student to read a brief informational text about the volcanic destruction and archaeological excavation of ancient Pompeii, and then select the correct multiple-choice answer explaining how modern people can learn about and reconstruct ancient life in the city through fossilized remains.
**Targeted Skill / Construct:** Reading Comprehension (specifically, identifying and recalling key details and evidence from an informational text).

**Justification:** The item assesses a student's ability to locate directly stated factual information within an expository passage to answer a literal comprehension question about how scientists reconstruct historical life in Pompeii using physical artifacts and skeletal remains.
This evaluation examines the cognitive demand, processing depth, and structural complexity of the reading comprehension assessment item.

* **Cognitive Demand Level:** **Low (Direct Recall / Text-to-Option Matching)**. The item requires identifying explicitly stated details rather than multi-step inference or high-level synthesis.
* **Semantic & Structural Factors:**
  * **Direct Lexical Cues:** Cognitive load is minimized because the correct option (""By studying fossilized buildings and skeletons"") directly mirrors verbatim phrasing from paragraphs 2 and 3 (""fossilized buildings,"" ""skeletons"").
  * **Question Stem Abstraction:** The phrasing ""How can we imagine..."" introduces minor conceptual abstraction, requiring the reader to equate ""imagining the past"" with text concepts like ""know what people were like"" and finding ""clues about life.""
  * **Low-Complexity Distractors:** The incorrect choices do not feature subtle or tricky textual overlap; they rely on simple out-of-context logic (books) or chronological contradiction (current residents of a destroyed ancient city), making elimination straightforward.
The level of the underlying latent trait—specifically, basic reading comprehension and literal information retrieval ability—required to successfully answer this item is **low to low-moderate**. 

A respondent needs only an elementary reading level to locate and match explicitly stated details (recognizing that archaeologists study fossilized buildings and skeletons to understand ancient Pompeii) directly from a short, syntactically simple passage without needing to make complex inferences or evaluate abstract concepts.","Original Text: Teacher Directions to Read Aloud: “Now you will read the passage silently by yourself and then answer the questions. There are 3 answer choices for each question but only one correct answer. Circle the answer that you think is correct. After question 7, stop and wait for your teacher to read the directions. You may begin.” Archaeologists and the city of Pompei” © READS Lab
1
Nearly 2,000 years ago, a volcano eruption destroyed an old city. It was called Pompei. The eruption of a mountain was brutal. It lasted for more than 24 hours. By the end, Pompei was covered in ashes. Many people died. The city was totally destroyed. It was like a mass extinction.
2
But archaeologists discovered Pompei again in 1748. They found fossilized humans—not dinosaur fossils but human fossils. A team of archaeologists found fossilized buildings and human and animal skeletons.
3
Pompei is like a city frozen in time. But scientists are not studying the fossilized bones of dinosaurs. Instead, they are studying the buildings and other artifacts from Pompei. They also want to know what people were like.
4
One theory about Pompei is that there were rich and poor people. Archaeologists have found fossilized big homes and small homes.
5
Yes, Pompei was fossilized. So archaeologists have clues about life in Pompei. Even the kinds of people who lived there.: How can we imagine what Pompei was like a long time ago?
By studying fossilized buildings and skeletons
By studying many different books about the city
By studying the people currently living in Pompei
The item asks the reader to identify how archaeologists can learn what ancient Pompei was like, based on evidence from fossilized buildings and skeletons.
Primary domain: reading comprehension / informational text understanding. The item measures the ability to identify the main idea or supporting detail from a short passage, using evidence from the text to answer a multiple-choice question.
This is a low-demand reading comprehension item with straightforward recall. It mainly requires locating a stated detail in the passage, not multi-step reasoning or synthesis. The endorsement threshold is low because the correct answer is explicitly supported by the text. Structural load is minimal: simple multiple-choice format, one clear question, and no tricky distractors or conditional logic beyond a basic “how can we imagine” prompt.
A low level of the underlying trait is needed here: the item mainly requires basic reading comprehension and simple recall/inference from the passage, not advanced ability or strong endorsement.","Original Text: Teacher Directions to Read Aloud: “Now you will read the passage silently by yourself and then answer the questions. There are 3 answer choices for each question but only one correct answer. Circle the answer that you think is correct. After question 7, stop and wait for your teacher to read the directions. You may begin.” Archaeologists and the city of Pompei” © READS Lab
1
Nearly 2,000 years ago, a volcano eruption destroyed an old city. It was called Pompei. The eruption of a mountain was brutal. It lasted for more than 24 hours. By the end, Pompei was covered in ashes. Many people died. The city was totally destroyed. It was like a mass extinction.
2
But archaeologists discovered Pompei again in 1748. They found fossilized humans—not dinosaur fossils but human fossils. A team of archaeologists found fossilized buildings and human and animal skeletons.
3
Pompei is like a city frozen in time. But scientists are not studying the fossilized bones of dinosaurs. Instead, they are studying the buildings and other artifacts from Pompei. They also want to know what people were like.
4
One theory about Pompei is that there were rich and poor people. Archaeologists have found fossilized big homes and small homes.
5
Yes, Pompei was fossilized. So archaeologists have clues about life in Pompei. Even the kinds of people who lived there.: How can we imagine what Pompei was like a long time ago?
By studying fossilized buildings and skeletons
By studying many different books about the city
By studying the people currently living in Pompei
The item asks the reader to use the passage to identify how we can understand what ancient Pompei was like, with the correct idea being that archaeologists learn this by studying fossilized buildings and skeletons.
This item primarily measures reading comprehension, specifically the ability to identify explicitly stated information in an informational passage. The question asks the reader to extract the passage’s stated method for understanding ancient Pompei, with the correct answer directly supported by details about archaeologists studying fossilized buildings and skeletons.
Core ask: assess the item’s cognitive demand and note wording/features that raise difficulty.

This is a low-demand reading-comprehension item. It mainly requires recall/local inference from the passage, not multi-step reasoning or synthesis. The correct answer is stated almost directly in the text (“archaeologists have clues about life in Pompei” from “fossilized buildings and skeletons”).

Load-increasing elements: the passage is somewhat long for the question; there are repeated contrasts (“not dinosaur fossils but human fossils,” “scientists are not studying... dinosaurs”) that could distract; and one distractor (“many different books about the city”) is plausible but unsupported. No conditional logic or emotionally intense endorsement threshold is involved.
This item appears to require a relatively low to moderate level of the underlying trait—here, basic reading comprehension. A respondent needs to identify an explicitly stated idea from the passage and match it to the correct answer, so successful responding reflects straightforward literal comprehension rather than advanced inference or unusually high ability.","Original Text: Teacher Directions to Read Aloud: “Now you will read the passage silently by yourself and then answer the questions. There are 3 answer choices for each question but only one correct answer. Circle the answer that you think is correct. After question 7, stop and wait for your teacher to read the directions. You may begin.” Archaeologists and the city of Pompei” © READS Lab
1
Nearly 2,000 years ago, a volcano eruption destroyed an old city. It was called Pompei. The eruption of a mountain was brutal. It lasted for more than 24 hours. By the end, Pompei was covered in ashes. Many people died. The city was totally destroyed. It was like a mass extinction.
2
But archaeologists discovered Pompei again in 1748. They found fossilized humans—not dinosaur fossils but human fossils. A team of archaeologists found fossilized buildings and human and animal skeletons.
3
Pompei is like a city frozen in time. But scientists are not studying the fossilized bones of dinosaurs. Instead, they are studying the buildings and other artifacts from Pompei. They also want to know what people were like.
4
One theory about Pompei is that there were rich and poor people. Archaeologists have found fossilized big homes and small homes.
5
Yes, Pompei was fossilized. So archaeologists have clues about life in Pompei. Even the kinds of people who lived there.: How can we imagine what Pompei was like a long time ago?
By studying fossilized buildings and skeletons
By studying many different books about the city
By studying the people currently living in Pompei
The task is to read the passage silently and answer the question by choosing how archaeologists can learn what ancient Pompeii was like.
**Primary domain:** Reading comprehension—text-based information retrieval.  
**Justification:** The item measures whether the reader can locate and select the passage’s explicitly stated evidence about how archaeologists learn about ancient Pompeii.
This is a **low-to-moderate cognitive-demand reading-comprehension item**. It primarily requires **recall and locating explicit information** in the passage, with minimal integration—not multi-step reasoning or synthesis. The correct answer directly restates paragraph 5.

Structural/semantic features increasing load:
- Multi-step directions impose procedural attention demands.
- “How can we imagine…” requires recognizing that this means learning from archaeological evidence.
- Distractors are straightforward and weakly supported, making elimination easy.
- Awkward wording, repetition, and terms such as “fossilized” and “mass extinction” may create minor vocabulary or comprehension demands.
- The misspelling “Pompei” and fragmented phrasing may distract some readers.
This item requires a **low level of underlying cognitive and reading-comprehension ability**: the respondent must recognize and retrieve an explicitly stated detail from the passage—studying fossilized buildings and skeletons.","Original Text: Teacher Directions to Read Aloud: “Now you will read the passage silently by yourself and then answer the questions. There are 3 answer choices for each question but only one correct answer. Circle the answer that you think is correct. After question 7, stop and wait for your teacher to read the directions. You may begin.” Archaeologists and the city of Pompei” © READS Lab
1
Nearly 2,000 years ago, a volcano eruption destroyed an old city. It was called Pompei. The eruption of a mountain was brutal. It lasted for more than 24 hours. By the end, Pompei was covered in ashes. Many people died. The city was totally destroyed. It was like a mass extinction.
2
But archaeologists discovered Pompei again in 1748. They found fossilized humans—not dinosaur fossils but human fossils. A team of archaeologists found fossilized buildings and human and animal skeletons.
3
Pompei is like a city frozen in time. But scientists are not studying the fossilized bones of dinosaurs. Instead, they are studying the buildings and other artifacts from Pompei. They also want to know what people were like.
4
One theory about Pompei is that there were rich and poor people. Archaeologists have found fossilized big homes and small homes.
5
Yes, Pompei was fossilized. So archaeologists have clues about life in Pompei. Even the kinds of people who lived there.: How can we imagine what Pompei was like a long time ago?
By studying fossilized buildings and skeletons
By studying many different books about the city
By studying the people currently living in Pompei
Identify how studying fossilized buildings and skeletons helps us understand what ancient Pompei was like.
**Reading comprehension—drawing an evidence-based inference:** The item assesses whether students understand that knowledge of ancient Pompei comes from archaeologists studying preserved buildings, artifacts, and skeletons described in the passage.
**Low-to-moderate cognitive demand:** requires locating and paraphrasing explicit passage information, not multi-step reasoning or synthesis. The correct answer combines details about archaeologists studying fossilized buildings and skeletons. Load increases slightly from the passage length, specialized terms (“archaeologists,” “fossilized”), and the indirect wording “imagine what Pompei was like.” Distractors are straightforward; “currently living” clearly conflicts with the city’s destruction.
This item requires a **low to moderate level of reading comprehension**, as respondents need only connect an explicitly stated detail—archaeologists study fossilized buildings and skeletons—to imagining life in ancient Pompei.",1.125251697487099,0.074989396554027,0.1057461080258373,0.1781123853106156,1.1949596095955377,1137.0,gilbert_meta_2,-0.6143827111725039,0.4384542818364065,-0.3711363363981556,0.26486148272026916,-1.0222252520303388,0.44602635232574545,-0.6126654626952236,0.26732360698305796,-1.425785739748406,0.46920920658697646,-0.8751724389524371,0.2880088881939045,-0.5493303831113501,0.3683455587420555,-0.553992744330941,0.37147183775608084,-1.0634008193100333,0.4437109013201341,-0.6978689704176291,0.2911903623210219,0.2133114925113273,0.3988589412266964,0.1357973336964258,0.2539196557198557,0.7220410072139711,0.4151175187538683,0.4405899194537631,0.25330499559481784
8,"Teacher Directions to Read Aloud: “Now you will read the passage silently by yourself and then answer the questions. There are 3 answer choices for each question but only one correct answer. Circle the answer that you think is correct. After question 7, stop and wait for your teacher to read the directions. You may begin.” Archaeologists and the city of Pompei” © READS Lab
1
Nearly 2,000 years ago, a volcano eruption destroyed an old city. It was called Pompei. The eruption of a mountain was brutal. It lasted for more than 24 hours. By the end, Pompei was covered in ashes. Many people died. The city was totally destroyed. It was like a mass extinction.
2
But archaeologists discovered Pompei again in 1748. They found fossilized humans—not dinosaur fossils but human fossils. A team of archaeologists found fossilized buildings and human and animal skeletons.
3
Pompei is like a city frozen in time. But scientists are not studying the fossilized bones of dinosaurs. Instead, they are studying the buildings and other artifacts from Pompei. They also want to know what people were like.
4
One theory about Pompei is that there were rich and poor people. Archaeologists have found fossilized big homes and small homes.
5
Yes, Pompei was fossilized. So archaeologists have clues about life in Pompei. Even the kinds of people who lived there.","According to the passage, who studies fossils of buildings destroyed by a volcano?","Teacher Directions to Read Aloud: “Now you will read the passage silently by yourself and then answer the questions. There are 3 answer choices for each question but only one correct answer. Circle the answer that you think is correct. After question 7, stop and wait for your teacher to read the directions. You may begin.” Archaeologists and the city of Pompei” © READS Lab
1
Nearly 2,000 years ago, a volcano eruption destroyed an old city. It was called Pompei. The eruption of a mountain was brutal. It lasted for more than 24 hours. By the end, Pompei was covered in ashes. Many people died. The city was totally destroyed. It was like a mass extinction.
2
But archaeologists discovered Pompei again in 1748. They found fossilized humans—not dinosaur fossils but human fossils. A team of archaeologists found fossilized buildings and human and animal skeletons.
3
Pompei is like a city frozen in time. But scientists are not studying the fossilized bones of dinosaurs. Instead, they are studying the buildings and other artifacts from Pompei. They also want to know what people were like.
4
One theory about Pompei is that there were rich and poor people. Archaeologists have found fossilized big homes and small homes.
5
Yes, Pompei was fossilized. So archaeologists have clues about life in Pompei. Even the kinds of people who lived there.: According to the passage, who studies fossils of buildings destroyed by a volcano?
rich people
people in Pompei
archaeologists","Original Text: Teacher Directions to Read Aloud: “Now you will read the passage silently by yourself and then answer the questions. There are 3 answer choices for each question but only one correct answer. Circle the answer that you think is correct. After question 7, stop and wait for your teacher to read the directions. You may begin.” Archaeologists and the city of Pompei” © READS Lab
1
Nearly 2,000 years ago, a volcano eruption destroyed an old city. It was called Pompei. The eruption of a mountain was brutal. It lasted for more than 24 hours. By the end, Pompei was covered in ashes. Many people died. The city was totally destroyed. It was like a mass extinction.
2
But archaeologists discovered Pompei again in 1748. They found fossilized humans—not dinosaur fossils but human fossils. A team of archaeologists found fossilized buildings and human and animal skeletons.
3
Pompei is like a city frozen in time. But scientists are not studying the fossilized bones of dinosaurs. Instead, they are studying the buildings and other artifacts from Pompei. They also want to know what people were like.
4
One theory about Pompei is that there were rich and poor people. Archaeologists have found fossilized big homes and small homes.
5
Yes, Pompei was fossilized. So archaeologists have clues about life in Pompei. Even the kinds of people who lived there.: According to the passage, who studies fossils of buildings destroyed by a volcano?
rich people
people in Pompei
archaeologists
This item requires identifying the specific group of professionals who study the volcanic remains of Pompeii based on the provided reading passage. The core task is to select the correct answer from three choices to demonstrate comprehension of the text's description of archaeological work.
This analysis identifies the primary skill measured by the provided assessment item.

**Skill:** Literal Information Retrieval (Reading Comprehension)

**Justification:** The item requires the reader to locate a specific fact explicitly stated in the text—that archaeologists study the remains of Pompeii—to answer a direct question, rather than requiring inference, synthesis, or prior domain knowledge.
This analysis evaluates the cognitive demand and structural complexity of the reading comprehension item regarding the study of Pompeii’s ruins.

**Cognitive Demand**
This is a **recall** item. It requires the reader to locate explicitly stated information within the text rather than requiring multi-step reasoning or synthesis. The answer is directly provided in paragraphs 2 and 3, which link ""archaeologists"" and ""scientists"" to the study of buildings and artifacts.

**Structural and Semantic Elements**
*   **Lexical Matching:** The question uses the specific phrase ""fossils of buildings,"" which appears verbatim in the text, lowering the cognitive load by allowing for simple pattern matching.
*   **Simple Distractors:** The distractors (""rich people,"" ""people in Pompei"") are mentioned in the text but are associated with different contexts (social status and victims), requiring only basic categorical sorting to eliminate.
*   **Low Complexity:** The sentence structure is simple and declarative, and the logic is linear, providing a low threshold for correct identification.
To describe the level of the underlying latent trait of reading comprehension required for this item, the respondent needs a **low level** of proficiency. The item requires basic literal retrieval of information explicitly stated multiple times within a simple, high-readability text, necessitating only the ability to match a specific role (archaeologists) with its described action (studying buildings) without complex inference.","Original Text: Teacher Directions to Read Aloud: “Now you will read the passage silently by yourself and then answer the questions. There are 3 answer choices for each question but only one correct answer. Circle the answer that you think is correct. After question 7, stop and wait for your teacher to read the directions. You may begin.” Archaeologists and the city of Pompei” © READS Lab
1
Nearly 2,000 years ago, a volcano eruption destroyed an old city. It was called Pompei. The eruption of a mountain was brutal. It lasted for more than 24 hours. By the end, Pompei was covered in ashes. Many people died. The city was totally destroyed. It was like a mass extinction.
2
But archaeologists discovered Pompei again in 1748. They found fossilized humans—not dinosaur fossils but human fossils. A team of archaeologists found fossilized buildings and human and animal skeletons.
3
Pompei is like a city frozen in time. But scientists are not studying the fossilized bones of dinosaurs. Instead, they are studying the buildings and other artifacts from Pompei. They also want to know what people were like.
4
One theory about Pompei is that there were rich and poor people. Archaeologists have found fossilized big homes and small homes.
5
Yes, Pompei was fossilized. So archaeologists have clues about life in Pompei. Even the kinds of people who lived there.: According to the passage, who studies fossils of buildings destroyed by a volcano?
rich people
people in Pompei
archaeologists
The core task requested is to summarize the scenario presented in the provided text. This item is a reading comprehension assessment in which a student silently reads a passage about the destruction and excavation of Pompeii, and then answers a multiple-choice question identifying who studies the fossilized buildings described in the text.
In determining the primary knowledge domain, skill, symptom, belief, or construct this item attempts to measure along with a concise justification:

**Primary Skill:** Reading comprehension (specifically, literal information retrieval). 

**Justification:** The item requires the reader to process a written passage and locate explicitly stated, factual information directly within the text to answer a specific question.
In evaluating the cognitive demand, required reasoning level, and structural elements that influence the difficulty of this reading comprehension item, the question requires basic recall and literal comprehension rather than multi-step reasoning or synthesis. The cognitive load is low due to direct phrasing (""According to the passage"") and explicit text-to-question alignment, as the passage directly links ""archaeologists"" to finding and studying ""fossilized buildings."" The distractors (""rich people,"" ""people in Pompei"") are straightforward and lack complex phrasing or conditional logic, keeping the threshold for a correct response minimal.
The overall level of the underlying latent trait of reading comprehension required for a respondent to successfully answer this item is low, as the correct answer relies on basic, literal recall of information explicitly stated in the text.","Original Text: Teacher Directions to Read Aloud: “Now you will read the passage silently by yourself and then answer the questions. There are 3 answer choices for each question but only one correct answer. Circle the answer that you think is correct. After question 7, stop and wait for your teacher to read the directions. You may begin.” Archaeologists and the city of Pompei” © READS Lab
1
Nearly 2,000 years ago, a volcano eruption destroyed an old city. It was called Pompei. The eruption of a mountain was brutal. It lasted for more than 24 hours. By the end, Pompei was covered in ashes. Many people died. The city was totally destroyed. It was like a mass extinction.
2
But archaeologists discovered Pompei again in 1748. They found fossilized humans—not dinosaur fossils but human fossils. A team of archaeologists found fossilized buildings and human and animal skeletons.
3
Pompei is like a city frozen in time. But scientists are not studying the fossilized bones of dinosaurs. Instead, they are studying the buildings and other artifacts from Pompei. They also want to know what people were like.
4
One theory about Pompei is that there were rich and poor people. Archaeologists have found fossilized big homes and small homes.
5
Yes, Pompei was fossilized. So archaeologists have clues about life in Pompei. Even the kinds of people who lived there.: According to the passage, who studies fossils of buildings destroyed by a volcano?
rich people
people in Pompei
archaeologists
The core task presented in this item is a reading comprehension assessment that requires an independent reader to review a brief informational text about the rediscovery of Pompeii and select the correct multiple-choice answer identifying who studies the volcano-damaged, fossilized structures.
**Primary Construct:** Reading Comprehension (Literal Information Retrieval / Key Details)

**Justification:** The item evaluates a student's ability to locate and extract explicitly stated factual information directly from an informational text to identify who studies the preserved remains of the city.
This cognitive reading comprehension item demands low-level direct recall and literal information retrieval rather than multi-step reasoning or synthesis.

* **Phrasing and Syntax:** Simple vocabulary and sentence structures with direct keyword correspondence between the question (""studies fossils of buildings"") and the passage text (""archaeologists found fossilized buildings""), requiring only basic text matching.
* **Distractor Design:** The distractors (""rich people,"" ""people in Pompei"") represent passive subjects or historical residents mentioned in the text rather than agents performing research, presenting weak plausibility and minimal cognitive interference.
* **Structural Load:** The standard three-option multiple-choice format lacks conditional logic, negative phrasing, or nuanced qualifiers, keeping overall cognitive demand minimal.
To successfully answer this reading comprehension item, a respondent requires a **low to basic level of the underlying latent reading comprehension trait**. The question only requires literal, surface-level retrieval of explicitly stated information that is repeatedly reinforced throughout the simple text, necessitating minimal cognitive synthesis or inferential reasoning.","Original Text: Teacher Directions to Read Aloud: “Now you will read the passage silently by yourself and then answer the questions. There are 3 answer choices for each question but only one correct answer. Circle the answer that you think is correct. After question 7, stop and wait for your teacher to read the directions. You may begin.” Archaeologists and the city of Pompei” © READS Lab
1
Nearly 2,000 years ago, a volcano eruption destroyed an old city. It was called Pompei. The eruption of a mountain was brutal. It lasted for more than 24 hours. By the end, Pompei was covered in ashes. Many people died. The city was totally destroyed. It was like a mass extinction.
2
But archaeologists discovered Pompei again in 1748. They found fossilized humans—not dinosaur fossils but human fossils. A team of archaeologists found fossilized buildings and human and animal skeletons.
3
Pompei is like a city frozen in time. But scientists are not studying the fossilized bones of dinosaurs. Instead, they are studying the buildings and other artifacts from Pompei. They also want to know what people were like.
4
One theory about Pompei is that there were rich and poor people. Archaeologists have found fossilized big homes and small homes.
5
Yes, Pompei was fossilized. So archaeologists have clues about life in Pompei. Even the kinds of people who lived there.: According to the passage, who studies fossils of buildings destroyed by a volcano?
rich people
people in Pompei
archaeologists
The task is to read a passage about Pompei and answer a multiple-choice question asking who studies the fossilized buildings destroyed by the volcano.
Primary domain: reading comprehension, specifically identifying the main subject of a passage. The item measures the ability to locate explicit information in text and infer who performs a stated scientific task; the correct choice is “archaeologists.”
This is a low-demand reading comprehension item: it mainly requires direct recall from the passage, with minimal reasoning or synthesis. The wording is straightforward, with no tricky distractors or conditional logic; the only mild load comes from identifying the relevant subject in the text and ignoring irrelevant details.
A low level of the underlying trait is needed: the item mainly requires basic reading comprehension and simple passage recall, so a respondent with modest literacy can answer it successfully.","Original Text: Teacher Directions to Read Aloud: “Now you will read the passage silently by yourself and then answer the questions. There are 3 answer choices for each question but only one correct answer. Circle the answer that you think is correct. After question 7, stop and wait for your teacher to read the directions. You may begin.” Archaeologists and the city of Pompei” © READS Lab
1
Nearly 2,000 years ago, a volcano eruption destroyed an old city. It was called Pompei. The eruption of a mountain was brutal. It lasted for more than 24 hours. By the end, Pompei was covered in ashes. Many people died. The city was totally destroyed. It was like a mass extinction.
2
But archaeologists discovered Pompei again in 1748. They found fossilized humans—not dinosaur fossils but human fossils. A team of archaeologists found fossilized buildings and human and animal skeletons.
3
Pompei is like a city frozen in time. But scientists are not studying the fossilized bones of dinosaurs. Instead, they are studying the buildings and other artifacts from Pompei. They also want to know what people were like.
4
One theory about Pompei is that there were rich and poor people. Archaeologists have found fossilized big homes and small homes.
5
Yes, Pompei was fossilized. So archaeologists have clues about life in Pompei. Even the kinds of people who lived there.: According to the passage, who studies fossils of buildings destroyed by a volcano?
rich people
people in Pompei
archaeologists
The item asks the reader to identify, based on the passage about Pompei, that archaeologists are the people who study the fossilized buildings destroyed by the volcano.
This item is primarily measuring reading comprehension, specifically retrieval of explicitly stated information from an informational passage. The question asks the reader to identify who studies the fossilized buildings, and the passage directly states that archaeologists discovered and study Pompei’s buildings and artifacts.
Core ask: assess the item’s cognitive demand and note wording/features that raise difficulty.

Low demand; mainly explicit recall. The correct answer is stated directly in the passage (“archaeologists”), so it does not require multi-step reasoning or synthesis.

Load-increasing elements:
- Long setup with teacher directions before the actual question, adding irrelevant reading load.
- Passage includes some potentially confusing wording (“fossilized humans,” “not dinosaur fossils”) that could distract.
- Minor inconsistency/awkwardness (“Pompei”/“Pompeii,” punctuation near the end) may slightly disrupt comprehension.
- Distractors are simple and plausible only at a surface level (“rich people,” “people in Pompei”), but not especially tricky.
This item appears to require a relatively low underlying level of the latent trait—roughly low to low-moderate reading comprehension ability—because the answer is stated directly in the passage and can be identified through basic recall rather than inference or complex reasoning.","Original Text: Teacher Directions to Read Aloud: “Now you will read the passage silently by yourself and then answer the questions. There are 3 answer choices for each question but only one correct answer. Circle the answer that you think is correct. After question 7, stop and wait for your teacher to read the directions. You may begin.” Archaeologists and the city of Pompei” © READS Lab
1
Nearly 2,000 years ago, a volcano eruption destroyed an old city. It was called Pompei. The eruption of a mountain was brutal. It lasted for more than 24 hours. By the end, Pompei was covered in ashes. Many people died. The city was totally destroyed. It was like a mass extinction.
2
But archaeologists discovered Pompei again in 1748. They found fossilized humans—not dinosaur fossils but human fossils. A team of archaeologists found fossilized buildings and human and animal skeletons.
3
Pompei is like a city frozen in time. But scientists are not studying the fossilized bones of dinosaurs. Instead, they are studying the buildings and other artifacts from Pompei. They also want to know what people were like.
4
One theory about Pompei is that there were rich and poor people. Archaeologists have found fossilized big homes and small homes.
5
Yes, Pompei was fossilized. So archaeologists have clues about life in Pompei. Even the kinds of people who lived there.: According to the passage, who studies fossils of buildings destroyed by a volcano?
rich people
people in Pompei
archaeologists
The question asks readers to identify who studies the fossilized buildings and artifacts from Pompeii.
**Primary skill:** Reading comprehension—identifying explicitly stated information.  
**Justification:** The item asks students to locate in the passage who studies the fossilized buildings; the stated answer is **archaeologists**.
This is a low-demand reading-comprehension item requiring direct recall of an explicitly stated fact, not multi-step reasoning or synthesis. The answer is **archaeologists**. Cognitive load is slightly increased by the passage’s repeated, figurative use of “fossilized” for buildings and awkward wording/typos (“Pompei”), while distractors draw on nearby passage details (“rich people,” “people in Pompei”).
This item requires a **low level of the underlying cognitive trait**: basic reading comprehension and literal retrieval. The answer is explicitly stated in the passage (“archaeologists”), requiring minimal inference.","Original Text: Teacher Directions to Read Aloud: “Now you will read the passage silently by yourself and then answer the questions. There are 3 answer choices for each question but only one correct answer. Circle the answer that you think is correct. After question 7, stop and wait for your teacher to read the directions. You may begin.” Archaeologists and the city of Pompei” © READS Lab
1
Nearly 2,000 years ago, a volcano eruption destroyed an old city. It was called Pompei. The eruption of a mountain was brutal. It lasted for more than 24 hours. By the end, Pompei was covered in ashes. Many people died. The city was totally destroyed. It was like a mass extinction.
2
But archaeologists discovered Pompei again in 1748. They found fossilized humans—not dinosaur fossils but human fossils. A team of archaeologists found fossilized buildings and human and animal skeletons.
3
Pompei is like a city frozen in time. But scientists are not studying the fossilized bones of dinosaurs. Instead, they are studying the buildings and other artifacts from Pompei. They also want to know what people were like.
4
One theory about Pompei is that there were rich and poor people. Archaeologists have found fossilized big homes and small homes.
5
Yes, Pompei was fossilized. So archaeologists have clues about life in Pompei. Even the kinds of people who lived there.: According to the passage, who studies fossils of buildings destroyed by a volcano?
rich people
people in Pompei
archaeologists
Identify who studies the fossilized buildings destroyed by the volcano, according to the passage.
**Primary skill: Reading comprehension—explicit information retrieval.** The item asks students to identify a directly stated fact from the passage: archaeologists study the fossilized buildings destroyed by the volcano.
Low-demand recall item: it asks the reader to identify an explicitly stated group (“archaeologists”) from the passage. No multi-step reasoning or synthesis is required. Cognitive load is slightly increased by awkward phrasing (“fossils of buildings”) and distractors that are passage-related but clearly incorrect; there is no conditional logic or strong emotional threshold.
This item requires a **low level of reading comprehension ability** because the correct answer, **“archaeologists,”** is stated explicitly and repeatedly in the passage.",2.865952276429368,-0.4286346446247266,-0.7864275553737236,-0.802110377674835,0.4483817101860312,726.0,gilbert_meta_2,-3.5864673915647223,0.7627264699484742,-2.1665133867073423,0.4607478410164667,-2.897349450978629,0.6050367177621364,-1.736511535444724,0.36262565408072805,-3.592457057103644,0.7648311364095941,-2.205113515199054,0.4694668437043448,-0.9134606463695296,0.38175600137061005,-0.9212135098997314,0.3849960995535202,-3.043962141384707,0.6294489603955763,-1.9976350281323731,0.4130830914788286,-2.059952692251083,0.493429178497306,-1.3113971490946117,0.3141245041187538,-2.5880771067235817,0.5665033085361695,-1.5792464314337173,0.34568070869176476
5,"Teacher Directions to Read Aloud: “Now you will read the passage silently by yourself and then answer the questions. There are 3 answer choices for each question but only one correct answer. Circle the answer that you think is correct. After question 7, stop and wait for your teacher to read the directions. You may begin.” “Paleontologists and the ammonites” © READS Lab
1
There have been five mass extinctions in the earth’s history. What happened during the fifth mass extinction nearly 66 million years ago? What species was gone forever? Dinosaurs. What about fish in the oceans?
2
Paleontologists found a body fossil of a shellfish that became extinct long ago. The shellfish is called an ammonite. Ammonites were predators that lived in the ocean. They were related to other ocean predators like the octopus.
3
Ammonites survived for a long time. They had a strong shell that protected them from large fish. They were also good hunters.
4
But there are no more ammonites living today. What happened? Paleontologists have used fossil evidence to understand what happened in the past. Even 66 million years ago. One theory is that a huge rock from outer space killed many plants and animals. Another theory is that ammonites had trouble finding food before the huge rock hit the earth.
5
Body fossils help paleontologists understand what happened to living things in the past. Even when no one was around to see the animals.",A strong shell is an example of a living animal’s,"Teacher Directions to Read Aloud: “Now you will read the passage silently by yourself and then answer the questions. There are 3 answer choices for each question but only one correct answer. Circle the answer that you think is correct. After question 7, stop and wait for your teacher to read the directions. You may begin.” “Paleontologists and the ammonites” © READS Lab
1
There have been five mass extinctions in the earth’s history. What happened during the fifth mass extinction nearly 66 million years ago? What species was gone forever? Dinosaurs. What about fish in the oceans?
2
Paleontologists found a body fossil of a shellfish that became extinct long ago. The shellfish is called an ammonite. Ammonites were predators that lived in the ocean. They were related to other ocean predators like the octopus.
3
Ammonites survived for a long time. They had a strong shell that protected them from large fish. They were also good hunters.
4
But there are no more ammonites living today. What happened? Paleontologists have used fossil evidence to understand what happened in the past. Even 66 million years ago. One theory is that a huge rock from outer space killed many plants and animals. Another theory is that ammonites had trouble finding food before the huge rock hit the earth.
5
Body fossils help paleontologists understand what happened to living things in the past. Even when no one was around to see the animals.: A strong shell is an example of a living animal’s
Hunter behavior
Fossil evidence
Physical characteristic","Original Text: Teacher Directions to Read Aloud: “Now you will read the passage silently by yourself and then answer the questions. There are 3 answer choices for each question but only one correct answer. Circle the answer that you think is correct. After question 7, stop and wait for your teacher to read the directions. You may begin.” “Paleontologists and the ammonites” © READS Lab
1
There have been five mass extinctions in the earth’s history. What happened during the fifth mass extinction nearly 66 million years ago? What species was gone forever? Dinosaurs. What about fish in the oceans?
2
Paleontologists found a body fossil of a shellfish that became extinct long ago. The shellfish is called an ammonite. Ammonites were predators that lived in the ocean. They were related to other ocean predators like the octopus.
3
Ammonites survived for a long time. They had a strong shell that protected them from large fish. They were also good hunters.
4
But there are no more ammonites living today. What happened? Paleontologists have used fossil evidence to understand what happened in the past. Even 66 million years ago. One theory is that a huge rock from outer space killed many plants and animals. Another theory is that ammonites had trouble finding food before the huge rock hit the earth.
5
Body fossils help paleontologists understand what happened to living things in the past. Even when no one was around to see the animals.: A strong shell is an example of a living animal’s
Hunter behavior
Fossil evidence
Physical characteristic
This item assesses the ability to classify a biological trait described in a text. The task requires identifying that a ""strong shell"" is a physical characteristic of an ammonite based on a passage about paleontology and extinction.
This item measures the knowledge domain of **biological trait categorization** and the skill of **reading comprehension**. It requires the respondent to correctly identify a ""strong shell"" as a physical characteristic of an organism, distinguishing it from behavioral traits or types of scientific evidence mentioned in the text.
This analysis evaluates the cognitive demand and structural complexity of the assessment item regarding the classification of an ammonite's shell.

**Cognitive Demand**
This item requires **multi-step reasoning** and **synthesis**. The student must identify the ""strong shell"" mentioned in the text, understand its function as a biological feature, and synthesize that information to select the correct abstract category (""physical characteristic""), which is not explicitly defined or linked within the passage.

**Structural and Semantic Elements**
*   **Academic Vocabulary:** The phrase ""physical characteristic"" increases cognitive load by requiring the student to map a concrete noun (shell) to a higher-level scientific classification.
*   **Thematic Distractors:** ""Fossil evidence"" serves as a high-probability distractor because the text repeatedly emphasizes paleontologists and fossil discovery, creating a strong semantic association with the subject matter.
*   **Proximity Bias:** The distractor ""Hunter behavior"" appears in the same paragraph as the mention of the shell, potentially misleading students who use local context clues rather than conceptual categorization.
To describe the level of the latent trait—specifically reading comprehension and basic scientific categorization—required to successfully answer this item, the respondent needs a low level of proficiency. The task requires literal retrieval and the ability to classify a concrete anatomical feature (""strong shell"") as a ""physical characteristic"" rather than a behavior or a type of evidence. This involves basic vocabulary knowledge and the capacity to distinguish between an organism's biological traits and its actions or the remains it leaves behind.","Original Text: Teacher Directions to Read Aloud: “Now you will read the passage silently by yourself and then answer the questions. There are 3 answer choices for each question but only one correct answer. Circle the answer that you think is correct. After question 7, stop and wait for your teacher to read the directions. You may begin.” “Paleontologists and the ammonites” © READS Lab
1
There have been five mass extinctions in the earth’s history. What happened during the fifth mass extinction nearly 66 million years ago? What species was gone forever? Dinosaurs. What about fish in the oceans?
2
Paleontologists found a body fossil of a shellfish that became extinct long ago. The shellfish is called an ammonite. Ammonites were predators that lived in the ocean. They were related to other ocean predators like the octopus.
3
Ammonites survived for a long time. They had a strong shell that protected them from large fish. They were also good hunters.
4
But there are no more ammonites living today. What happened? Paleontologists have used fossil evidence to understand what happened in the past. Even 66 million years ago. One theory is that a huge rock from outer space killed many plants and animals. Another theory is that ammonites had trouble finding food before the huge rock hit the earth.
5
Body fossils help paleontologists understand what happened to living things in the past. Even when no one was around to see the animals.: A strong shell is an example of a living animal’s
Hunter behavior
Fossil evidence
Physical characteristic
To summarize the primary task and scenario presented in the provided text: The item outlines a reading comprehension assessment where a student reads an informational passage about ammonites and answers a multiple-choice question asking them to classify a ""strong shell"" as a physical characteristic, hunter behavior, or fossil evidence.
The objective is to identify the primary skill, domain, or construct measured by the provided text and question, accompanied by a concise justification.

**Primary Skill:** Reading comprehension (informational text analysis and vocabulary application).

**Justification:** The item requires the student to read a passage about ammonites and synthesize the provided information to correctly categorize a specific detail (""a strong shell"") as a ""physical characteristic"" rather than a behavior or fossil evidence.
Evaluating the cognitive demand and structural complexity of this reading comprehension item reveals that it requires synthesis and categorization rather than simple recall. The student must map a specific textual detail (""strong shell"") to a broader, unstated concept (""physical characteristic""). The cognitive load is elevated by tricky distractors drawn directly from adjacent text—""Hunter behavior"" links to ""good hunters"" in the same paragraph, and ""Fossil evidence"" is a recurring theme. This semantic gap between the passage's literal wording and the correct answer choice requires external vocabulary application, raising the threshold for a correct response.
To successfully answer this item, the respondent must possess a low to moderate level of the underlying latent trait of reading comprehension and cognitive ability. This specific level is required because the task demands basic vocabulary knowledge and a simple inference to categorize the explicitly stated text detail of a ""strong shell"" as a ""physical characteristic.""","Original Text: Teacher Directions to Read Aloud: “Now you will read the passage silently by yourself and then answer the questions. There are 3 answer choices for each question but only one correct answer. Circle the answer that you think is correct. After question 7, stop and wait for your teacher to read the directions. You may begin.” “Paleontologists and the ammonites” © READS Lab
1
There have been five mass extinctions in the earth’s history. What happened during the fifth mass extinction nearly 66 million years ago? What species was gone forever? Dinosaurs. What about fish in the oceans?
2
Paleontologists found a body fossil of a shellfish that became extinct long ago. The shellfish is called an ammonite. Ammonites were predators that lived in the ocean. They were related to other ocean predators like the octopus.
3
Ammonites survived for a long time. They had a strong shell that protected them from large fish. They were also good hunters.
4
But there are no more ammonites living today. What happened? Paleontologists have used fossil evidence to understand what happened in the past. Even 66 million years ago. One theory is that a huge rock from outer space killed many plants and animals. Another theory is that ammonites had trouble finding food before the huge rock hit the earth.
5
Body fossils help paleontologists understand what happened to living things in the past. Even when no one was around to see the animals.: A strong shell is an example of a living animal’s
Hunter behavior
Fossil evidence
Physical characteristic
The core task requires a student to read an informational science passage about the extinct ocean predator, the ammonite, and select the correct multiple-choice option identifying a ""strong shell"" as an example of a living animal's physical characteristic.
**Target Construct:** Reading Comprehension (specifically, concept categorization and identifying anatomical adaptations in informational science text).

**Justification:** The item evaluates a student's ability to comprehend informational text by requiring them to recall passage details about an organism's traits and correctly classify an anatomical structure (""strong shell"") as a ""physical characteristic"" rather than a behavior or fossil evidence.
**Cognitive Demand Analysis:**

* **Demand Level:** The item requires **single-step conceptual categorization and inference**. Rather than direct verbatim recall from the text, the reader must map a specific anatomical detail (""strong shell"" from Paragraph 3) to the broader scientific concept of a ""Physical characteristic.""

* **Elements Increasing Cognitive Load:**
  * **Thematic Distractors:** The incorrect options (""Hunter behavior"" and ""Fossil evidence"") leverage prominent vocabulary words appearing repeatedly in the passage, requiring the reader to suppress superficial keyword matching.
  * **Semantic Shift:** The question stem specifies a trait of a *living* animal, forcing the student to differentiate between the live organism's anatomy and the paleontology/fossil framework that dominates the overall narrative.
The level of the underlying latent trait—specifically elementary reading comprehension and basic science conceptual knowledge—required to successfully answer this item is low to low-moderate, as it only demands foundational vocabulary recognition to categorize a body part (""strong shell"") as a ""physical characteristic"" rather than a behavior or a fossil.","Original Text: Teacher Directions to Read Aloud: “Now you will read the passage silently by yourself and then answer the questions. There are 3 answer choices for each question but only one correct answer. Circle the answer that you think is correct. After question 7, stop and wait for your teacher to read the directions. You may begin.” “Paleontologists and the ammonites” © READS Lab
1
There have been five mass extinctions in the earth’s history. What happened during the fifth mass extinction nearly 66 million years ago? What species was gone forever? Dinosaurs. What about fish in the oceans?
2
Paleontologists found a body fossil of a shellfish that became extinct long ago. The shellfish is called an ammonite. Ammonites were predators that lived in the ocean. They were related to other ocean predators like the octopus.
3
Ammonites survived for a long time. They had a strong shell that protected them from large fish. They were also good hunters.
4
But there are no more ammonites living today. What happened? Paleontologists have used fossil evidence to understand what happened in the past. Even 66 million years ago. One theory is that a huge rock from outer space killed many plants and animals. Another theory is that ammonites had trouble finding food before the huge rock hit the earth.
5
Body fossils help paleontologists understand what happened to living things in the past. Even when no one was around to see the animals.: A strong shell is an example of a living animal’s
Hunter behavior
Fossil evidence
Physical characteristic
The item asks the reader to silently read a passage about ammonites and then answer multiple-choice questions, including identifying what a strong shell is an example of in a living animal.
Primary domain: reading comprehension in science. It measures the ability to use a passage about paleontology to identify a concept from context; the correct choice is a physical characteristic, supported by the text describing the shell as a protective feature.
This is a low-to-moderate demand reading item: it mainly requires basic recall and simple comprehension from the passage, not multi-step reasoning or synthesis. The correct choice is supported by a direct textual clue, so endorsement does not require a high threshold of knowledge or inference.

Structural load is modest, but there are a few features that raise it slightly: the passage includes multiple facts, a time reference, and a question that asks for classification of an example rather than direct recall. The wording is straightforward, with no strong distractors, emotional language, or complex conditional logic.
A low-to-moderate reading comprehension and science literacy level is needed to identify the correct physical trait from the passage.","Original Text: Teacher Directions to Read Aloud: “Now you will read the passage silently by yourself and then answer the questions. There are 3 answer choices for each question but only one correct answer. Circle the answer that you think is correct. After question 7, stop and wait for your teacher to read the directions. You may begin.” “Paleontologists and the ammonites” © READS Lab
1
There have been five mass extinctions in the earth’s history. What happened during the fifth mass extinction nearly 66 million years ago? What species was gone forever? Dinosaurs. What about fish in the oceans?
2
Paleontologists found a body fossil of a shellfish that became extinct long ago. The shellfish is called an ammonite. Ammonites were predators that lived in the ocean. They were related to other ocean predators like the octopus.
3
Ammonites survived for a long time. They had a strong shell that protected them from large fish. They were also good hunters.
4
But there are no more ammonites living today. What happened? Paleontologists have used fossil evidence to understand what happened in the past. Even 66 million years ago. One theory is that a huge rock from outer space killed many plants and animals. Another theory is that ammonites had trouble finding food before the huge rock hit the earth.
5
Body fossils help paleontologists understand what happened to living things in the past. Even when no one was around to see the animals.: A strong shell is an example of a living animal’s
Hunter behavior
Fossil evidence
Physical characteristic
The item asks the reader to use the passage to identify that “a strong shell” is a living animal’s physical characteristic.
This item is primarily measuring reading comprehension, specifically the ability to identify a stated detail and apply vocabulary in context. The student must understand from the passage that a shell is a body feature, so “physical characteristic” is the correct answer.
Core ask: assess the item’s cognitive demand and note wording/features that raise difficulty.

Low-to-moderate cognitive demand: mainly recall/comprehension from the passage, with a simple inference that “strong shell” refers to a trait of the animal. No real multi-step reasoning or synthesis.

Load-increasing elements:
- Long setup with teacher directions adds irrelevant reading burden.
- Passage includes multiple scientific terms and theories, which can distract from the target question.
- The stem asks for category identification (“is an example of”), requiring vocabulary/concept matching rather than direct recall.
- Distractors are semantically plausible from the passage: “hunter behavior” and “fossil evidence” are both mentioned, so the student must distinguish trait vs behavior vs evidence.
This item appears to require a relatively low to moderate level of the underlying trait—specifically, basic reading comprehension and the ability to identify a concrete detail from the passage. Successfully answering it depends on recognizing that “strong shell” describes a bodily feature, so it reflects a fairly accessible level rather than an especially high level of ability.","Original Text: Teacher Directions to Read Aloud: “Now you will read the passage silently by yourself and then answer the questions. There are 3 answer choices for each question but only one correct answer. Circle the answer that you think is correct. After question 7, stop and wait for your teacher to read the directions. You may begin.” “Paleontologists and the ammonites” © READS Lab
1
There have been five mass extinctions in the earth’s history. What happened during the fifth mass extinction nearly 66 million years ago? What species was gone forever? Dinosaurs. What about fish in the oceans?
2
Paleontologists found a body fossil of a shellfish that became extinct long ago. The shellfish is called an ammonite. Ammonites were predators that lived in the ocean. They were related to other ocean predators like the octopus.
3
Ammonites survived for a long time. They had a strong shell that protected them from large fish. They were also good hunters.
4
But there are no more ammonites living today. What happened? Paleontologists have used fossil evidence to understand what happened in the past. Even 66 million years ago. One theory is that a huge rock from outer space killed many plants and animals. Another theory is that ammonites had trouble finding food before the huge rock hit the earth.
5
Body fossils help paleontologists understand what happened to living things in the past. Even when no one was around to see the animals.: A strong shell is an example of a living animal’s
Hunter behavior
Fossil evidence
Physical characteristic
Identify whether an ammonite’s strong shell is a hunting behavior, fossil evidence, or physical characteristic.
**Primary domain:** Reading comprehension—identifying explicitly stated details and classifying them as physical characteristics.  

**Justification:** The item requires recognizing that an ammonite’s strong shell is a body feature, not hunting behavior or fossil evidence.
This is a low-demand comprehension item requiring direct recall and basic classification, not multi-step reasoning or synthesis. The student must identify that a “strong shell” is a physical characteristic described in the passage. The three choices are simple; “fossil evidence” and “hunter behavior” are related passage concepts but are semantically mismatched. The lengthy read-aloud directions and passage add some reading load, but the question itself uses straightforward wording and no conditional logic or emotional content.
This item requires a **low level of cognitive ability**: basic literal reading comprehension and recognition that a shell is a **physical characteristic**, not behavior or fossil evidence.","Original Text: Teacher Directions to Read Aloud: “Now you will read the passage silently by yourself and then answer the questions. There are 3 answer choices for each question but only one correct answer. Circle the answer that you think is correct. After question 7, stop and wait for your teacher to read the directions. You may begin.” “Paleontologists and the ammonites” © READS Lab
1
There have been five mass extinctions in the earth’s history. What happened during the fifth mass extinction nearly 66 million years ago? What species was gone forever? Dinosaurs. What about fish in the oceans?
2
Paleontologists found a body fossil of a shellfish that became extinct long ago. The shellfish is called an ammonite. Ammonites were predators that lived in the ocean. They were related to other ocean predators like the octopus.
3
Ammonites survived for a long time. They had a strong shell that protected them from large fish. They were also good hunters.
4
But there are no more ammonites living today. What happened? Paleontologists have used fossil evidence to understand what happened in the past. Even 66 million years ago. One theory is that a huge rock from outer space killed many plants and animals. Another theory is that ammonites had trouble finding food before the huge rock hit the earth.
5
Body fossils help paleontologists understand what happened to living things in the past. Even when no one was around to see the animals.: A strong shell is an example of a living animal’s
Hunter behavior
Fossil evidence
Physical characteristic
Identify that a strong shell is a living animal’s physical characteristic.
**Construct measured:** Life science knowledge—distinguishing an animal’s physical characteristics from its behaviors or fossil evidence.

**Justification:** The student must recognize that a strong shell is a bodily feature and select **“Physical characteristic.”**
Low cognitive demand: requires direct recall and simple classification of “strong shell” as a **physical characteristic**. No multi-step reasoning or synthesis is needed. The brief “example of” phrasing adds minimal abstraction; distractors are clearly different concepts, though “fossil evidence” may tempt readers because fossils are emphasized in the passage.
This item requires a **low level of the underlying reading-comprehension trait**, as respondents need only recognize that a shell is a physical characteristic rather than a behavior or fossil evidence.",0.900633166900849,0.979494144554278,0.9352126388307545,1.0945674808204875,2.987890084108871,1510.0,gilbert_meta_2,-0.06776449237219229,0.4546435455817392,-0.040935177666213185,0.27464109390750396,1.4721583041971442,0.48060409864246273,0.8823305301939364,0.28804760191862905,0.42588842556154505,0.45251715050644215,0.26141782859048796,0.2777630097116931,0.603986802653133,0.3903548253222182,0.6091130522333676,0.3936679047647831,0.3111349127771619,0.44246517998146706,0.2041858509961072,0.2903728434210394,-1.188034922990945,0.4672747924410153,-0.7563210635350177,0.29747422499362575,-1.0115534059917373,0.478518079857469,-0.6172505844076045,0.2919920616075117
15,"Teacher Directions to Read Aloud: “Now you will read the passage silently by yourself and then answer the questions. There are 3 answer choices for each question but only one correct answer. Circle the answer that you think is correct. After question 7, stop and wait for your teacher to read the directions. You may begin.” “Genealogists and our descendants” © READS Lab
1
Some people want to know more about their ancestors. They want to know about their relatives who lived a long time ago. Often there are no living family members who know about those relatives. So sometimes they hire a genealogist.
2
A genealogist finds clues that help you to learn about your ancestors. You can learn about where your ancestors came from. You can learn about your ancestors' jobs. You can learn about what they looked like. Sometimes you can learn stories about them.
3
Some people want to prove that an ancestor was in an important event like a war. Some people want to know if they are a descendant of a famous person.
4
Other people just want to know their family lineage. Knowing about their ancestors can help them to understand themselves better.
5
Sometimes the genealogist finds clues using the computer. Sometimes she uses a library. She might talk to individuals in other countries. She might travel to other places to get clues.","According to the passage, who uses clues to find out about ancestors?","Teacher Directions to Read Aloud: “Now you will read the passage silently by yourself and then answer the questions. There are 3 answer choices for each question but only one correct answer. Circle the answer that you think is correct. After question 7, stop and wait for your teacher to read the directions. You may begin.” “Genealogists and our descendants” © READS Lab
1
Some people want to know more about their ancestors. They want to know about their relatives who lived a long time ago. Often there are no living family members who know about those relatives. So sometimes they hire a genealogist.
2
A genealogist finds clues that help you to learn about your ancestors. You can learn about where your ancestors came from. You can learn about your ancestors' jobs. You can learn about what they looked like. Sometimes you can learn stories about them.
3
Some people want to prove that an ancestor was in an important event like a war. Some people want to know if they are a descendant of a famous person.
4
Other people just want to know their family lineage. Knowing about their ancestors can help them to understand themselves better.
5
Sometimes the genealogist finds clues using the computer. Sometimes she uses a library. She might talk to individuals in other countries. She might travel to other places to get clues.: According to the passage, who uses clues to find out about ancestors?
famous people
genealogists
detectives","Original Text: Teacher Directions to Read Aloud: “Now you will read the passage silently by yourself and then answer the questions. There are 3 answer choices for each question but only one correct answer. Circle the answer that you think is correct. After question 7, stop and wait for your teacher to read the directions. You may begin.” “Genealogists and our descendants” © READS Lab
1
Some people want to know more about their ancestors. They want to know about their relatives who lived a long time ago. Often there are no living family members who know about those relatives. So sometimes they hire a genealogist.
2
A genealogist finds clues that help you to learn about your ancestors. You can learn about where your ancestors came from. You can learn about your ancestors' jobs. You can learn about what they looked like. Sometimes you can learn stories about them.
3
Some people want to prove that an ancestor was in an important event like a war. Some people want to know if they are a descendant of a famous person.
4
Other people just want to know their family lineage. Knowing about their ancestors can help them to understand themselves better.
5
Sometimes the genealogist finds clues using the computer. Sometimes she uses a library. She might talk to individuals in other countries. She might travel to other places to get clues.: According to the passage, who uses clues to find out about ancestors?
famous people
genealogists
detectives
This item presents a reading comprehension task where the student must identify the specific professional described in the text as the individual who utilizes clues to research family history and ancestors.
This item measures the skill of **literal reading comprehension**, specifically the ability to retrieve explicitly stated information from a text. The justification is that the answer is directly provided in the second and fifth paragraphs, requiring the reader to locate and identify a specific detail rather than make an inference or apply external knowledge.
This analysis evaluates the cognitive demand and structural complexity of the reading comprehension item regarding genealogists.

**Cognitive Demand:**
This item requires **recall** of explicitly stated information. The answer is found through literal comprehension, as the text directly pairs the subject (""genealogist"") with the action (""finds clues"") in paragraphs 2 and 5.

**Structural and Semantic Elements:**
*   **Semantic Association:** The distractor ""detectives"" increases cognitive load by leveraging a strong external association with the word ""clues,"" potentially misleading readers who rely on general knowledge over text evidence.
*   **Contextual Distractors:** The option ""famous people"" appears in paragraph 3, requiring the reader to differentiate between the individuals being researched and the individual conducting the research.
*   **Direct Mapping:** The simple, declarative sentence structure (""A genealogist finds clues..."") provides a low-threshold, one-to-one correspondence between the question and the text.
To determine the level of the underlying latent trait required for a respondent to successfully answer this item, the task demands a **low level of reading comprehension and literal information retrieval**. The respondent must identify a specific noun (""genealogist"") directly linked to an action (""finds clues"") explicitly stated in the text, requiring minimal inferential reasoning or vocabulary knowledge beyond basic literacy.","Original Text: Teacher Directions to Read Aloud: “Now you will read the passage silently by yourself and then answer the questions. There are 3 answer choices for each question but only one correct answer. Circle the answer that you think is correct. After question 7, stop and wait for your teacher to read the directions. You may begin.” “Genealogists and our descendants” © READS Lab
1
Some people want to know more about their ancestors. They want to know about their relatives who lived a long time ago. Often there are no living family members who know about those relatives. So sometimes they hire a genealogist.
2
A genealogist finds clues that help you to learn about your ancestors. You can learn about where your ancestors came from. You can learn about your ancestors' jobs. You can learn about what they looked like. Sometimes you can learn stories about them.
3
Some people want to prove that an ancestor was in an important event like a war. Some people want to know if they are a descendant of a famous person.
4
Other people just want to know their family lineage. Knowing about their ancestors can help them to understand themselves better.
5
Sometimes the genealogist finds clues using the computer. Sometimes she uses a library. She might talk to individuals in other countries. She might travel to other places to get clues.: According to the passage, who uses clues to find out about ancestors?
famous people
genealogists
detectives
The core request is to summarize the central task or scenario of the provided text. 

This item presents a reading comprehension task in which a student reads an informational passage about genealogy and answers a multiple-choice question identifying who uses clues to research ancestors.
In determining the primary skill this assessment item aims to evaluate and providing a brief rationale:

**Primary Skill:** Reading comprehension (literal information retrieval). 

**Justification:** The item requires the reader to locate and extract a specific, explicitly stated fact directly from the provided text (paragraph 2) to answer the question.
In analyzing the cognitive demand and structural elements of this reading comprehension item, the task requires simple recall and literal comprehension to locate explicitly stated information. The cognitive load is low due to direct, simple phrasing. However, the distractor ""detectives"" introduces a minor semantic challenge by relying on outside associations with the word ""clues,"" while ""famous people"" serves as a verbatim distractor pulled from an unrelated context within the passage.
In evaluating the magnitude of the underlying latent trait needed to correctly answer this question, only a very low level of reading comprehension ability is required, as the correct answer is explicitly stated in the text and relies on basic literal recall.","Original Text: Teacher Directions to Read Aloud: “Now you will read the passage silently by yourself and then answer the questions. There are 3 answer choices for each question but only one correct answer. Circle the answer that you think is correct. After question 7, stop and wait for your teacher to read the directions. You may begin.” “Genealogists and our descendants” © READS Lab
1
Some people want to know more about their ancestors. They want to know about their relatives who lived a long time ago. Often there are no living family members who know about those relatives. So sometimes they hire a genealogist.
2
A genealogist finds clues that help you to learn about your ancestors. You can learn about where your ancestors came from. You can learn about your ancestors' jobs. You can learn about what they looked like. Sometimes you can learn stories about them.
3
Some people want to prove that an ancestor was in an important event like a war. Some people want to know if they are a descendant of a famous person.
4
Other people just want to know their family lineage. Knowing about their ancestors can help them to understand themselves better.
5
Sometimes the genealogist finds clues using the computer. Sometimes she uses a library. She might talk to individuals in other countries. She might travel to other places to get clues.: According to the passage, who uses clues to find out about ancestors?
famous people
genealogists
detectives
This assessment item evaluates reading comprehension by asking the student to read an informational passage and identify, from three given multiple-choice options, which professional role uses clues to learn about a person's ancestors.
This assessment item evaluates the primary skill of **literal reading comprehension (explicit information retrieval)**. 

**Justification:** The question directly tests a student's ability to locate and recall explicitly stated factual details from the informational text—specifically identifying from paragraph 2 that genealogists find clues to learn about ancestors—without requiring complex inference or evaluation.
**Item Demand Analysis**

This reading comprehension item functions at a low cognitive demand level, assessing **direct recall and literal retrieval** of explicit textual information rather than multi-step reasoning or synthesis. 

**Structural and Semantic Elements Affecting Cognitive Load:**
* **Direct Lexical Matching (Decreases Load):** The question stem (""who uses clues to find out about ancestors"") directly mirrors the wording in Paragraph 2 (""A genealogist finds clues that help you to learn about your ancestors""), allowing for straightforward locating and matching of the correct answer (""genealogists"").
* **Superficial Detail Distractor:** The option ""famous people"" appears verbatim in Paragraph 3, functioning as a surface-level distractor for readers relying on keyword recognition without contextual processing.
* **Schema-Based Distractor:** The option ""detectives"" introduces a mild real-world association with the word ""clues,"" requiring the test-taker to rely strictly on the passage rather than outside world knowledge.
The level of the underlying latent trait of reading comprehension required to answer this item correctly is low to basic. Successfully identifying the answer requires only elementary decoding skills and literal retrieval of explicitly stated information directly matching the text, with no need for complex inference or advanced cognitive processing.","Original Text: Teacher Directions to Read Aloud: “Now you will read the passage silently by yourself and then answer the questions. There are 3 answer choices for each question but only one correct answer. Circle the answer that you think is correct. After question 7, stop and wait for your teacher to read the directions. You may begin.” “Genealogists and our descendants” © READS Lab
1
Some people want to know more about their ancestors. They want to know about their relatives who lived a long time ago. Often there are no living family members who know about those relatives. So sometimes they hire a genealogist.
2
A genealogist finds clues that help you to learn about your ancestors. You can learn about where your ancestors came from. You can learn about your ancestors' jobs. You can learn about what they looked like. Sometimes you can learn stories about them.
3
Some people want to prove that an ancestor was in an important event like a war. Some people want to know if they are a descendant of a famous person.
4
Other people just want to know their family lineage. Knowing about their ancestors can help them to understand themselves better.
5
Sometimes the genealogist finds clues using the computer. Sometimes she uses a library. She might talk to individuals in other countries. She might travel to other places to get clues.: According to the passage, who uses clues to find out about ancestors?
famous people
genealogists
detectives
The task is to read a passage about genealogy and answer a multiple-choice question asking who uses clues to learn about ancestors.
Primary domain: reading comprehension / informational text understanding. The item measures the ability to identify a stated detail from a passage, since the passage explicitly says genealogists use clues to learn about ancestors.
This is a straightforward reading-comprehension item with low demand. It mainly requires recall of a directly stated detail from the passage, not multi-step reasoning or synthesis. The endorsement threshold is minimal: the answer is explicitly given. Structural load is low, with only a simple who-uses-clues question and three clear choices; there are no tricky distractors, conditional logic, or emotionally loaded wording.
A low level of reading comprehension is required: the respondent must understand a short passage and identify that genealogists use clues to learn about ancestors.","Original Text: Teacher Directions to Read Aloud: “Now you will read the passage silently by yourself and then answer the questions. There are 3 answer choices for each question but only one correct answer. Circle the answer that you think is correct. After question 7, stop and wait for your teacher to read the directions. You may begin.” “Genealogists and our descendants” © READS Lab
1
Some people want to know more about their ancestors. They want to know about their relatives who lived a long time ago. Often there are no living family members who know about those relatives. So sometimes they hire a genealogist.
2
A genealogist finds clues that help you to learn about your ancestors. You can learn about where your ancestors came from. You can learn about your ancestors' jobs. You can learn about what they looked like. Sometimes you can learn stories about them.
3
Some people want to prove that an ancestor was in an important event like a war. Some people want to know if they are a descendant of a famous person.
4
Other people just want to know their family lineage. Knowing about their ancestors can help them to understand themselves better.
5
Sometimes the genealogist finds clues using the computer. Sometimes she uses a library. She might talk to individuals in other countries. She might travel to other places to get clues.: According to the passage, who uses clues to find out about ancestors?
famous people
genealogists
detectives
The item asks the reader to identify, based on the passage, that genealogists are the people who use clues to learn about ancestors.
This item is primarily measuring reading comprehension, specifically the ability to retrieve an explicitly stated detail from an informational passage. The question asks the reader to identify who “uses clues to find out about ancestors,” which is directly stated in the text as the role of a genealogist.
Core ask: assess the cognitive demand of the item and note features that raise difficulty.

This is a low-demand reading-comprehension/recall item. It mainly requires locating and recalling an explicitly stated fact from the passage (“A genealogist finds clues…”), not multi-step reasoning or synthesis.

Load-increasing elements are minimal: the passage is somewhat long relative to the question, there are several related people terms (“ancestors,” “descendants,” “relatives,” “individuals”), and the distractor “detectives” is semantically plausible because detectives also use clues. But the wording of the question is direct, with no conditional logic, complex syntax, or emotionally loaded language.
This item appears to require a low to moderately low level of the underlying trait—here, basic reading comprehension. A respondent only needs to identify an explicitly stated detail from the passage (“A genealogist finds clues...”), so successful answering reflects straightforward literal comprehension rather than advanced inference or high ability.","Original Text: Teacher Directions to Read Aloud: “Now you will read the passage silently by yourself and then answer the questions. There are 3 answer choices for each question but only one correct answer. Circle the answer that you think is correct. After question 7, stop and wait for your teacher to read the directions. You may begin.” “Genealogists and our descendants” © READS Lab
1
Some people want to know more about their ancestors. They want to know about their relatives who lived a long time ago. Often there are no living family members who know about those relatives. So sometimes they hire a genealogist.
2
A genealogist finds clues that help you to learn about your ancestors. You can learn about where your ancestors came from. You can learn about your ancestors' jobs. You can learn about what they looked like. Sometimes you can learn stories about them.
3
Some people want to prove that an ancestor was in an important event like a war. Some people want to know if they are a descendant of a famous person.
4
Other people just want to know their family lineage. Knowing about their ancestors can help them to understand themselves better.
5
Sometimes the genealogist finds clues using the computer. Sometimes she uses a library. She might talk to individuals in other countries. She might travel to other places to get clues.: According to the passage, who uses clues to find out about ancestors?
famous people
genealogists
detectives
The question asks who uses clues to learn about people’s ancestors.
**Primary skill:** Reading comprehension—identifying explicitly stated information.  

**Justification:** The item asks students to recall that genealogists use clues to learn about ancestors; the correct answer is **genealogists**.
This is a low-demand cognitive item requiring direct recall and locating an explicitly stated detail. The answer is **genealogists**. Distractors are semantically related but unsupported; phrasing is simple, with no multi-step reasoning, conditional logic, or elevated endorsement threshold.
This item requires a low level of the underlying trait: basic reading comprehension and literal recall. The respondent must identify that genealogists use clues to learn about ancestors; no inference or specialized knowledge is needed.","Original Text: Teacher Directions to Read Aloud: “Now you will read the passage silently by yourself and then answer the questions. There are 3 answer choices for each question but only one correct answer. Circle the answer that you think is correct. After question 7, stop and wait for your teacher to read the directions. You may begin.” “Genealogists and our descendants” © READS Lab
1
Some people want to know more about their ancestors. They want to know about their relatives who lived a long time ago. Often there are no living family members who know about those relatives. So sometimes they hire a genealogist.
2
A genealogist finds clues that help you to learn about your ancestors. You can learn about where your ancestors came from. You can learn about your ancestors' jobs. You can learn about what they looked like. Sometimes you can learn stories about them.
3
Some people want to prove that an ancestor was in an important event like a war. Some people want to know if they are a descendant of a famous person.
4
Other people just want to know their family lineage. Knowing about their ancestors can help them to understand themselves better.
5
Sometimes the genealogist finds clues using the computer. Sometimes she uses a library. She might talk to individuals in other countries. She might travel to other places to get clues.: According to the passage, who uses clues to find out about ancestors?
famous people
genealogists
detectives
Identify who uses clues to learn about ancestors.
**Primary skill: Reading comprehension—explicit information retrieval.** The item measures whether the student can identify a directly stated detail: genealogists use clues to learn about ancestors.
Low-demand recall item. The answer (“genealogists”) is stated explicitly in the passage. Cognitive load comes mainly from the passage length and potentially unfamiliar terms such as “genealogist” and “ancestors.” “Detectives” is a plausible distractor because of the word “clues,” but no multi-step reasoning or synthesis is required.
This item requires a **low level of the underlying reading-comprehension ability**. The correct answer, **“genealogists,”** is stated directly in the passage, so only basic recall and word matching are needed.",3.2820034872218486,-0.5563990269668838,-1.0925890133356009,-1.1369589962830715,0.3207930729463004,601.0,gilbert_meta_2,-2.3724318624143534,0.6051083279629188,-1.4331387484689395,0.3655338665627185,-3.077270783323015,0.6871536959570967,-1.8443464633244384,0.4118420438549222,-2.5847515308658835,0.6518308283238814,-1.586566086537737,0.4001052611939173,-1.993817692777516,0.5454605791323357,-2.0107399286041403,0.550090095957089,-2.1077225374908446,0.5668492102898757,-1.383217062141387,0.3720012883041694,-2.9376755699420865,0.6795032645288603,-1.8701688547891044,0.4325820914507755,-2.4272325725305044,0.5924730359490057,-1.4810989859885515,0.3615274542294001
7,"Teacher Directions to Read Aloud: “Now you will read the passage silently by yourself and then answer the questions. There are 3 answer choices for each question but only one correct answer. Circle the answer that you think is correct. After question 7, stop and wait for your teacher to read the directions. You may begin.” “Paleontologists and the ammonites” © READS Lab
1
There have been five mass extinctions in the earth’s history. What happened during the fifth mass extinction nearly 66 million years ago? What species was gone forever? Dinosaurs. What about fish in the oceans?
2
Paleontologists found a body fossil of a shellfish that became extinct long ago. The shellfish is called an ammonite. Ammonites were predators that lived in the ocean. They were related to other ocean predators like the octopus.
3
Ammonites survived for a long time. They had a strong shell that protected them from large fish. They were also good hunters.
4
But there are no more ammonites living today. What happened? Paleontologists have used fossil evidence to understand what happened in the past. Even 66 million years ago. One theory is that a huge rock from outer space killed many plants and animals. Another theory is that ammonites had trouble finding food before the huge rock hit the earth.
5
Body fossils help paleontologists understand what happened to living things in the past. Even when no one was around to see the animals.",What is one theory about why the ammonites went extinct?,"Teacher Directions to Read Aloud: “Now you will read the passage silently by yourself and then answer the questions. There are 3 answer choices for each question but only one correct answer. Circle the answer that you think is correct. After question 7, stop and wait for your teacher to read the directions. You may begin.” “Paleontologists and the ammonites” © READS Lab
1
There have been five mass extinctions in the earth’s history. What happened during the fifth mass extinction nearly 66 million years ago? What species was gone forever? Dinosaurs. What about fish in the oceans?
2
Paleontologists found a body fossil of a shellfish that became extinct long ago. The shellfish is called an ammonite. Ammonites were predators that lived in the ocean. They were related to other ocean predators like the octopus.
3
Ammonites survived for a long time. They had a strong shell that protected them from large fish. They were also good hunters.
4
But there are no more ammonites living today. What happened? Paleontologists have used fossil evidence to understand what happened in the past. Even 66 million years ago. One theory is that a huge rock from outer space killed many plants and animals. Another theory is that ammonites had trouble finding food before the huge rock hit the earth.
5
Body fossils help paleontologists understand what happened to living things in the past. Even when no one was around to see the animals.: What is one theory about why the ammonites went extinct?
People slowly killed off the ammonites
The ammonites were eaten by octopuses
The ammonites had a hard time finding food","Original Text: Teacher Directions to Read Aloud: “Now you will read the passage silently by yourself and then answer the questions. There are 3 answer choices for each question but only one correct answer. Circle the answer that you think is correct. After question 7, stop and wait for your teacher to read the directions. You may begin.” “Paleontologists and the ammonites” © READS Lab
1
There have been five mass extinctions in the earth’s history. What happened during the fifth mass extinction nearly 66 million years ago? What species was gone forever? Dinosaurs. What about fish in the oceans?
2
Paleontologists found a body fossil of a shellfish that became extinct long ago. The shellfish is called an ammonite. Ammonites were predators that lived in the ocean. They were related to other ocean predators like the octopus.
3
Ammonites survived for a long time. They had a strong shell that protected them from large fish. They were also good hunters.
4
But there are no more ammonites living today. What happened? Paleontologists have used fossil evidence to understand what happened in the past. Even 66 million years ago. One theory is that a huge rock from outer space killed many plants and animals. Another theory is that ammonites had trouble finding food before the huge rock hit the earth.
5
Body fossils help paleontologists understand what happened to living things in the past. Even when no one was around to see the animals.: What is one theory about why the ammonites went extinct?
People slowly killed off the ammonites
The ammonites were eaten by octopuses
The ammonites had a hard time finding food
The core task is to identify a specific theory regarding the extinction of ammonites based on the provided informational text.
This analysis identifies the primary skill measured by the provided assessment item.

**Skill: Reading Comprehension (Literal Retrieval)**

**Justification:** The item requires the reader to locate and identify a specific detail—a theory regarding ammonite extinction—that is explicitly stated within the fourth paragraph of the provided text.
This analysis evaluates the cognitive demand and structural complexity of the reading comprehension item regarding ammonite extinction.

**Cognitive Demand**
The item requires **recall** and direct **locating of information**. The reader must identify a specific detail explicitly stated in the fourth paragraph—that ammonites had ""trouble finding food""—and match it to the corresponding answer choice. It does not require synthesis or multi-step reasoning.

**Structural and Semantic Elements**
*   **Direct Textual Matching:** The correct option uses a near-synonym (""hard time finding food"") for the text's phrasing (""trouble finding food""), maintaining a low cognitive load.
*   **Semantic Distractors:** Option 2 uses a ""related"" species mentioned in the text (octopuses) to distract readers who recognize keywords without comprehending the relationship.
*   **Chronological Logic:** Option 1 acts as a distractor that is negated by the text's statement that ""no one was around to see the animals,"" requiring the reader to reconcile the timeline.
*   **Simple Phrasing:** The question and options use straightforward syntax, keeping the threshold for endorsement low for the target reading level.
To describe the level of the underlying latent trait of reading comprehension required for this item, the respondent needs a low level of proficiency. The item requires literal retrieval of information explicitly stated in the text; the correct answer is a direct paraphrase of a sentence in the fourth paragraph. Successful completion involves basic decoding and the ability to distinguish between a stated theory and a mentioned biological relationship, requiring minimal inferential reasoning.","Original Text: Teacher Directions to Read Aloud: “Now you will read the passage silently by yourself and then answer the questions. There are 3 answer choices for each question but only one correct answer. Circle the answer that you think is correct. After question 7, stop and wait for your teacher to read the directions. You may begin.” “Paleontologists and the ammonites” © READS Lab
1
There have been five mass extinctions in the earth’s history. What happened during the fifth mass extinction nearly 66 million years ago? What species was gone forever? Dinosaurs. What about fish in the oceans?
2
Paleontologists found a body fossil of a shellfish that became extinct long ago. The shellfish is called an ammonite. Ammonites were predators that lived in the ocean. They were related to other ocean predators like the octopus.
3
Ammonites survived for a long time. They had a strong shell that protected them from large fish. They were also good hunters.
4
But there are no more ammonites living today. What happened? Paleontologists have used fossil evidence to understand what happened in the past. Even 66 million years ago. One theory is that a huge rock from outer space killed many plants and animals. Another theory is that ammonites had trouble finding food before the huge rock hit the earth.
5
Body fossils help paleontologists understand what happened to living things in the past. Even when no one was around to see the animals.: What is one theory about why the ammonites went extinct?
People slowly killed off the ammonites
The ammonites were eaten by octopuses
The ammonites had a hard time finding food
The primary objective of this request is to outline the fundamental task presented in the provided text. The core scenario is a reading comprehension assessment in which a student reads an informational passage about ammonites and answers a multiple-choice question identifying a specific theory for their extinction.
To identify the primary skill this assessment item attempts to measure and provide a concise justification:

**Primary Skill:** Reading Comprehension (Literal Comprehension / Information Retrieval)

**Justification:** The item requires the student to read an informational passage and answer a multiple-choice question by locating and retrieving a specific, explicitly stated detail directly from the text (the theory regarding ammonite extinction found in the fourth paragraph).
In analyzing the cognitive demand and structural complexity of this reading comprehension item regarding ammonite extinction, this cognitive task requires direct recall and basic text-matching. The correct answer is explicitly stated in the fourth paragraph. The cognitive load is marginally increased by a tricky distractor (""The ammonites were eaten by octopuses""), which utilizes semantic overlap by repurposing a specific detail from paragraph two (""related to other ocean predators like the octopus"") to mislead readers who rely on skimming rather than full comprehension.
Regarding the overall level of the underlying latent trait required for a respondent to successfully answer this item, a low level of reading comprehension is needed. The correct answer is explicitly stated in the text, requiring only basic literal recall rather than complex inference.","Original Text: Teacher Directions to Read Aloud: “Now you will read the passage silently by yourself and then answer the questions. There are 3 answer choices for each question but only one correct answer. Circle the answer that you think is correct. After question 7, stop and wait for your teacher to read the directions. You may begin.” “Paleontologists and the ammonites” © READS Lab
1
There have been five mass extinctions in the earth’s history. What happened during the fifth mass extinction nearly 66 million years ago? What species was gone forever? Dinosaurs. What about fish in the oceans?
2
Paleontologists found a body fossil of a shellfish that became extinct long ago. The shellfish is called an ammonite. Ammonites were predators that lived in the ocean. They were related to other ocean predators like the octopus.
3
Ammonites survived for a long time. They had a strong shell that protected them from large fish. They were also good hunters.
4
But there are no more ammonites living today. What happened? Paleontologists have used fossil evidence to understand what happened in the past. Even 66 million years ago. One theory is that a huge rock from outer space killed many plants and animals. Another theory is that ammonites had trouble finding food before the huge rock hit the earth.
5
Body fossils help paleontologists understand what happened to living things in the past. Even when no one was around to see the animals.: What is one theory about why the ammonites went extinct?
People slowly killed off the ammonites
The ammonites were eaten by octopuses
The ammonites had a hard time finding food
The primary objective of this item is an informational reading comprehension task requiring students to read a short passage about prehistoric marine fossils and select the correct multiple-choice answer identifying a theoretical cause for the extinction of ammonites.
**Target Construct / Skill:** Reading Comprehension (specifically, explicit information retrieval/literal comprehension in informational text).

**Justification:** This assessment item evaluates a reader's ability to locate and recall directly stated factual details within a science-based text—specifically identifying one of the stated theories regarding ammonite extinction (""had trouble finding food"").
**Cognitive Demand Assessment:**
Evaluating the cognitive load of this reading comprehension item indicates that it requires **direct retrieval and basic paraphrase recognition**, rather than multi-step reasoning or synthesis. 

**Structural and Semantic Elements:**
* **Direct Retrieval with Minor Paraphrasing:** The task requires locating a specific detail in Paragraph 4 and mapping a slight lexical shift from the text's *""trouble finding food""* to the correct option's *""hard time finding food.""*
* **Thematic Distractors:** Incorrect options introduce plausible general-knowledge assumptions (*""People slowly killed off...""*) or borrow contextual keywords (*""octopuses""*) to filter out superficial keyword-matching without introducing heavy logic constraints.
* **Low Structural Complexity:** Simple syntax, short paragraph units, explicit question phrasing, and a restricted three-option format keep overall processing demand minimal.
To successfully answer this item, a respondent requires a **low to basic level of the underlying latent trait of reading comprehension ability**. The task demands only foundational literacy and literal retrieval skills to match an explicitly stated detail within a simple, elementary-grade informational text.","Original Text: Teacher Directions to Read Aloud: “Now you will read the passage silently by yourself and then answer the questions. There are 3 answer choices for each question but only one correct answer. Circle the answer that you think is correct. After question 7, stop and wait for your teacher to read the directions. You may begin.” “Paleontologists and the ammonites” © READS Lab
1
There have been five mass extinctions in the earth’s history. What happened during the fifth mass extinction nearly 66 million years ago? What species was gone forever? Dinosaurs. What about fish in the oceans?
2
Paleontologists found a body fossil of a shellfish that became extinct long ago. The shellfish is called an ammonite. Ammonites were predators that lived in the ocean. They were related to other ocean predators like the octopus.
3
Ammonites survived for a long time. They had a strong shell that protected them from large fish. They were also good hunters.
4
But there are no more ammonites living today. What happened? Paleontologists have used fossil evidence to understand what happened in the past. Even 66 million years ago. One theory is that a huge rock from outer space killed many plants and animals. Another theory is that ammonites had trouble finding food before the huge rock hit the earth.
5
Body fossils help paleontologists understand what happened to living things in the past. Even when no one was around to see the animals.: What is one theory about why the ammonites went extinct?
People slowly killed off the ammonites
The ammonites were eaten by octopuses
The ammonites had a hard time finding food
The item asks the reader to identify the main question being tested: why ammonites went extinct, based on the passage and answer choices.
Primary domain: reading comprehension in science informational text. It measures the ability to extract a stated cause from a short passage and answer a multiple-choice question using textual evidence.
This is a low-demand reading comprehension item with moderate cognitive load: it requires recalling details from the passage and selecting the stated theory. The wording is straightforward, with no real trick distractors or conditional logic, though the question asks for a specific theory and the choices include plausible but unsupported alternatives.
A low level of reading comprehension and basic science inference is needed to answer this item correctly; it mainly requires understanding a short passage and identifying the stated extinction theory.","Original Text: Teacher Directions to Read Aloud: “Now you will read the passage silently by yourself and then answer the questions. There are 3 answer choices for each question but only one correct answer. Circle the answer that you think is correct. After question 7, stop and wait for your teacher to read the directions. You may begin.” “Paleontologists and the ammonites” © READS Lab
1
There have been five mass extinctions in the earth’s history. What happened during the fifth mass extinction nearly 66 million years ago? What species was gone forever? Dinosaurs. What about fish in the oceans?
2
Paleontologists found a body fossil of a shellfish that became extinct long ago. The shellfish is called an ammonite. Ammonites were predators that lived in the ocean. They were related to other ocean predators like the octopus.
3
Ammonites survived for a long time. They had a strong shell that protected them from large fish. They were also good hunters.
4
But there are no more ammonites living today. What happened? Paleontologists have used fossil evidence to understand what happened in the past. Even 66 million years ago. One theory is that a huge rock from outer space killed many plants and animals. Another theory is that ammonites had trouble finding food before the huge rock hit the earth.
5
Body fossils help paleontologists understand what happened to living things in the past. Even when no one was around to see the animals.: What is one theory about why the ammonites went extinct?
People slowly killed off the ammonites
The ammonites were eaten by octopuses
The ammonites had a hard time finding food
The item asks the reader to identify one theory for ammonites’ extinction based on the passage: that ammonites had a hard time finding food.
This item is primarily measuring reading comprehension, specifically the skill of identifying an explicitly stated detail in an informational passage. The correct answer is directly stated in the text (“ammonites had trouble finding food”), so the task assesses literal understanding rather than inference, attitude, or psychological construct.
Core ask: assess the item’s cognitive demand and note wording/features that raise difficulty.

Low-to-moderate cognitive demand: this is mainly explicit recall from the passage, with minimal inference. The correct answer is stated directly (“ammonites had trouble finding food”), so it does not require multi-step reasoning or synthesis.

Load-increasing elements:
- Long setup with teacher directions and multiple paragraphs adds irrelevant reading load before the actual question.
- The question asks for “one theory,” requiring attention to the passage’s theory language.
- Distractors are plausible-sounding because they reuse passage concepts (“people,” “octopuses”) but are unsupported.
- Minor temporal/causal detail (“before the huge rock hit the earth”) may slightly increase tracking demands.

No severe endorsement threshold applies; this is a knowledge/comprehension item, not an attitudinal or symptom item.
The item appears to require a relatively low to moderate level of the underlying trait—here, basic reading comprehension. A respondent only needs to understand an explicitly stated detail from the passage and match it to the correct answer, so successful responding reflects modest comprehension rather than especially high ability.","Original Text: Teacher Directions to Read Aloud: “Now you will read the passage silently by yourself and then answer the questions. There are 3 answer choices for each question but only one correct answer. Circle the answer that you think is correct. After question 7, stop and wait for your teacher to read the directions. You may begin.” “Paleontologists and the ammonites” © READS Lab
1
There have been five mass extinctions in the earth’s history. What happened during the fifth mass extinction nearly 66 million years ago? What species was gone forever? Dinosaurs. What about fish in the oceans?
2
Paleontologists found a body fossil of a shellfish that became extinct long ago. The shellfish is called an ammonite. Ammonites were predators that lived in the ocean. They were related to other ocean predators like the octopus.
3
Ammonites survived for a long time. They had a strong shell that protected them from large fish. They were also good hunters.
4
But there are no more ammonites living today. What happened? Paleontologists have used fossil evidence to understand what happened in the past. Even 66 million years ago. One theory is that a huge rock from outer space killed many plants and animals. Another theory is that ammonites had trouble finding food before the huge rock hit the earth.
5
Body fossils help paleontologists understand what happened to living things in the past. Even when no one was around to see the animals.: What is one theory about why the ammonites went extinct?
People slowly killed off the ammonites
The ammonites were eaten by octopuses
The ammonites had a hard time finding food
Read the passage and select the theory explaining why ammonites became extinct.
**Primary skill:** Reading comprehension—identifying explicitly stated supporting details.  

**Justification:** The item asks students to locate a theory in the passage explaining ammonite extinction; the correct answer is that ammonites had difficulty finding food.
This is a low-demand reading-comprehension item requiring **literal recall and text locating**, not multi-step reasoning or synthesis. The student must identify the explicitly stated theory that ammonites had difficulty finding food.

Cognitive load is increased slightly by unfamiliar vocabulary (“paleontologists,” “ammonites,” “extinct”), multiple theories, and distractors that use related passage concepts (octopuses, human-caused extinction). The question uses straightforward causal wording and has no conditional logic, complex phrasing, or severe endorsement threshold.
This item requires a **low level of the underlying trait**: basic reading comprehension sufficient to identify an explicitly stated theory—that ammonites had difficulty finding food. It requires minimal inference and no specialized knowledge.","Original Text: Teacher Directions to Read Aloud: “Now you will read the passage silently by yourself and then answer the questions. There are 3 answer choices for each question but only one correct answer. Circle the answer that you think is correct. After question 7, stop and wait for your teacher to read the directions. You may begin.” “Paleontologists and the ammonites” © READS Lab
1
There have been five mass extinctions in the earth’s history. What happened during the fifth mass extinction nearly 66 million years ago? What species was gone forever? Dinosaurs. What about fish in the oceans?
2
Paleontologists found a body fossil of a shellfish that became extinct long ago. The shellfish is called an ammonite. Ammonites were predators that lived in the ocean. They were related to other ocean predators like the octopus.
3
Ammonites survived for a long time. They had a strong shell that protected them from large fish. They were also good hunters.
4
But there are no more ammonites living today. What happened? Paleontologists have used fossil evidence to understand what happened in the past. Even 66 million years ago. One theory is that a huge rock from outer space killed many plants and animals. Another theory is that ammonites had trouble finding food before the huge rock hit the earth.
5
Body fossils help paleontologists understand what happened to living things in the past. Even when no one was around to see the animals.: What is one theory about why the ammonites went extinct?
People slowly killed off the ammonites
The ammonites were eaten by octopuses
The ammonites had a hard time finding food
Identify one theory for ammonite extinction: they had difficulty finding food.
**Primary skill: Reading comprehension—identifying an explicitly stated detail.** The item asks students to recognize the passage’s stated theory that ammonites became extinct partly because they had difficulty finding food.
Low-to-moderate demand: requires locating and recalling an explicitly stated theory, not multi-step reasoning or synthesis. Cognitive load is slightly increased by the passage length, multiple extinction theories, rhetorical questions, and plausible distractors involving predators; however, the correct answer closely paraphrases “had trouble finding food,” making the item straightforward.
This item requires a **low level of the underlying reading-comprehension trait**. The correct answer is directly stated in the passage, with only simple paraphrase recognition needed.",1.3878690575773929,-0.4198139238253607,-0.5255763819289405,-0.5162244175772824,0.5967694520909751,841.0,gilbert_meta_2,-1.6103066687746268,0.5020755016994973,-0.9727541264726919,0.30329379213878627,-1.7093923475571555,0.5133906465630367,-1.0245155375135426,0.307698051280979,-1.7098346045993034,0.5003564146846802,-1.049526643025973,0.3071275939836234,0.9199740666334855,0.4014311608214476,0.9277822118647895,0.4048382490402871,-1.1168856540839376,0.44471440451769867,-0.7329690059816786,0.291848922790958,-0.008855739421508968,0.4223611358664625,-0.005637698124902507,0.26888150953523415,-1.1535466511044694,0.4659868033180038,-0.7038949602839704,0.28434546804009164
1,"Teacher Directions to Read Aloud: “Now you will read the passage silently by yourself and then answer the questions. There are 3 answer choices for each question but only one correct answer. Circle the answer that you think is correct. After question 7, stop and wait for your teacher to read the directions. You may begin.” “Paleontologists and the ammonites” © READS Lab
1
There have been five mass extinctions in the earth’s history. What happened during the fifth mass extinction nearly 66 million years ago? What species was gone forever? Dinosaurs. What about fish in the oceans?
2
Paleontologists found a body fossil of a shellfish that became extinct long ago. The shellfish is called an ammonite. Ammonites were predators that lived in the ocean. They were related to other ocean predators like the octopus.
3
Ammonites survived for a long time. They had a strong shell that protected them from large fish. They were also good hunters.
4
But there are no more ammonites living today. What happened? Paleontologists have used fossil evidence to understand what happened in the past. Even 66 million years ago. One theory is that a huge rock from outer space killed many plants and animals. Another theory is that ammonites had trouble finding food before the huge rock hit the earth.
5
Body fossils help paleontologists understand what happened to living things in the past. Even when no one was around to see the animals.","According to the passage, who studies the fossils of ammonites?","Teacher Directions to Read Aloud: “Now you will read the passage silently by yourself and then answer the questions. There are 3 answer choices for each question but only one correct answer. Circle the answer that you think is correct. After question 7, stop and wait for your teacher to read the directions. You may begin.” “Paleontologists and the ammonites” © READS Lab
1
There have been five mass extinctions in the earth’s history. What happened during the fifth mass extinction nearly 66 million years ago? What species was gone forever? Dinosaurs. What about fish in the oceans?
2
Paleontologists found a body fossil of a shellfish that became extinct long ago. The shellfish is called an ammonite. Ammonites were predators that lived in the ocean. They were related to other ocean predators like the octopus.
3
Ammonites survived for a long time. They had a strong shell that protected them from large fish. They were also good hunters.
4
But there are no more ammonites living today. What happened? Paleontologists have used fossil evidence to understand what happened in the past. Even 66 million years ago. One theory is that a huge rock from outer space killed many plants and animals. Another theory is that ammonites had trouble finding food before the huge rock hit the earth.
5
Body fossils help paleontologists understand what happened to living things in the past. Even when no one was around to see the animals.: According to the passage, who studies the fossils of ammonites?
paleontologists
hunters
predators","Original Text: Teacher Directions to Read Aloud: “Now you will read the passage silently by yourself and then answer the questions. There are 3 answer choices for each question but only one correct answer. Circle the answer that you think is correct. After question 7, stop and wait for your teacher to read the directions. You may begin.” “Paleontologists and the ammonites” © READS Lab
1
There have been five mass extinctions in the earth’s history. What happened during the fifth mass extinction nearly 66 million years ago? What species was gone forever? Dinosaurs. What about fish in the oceans?
2
Paleontologists found a body fossil of a shellfish that became extinct long ago. The shellfish is called an ammonite. Ammonites were predators that lived in the ocean. They were related to other ocean predators like the octopus.
3
Ammonites survived for a long time. They had a strong shell that protected them from large fish. They were also good hunters.
4
But there are no more ammonites living today. What happened? Paleontologists have used fossil evidence to understand what happened in the past. Even 66 million years ago. One theory is that a huge rock from outer space killed many plants and animals. Another theory is that ammonites had trouble finding food before the huge rock hit the earth.
5
Body fossils help paleontologists understand what happened to living things in the past. Even when no one was around to see the animals.: According to the passage, who studies the fossils of ammonites?
paleontologists
hunters
predators
The core task is to identify the specific group of people who study ammonite fossils based on the provided reading passage.
This analysis identifies the primary skill measured by the assessment item regarding ammonite fossils.

**Skill: Reading Comprehension (Literal Retrieval)**

**Justification:** The item requires the reader to locate and identify a specific fact explicitly stated in the text—that paleontologists study fossils—to answer a direct question.
This analysis evaluates the cognitive demand and structural complexity of the reading comprehension item regarding paleontologists and ammonites.

**Cognitive Demand**
This is a **recall** item. It requires literal comprehension and the ability to locate a specific fact directly stated in the text. The reader must identify the subject (paleontologists) associated with the action (studying fossils) mentioned in paragraphs 2, 4, and 5.

**Structural and Semantic Elements**
*   **Keyword Distractors:** The options ""hunters"" and ""predators"" function as semantic distractors because both terms appear elsewhere in the passage (paragraphs 2 and 3) in unrelated contexts. This increases the cognitive load for readers who rely on simple word-matching rather than contextual meaning.
*   **Direct Mapping:** The question uses phrasing that closely mirrors the text (""Paleontologists found a body fossil...""), which minimizes the need for inference or synthesis.
*   **Low Complexity:** The sentence structure is simple, and the logic is linear, keeping the threshold for a correct response low for readers with basic decoding skills.
To determine the level of the underlying latent trait—specifically literal reading comprehension—required to successfully answer this item, the analysis indicates a low threshold. The respondent must possess basic decoding skills and the ability to perform direct information retrieval, as the term ""paleontologists"" is explicitly linked to the study of fossils multiple times within the text. Minimal cognitive demand is required beyond identifying a verbatim match between the question and the passage.","Original Text: Teacher Directions to Read Aloud: “Now you will read the passage silently by yourself and then answer the questions. There are 3 answer choices for each question but only one correct answer. Circle the answer that you think is correct. After question 7, stop and wait for your teacher to read the directions. You may begin.” “Paleontologists and the ammonites” © READS Lab
1
There have been five mass extinctions in the earth’s history. What happened during the fifth mass extinction nearly 66 million years ago? What species was gone forever? Dinosaurs. What about fish in the oceans?
2
Paleontologists found a body fossil of a shellfish that became extinct long ago. The shellfish is called an ammonite. Ammonites were predators that lived in the ocean. They were related to other ocean predators like the octopus.
3
Ammonites survived for a long time. They had a strong shell that protected them from large fish. They were also good hunters.
4
But there are no more ammonites living today. What happened? Paleontologists have used fossil evidence to understand what happened in the past. Even 66 million years ago. One theory is that a huge rock from outer space killed many plants and animals. Another theory is that ammonites had trouble finding food before the huge rock hit the earth.
5
Body fossils help paleontologists understand what happened to living things in the past. Even when no one was around to see the animals.: According to the passage, who studies the fossils of ammonites?
paleontologists
hunters
predators
The core task presented in this scenario requires a student to independently read an informational passage about ammonites and answer a multiple-choice reading comprehension question identifying who studies their fossils.
To determine the primary skill or construct this item attempts to measure and justify this classification:

**Primary Skill:** Reading comprehension (explicit information retrieval). 

**Justification:** The item requires the student to read a passage and locate directly stated factual information within the text (that paleontologists study fossils) to select the correct multiple-choice answer.
To evaluate the cognitive demand and structural elements affecting the difficulty of this reading comprehension item: 

This cognitive item requires simple recall and direct retrieval of explicitly stated information. The cognitive load is slightly increased by the distractors (""hunters"" and ""predators""), which are both explicitly mentioned in the passage. This structural element requires the reader to correctly associate the specific action (studying fossils) with the correct subject (""paleontologists"") rather than merely recognizing familiar words from the text.
To successfully answer this item, the overall level of the underlying latent trait—specifically, reading comprehension ability—required by a respondent is very low. The question demands only basic literal recall, as the correct answer is explicitly and repeatedly linked to the subject within the text.","Original Text: Teacher Directions to Read Aloud: “Now you will read the passage silently by yourself and then answer the questions. There are 3 answer choices for each question but only one correct answer. Circle the answer that you think is correct. After question 7, stop and wait for your teacher to read the directions. You may begin.” “Paleontologists and the ammonites” © READS Lab
1
There have been five mass extinctions in the earth’s history. What happened during the fifth mass extinction nearly 66 million years ago? What species was gone forever? Dinosaurs. What about fish in the oceans?
2
Paleontologists found a body fossil of a shellfish that became extinct long ago. The shellfish is called an ammonite. Ammonites were predators that lived in the ocean. They were related to other ocean predators like the octopus.
3
Ammonites survived for a long time. They had a strong shell that protected them from large fish. They were also good hunters.
4
But there are no more ammonites living today. What happened? Paleontologists have used fossil evidence to understand what happened in the past. Even 66 million years ago. One theory is that a huge rock from outer space killed many plants and animals. Another theory is that ammonites had trouble finding food before the huge rock hit the earth.
5
Body fossils help paleontologists understand what happened to living things in the past. Even when no one was around to see the animals.: According to the passage, who studies the fossils of ammonites?
paleontologists
hunters
predators
The core task requires reading a brief informational passage about prehistoric marine life and identifying, from three options, the professionals who study ammonite fossils based on the text.
**Construct Measured:** Reading Comprehension (specifically, **Literal Comprehension / Explicit Information Retrieval** in informational text).

**Justification:** The item evaluates a student's ability to locate and recall directly stated factual details from a non-fiction passage, requiring them to match the role of studying ammonite fossils to the explicitly named subject (""paleontologists"").
**Cognitive Demand Evaluation:**
The item assesses basic literal recall and direct text retrieval. It requires the reader to locate explicitly stated information within the passage rather than engaging in multi-step reasoning or synthesis.

**Load-Affecting Structural and Semantic Elements:**
* **Within-Text Distractor Sourcing:** The incorrect options (""hunters,"" ""predators"") appear explicitly in paragraphs 2 and 3 as descriptions of ammonites, creating shallow lexical interference that tests the reader's ability to distinguish the subject studying the fossils from attributes of the organism itself.
* **Low-Frequency Vocabulary:** The correct answer relies on identifying a multisyllabic, domain-specific term (""paleontologists""), which may slightly increase decoding demand for early readers.
The level of the underlying latent trait—specifically, reading comprehension and literal retrieval ability—required to successfully answer this item is low (basic), as the question only requires directly locating explicitly stated information within the text rather than applying complex inferences or deep conceptual synthesis.","Original Text: Teacher Directions to Read Aloud: “Now you will read the passage silently by yourself and then answer the questions. There are 3 answer choices for each question but only one correct answer. Circle the answer that you think is correct. After question 7, stop and wait for your teacher to read the directions. You may begin.” “Paleontologists and the ammonites” © READS Lab
1
There have been five mass extinctions in the earth’s history. What happened during the fifth mass extinction nearly 66 million years ago? What species was gone forever? Dinosaurs. What about fish in the oceans?
2
Paleontologists found a body fossil of a shellfish that became extinct long ago. The shellfish is called an ammonite. Ammonites were predators that lived in the ocean. They were related to other ocean predators like the octopus.
3
Ammonites survived for a long time. They had a strong shell that protected them from large fish. They were also good hunters.
4
But there are no more ammonites living today. What happened? Paleontologists have used fossil evidence to understand what happened in the past. Even 66 million years ago. One theory is that a huge rock from outer space killed many plants and animals. Another theory is that ammonites had trouble finding food before the huge rock hit the earth.
5
Body fossils help paleontologists understand what happened to living things in the past. Even when no one was around to see the animals.: According to the passage, who studies the fossils of ammonites?
paleontologists
hunters
predators
The item asks the reader to identify, based on the passage, who studies ammonite fossils.
Primary domain: reading comprehension in science content. It measures the ability to extract explicit information from a short informational passage and identify the correct detail; here, the item asks who studies ammonite fossils, which is directly stated in the text.
This is a low-demand reading comprehension item: it mainly requires direct recall from the passage, not multi-step reasoning or synthesis. The correct response is explicitly stated, so endorsement is easy if the text was understood. Structural load is minimal, though the passage includes some distractor details and a few conditional/time references that slightly increase attention demands.
A low level of reading comprehension is needed to identify that paleontologists study ammonite fossils.","Original Text: Teacher Directions to Read Aloud: “Now you will read the passage silently by yourself and then answer the questions. There are 3 answer choices for each question but only one correct answer. Circle the answer that you think is correct. After question 7, stop and wait for your teacher to read the directions. You may begin.” “Paleontologists and the ammonites” © READS Lab
1
There have been five mass extinctions in the earth’s history. What happened during the fifth mass extinction nearly 66 million years ago? What species was gone forever? Dinosaurs. What about fish in the oceans?
2
Paleontologists found a body fossil of a shellfish that became extinct long ago. The shellfish is called an ammonite. Ammonites were predators that lived in the ocean. They were related to other ocean predators like the octopus.
3
Ammonites survived for a long time. They had a strong shell that protected them from large fish. They were also good hunters.
4
But there are no more ammonites living today. What happened? Paleontologists have used fossil evidence to understand what happened in the past. Even 66 million years ago. One theory is that a huge rock from outer space killed many plants and animals. Another theory is that ammonites had trouble finding food before the huge rock hit the earth.
5
Body fossils help paleontologists understand what happened to living things in the past. Even when no one was around to see the animals.: According to the passage, who studies the fossils of ammonites?
paleontologists
hunters
predators
The item asks who, according to the passage, studies ammonite fossils; the correct answer is paleontologists.
This item is primarily measuring reading comprehension, specifically retrieval of an explicitly stated detail from an informational passage. The question asks the reader to identify who studies ammonite fossils, and the passage directly states that paleontologists used fossil evidence, so success depends on locating and recalling stated information.
Core ask: assess the item’s cognitive demand and note wording/features that raise load.

Low demand: primarily explicit recall from the passage. The correct answer is stated directly (“Paleontologists found…” / “Paleontologists have used fossil evidence…”), so it does not require multi-step reasoning or synthesis.

Load-increasing elements: mild vocabulary difficulty (“paleontologists,” “ammonites,” “body fossils,” “predators”); the question asks “who studies” fossils, which requires linking “studies fossils” to the named profession; distractors (“hunters,” “predators”) are semantically related to the passage and could mislead weaker readers. No conditional logic, strong emotional wording, or severe endorsement threshold.
This item requires a low level of the underlying trait—roughly basic reading comprehension and simple recall—because the correct answer is stated directly in the passage and can be identified with minimal inference.","Original Text: Teacher Directions to Read Aloud: “Now you will read the passage silently by yourself and then answer the questions. There are 3 answer choices for each question but only one correct answer. Circle the answer that you think is correct. After question 7, stop and wait for your teacher to read the directions. You may begin.” “Paleontologists and the ammonites” © READS Lab
1
There have been five mass extinctions in the earth’s history. What happened during the fifth mass extinction nearly 66 million years ago? What species was gone forever? Dinosaurs. What about fish in the oceans?
2
Paleontologists found a body fossil of a shellfish that became extinct long ago. The shellfish is called an ammonite. Ammonites were predators that lived in the ocean. They were related to other ocean predators like the octopus.
3
Ammonites survived for a long time. They had a strong shell that protected them from large fish. They were also good hunters.
4
But there are no more ammonites living today. What happened? Paleontologists have used fossil evidence to understand what happened in the past. Even 66 million years ago. One theory is that a huge rock from outer space killed many plants and animals. Another theory is that ammonites had trouble finding food before the huge rock hit the earth.
5
Body fossils help paleontologists understand what happened to living things in the past. Even when no one was around to see the animals.: According to the passage, who studies the fossils of ammonites?
paleontologists
hunters
predators
Identify, from the passage, who studies ammonite fossils: paleontologists.
**Primary skill:** Reading comprehension—identifying explicitly stated information.  
**Justification:** The item asks students to locate in the passage who studies ammonite fossils; the text directly states that paleontologists do.
This is a low-demand recall item requiring locating and retrieving an explicitly stated fact: paleontologists study ammonite fossils. It does not require multi-step reasoning or synthesis. The short passage and simple question reduce cognitive load; distractors (“hunters,” “predators”) are passage-related roles but are clearly incorrect.♀♀♀♀♀♀
This item requires a **low level of reading comprehension and cognitive ability**: the respondent must locate and recall an explicitly stated fact—that **paleontologists** study ammonite fossils.","Original Text: Teacher Directions to Read Aloud: “Now you will read the passage silently by yourself and then answer the questions. There are 3 answer choices for each question but only one correct answer. Circle the answer that you think is correct. After question 7, stop and wait for your teacher to read the directions. You may begin.” “Paleontologists and the ammonites” © READS Lab
1
There have been five mass extinctions in the earth’s history. What happened during the fifth mass extinction nearly 66 million years ago? What species was gone forever? Dinosaurs. What about fish in the oceans?
2
Paleontologists found a body fossil of a shellfish that became extinct long ago. The shellfish is called an ammonite. Ammonites were predators that lived in the ocean. They were related to other ocean predators like the octopus.
3
Ammonites survived for a long time. They had a strong shell that protected them from large fish. They were also good hunters.
4
But there are no more ammonites living today. What happened? Paleontologists have used fossil evidence to understand what happened in the past. Even 66 million years ago. One theory is that a huge rock from outer space killed many plants and animals. Another theory is that ammonites had trouble finding food before the huge rock hit the earth.
5
Body fossils help paleontologists understand what happened to living things in the past. Even when no one was around to see the animals.: According to the passage, who studies the fossils of ammonites?
paleontologists
hunters
predators
Identify who studies ammonite fossils, according to the passage.
**Primary skill: Reading comprehension—explicit information retrieval.** The item measures whether the student can identify a directly stated fact in the passage: paleontologists study ammonite fossils.
Low demand: requires direct recall of an explicitly stated fact. Simple wording and clearly incorrect distractors impose minimal cognitive load; no multi-step reasoning or synthesis is needed.
This item requires a low level of the underlying reading-comprehension trait because the correct answer, “paleontologists,” is stated directly and repeatedly in the passage.",1.5573435564464717,-1.2591078772681223,-1.7811815422660155,-1.8883324036104077,0.1513239458122807,370.0,gilbert_meta_2,-2.506842686037102,0.5776319807168919,-1.5143336449796247,0.3489359534557028,-2.4791234821219605,0.5869982140764233,-1.4858499457297363,0.3518143694005792,-2.127777879702016,0.5565911939383422,-1.3060675981066114,0.3416454935118259,-0.9145966836284025,0.41129513732124784,-0.922359189108554,0.41478594459681084,-2.0742156770980325,0.5215838677579044,-1.3612278011406,0.34229538868968146,-3.0220705543990523,0.6651987770620796,-1.923895982810576,0.42347563762115065,-3.5401308744387543,0.772996009368086,-2.1601902956219936,0.47168269683142633
