item,section_prompt,item_text,combined_text,CGCoT_Breakdown_gemini-3-flash-preview,CGCoT_Breakdown_gemini-3.1-pro-preview,CGCoT_Breakdown_gemini-3.7-flash,CGCoT_Breakdown_gpt-5.4-mini,CGCoT_Breakdown_gpt-5.4,CGCoT_Breakdown_gpt-5.6-luna,CGCoT_Breakdown_gpt-5.6-sol,a_2PL,b_2PL,b_1PL,BT_Item_Score_Bipartite,BT_Item_Strength_Bipartite,BT_Item_Total_Wins_Bipartite,table,Bradley_Terry_Log_Score_gemini-3-flash-preview,Bradley_Terry_Log_SE_gemini-3-flash-preview,Bradley_Terry_Z_Score_gemini-3-flash-preview,Bradley_Terry_Z_SE_gemini-3-flash-preview,Bradley_Terry_Log_Score_gemini-3.1-pro-preview,Bradley_Terry_Log_SE_gemini-3.1-pro-preview,Bradley_Terry_Z_Score_gemini-3.1-pro-preview,Bradley_Terry_Z_SE_gemini-3.1-pro-preview,Bradley_Terry_Log_Score_gemini-3.7-flash,Bradley_Terry_Log_SE_gemini-3.7-flash,Bradley_Terry_Z_Score_gemini-3.7-flash,Bradley_Terry_Z_SE_gemini-3.7-flash,Bradley_Terry_Log_Score_gpt-5.4-mini,Bradley_Terry_Log_SE_gpt-5.4-mini,Bradley_Terry_Z_Score_gpt-5.4-mini,Bradley_Terry_Z_SE_gpt-5.4-mini,Bradley_Terry_Log_Score_gpt-5.4,Bradley_Terry_Log_SE_gpt-5.4,Bradley_Terry_Z_Score_gpt-5.4,Bradley_Terry_Z_SE_gpt-5.4,Bradley_Terry_Log_Score_gpt-5.6-luna,Bradley_Terry_Log_SE_gpt-5.6-luna,Bradley_Terry_Z_Score_gpt-5.6-luna,Bradley_Terry_Z_SE_gpt-5.6-luna,Bradley_Terry_Log_Score_gpt-5.6-sol,Bradley_Terry_Log_SE_gpt-5.6-sol,Bradley_Terry_Z_Score_gpt-5.6-sol,Bradley_Terry_Z_SE_gpt-5.6-sol
cc_q17,"1) Some birds that are here today are smaller than they were many years ago. Why is this happening? It is a mystery. How do scientists study a mystery? 2) First, scientists try to understand the bird’s skeletal and muscular systems. Those systems help birds to fly. One thing scientists know is that birds’ bones are hollow inside. So, they don’t weigh much. Birds’ skeletons weigh less than their feathers. They have also learned that a bird wing works like a human arm. Birds contract their chest muscles to make their wings flap. 3) Second, scientists try to diagnose the reasons that the birds’ bodies might have changed over time. Some scientists thought that birds’ skeletal or muscular systems might have changed. So, they studied migratory birds in North America. Migratory birds fly long distances to warmer places for the winter. 4) Third, scientists measured the physical characteristics of the birds. They measured the size of the birds’ bones. They found some of the birds’ bones were shorter than they were 40 years ago. For example, the lower leg bone of many birds is smaller. 5) Fourth, scientists measured the migratory birds’ wings. They found the birds’ wings are longer than they used to be. 6) Many scientists asked, “Why are the birds’ bones smaller than they used be. But their wings are longer?” They thought about the long distance the birds fly in winter. They thought that the birds’ bodies changed to adapt to the long winter flight. They would need a lot of energy for the flight. A smaller body would have smaller muscles and less fat. But smaller bones and longer wings would make flying easier. 7) Over time, these characteristics of birds have become more common. The scientists came up with some very good ideas about why these skeletal changes might be occurring.",4. The author said that scientists are studying the mystery of the shrinking birds. What was one thing the scientists discovered?,"1) Some birds that are here today are smaller than they were many years ago. Why is this happening? It is a mystery. How do scientists study a mystery? 2) First, scientists try to understand the bird’s skeletal and muscular systems. Those systems help birds to fly. One thing scientists know is that birds’ bones are hollow inside. So, they don’t weigh much. Birds’ skeletons weigh less than their feathers. They have also learned that a bird wing works like a human arm. Birds contract their chest muscles to make their wings flap. 3) Second, scientists try to diagnose the reasons that the birds’ bodies might have changed over time. Some scientists thought that birds’ skeletal or muscular systems might have changed. So, they studied migratory birds in North America. Migratory birds fly long distances to warmer places for the winter. 4) Third, scientists measured the physical characteristics of the birds. They measured the size of the birds’ bones. They found some of the birds’ bones were shorter than they were 40 years ago. For example, the lower leg bone of many birds is smaller. 5) Fourth, scientists measured the migratory birds’ wings. They found the birds’ wings are longer than they used to be. 6) Many scientists asked, “Why are the birds’ bones smaller than they used be. But their wings are longer?” They thought about the long distance the birds fly in winter. They thought that the birds’ bodies changed to adapt to the long winter flight. They would need a lot of energy for the flight. A smaller body would have smaller muscles and less fat. But smaller bones and longer wings would make flying easier. 7) Over time, these characteristics of birds have become more common. The scientists came up with some very good ideas about why these skeletal changes might be occurring.: 4. The author said that scientists are studying the mystery of the shrinking birds. What was one thing the scientists discovered?
d. It is hard to measure birds when they are migrating
b. It’s easier to fly a long way with longer wings
c. The leg bone of some birds is getting larger
a. Birds use more energy now when they fly","Original Text: 1) Some birds that are here today are smaller than they were many years ago. Why is this happening? It is a mystery. How do scientists study a mystery? 2) First, scientists try to understand the bird’s skeletal and muscular systems. Those systems help birds to fly. One thing scientists know is that birds’ bones are hollow inside. So, they don’t weigh much. Birds’ skeletons weigh less than their feathers. They have also learned that a bird wing works like a human arm. Birds contract their chest muscles to make their wings flap. 3) Second, scientists try to diagnose the reasons that the birds’ bodies might have changed over time. Some scientists thought that birds’ skeletal or muscular systems might have changed. So, they studied migratory birds in North America. Migratory birds fly long distances to warmer places for the winter. 4) Third, scientists measured the physical characteristics of the birds. They measured the size of the birds’ bones. They found some of the birds’ bones were shorter than they were 40 years ago. For example, the lower leg bone of many birds is smaller. 5) Fourth, scientists measured the migratory birds’ wings. They found the birds’ wings are longer than they used to be. 6) Many scientists asked, “Why are the birds’ bones smaller than they used be. But their wings are longer?” They thought about the long distance the birds fly in winter. They thought that the birds’ bodies changed to adapt to the long winter flight. They would need a lot of energy for the flight. A smaller body would have smaller muscles and less fat. But smaller bones and longer wings would make flying easier. 7) Over time, these characteristics of birds have become more common. The scientists came up with some very good ideas about why these skeletal changes might be occurring.: 4. The author said that scientists are studying the mystery of the shrinking birds. What was one thing the scientists discovered?
d. It is hard to measure birds when they are migrating
b. It’s easier to fly a long way with longer wings
c. The leg bone of some birds is getting larger
a. Birds use more energy now when they fly
The item presents a reading comprehension task requiring the identification of a specific scientific discovery regarding the physical adaptations of migratory birds. The scenario describes the methodology scientists used to investigate why certain birds have developed smaller skeletal structures and longer wings over time to facilitate energy-efficient long-distance flight.
This item measures the **Reading Comprehension** skill, specifically the ability to perform **Literal Information Retrieval**.

**Justification:** The question requires the reader to locate and identify a specific factual finding explicitly stated in the text—that longer wings make long-distance flight easier—to distinguish the correct discovery from incorrect or unstated claims.
This analysis evaluates the cognitive demand and structural complexity of a reading comprehension item concerning scientific findings on bird morphology.

**Cognitive Demand:** This item requires **recall and synthesis**. The reader must retrieve specific data points regarding bone and wing size and synthesize the relationship between these physical changes and their functional benefits as described in the text.

**Structural and Semantic Elements:**
*   **Comparative Distractors:** Option (c) employs a ""near-miss"" strategy by using the correct anatomical feature (leg bone) but reversing the direction of change (""larger"" vs. ""smaller""), necessitating precise decoding of comparative adjectives.
*   **Logical Inversion:** Option (a) presents a plausible-sounding but incorrect inference regarding energy, requiring the reader to distinguish between the need for energy and the efficiency gained through adaptation.
*   **Cross-Paragraph Integration:** To identify option (b) as correct, the reader must link the observation of longer wings in paragraph 5 with the explanatory conclusion in paragraph 6, increasing the cognitive load through information synthesis.
To describe the level of the latent trait of reading comprehension required to identify a discovery made by scientists in the provided text:

This item requires a **low to moderate level of reading comprehension**. A respondent must possess the ability to locate specific factual information within a structured informational text and perform basic literal matching. Success depends on identifying the explicit relationship between physical adaptations and flight efficiency mentioned in the sixth paragraph while rejecting distractors that either contradict the text (larger leg bones) or are not supported by the narrative (difficulty of measurement).","Original Text: 1) Some birds that are here today are smaller than they were many years ago. Why is this happening? It is a mystery. How do scientists study a mystery? 2) First, scientists try to understand the bird’s skeletal and muscular systems. Those systems help birds to fly. One thing scientists know is that birds’ bones are hollow inside. So, they don’t weigh much. Birds’ skeletons weigh less than their feathers. They have also learned that a bird wing works like a human arm. Birds contract their chest muscles to make their wings flap. 3) Second, scientists try to diagnose the reasons that the birds’ bodies might have changed over time. Some scientists thought that birds’ skeletal or muscular systems might have changed. So, they studied migratory birds in North America. Migratory birds fly long distances to warmer places for the winter. 4) Third, scientists measured the physical characteristics of the birds. They measured the size of the birds’ bones. They found some of the birds’ bones were shorter than they were 40 years ago. For example, the lower leg bone of many birds is smaller. 5) Fourth, scientists measured the migratory birds’ wings. They found the birds’ wings are longer than they used to be. 6) Many scientists asked, “Why are the birds’ bones smaller than they used be. But their wings are longer?” They thought about the long distance the birds fly in winter. They thought that the birds’ bodies changed to adapt to the long winter flight. They would need a lot of energy for the flight. A smaller body would have smaller muscles and less fat. But smaller bones and longer wings would make flying easier. 7) Over time, these characteristics of birds have become more common. The scientists came up with some very good ideas about why these skeletal changes might be occurring.: 4. The author said that scientists are studying the mystery of the shrinking birds. What was one thing the scientists discovered?
d. It is hard to measure birds when they are migrating
b. It’s easier to fly a long way with longer wings
c. The leg bone of some birds is getting larger
a. Birds use more energy now when they fly
The core task presented in this item is to read an informational passage about changes in migratory bird anatomy and answer a multiple-choice reading comprehension question by identifying a specific discovery scientists made regarding the birds' physical adaptations.
To determine the primary skill this item attempts to measure and provide a concise justification:

**Primary Skill:** Reading Comprehension (Explicit Detail Retrieval)

**Justification:** The item requires the reader to scan the provided informational text, locate specific factual findings made by the scientists, and match that explicitly stated information (""smaller bones and longer wings would make flying easier"") to the correct multiple-choice option.
In analyzing the cognitive demand and structural complexity of this reading comprehension item regarding scientists' discoveries about shrinking birds, this cognitive task requires multi-step reasoning and synthesis. The reader must locate the scientists' findings across multiple paragraphs and connect the physical adaptations to their functional outcomes. The cognitive load is increased by tricky distractors that utilize direct vocabulary from the passage but invert the factual meaning (e.g., distractor ""a"" claims birds use more energy rather than less; distractor ""c"" claims leg bones are getting larger rather than smaller). This structural element prevents simple keyword matching and forces the reader to precisely evaluate the semantic accuracy of each option against the text.
To successfully answer this item regarding what scientists discovered about the shrinking birds, a low to moderate level of the underlying latent trait (reading comprehension and cognitive ability) is required. The respondent only needs to locate explicitly stated information in the text and recognize a simple paraphrase to identify the correct answer.","Original Text: 1) Some birds that are here today are smaller than they were many years ago. Why is this happening? It is a mystery. How do scientists study a mystery? 2) First, scientists try to understand the bird’s skeletal and muscular systems. Those systems help birds to fly. One thing scientists know is that birds’ bones are hollow inside. So, they don’t weigh much. Birds’ skeletons weigh less than their feathers. They have also learned that a bird wing works like a human arm. Birds contract their chest muscles to make their wings flap. 3) Second, scientists try to diagnose the reasons that the birds’ bodies might have changed over time. Some scientists thought that birds’ skeletal or muscular systems might have changed. So, they studied migratory birds in North America. Migratory birds fly long distances to warmer places for the winter. 4) Third, scientists measured the physical characteristics of the birds. They measured the size of the birds’ bones. They found some of the birds’ bones were shorter than they were 40 years ago. For example, the lower leg bone of many birds is smaller. 5) Fourth, scientists measured the migratory birds’ wings. They found the birds’ wings are longer than they used to be. 6) Many scientists asked, “Why are the birds’ bones smaller than they used be. But their wings are longer?” They thought about the long distance the birds fly in winter. They thought that the birds’ bodies changed to adapt to the long winter flight. They would need a lot of energy for the flight. A smaller body would have smaller muscles and less fat. But smaller bones and longer wings would make flying easier. 7) Over time, these characteristics of birds have become more common. The scientists came up with some very good ideas about why these skeletal changes might be occurring.: 4. The author said that scientists are studying the mystery of the shrinking birds. What was one thing the scientists discovered?
d. It is hard to measure birds when they are migrating
b. It’s easier to fly a long way with longer wings
c. The leg bone of some birds is getting larger
a. Birds use more energy now when they fly
The core task is a reading comprehension assessment requiring the selection of a specific scientific finding regarding changes in bird anatomy and flight adaptation detailed in the provided passage.
**Assessed Domain / Skill:** 
Reading Comprehension: Literal Retrieval of Explicit Details

**Justification:** 
The item assesses a reader's ability to locate and comprehend directly stated factual information within an informational science text, requiring them to identify the explicitly stated finding that longer wings make long-distance flight easier.
**Cognitive Demand Analysis**

* **Demand Level:** Multi-step reasoning and synthesis. Rather than relying on simple verbatim recall, the reader must synthesize the relationship between physical adaptations and migratory flight across paragraphs 5 and 6 while differentiating between actual discoveries and plausible-sounding misstatements.

* **Cognitive Load Elements:**
  * **Inverted Detail Distractor:** Option (c) uses familiar keywords from paragraph 4 (""leg bone"") but reverses the factual meaning (""getting larger"" instead of ""smaller""), testing close attention to detail.
  * **Semantic Paraphrasing:** The correct answer (b) condenses the explanatory logic of paragraph 6 (""adapt to the long winter flight"" combined with ""longer wings would make flying easier"") rather than repeating an exact sentence from the text.
  * **Plausible Mechanism Distractor:** Option (a) leverages the mention of ""energy"" in paragraph 6, requiring the reader to evaluate the correct causal relationship regarding energy conservation. 
  * **Non-Sequential Labeling:** The disordered answer keys (d, b, c, a) create minor visual scanning friction.
The level of reading comprehension ability required to successfully answer this item is **low-to-moderate (basic)**. A respondent needs only foundational literal comprehension and detail-retrieval skills to locate the explicit statement that longer wings make flying easier while eliminating straightforwardly contradicted distractors.","Original Text: 1) Some birds that are here today are smaller than they were many years ago. Why is this happening? It is a mystery. How do scientists study a mystery? 2) First, scientists try to understand the bird’s skeletal and muscular systems. Those systems help birds to fly. One thing scientists know is that birds’ bones are hollow inside. So, they don’t weigh much. Birds’ skeletons weigh less than their feathers. They have also learned that a bird wing works like a human arm. Birds contract their chest muscles to make their wings flap. 3) Second, scientists try to diagnose the reasons that the birds’ bodies might have changed over time. Some scientists thought that birds’ skeletal or muscular systems might have changed. So, they studied migratory birds in North America. Migratory birds fly long distances to warmer places for the winter. 4) Third, scientists measured the physical characteristics of the birds. They measured the size of the birds’ bones. They found some of the birds’ bones were shorter than they were 40 years ago. For example, the lower leg bone of many birds is smaller. 5) Fourth, scientists measured the migratory birds’ wings. They found the birds’ wings are longer than they used to be. 6) Many scientists asked, “Why are the birds’ bones smaller than they used be. But their wings are longer?” They thought about the long distance the birds fly in winter. They thought that the birds’ bodies changed to adapt to the long winter flight. They would need a lot of energy for the flight. A smaller body would have smaller muscles and less fat. But smaller bones and longer wings would make flying easier. 7) Over time, these characteristics of birds have become more common. The scientists came up with some very good ideas about why these skeletal changes might be occurring.: 4. The author said that scientists are studying the mystery of the shrinking birds. What was one thing the scientists discovered?
d. It is hard to measure birds when they are migrating
b. It’s easier to fly a long way with longer wings
c. The leg bone of some birds is getting larger
a. Birds use more energy now when they fly
The item asks for the main idea of a passage about scientists investigating why some birds are getting smaller, and it focuses on one discovery: that birds’ wings have become longer, which may help them fly long distances more easily.
Primary domain: reading comprehension / science literacy. The item measures the ability to identify a stated finding from a scientific passage and infer the best-supported conclusion; the correct idea is that longer wings help birds fly long distances more easily.
This is a low-to-moderate demand reading item: it mainly requires recall and simple inference from the passage, not deep reasoning or synthesis. The correct choice is supported by a direct stated idea, while the distractors include an opposite trend, an unsupported claim, and a less relevant statement. The wording is straightforward, with no strong emotional language or complex conditional logic.
A moderate reading-comprehension and inference level is needed: the respondent must understand the passage’s scientific explanation and identify that longer wings help birds fly long distances more easily.","Original Text: 1) Some birds that are here today are smaller than they were many years ago. Why is this happening? It is a mystery. How do scientists study a mystery? 2) First, scientists try to understand the bird’s skeletal and muscular systems. Those systems help birds to fly. One thing scientists know is that birds’ bones are hollow inside. So, they don’t weigh much. Birds’ skeletons weigh less than their feathers. They have also learned that a bird wing works like a human arm. Birds contract their chest muscles to make their wings flap. 3) Second, scientists try to diagnose the reasons that the birds’ bodies might have changed over time. Some scientists thought that birds’ skeletal or muscular systems might have changed. So, they studied migratory birds in North America. Migratory birds fly long distances to warmer places for the winter. 4) Third, scientists measured the physical characteristics of the birds. They measured the size of the birds’ bones. They found some of the birds’ bones were shorter than they were 40 years ago. For example, the lower leg bone of many birds is smaller. 5) Fourth, scientists measured the migratory birds’ wings. They found the birds’ wings are longer than they used to be. 6) Many scientists asked, “Why are the birds’ bones smaller than they used be. But their wings are longer?” They thought about the long distance the birds fly in winter. They thought that the birds’ bodies changed to adapt to the long winter flight. They would need a lot of energy for the flight. A smaller body would have smaller muscles and less fat. But smaller bones and longer wings would make flying easier. 7) Over time, these characteristics of birds have become more common. The scientists came up with some very good ideas about why these skeletal changes might be occurring.: 4. The author said that scientists are studying the mystery of the shrinking birds. What was one thing the scientists discovered?
d. It is hard to measure birds when they are migrating
b. It’s easier to fly a long way with longer wings
c. The leg bone of some birds is getting larger
a. Birds use more energy now when they fly
The item asks what scientists discovered while investigating why some birds are becoming smaller, with the supported finding being that longer wings make long-distance flight easier.
This item primarily measures **reading comprehension of informational science text**, specifically the skill of **identifying a stated inference/conclusion from evidence in the passage**. The correct idea is that scientists discovered **longer wings make long-distance flight easier**, which requires understanding the passage’s explanation rather than recalling an isolated fact.
Core ask: assess the item’s cognitive demand and note wording/features that raise difficulty.

This is a moderate cognitive-demand reading-comprehension item. It mainly requires recall of a stated finding, but also some light inference/elimination because the correct option paraphrases the passage rather than repeating it exactly. It does not require deep synthesis.

Load-increasing elements:
- Long, multi-paragraph stimulus with sequential scientific details
- Need to distinguish discoveries from hypotheses/explanations
- Paraphrased correct answer (“easier to fly a long way with longer wings”) rather than verbatim text
- Distractors tied to passage themes but altered in meaning:
  - migration measurement difficulty was not stated
  - leg bone “getting larger” reverses the passage
  - “use more energy now” distorts the adaptation idea
- Mild pronoun/reference tracking across “they/scientists/birds”

Endorsement/severity: not applicable; this is not a psychological/attitudinal item.
Successfully answering this item likely requires a low-to-moderate level of the underlying latent trait, since it mainly involves identifying an explicitly supported finding from the passage rather than making a highly complex inference.","Original Text: 1) Some birds that are here today are smaller than they were many years ago. Why is this happening? It is a mystery. How do scientists study a mystery? 2) First, scientists try to understand the bird’s skeletal and muscular systems. Those systems help birds to fly. One thing scientists know is that birds’ bones are hollow inside. So, they don’t weigh much. Birds’ skeletons weigh less than their feathers. They have also learned that a bird wing works like a human arm. Birds contract their chest muscles to make their wings flap. 3) Second, scientists try to diagnose the reasons that the birds’ bodies might have changed over time. Some scientists thought that birds’ skeletal or muscular systems might have changed. So, they studied migratory birds in North America. Migratory birds fly long distances to warmer places for the winter. 4) Third, scientists measured the physical characteristics of the birds. They measured the size of the birds’ bones. They found some of the birds’ bones were shorter than they were 40 years ago. For example, the lower leg bone of many birds is smaller. 5) Fourth, scientists measured the migratory birds’ wings. They found the birds’ wings are longer than they used to be. 6) Many scientists asked, “Why are the birds’ bones smaller than they used be. But their wings are longer?” They thought about the long distance the birds fly in winter. They thought that the birds’ bodies changed to adapt to the long winter flight. They would need a lot of energy for the flight. A smaller body would have smaller muscles and less fat. But smaller bones and longer wings would make flying easier. 7) Over time, these characteristics of birds have become more common. The scientists came up with some very good ideas about why these skeletal changes might be occurring.: 4. The author said that scientists are studying the mystery of the shrinking birds. What was one thing the scientists discovered?
d. It is hard to measure birds when they are migrating
b. It’s easier to fly a long way with longer wings
c. The leg bone of some birds is getting larger
a. Birds use more energy now when they fly
Choose one discovery scientists made about shrinking birds: longer wings make long-distance flying easier.
**Primary domain:** Reading comprehension—identifying a stated finding and connecting it to its explanation.  

**Justification:** The item asks students to recall that scientists discovered longer wings make long-distance flight easier; therefore, **b** is correct.
This is a low-to-moderate reading-comprehension item requiring recall with light integration of passage details, not multi-step reasoning or synthesis. The correct answer is **b**, requiring recognition that longer wings make long-distance flight easier. Cognitive load comes from a lengthy passage, sequential scientific explanation, and contrasting details (smaller bones versus longer wings); distractors are unsupported, reversed, or contradict the text.
This item requires a **low-to-moderate level of cognitive ability**, primarily basic reading comprehension and the ability to identify a stated finding in the passage.","Original Text: 1) Some birds that are here today are smaller than they were many years ago. Why is this happening? It is a mystery. How do scientists study a mystery? 2) First, scientists try to understand the bird’s skeletal and muscular systems. Those systems help birds to fly. One thing scientists know is that birds’ bones are hollow inside. So, they don’t weigh much. Birds’ skeletons weigh less than their feathers. They have also learned that a bird wing works like a human arm. Birds contract their chest muscles to make their wings flap. 3) Second, scientists try to diagnose the reasons that the birds’ bodies might have changed over time. Some scientists thought that birds’ skeletal or muscular systems might have changed. So, they studied migratory birds in North America. Migratory birds fly long distances to warmer places for the winter. 4) Third, scientists measured the physical characteristics of the birds. They measured the size of the birds’ bones. They found some of the birds’ bones were shorter than they were 40 years ago. For example, the lower leg bone of many birds is smaller. 5) Fourth, scientists measured the migratory birds’ wings. They found the birds’ wings are longer than they used to be. 6) Many scientists asked, “Why are the birds’ bones smaller than they used be. But their wings are longer?” They thought about the long distance the birds fly in winter. They thought that the birds’ bodies changed to adapt to the long winter flight. They would need a lot of energy for the flight. A smaller body would have smaller muscles and less fat. But smaller bones and longer wings would make flying easier. 7) Over time, these characteristics of birds have become more common. The scientists came up with some very good ideas about why these skeletal changes might be occurring.: 4. The author said that scientists are studying the mystery of the shrinking birds. What was one thing the scientists discovered?
d. It is hard to measure birds when they are migrating
b. It’s easier to fly a long way with longer wings
c. The leg bone of some birds is getting larger
a. Birds use more energy now when they fly
Identify a discovery scientists made while investigating why some migratory birds are becoming smaller.
**Primary skill: Reading comprehension—identifying an explicitly stated finding.** The item asks the reader to recognize that scientists discovered longer wings make long-distance flight easier, as directly supported by the passage (answer **b**).
This is a low-to-moderate demand reading-comprehension item requiring recall plus a simple inference: connect longer wings with easier long-distance flight (b). Cognitive load comes from the lengthy passage, the loose use of “discovered,” and distractors that reverse a detail (“larger” leg bones) or introduce unsupported claims.
This item requires a **moderate level of reading comprehension**, as respondents must identify the passage’s finding that longer wings make long-distance flight easier while rejecting contradictory details.",0.6369576641656227,1.0474575161561817,0.7472863249391272,0.837086751898423,2.3096286450651604,1211.0,gilbert_meta_103,0.12312061715040395,0.4049112999710976,0.0954390392966608,0.31387387721096066,0.7650715046629752,0.4240208993010684,0.5583393092651558,0.30944497943893406,0.739346681045458,0.4249958373253315,0.5548663927134156,0.31895173566137297,0.8068786331524287,0.4027011482407149,0.725460247696331,0.3620664406602481,0.41042881211062676,0.3920768799521133,0.30641198674709635,0.29271106754403053,0.6242884636575827,0.41311459234386266,0.4657796925848742,0.30822352009661835,1.2387158859462577,0.4536464866366491,0.9073676437264395,0.33229907546542314
cc_q9,"1) A human is a primate. In primates, the heart sends oxygen in the blood all around the body. The body must have oxygen to function properly. The strong heart muscle contracts to pump blood all around the body. A healthy heart never rests.2) But what happens when a person’s heart gets weaker? People with weak hearts need help. Scientists have to study a medical mystery. Then they might be able to help people. 3) First, scientists need to diagnose the reasons that a human heart gets weak. They need to do tests. But sometimes it would be hard on a sick person to have tests done. So, scientists study animals that have body systems like humans. Scientists knew that the macaque monkey’s heart is similar to the human heart. So, they did tests with macaque monkeys. The scientists learned what happens when a monkey has a heart attack. After a heart attack, the monkey’s heart muscle has scar tissue where it was damaged. The scar tissue cannot contract like a strong heart muscle can. Then the monkey’s heart cannot pump enough blood to give the body the oxygen it needs. Without enough oxygen, the monkey’s body cannot function properly. 4) Second, scientists wanted to try out new solutions that would keep the heart working. Sometimes the new solutions might fail. So, scientists didn’t want to try the solutions with people right away. They tried a solution with macaque monkeys. 5) Scientists developed an idea. Then, they tested an idea. They injected human stem cells from the human heart into the monkey’s heart. After four weeks the human heart cells grew where the monkey’s scar tissue was. After three months, the monkey’s heart got stronger. 6) Now scientists are using what they found in this experiment to help humans who have had heart attacks.",8. Structure means,"1) A human is a primate. In primates, the heart sends oxygen in the blood all around the body. The body must have oxygen to function properly. The strong heart muscle contracts to pump blood all around the body. A healthy heart never rests.2) But what happens when a person’s heart gets weaker? People with weak hearts need help. Scientists have to study a medical mystery. Then they might be able to help people. 3) First, scientists need to diagnose the reasons that a human heart gets weak. They need to do tests. But sometimes it would be hard on a sick person to have tests done. So, scientists study animals that have body systems like humans. Scientists knew that the macaque monkey’s heart is similar to the human heart. So, they did tests with macaque monkeys. The scientists learned what happens when a monkey has a heart attack. After a heart attack, the monkey’s heart muscle has scar tissue where it was damaged. The scar tissue cannot contract like a strong heart muscle can. Then the monkey’s heart cannot pump enough blood to give the body the oxygen it needs. Without enough oxygen, the monkey’s body cannot function properly. 4) Second, scientists wanted to try out new solutions that would keep the heart working. Sometimes the new solutions might fail. So, scientists didn’t want to try the solutions with people right away. They tried a solution with macaque monkeys. 5) Scientists developed an idea. Then, they tested an idea. They injected human stem cells from the human heart into the monkey’s heart. After four weeks the human heart cells grew where the monkey’s scar tissue was. After three months, the monkey’s heart got stronger. 6) Now scientists are using what they found in this experiment to help humans who have had heart attacks.: 8. Structure means
b. A heart muscle that is weak
a. Someone is strict and follows rules
d. How a heart muscle gets oxygen
c. How something is put together","Original Text: 1) A human is a primate. In primates, the heart sends oxygen in the blood all around the body. The body must have oxygen to function properly. The strong heart muscle contracts to pump blood all around the body. A healthy heart never rests.2) But what happens when a person’s heart gets weaker? People with weak hearts need help. Scientists have to study a medical mystery. Then they might be able to help people. 3) First, scientists need to diagnose the reasons that a human heart gets weak. They need to do tests. But sometimes it would be hard on a sick person to have tests done. So, scientists study animals that have body systems like humans. Scientists knew that the macaque monkey’s heart is similar to the human heart. So, they did tests with macaque monkeys. The scientists learned what happens when a monkey has a heart attack. After a heart attack, the monkey’s heart muscle has scar tissue where it was damaged. The scar tissue cannot contract like a strong heart muscle can. Then the monkey’s heart cannot pump enough blood to give the body the oxygen it needs. Without enough oxygen, the monkey’s body cannot function properly. 4) Second, scientists wanted to try out new solutions that would keep the heart working. Sometimes the new solutions might fail. So, scientists didn’t want to try the solutions with people right away. They tried a solution with macaque monkeys. 5) Scientists developed an idea. Then, they tested an idea. They injected human stem cells from the human heart into the monkey’s heart. After four weeks the human heart cells grew where the monkey’s scar tissue was. After three months, the monkey’s heart got stronger. 6) Now scientists are using what they found in this experiment to help humans who have had heart attacks.: 8. Structure means
b. A heart muscle that is weak
a. Someone is strict and follows rules
d. How a heart muscle gets oxygen
c. How something is put together
This item requires defining the term ""structure"" within the context of a scientific scenario describing heart function, damage, and stem cell research using macaque monkeys.
This item measures the respondent's **vocabulary acquisition and use** within a scientific context.

**Justification:** The question requires the reader to identify the correct definition of the word ""structure"" to demonstrate an understanding of how biological components are organized, as described in the passage regarding heart anatomy and medical research.
This analysis evaluates the cognitive demand and structural complexity of the vocabulary item defining ""structure"" based on the provided text.

**Cognitive Demand**
The item requires **recall** of a general definition and **synthesis** of the passage’s description of biological systems. Since the word ""structure"" does not appear in the text, the student must independently bridge the abstract term with the passage's concrete descriptions of heart muscles and tissue organization.

**Structural and Semantic Elements**
*   **Contextual Absence:** The target word is absent from the stimulus, increasing cognitive load by preventing the use of direct context clues.
*   **Phonetic Distractor:** Option (a) (""strict"") functions as a distractor based on phonetic similarity to the stem.
*   **Topical Distractors:** Options (b) and (d) utilize passage-specific themes (heart weakness and oxygen) to mislead readers who prioritize thematic relevance over semantic accuracy.
*   **Abstract Mapping:** The item requires mapping a high-level concept (""structure"") onto specific biological functions described in the text, such as how muscles contract or how scar tissue replaces healthy tissue.
To determine the level of the latent trait required to define ""structure"" within this assessment, the following analysis is provided:

The item requires a **low to moderate level of general cognitive ability and lexical knowledge**. Because the word ""structure"" does not appear in the provided text, a respondent cannot rely on context clues and must instead possess prior vocabulary knowledge to identify the correct general definition. The task demands the ability to distinguish a formal definition (""how something is put together"") from distractors that are either contextually related to the passage's theme of heart health or represent colloquial homonyms.","Original Text: 1) A human is a primate. In primates, the heart sends oxygen in the blood all around the body. The body must have oxygen to function properly. The strong heart muscle contracts to pump blood all around the body. A healthy heart never rests.2) But what happens when a person’s heart gets weaker? People with weak hearts need help. Scientists have to study a medical mystery. Then they might be able to help people. 3) First, scientists need to diagnose the reasons that a human heart gets weak. They need to do tests. But sometimes it would be hard on a sick person to have tests done. So, scientists study animals that have body systems like humans. Scientists knew that the macaque monkey’s heart is similar to the human heart. So, they did tests with macaque monkeys. The scientists learned what happens when a monkey has a heart attack. After a heart attack, the monkey’s heart muscle has scar tissue where it was damaged. The scar tissue cannot contract like a strong heart muscle can. Then the monkey’s heart cannot pump enough blood to give the body the oxygen it needs. Without enough oxygen, the monkey’s body cannot function properly. 4) Second, scientists wanted to try out new solutions that would keep the heart working. Sometimes the new solutions might fail. So, scientists didn’t want to try the solutions with people right away. They tried a solution with macaque monkeys. 5) Scientists developed an idea. Then, they tested an idea. They injected human stem cells from the human heart into the monkey’s heart. After four weeks the human heart cells grew where the monkey’s scar tissue was. After three months, the monkey’s heart got stronger. 6) Now scientists are using what they found in this experiment to help humans who have had heart attacks.: 8. Structure means
b. A heart muscle that is weak
a. Someone is strict and follows rules
d. How a heart muscle gets oxygen
c. How something is put together
The core objective of this request is to summarize the provided text and its associated task. The item presents a scenario where scientists use macaque monkeys to study human heart attacks and test stem cell treatments, which is followed by a multiple-choice question asking the reader to identify the correct definition of the word ""structure.""
The objective of this analysis is to determine the main construct, domain, or skill evaluated by the provided text and multiple-choice question, along with a brief rationale.

**Primary Skill:** Vocabulary knowledge.

**Justification:** The multiple-choice question directly requires the reader to identify the correct definition of the word ""structure"" (option c, ""How something is put together""), assessing general word meaning rather than specific reading comprehension of the preceding scientific passage.
To analyze the cognitive demand and structural elements that influence the difficulty of this assessment item: 

This question requires direct recall of external vocabulary knowledge, as the target word (""structure"") is absent from the provided text. The cognitive load is elevated by tricky, passage-themed distractors (options ""b"" and ""d"" reference heart muscles and oxygen) designed to mislead individuals attempting to rely on the passage's context to find the answer. Additionally, the non-sequential ordering of the multiple-choice options (b, a, d, c) introduces a minor structural hurdle.
Regarding the overall level of the underlying latent trait required to successfully answer this item, a low to moderate level of cognitive ability and vocabulary knowledge is necessary. The respondent only needs foundational prior knowledge to identify the standard definition of the word ""structure"" as ""how something is put together,"" rather than relying on complex inferential reasoning from the provided text.","Original Text: 1) A human is a primate. In primates, the heart sends oxygen in the blood all around the body. The body must have oxygen to function properly. The strong heart muscle contracts to pump blood all around the body. A healthy heart never rests.2) But what happens when a person’s heart gets weaker? People with weak hearts need help. Scientists have to study a medical mystery. Then they might be able to help people. 3) First, scientists need to diagnose the reasons that a human heart gets weak. They need to do tests. But sometimes it would be hard on a sick person to have tests done. So, scientists study animals that have body systems like humans. Scientists knew that the macaque monkey’s heart is similar to the human heart. So, they did tests with macaque monkeys. The scientists learned what happens when a monkey has a heart attack. After a heart attack, the monkey’s heart muscle has scar tissue where it was damaged. The scar tissue cannot contract like a strong heart muscle can. Then the monkey’s heart cannot pump enough blood to give the body the oxygen it needs. Without enough oxygen, the monkey’s body cannot function properly. 4) Second, scientists wanted to try out new solutions that would keep the heart working. Sometimes the new solutions might fail. So, scientists didn’t want to try the solutions with people right away. They tried a solution with macaque monkeys. 5) Scientists developed an idea. Then, they tested an idea. They injected human stem cells from the human heart into the monkey’s heart. After four weeks the human heart cells grew where the monkey’s scar tissue was. After three months, the monkey’s heart got stronger. 6) Now scientists are using what they found in this experiment to help humans who have had heart attacks.: 8. Structure means
b. A heart muscle that is weak
a. Someone is strict and follows rules
d. How a heart muscle gets oxygen
c. How something is put together
The core task requires selecting the correct definition of the vocabulary word ""structure"" from a provided list of multiple-choice options following an informational passage about heart function, medical research using macaque monkeys, and stem-cell treatment for damaged heart tissue.
**Construct Measured:** Academic Vocabulary Knowledge (Reading Comprehension)

**Justification:** This assessment item evaluates a learner's ability to define the Tier 2 academic vocabulary word ""structure"" by selecting its accurate general definition (""how something is put together"") in the context of an informational science reading passage.
**Assessment of Cognitive Demand and Load-Inducing Elements**

* **Cognitive Demand Level:** The item requires basic **recall** (definitional retrieval of general academic vocabulary) rather than multi-step reasoning or text synthesis. 

* **Structural and Semantic Elements:**
  * **Thematic Distractors:** Distractors (*b* and *d*) incorporate specific terminology from the passage (""heart muscle,"" ""oxygen"") to create surface-level thematic interference for test-takers relying on topical association rather than semantic understanding.
  * **Decontextualized Prompt:** The item tests the word in isolation without directing the reader to a specific sentence in the passage, precluding the use of context clues and shifting the demand purely to prior vocabulary knowledge.
  * **Irregular Formatting:** The scrambled option labels (*b, a, d, c*) introduce minor administrative visual processing load.
To correctly identify the meaning of the word ""structure"" in this context, a respondent requires a **low to low-average level of latent verbal ability and vocabulary knowledge**, as the item evaluates a fundamental, general-use definition rather than complex contextual reasoning or advanced domain-specific knowledge.","Original Text: 1) A human is a primate. In primates, the heart sends oxygen in the blood all around the body. The body must have oxygen to function properly. The strong heart muscle contracts to pump blood all around the body. A healthy heart never rests.2) But what happens when a person’s heart gets weaker? People with weak hearts need help. Scientists have to study a medical mystery. Then they might be able to help people. 3) First, scientists need to diagnose the reasons that a human heart gets weak. They need to do tests. But sometimes it would be hard on a sick person to have tests done. So, scientists study animals that have body systems like humans. Scientists knew that the macaque monkey’s heart is similar to the human heart. So, they did tests with macaque monkeys. The scientists learned what happens when a monkey has a heart attack. After a heart attack, the monkey’s heart muscle has scar tissue where it was damaged. The scar tissue cannot contract like a strong heart muscle can. Then the monkey’s heart cannot pump enough blood to give the body the oxygen it needs. Without enough oxygen, the monkey’s body cannot function properly. 4) Second, scientists wanted to try out new solutions that would keep the heart working. Sometimes the new solutions might fail. So, scientists didn’t want to try the solutions with people right away. They tried a solution with macaque monkeys. 5) Scientists developed an idea. Then, they tested an idea. They injected human stem cells from the human heart into the monkey’s heart. After four weeks the human heart cells grew where the monkey’s scar tissue was. After three months, the monkey’s heart got stronger. 6) Now scientists are using what they found in this experiment to help humans who have had heart attacks.: 8. Structure means
b. A heart muscle that is weak
a. Someone is strict and follows rules
d. How a heart muscle gets oxygen
c. How something is put together
The item asks for the meaning of “structure” in the passage about heart research and monkey experiments; the correct choice is **c. How something is put together**.
Primary domain: reading comprehension / vocabulary in context. It is measuring understanding of the word “structure” as “how something is put together,” based on the passage’s scientific explanation.
This is a low-to-moderate demand reading-comprehension item that mainly requires recall and basic synthesis of the passage’s definition of “structure.” The correct choice is straightforward, with little need for multi-step reasoning or inference.

Structural load is low: the wording is simple, there are no tricky distractors or conditional traps, and the answer is directly supported by the text. The only mild challenge is distinguishing the abstract term from the nearby concrete heart-related details.
A low level of underlying trait is needed here: the item mainly requires basic reading comprehension and simple vocabulary knowledge, not high cognitive ability or strong symptom endorsement. The correct choice reflects understanding that “structure” means how something is put together.","Original Text: 1) A human is a primate. In primates, the heart sends oxygen in the blood all around the body. The body must have oxygen to function properly. The strong heart muscle contracts to pump blood all around the body. A healthy heart never rests.2) But what happens when a person’s heart gets weaker? People with weak hearts need help. Scientists have to study a medical mystery. Then they might be able to help people. 3) First, scientists need to diagnose the reasons that a human heart gets weak. They need to do tests. But sometimes it would be hard on a sick person to have tests done. So, scientists study animals that have body systems like humans. Scientists knew that the macaque monkey’s heart is similar to the human heart. So, they did tests with macaque monkeys. The scientists learned what happens when a monkey has a heart attack. After a heart attack, the monkey’s heart muscle has scar tissue where it was damaged. The scar tissue cannot contract like a strong heart muscle can. Then the monkey’s heart cannot pump enough blood to give the body the oxygen it needs. Without enough oxygen, the monkey’s body cannot function properly. 4) Second, scientists wanted to try out new solutions that would keep the heart working. Sometimes the new solutions might fail. So, scientists didn’t want to try the solutions with people right away. They tried a solution with macaque monkeys. 5) Scientists developed an idea. Then, they tested an idea. They injected human stem cells from the human heart into the monkey’s heart. After four weeks the human heart cells grew where the monkey’s scar tissue was. After three months, the monkey’s heart got stronger. 6) Now scientists are using what they found in this experiment to help humans who have had heart attacks.: 8. Structure means
b. A heart muscle that is weak
a. Someone is strict and follows rules
d. How a heart muscle gets oxygen
c. How something is put together
The item asks about identifying the meaning of “structure” in the passage, specifically that it means how something is put together.
Primary domain: Reading comprehension/vocabulary in scientific context.

Justification: The item asks the test-taker to infer the meaning of “structure” from the passage and choose the definition that fits the context, so it is measuring contextual vocabulary understanding rather than heart-health knowledge itself.
Core ask: assess the item’s cognitive demand and note wording/features that raise difficulty.

Moderate cognitive demand: mainly recall plus local inference. The question asks for the meaning of “structure” from context, so it requires integrating nearby explanatory sentences rather than simple fact recall, but not deep multi-step synthesis.

Load-increasing elements:
- Long, multi-paragraph passage before a single vocabulary question
- Target word appears in a scientific context, so context tracking is required
- Several plausible distractors tied to the passage topic:
  - “a heart muscle that is weak”
  - “how a heart muscle gets oxygen”
- One clearly irrelevant distractor (“someone is strict and follows rules”) tests recognition of alternate meanings
- No conditional logic or strong emotional wording; endorsement/severity threshold is not applicable since this is a cognitive item, not attitudinal/psychological.
This item appears to require a low-to-moderate level of the underlying trait—enough reading comprehension and vocabulary-in-context skill to infer that “structure” means how something is put together, rather than recalling a highly specialized scientific definition.","Original Text: 1) A human is a primate. In primates, the heart sends oxygen in the blood all around the body. The body must have oxygen to function properly. The strong heart muscle contracts to pump blood all around the body. A healthy heart never rests.2) But what happens when a person’s heart gets weaker? People with weak hearts need help. Scientists have to study a medical mystery. Then they might be able to help people. 3) First, scientists need to diagnose the reasons that a human heart gets weak. They need to do tests. But sometimes it would be hard on a sick person to have tests done. So, scientists study animals that have body systems like humans. Scientists knew that the macaque monkey’s heart is similar to the human heart. So, they did tests with macaque monkeys. The scientists learned what happens when a monkey has a heart attack. After a heart attack, the monkey’s heart muscle has scar tissue where it was damaged. The scar tissue cannot contract like a strong heart muscle can. Then the monkey’s heart cannot pump enough blood to give the body the oxygen it needs. Without enough oxygen, the monkey’s body cannot function properly. 4) Second, scientists wanted to try out new solutions that would keep the heart working. Sometimes the new solutions might fail. So, scientists didn’t want to try the solutions with people right away. They tried a solution with macaque monkeys. 5) Scientists developed an idea. Then, they tested an idea. They injected human stem cells from the human heart into the monkey’s heart. After four weeks the human heart cells grew where the monkey’s scar tissue was. After three months, the monkey’s heart got stronger. 6) Now scientists are using what they found in this experiment to help humans who have had heart attacks.: 8. Structure means
b. A heart muscle that is weak
a. Someone is strict and follows rules
d. How a heart muscle gets oxygen
c. How something is put together
Identify the meaning of “structure”; it refers to how something is put together.
This item measures **knowledge of vocabulary in context**, specifically understanding the meaning of “structure.” The correct answer is **c. How something is put together**, contrasting it with the passage’s discussion of heart function and weakness.
This is a low-demand vocabulary/meaning item requiring recall of the definition of “structure,” with minimal reasoning. The correct answer is **“How something is put together.”** Distractors are simple but include heart-related options that may create mild semantic interference; phrasing and emotional content are not demanding.
The item requires a **low level of the underlying trait**—basic reading comprehension and vocabulary. The respondent must recognize that “structure” means **how something is put together**, with minimal inference from the passage.","Original Text: 1) A human is a primate. In primates, the heart sends oxygen in the blood all around the body. The body must have oxygen to function properly. The strong heart muscle contracts to pump blood all around the body. A healthy heart never rests.2) But what happens when a person’s heart gets weaker? People with weak hearts need help. Scientists have to study a medical mystery. Then they might be able to help people. 3) First, scientists need to diagnose the reasons that a human heart gets weak. They need to do tests. But sometimes it would be hard on a sick person to have tests done. So, scientists study animals that have body systems like humans. Scientists knew that the macaque monkey’s heart is similar to the human heart. So, they did tests with macaque monkeys. The scientists learned what happens when a monkey has a heart attack. After a heart attack, the monkey’s heart muscle has scar tissue where it was damaged. The scar tissue cannot contract like a strong heart muscle can. Then the monkey’s heart cannot pump enough blood to give the body the oxygen it needs. Without enough oxygen, the monkey’s body cannot function properly. 4) Second, scientists wanted to try out new solutions that would keep the heart working. Sometimes the new solutions might fail. So, scientists didn’t want to try the solutions with people right away. They tried a solution with macaque monkeys. 5) Scientists developed an idea. Then, they tested an idea. They injected human stem cells from the human heart into the monkey’s heart. After four weeks the human heart cells grew where the monkey’s scar tissue was. After three months, the monkey’s heart got stronger. 6) Now scientists are using what they found in this experiment to help humans who have had heart attacks.: 8. Structure means
b. A heart muscle that is weak
a. Someone is strict and follows rules
d. How a heart muscle gets oxygen
c. How something is put together
Determine the meaning of “structure” in context: **how something is put together**.
**Primary skill: Vocabulary knowledge in context.** The item measures whether the reader can identify the intended meaning of **“structure”** as **how something is put together** (choice **c**) within a scientific passage.
Low cognitive demand: requires basic vocabulary recall to identify “structure” as “how something is put together,” not multi-step reasoning or synthesis. The long scientific passage is largely irrelevant and adds reading load; the nonsequential option order and loosely related heart distractors may cause minor confusion.
This item requires a **low level of the underlying reading/vocabulary ability**, as respondents only need to recognize the common meaning of “structure” as **how something is put together**.",2.105838702048678,-0.1712979826143898,-0.1829967284931247,-0.1762706048851417,0.8383910799159869,879.0,gilbert_meta_103,0.3432563406723801,0.4023795139576054,0.266080987445341,0.31191132024507706,-0.05362431736219253,0.42319825084216905,-0.03913433467766038,0.3088446212116175,-0.6317999684053971,0.45606783526353684,-0.4741545182698921,0.34227071152529603,-1.4411564744916063,0.4758672360333913,-1.2957360500043682,0.4278496774348663,0.22439916324749704,0.4234674849923771,0.1675286710049937,0.3161462099408759,-1.5984773471068339,0.5218544342521506,-1.1926190065682192,0.38935397994690746,-1.202941698494948,0.4853322255821306,-0.8811628129478898,0.35550909045988655
cc_q7,"1) A human is a primate. In primates, the heart sends oxygen in the blood all around the body. The body must have oxygen to function properly. The strong heart muscle contracts to pump blood all around the body. A healthy heart never rests.2) But what happens when a person’s heart gets weaker? People with weak hearts need help. Scientists have to study a medical mystery. Then they might be able to help people. 3) First, scientists need to diagnose the reasons that a human heart gets weak. They need to do tests. But sometimes it would be hard on a sick person to have tests done. So, scientists study animals that have body systems like humans. Scientists knew that the macaque monkey’s heart is similar to the human heart. So, they did tests with macaque monkeys. The scientists learned what happens when a monkey has a heart attack. After a heart attack, the monkey’s heart muscle has scar tissue where it was damaged. The scar tissue cannot contract like a strong heart muscle can. Then the monkey’s heart cannot pump enough blood to give the body the oxygen it needs. Without enough oxygen, the monkey’s body cannot function properly. 4) Second, scientists wanted to try out new solutions that would keep the heart working. Sometimes the new solutions might fail. So, scientists didn’t want to try the solutions with people right away. They tried a solution with macaque monkeys. 5) Scientists developed an idea. Then, they tested an idea. They injected human stem cells from the human heart into the monkey’s heart. After four weeks the human heart cells grew where the monkey’s scar tissue was. After three months, the monkey’s heart got stronger. 6) Now scientists are using what they found in this experiment to help humans who have had heart attacks.",6. A heart muscle that functions properly is,"1) A human is a primate. In primates, the heart sends oxygen in the blood all around the body. The body must have oxygen to function properly. The strong heart muscle contracts to pump blood all around the body. A healthy heart never rests.2) But what happens when a person’s heart gets weaker? People with weak hearts need help. Scientists have to study a medical mystery. Then they might be able to help people. 3) First, scientists need to diagnose the reasons that a human heart gets weak. They need to do tests. But sometimes it would be hard on a sick person to have tests done. So, scientists study animals that have body systems like humans. Scientists knew that the macaque monkey’s heart is similar to the human heart. So, they did tests with macaque monkeys. The scientists learned what happens when a monkey has a heart attack. After a heart attack, the monkey’s heart muscle has scar tissue where it was damaged. The scar tissue cannot contract like a strong heart muscle can. Then the monkey’s heart cannot pump enough blood to give the body the oxygen it needs. Without enough oxygen, the monkey’s body cannot function properly. 4) Second, scientists wanted to try out new solutions that would keep the heart working. Sometimes the new solutions might fail. So, scientists didn’t want to try the solutions with people right away. They tried a solution with macaque monkeys. 5) Scientists developed an idea. Then, they tested an idea. They injected human stem cells from the human heart into the monkey’s heart. After four weeks the human heart cells grew where the monkey’s scar tissue was. After three months, the monkey’s heart got stronger. 6) Now scientists are using what they found in this experiment to help humans who have had heart attacks.: 6. A heart muscle that functions properly is
a. not getting oxygen
c. working well
d. helping scientists
b. showing scar tissue","Original Text: 1) A human is a primate. In primates, the heart sends oxygen in the blood all around the body. The body must have oxygen to function properly. The strong heart muscle contracts to pump blood all around the body. A healthy heart never rests.2) But what happens when a person’s heart gets weaker? People with weak hearts need help. Scientists have to study a medical mystery. Then they might be able to help people. 3) First, scientists need to diagnose the reasons that a human heart gets weak. They need to do tests. But sometimes it would be hard on a sick person to have tests done. So, scientists study animals that have body systems like humans. Scientists knew that the macaque monkey’s heart is similar to the human heart. So, they did tests with macaque monkeys. The scientists learned what happens when a monkey has a heart attack. After a heart attack, the monkey’s heart muscle has scar tissue where it was damaged. The scar tissue cannot contract like a strong heart muscle can. Then the monkey’s heart cannot pump enough blood to give the body the oxygen it needs. Without enough oxygen, the monkey’s body cannot function properly. 4) Second, scientists wanted to try out new solutions that would keep the heart working. Sometimes the new solutions might fail. So, scientists didn’t want to try the solutions with people right away. They tried a solution with macaque monkeys. 5) Scientists developed an idea. Then, they tested an idea. They injected human stem cells from the human heart into the monkey’s heart. After four weeks the human heart cells grew where the monkey’s scar tissue was. After three months, the monkey’s heart got stronger. 6) Now scientists are using what they found in this experiment to help humans who have had heart attacks.: 6. A heart muscle that functions properly is
a. not getting oxygen
c. working well
d. helping scientists
b. showing scar tissue
The item asks for the identification of a characteristic of a properly functioning heart muscle within the context of a passage describing scientific research on heart repair using macaque monkeys and stem cell therapy.
This analysis identifies the primary construct measured by the question regarding the definition of a heart muscle that functions properly.

**Primary Skill:** Reading Comprehension (Literal Understanding)

**Justification:** The item requires the reader to identify the meaning of ""functions properly"" by synthesizing explicit information provided in the text, which contrasts the effective operation of a healthy heart with the failure of a heart damaged by scar tissue.
This analysis evaluates the cognitive demand and structural complexity of the item regarding heart muscle function.

**Cognitive Demand:** This item requires **recall** and basic **inference**. To identify the correct answer, the reader must map the phrase ""functions properly"" to the text's description of a healthy heart and contrast it with the described symptoms of a failing heart.

**Structural and Semantic Elements:**
*   **Synonymous Phrasing:** The item uses ""working well"" as a semantic equivalent for ""functions properly,"" requiring simple linguistic substitution.
*   **Negative-State Distractors:** Options (a) and (b) represent the inverse of the target state (scar tissue and oxygen deprivation), which increases cognitive load by requiring the student to distinguish between a condition and its opposite.
*   **Contextual Distractor:** Option (d) incorporates a narrative theme from the passage (scientific research) that is logically irrelevant to the physiological definition, testing the student's ability to isolate specific functional details from the broader story.
To correctly identify that a heart muscle functioning properly is ""working well,"" a respondent requires a low level of the underlying latent trait of cognitive ability or reading comprehension. The item necessitates basic literal comprehension and the ability to recognize a simple synonym within the provided context rather than requiring complex inference or synthesis of the text.","Original Text: 1) A human is a primate. In primates, the heart sends oxygen in the blood all around the body. The body must have oxygen to function properly. The strong heart muscle contracts to pump blood all around the body. A healthy heart never rests.2) But what happens when a person’s heart gets weaker? People with weak hearts need help. Scientists have to study a medical mystery. Then they might be able to help people. 3) First, scientists need to diagnose the reasons that a human heart gets weak. They need to do tests. But sometimes it would be hard on a sick person to have tests done. So, scientists study animals that have body systems like humans. Scientists knew that the macaque monkey’s heart is similar to the human heart. So, they did tests with macaque monkeys. The scientists learned what happens when a monkey has a heart attack. After a heart attack, the monkey’s heart muscle has scar tissue where it was damaged. The scar tissue cannot contract like a strong heart muscle can. Then the monkey’s heart cannot pump enough blood to give the body the oxygen it needs. Without enough oxygen, the monkey’s body cannot function properly. 4) Second, scientists wanted to try out new solutions that would keep the heart working. Sometimes the new solutions might fail. So, scientists didn’t want to try the solutions with people right away. They tried a solution with macaque monkeys. 5) Scientists developed an idea. Then, they tested an idea. They injected human stem cells from the human heart into the monkey’s heart. After four weeks the human heart cells grew where the monkey’s scar tissue was. After three months, the monkey’s heart got stronger. 6) Now scientists are using what they found in this experiment to help humans who have had heart attacks.: 6. A heart muscle that functions properly is
a. not getting oxygen
c. working well
d. helping scientists
b. showing scar tissue
The core task of this prompt is to summarize the scenario and question presented in the provided text. The item presents an informational scenario about scientists studying heart attacks and stem cell treatments in macaque monkeys, and tasks the reader with selecting the correct definition of a properly functioning heart muscle from four multiple-choice options.
The objective is to identify the primary construct or skill evaluated by the provided passage and question, accompanied by a brief rationale.

Primary Skill: Reading comprehension (vocabulary in context).

Justification: The item requires the reader to deduce the meaning of the phrase ""functions properly"" by using context clues from the text regarding how a healthy heart operates compared to a damaged one.
To analyze the cognitive demand and structural complexity of this reading comprehension item: 

This question requires basic recall and simple inference to match the phrase ""functions properly"" with the synonymous option ""working well."" The cognitive load is primarily driven by text-based distractors (""not getting oxygen,"" ""showing scar tissue"") that require the reader to correctly distinguish between the passage's descriptions of healthy versus damaged hearts. Structurally, the non-sequential ordering of the multiple-choice options (a, c, d, b) introduces a minor visual-tracking demand.
Regarding the overall level of the underlying latent trait (reading comprehension and cognitive ability) required for a respondent to successfully answer the item about a properly functioning heart muscle, a very low level is needed. The question primarily requires basic vocabulary recognition—specifically equating the phrase ""functions properly"" with ""working well""—rather than complex inference or deep synthesis of the provided text.","Original Text: 1) A human is a primate. In primates, the heart sends oxygen in the blood all around the body. The body must have oxygen to function properly. The strong heart muscle contracts to pump blood all around the body. A healthy heart never rests.2) But what happens when a person’s heart gets weaker? People with weak hearts need help. Scientists have to study a medical mystery. Then they might be able to help people. 3) First, scientists need to diagnose the reasons that a human heart gets weak. They need to do tests. But sometimes it would be hard on a sick person to have tests done. So, scientists study animals that have body systems like humans. Scientists knew that the macaque monkey’s heart is similar to the human heart. So, they did tests with macaque monkeys. The scientists learned what happens when a monkey has a heart attack. After a heart attack, the monkey’s heart muscle has scar tissue where it was damaged. The scar tissue cannot contract like a strong heart muscle can. Then the monkey’s heart cannot pump enough blood to give the body the oxygen it needs. Without enough oxygen, the monkey’s body cannot function properly. 4) Second, scientists wanted to try out new solutions that would keep the heart working. Sometimes the new solutions might fail. So, scientists didn’t want to try the solutions with people right away. They tried a solution with macaque monkeys. 5) Scientists developed an idea. Then, they tested an idea. They injected human stem cells from the human heart into the monkey’s heart. After four weeks the human heart cells grew where the monkey’s scar tissue was. After three months, the monkey’s heart got stronger. 6) Now scientists are using what they found in this experiment to help humans who have had heart attacks.: 6. A heart muscle that functions properly is
a. not getting oxygen
c. working well
d. helping scientists
b. showing scar tissue
The core task requires identifying the correct description of a properly functioning heart muscle based on an informational passage detailing primate heart mechanics, the effects of heart attacks, and scientific stem-cell research.
**Construct Measured:** Reading Comprehension (specifically, Vocabulary in Context).

**Justification:** The item evaluates a reader's ability to interpret and define the context-dependent phrase ""functions properly"" by synthesizing information from an informational science passage to recognize that it means ""working well.""
**Assessment of Cognitive Demand and Structural Complexity:**

* **Cognitive Demand:** Low (Basic Recall/Vocabulary Comprehension). The item requires direct retrieval and simple semantic mapping, asking the reader to equate the phrase ""functions properly"" from the text with the synonym ""working well."" It does not require multi-step reasoning or synthesis.
* **Structural and Semantic Elements:** 
  * **Sentence Structure:** Simple, direct sentence completion with minimal syntactic complexity.
  * **Distractor Plausibility:** The distractors pose very low cognitive load. Options (a) and (b) describe explicitly damaged states mentioned in the text (opposites of proper function), while option (d) is an irrelevant context association, making the correct answer readily identifiable without complex elimination strategies.
To correctly answer this item, a respondent requires a **low to foundational level of the latent trait of reading comprehension ability**. The item demands only basic vocabulary recognition and direct synonym identification (equating ""functions properly"" with ""working well"") without requiring complex inference, critical reasoning, or advanced text integration.","Original Text: 1) A human is a primate. In primates, the heart sends oxygen in the blood all around the body. The body must have oxygen to function properly. The strong heart muscle contracts to pump blood all around the body. A healthy heart never rests.2) But what happens when a person’s heart gets weaker? People with weak hearts need help. Scientists have to study a medical mystery. Then they might be able to help people. 3) First, scientists need to diagnose the reasons that a human heart gets weak. They need to do tests. But sometimes it would be hard on a sick person to have tests done. So, scientists study animals that have body systems like humans. Scientists knew that the macaque monkey’s heart is similar to the human heart. So, they did tests with macaque monkeys. The scientists learned what happens when a monkey has a heart attack. After a heart attack, the monkey’s heart muscle has scar tissue where it was damaged. The scar tissue cannot contract like a strong heart muscle can. Then the monkey’s heart cannot pump enough blood to give the body the oxygen it needs. Without enough oxygen, the monkey’s body cannot function properly. 4) Second, scientists wanted to try out new solutions that would keep the heart working. Sometimes the new solutions might fail. So, scientists didn’t want to try the solutions with people right away. They tried a solution with macaque monkeys. 5) Scientists developed an idea. Then, they tested an idea. They injected human stem cells from the human heart into the monkey’s heart. After four weeks the human heart cells grew where the monkey’s scar tissue was. After three months, the monkey’s heart got stronger. 6) Now scientists are using what they found in this experiment to help humans who have had heart attacks.: 6. A heart muscle that functions properly is
a. not getting oxygen
c. working well
d. helping scientists
b. showing scar tissue
The item asks for the correct description of a properly functioning heart muscle based on the passage’s explanation of heart health and the monkey stem-cell experiment. The answer is **c. working well**.
Primary domain: reading comprehension / science literacy. It assesses understanding of a passage’s main idea and ability to infer that a properly functioning heart muscle is working well, supported by the experiment’s explanation of heart damage and repair.
This is a low-to-moderate demand recall item with a straightforward inference from the passage. It mainly requires identifying the definition of a properly functioning heart muscle, not multi-step reasoning or synthesis.

Structural load is low: the wording is simple, the correct choice is directly supported, and the distractors are plausible but clearly mismatched (scar tissue, lack of oxygen, helping scientists). No tricky conditional logic or emotionally loaded language.
A low level of underlying trait is required; this is a straightforward comprehension item that mainly tests basic understanding of the passage and the meaning of “functions properly,” not a high level of cognitive ability.","Original Text: 1) A human is a primate. In primates, the heart sends oxygen in the blood all around the body. The body must have oxygen to function properly. The strong heart muscle contracts to pump blood all around the body. A healthy heart never rests.2) But what happens when a person’s heart gets weaker? People with weak hearts need help. Scientists have to study a medical mystery. Then they might be able to help people. 3) First, scientists need to diagnose the reasons that a human heart gets weak. They need to do tests. But sometimes it would be hard on a sick person to have tests done. So, scientists study animals that have body systems like humans. Scientists knew that the macaque monkey’s heart is similar to the human heart. So, they did tests with macaque monkeys. The scientists learned what happens when a monkey has a heart attack. After a heart attack, the monkey’s heart muscle has scar tissue where it was damaged. The scar tissue cannot contract like a strong heart muscle can. Then the monkey’s heart cannot pump enough blood to give the body the oxygen it needs. Without enough oxygen, the monkey’s body cannot function properly. 4) Second, scientists wanted to try out new solutions that would keep the heart working. Sometimes the new solutions might fail. So, scientists didn’t want to try the solutions with people right away. They tried a solution with macaque monkeys. 5) Scientists developed an idea. Then, they tested an idea. They injected human stem cells from the human heart into the monkey’s heart. After four weeks the human heart cells grew where the monkey’s scar tissue was. After three months, the monkey’s heart got stronger. 6) Now scientists are using what they found in this experiment to help humans who have had heart attacks.: 6. A heart muscle that functions properly is
a. not getting oxygen
c. working well
d. helping scientists
b. showing scar tissue
The item asks the reader to use the passage about how the heart works and how scientists study weak hearts after heart attacks to identify that a properly functioning heart muscle is one that is working well.
This item is primarily measuring reading comprehension of a science/health informational passage, specifically identifying an explicitly supported meaning (“functions properly” = “working well”). The correct answer depends on understanding the passage’s explanation of healthy heart function, not on advanced medical knowledge.
Core ask: assess the item’s cognitive demand and note wording/features that raise difficulty.

This is a low-demand cognitive item, mainly recall/basic comprehension. The correct answer is stated almost verbatim in the passage (“function properly” ≈ “working well”), so it does not require multi-step reasoning or synthesis.

Load-increasing elements:
- Long passage relative to a simple question, creating unnecessary reading load.
- Slight paraphrase matching: “functions properly” must be mapped to “working well.”
- Distractors are mostly easy/eliminable from the text:
  - “not getting oxygen” contradicts the passage,
  - “showing scar tissue” refers to damaged hearts,
  - “helping scientists” is irrelevant to heart muscle function.
- No tricky conditional logic, no strong emotional wording, and no deep inference required.
This item appears to require a relatively low to moderate level of the underlying trait—here, basic reading comprehension of explicitly stated information. A respondent only needs to identify a directly supported idea from the passage (“a strong heart muscle contracts to pump blood” and a healthy heart functions properly), so successful answering reflects straightforward literal comprehension rather than advanced inference or high ability.","Original Text: 1) A human is a primate. In primates, the heart sends oxygen in the blood all around the body. The body must have oxygen to function properly. The strong heart muscle contracts to pump blood all around the body. A healthy heart never rests.2) But what happens when a person’s heart gets weaker? People with weak hearts need help. Scientists have to study a medical mystery. Then they might be able to help people. 3) First, scientists need to diagnose the reasons that a human heart gets weak. They need to do tests. But sometimes it would be hard on a sick person to have tests done. So, scientists study animals that have body systems like humans. Scientists knew that the macaque monkey’s heart is similar to the human heart. So, they did tests with macaque monkeys. The scientists learned what happens when a monkey has a heart attack. After a heart attack, the monkey’s heart muscle has scar tissue where it was damaged. The scar tissue cannot contract like a strong heart muscle can. Then the monkey’s heart cannot pump enough blood to give the body the oxygen it needs. Without enough oxygen, the monkey’s body cannot function properly. 4) Second, scientists wanted to try out new solutions that would keep the heart working. Sometimes the new solutions might fail. So, scientists didn’t want to try the solutions with people right away. They tried a solution with macaque monkeys. 5) Scientists developed an idea. Then, they tested an idea. They injected human stem cells from the human heart into the monkey’s heart. After four weeks the human heart cells grew where the monkey’s scar tissue was. After three months, the monkey’s heart got stronger. 6) Now scientists are using what they found in this experiment to help humans who have had heart attacks.: 6. A heart muscle that functions properly is
a. not getting oxygen
c. working well
d. helping scientists
b. showing scar tissue
The item asks which description matches a properly functioning heart muscle: **working well**.
The item primarily measures **basic science knowledge and reading comprehension about normal heart function**. It requires recognizing from the passage that a properly functioning heart **works effectively to pump oxygenated blood**, making **“working well”** the correct answer.
This is a low-demand reading-comprehension item requiring recall and simple synonym matching, not multi-step reasoning or synthesis. The answer is **c. working well**. Cognitive load is minimal: the phrase “functions properly” directly matches “working well,” while distractors are passage-related but semantically inconsistent. No conditional logic, complex phrasing, or strong emotional wording is present.
This item requires a **low level of the underlying cognitive trait**: basic reading comprehension and recognition of an explicitly stated equivalent—“functions properly” means “working well.”","Original Text: 1) A human is a primate. In primates, the heart sends oxygen in the blood all around the body. The body must have oxygen to function properly. The strong heart muscle contracts to pump blood all around the body. A healthy heart never rests.2) But what happens when a person’s heart gets weaker? People with weak hearts need help. Scientists have to study a medical mystery. Then they might be able to help people. 3) First, scientists need to diagnose the reasons that a human heart gets weak. They need to do tests. But sometimes it would be hard on a sick person to have tests done. So, scientists study animals that have body systems like humans. Scientists knew that the macaque monkey’s heart is similar to the human heart. So, they did tests with macaque monkeys. The scientists learned what happens when a monkey has a heart attack. After a heart attack, the monkey’s heart muscle has scar tissue where it was damaged. The scar tissue cannot contract like a strong heart muscle can. Then the monkey’s heart cannot pump enough blood to give the body the oxygen it needs. Without enough oxygen, the monkey’s body cannot function properly. 4) Second, scientists wanted to try out new solutions that would keep the heart working. Sometimes the new solutions might fail. So, scientists didn’t want to try the solutions with people right away. They tried a solution with macaque monkeys. 5) Scientists developed an idea. Then, they tested an idea. They injected human stem cells from the human heart into the monkey’s heart. After four weeks the human heart cells grew where the monkey’s scar tissue was. After three months, the monkey’s heart got stronger. 6) Now scientists are using what they found in this experiment to help humans who have had heart attacks.: 6. A heart muscle that functions properly is
a. not getting oxygen
c. working well
d. helping scientists
b. showing scar tissue
Identify the phrase that describes a properly functioning heart muscle: **working well**.
**Construct: Reading comprehension—interpreting vocabulary in context.** The item assesses whether the reader understands that “functions properly” means **“working well” (c)** based on the passage’s description of healthy heart function.
This is a low-demand comprehension item requiring simple recall and synonym recognition: “functions properly” means “working well” (c). The passage directly supports the answer. Cognitive load is slightly increased by the long background text and oddly ordered answer choices, but distractors are weak and require no multi-step reasoning or synthesis.
This item requires a **low level of reading comprehension ability**. Respondents only need to recognize that “functions properly” means **“working well” (c)**, a direct synonym supported by the passage.",1.5810355408994414,-0.0941363740203237,-0.0661218307136916,-0.0527902663152266,0.9485789405771132,929.0,gilbert_meta_103,-2.7364824071935874,0.6540519929248216,-2.1212308550705865,0.5069995204666382,-2.4060981032210567,0.6450388073821475,-1.7559393400338985,0.47074099606104075,-2.5457274464626294,0.6572517158784436,-1.9105226834221842,0.4932555971962933,-1.3778300809696602,0.4420687361957913,-1.2387996295285175,0.39746162766317567,-2.2319456758660694,0.5751212390441258,-1.6662936145656768,0.42936566896883216,-2.842909800560745,0.658647850801097,-2.121086212603804,0.4914151251016742,-2.5746386477730177,0.6605833141339118,-1.8859399720156524,0.48388168104650825
cc_q4,"1) A human is a primate. In primates, the heart sends oxygen in the blood all around the body. The body must have oxygen to function properly. The strong heart muscle contracts to pump blood all around the body. A healthy heart never rests.2) But what happens when a person’s heart gets weaker? People with weak hearts need help. Scientists have to study a medical mystery. Then they might be able to help people. 3) First, scientists need to diagnose the reasons that a human heart gets weak. They need to do tests. But sometimes it would be hard on a sick person to have tests done. So, scientists study animals that have body systems like humans. Scientists knew that the macaque monkey’s heart is similar to the human heart. So, they did tests with macaque monkeys. The scientists learned what happens when a monkey has a heart attack. After a heart attack, the monkey’s heart muscle has scar tissue where it was damaged. The scar tissue cannot contract like a strong heart muscle can. Then the monkey’s heart cannot pump enough blood to give the body the oxygen it needs. Without enough oxygen, the monkey’s body cannot function properly. 4) Second, scientists wanted to try out new solutions that would keep the heart working. Sometimes the new solutions might fail. So, scientists didn’t want to try the solutions with people right away. They tried a solution with macaque monkeys. 5) Scientists developed an idea. Then, they tested an idea. They injected human stem cells from the human heart into the monkey’s heart. After four weeks the human heart cells grew where the monkey’s scar tissue was. After three months, the monkey’s heart got stronger. 6) Now scientists are using what they found in this experiment to help humans who have had heart attacks.",3. What medical mystery are scientists trying to study in this passage?,"1) A human is a primate. In primates, the heart sends oxygen in the blood all around the body. The body must have oxygen to function properly. The strong heart muscle contracts to pump blood all around the body. A healthy heart never rests.2) But what happens when a person’s heart gets weaker? People with weak hearts need help. Scientists have to study a medical mystery. Then they might be able to help people. 3) First, scientists need to diagnose the reasons that a human heart gets weak. They need to do tests. But sometimes it would be hard on a sick person to have tests done. So, scientists study animals that have body systems like humans. Scientists knew that the macaque monkey’s heart is similar to the human heart. So, they did tests with macaque monkeys. The scientists learned what happens when a monkey has a heart attack. After a heart attack, the monkey’s heart muscle has scar tissue where it was damaged. The scar tissue cannot contract like a strong heart muscle can. Then the monkey’s heart cannot pump enough blood to give the body the oxygen it needs. Without enough oxygen, the monkey’s body cannot function properly. 4) Second, scientists wanted to try out new solutions that would keep the heart working. Sometimes the new solutions might fail. So, scientists didn’t want to try the solutions with people right away. They tried a solution with macaque monkeys. 5) Scientists developed an idea. Then, they tested an idea. They injected human stem cells from the human heart into the monkey’s heart. After four weeks the human heart cells grew where the monkey’s scar tissue was. After three months, the monkey’s heart got stronger. 6) Now scientists are using what they found in this experiment to help humans who have had heart attacks.: 3. What medical mystery are scientists trying to study in this passage?
d. How to find macaque monkeys with weak hearts
a. How to help macaque monkeys stay strong
c. How to find scar tissue in a weak heart
b. How to help people after a heart attack","Original Text: 1) A human is a primate. In primates, the heart sends oxygen in the blood all around the body. The body must have oxygen to function properly. The strong heart muscle contracts to pump blood all around the body. A healthy heart never rests.2) But what happens when a person’s heart gets weaker? People with weak hearts need help. Scientists have to study a medical mystery. Then they might be able to help people. 3) First, scientists need to diagnose the reasons that a human heart gets weak. They need to do tests. But sometimes it would be hard on a sick person to have tests done. So, scientists study animals that have body systems like humans. Scientists knew that the macaque monkey’s heart is similar to the human heart. So, they did tests with macaque monkeys. The scientists learned what happens when a monkey has a heart attack. After a heart attack, the monkey’s heart muscle has scar tissue where it was damaged. The scar tissue cannot contract like a strong heart muscle can. Then the monkey’s heart cannot pump enough blood to give the body the oxygen it needs. Without enough oxygen, the monkey’s body cannot function properly. 4) Second, scientists wanted to try out new solutions that would keep the heart working. Sometimes the new solutions might fail. So, scientists didn’t want to try the solutions with people right away. They tried a solution with macaque monkeys. 5) Scientists developed an idea. Then, they tested an idea. They injected human stem cells from the human heart into the monkey’s heart. After four weeks the human heart cells grew where the monkey’s scar tissue was. After three months, the monkey’s heart got stronger. 6) Now scientists are using what they found in this experiment to help humans who have had heart attacks.: 3. What medical mystery are scientists trying to study in this passage?
d. How to find macaque monkeys with weak hearts
a. How to help macaque monkeys stay strong
c. How to find scar tissue in a weak heart
b. How to help people after a heart attack
This item asks to identify the primary medical mystery scientists are investigating in the provided text regarding heart health and recovery.
This analysis identifies the primary skill measured by the question regarding the medical mystery described in the text.

**Primary Skill:** Reading Comprehension (Main Idea Identification)

**Justification:** The item requires the reader to synthesize information across the passage to identify the central objective of the scientific research, distinguishing the ultimate goal (helping humans) from the specific methods used (studying monkeys).
This analysis evaluates the cognitive demand and structural complexity of the question identifying the ""medical mystery"" in the provided text.

**Cognitive Demand:**
This item requires **synthesis**. To identify the correct answer, the reader must integrate the stated goal in paragraph 2 (""help people"") with the experimental results in paragraph 6 (""help humans who have had heart attacks""), rather than relying on a single-sentence recall.

**Structural and Semantic Elements:**
*   **Plausible Distractors:** Options (a), (c), and (d) function as ""near-miss"" distractors by using high-frequency keywords from the text (macaque, scar tissue, weak hearts) to describe the *process* of the study rather than its *objective*.
*   **Goal-Method Distinction:** The item increases cognitive load by requiring the reader to distinguish between the research *subject* (monkeys) and the research *purpose* (human medical intervention).
*   **Semantic Mapping:** The term ""medical mystery"" is introduced in paragraph 2 immediately preceding the goal of helping people, requiring the reader to semantically link the ""mystery"" to the ultimate human-centric outcome.
To describe the level of the latent trait required to identify the medical mystery in the passage, this item necessitates a **low to moderate level of reading comprehension and literal information retrieval**. A respondent must possess the cognitive ability to distinguish between the primary objective of a scientific study (helping humans) and the specific methods used to achieve it (studying monkeys or scar tissue). Success requires identifying explicit textual cues in the second and sixth paragraphs that link the ""medical mystery"" directly to the goal of assisting people after heart attacks.","Original Text: 1) A human is a primate. In primates, the heart sends oxygen in the blood all around the body. The body must have oxygen to function properly. The strong heart muscle contracts to pump blood all around the body. A healthy heart never rests.2) But what happens when a person’s heart gets weaker? People with weak hearts need help. Scientists have to study a medical mystery. Then they might be able to help people. 3) First, scientists need to diagnose the reasons that a human heart gets weak. They need to do tests. But sometimes it would be hard on a sick person to have tests done. So, scientists study animals that have body systems like humans. Scientists knew that the macaque monkey’s heart is similar to the human heart. So, they did tests with macaque monkeys. The scientists learned what happens when a monkey has a heart attack. After a heart attack, the monkey’s heart muscle has scar tissue where it was damaged. The scar tissue cannot contract like a strong heart muscle can. Then the monkey’s heart cannot pump enough blood to give the body the oxygen it needs. Without enough oxygen, the monkey’s body cannot function properly. 4) Second, scientists wanted to try out new solutions that would keep the heart working. Sometimes the new solutions might fail. So, scientists didn’t want to try the solutions with people right away. They tried a solution with macaque monkeys. 5) Scientists developed an idea. Then, they tested an idea. They injected human stem cells from the human heart into the monkey’s heart. After four weeks the human heart cells grew where the monkey’s scar tissue was. After three months, the monkey’s heart got stronger. 6) Now scientists are using what they found in this experiment to help humans who have had heart attacks.: 3. What medical mystery are scientists trying to study in this passage?
d. How to find macaque monkeys with weak hearts
a. How to help macaque monkeys stay strong
c. How to find scar tissue in a weak heart
b. How to help people after a heart attack
The core task of this item is to read an informational passage about scientists using macaque monkeys to research heart damage and stem cell treatments, and then answer a multiple-choice question identifying the primary medical mystery the researchers are attempting to solve.
The core request is to classify the primary domain or skill measured by the provided passage and question, accompanied by a brief rationale.

Primary Skill: Reading comprehension (identifying the main idea).

Justification: The question requires the reader to synthesize the text to determine the overarching purpose of the scientists' research, distinguishing the primary goal (helping people after a heart attack) from the supporting details (studying macaque monkeys and scar tissue).
To analyze the cognitive demand and structural elements that increase the difficulty of this reading comprehension item: 

This question requires synthesis and multi-step reasoning. The reader must connect the vague phrase ""medical mystery"" in the second paragraph to the overarching purpose revealed across the entire passage. The cognitive load is increased by tricky distractors (options a, c, and d) that utilize prominent, surface-level details from the text—such as macaque monkeys and scar tissue—to lure readers away from the correct synthesis (option b).
To successfully identify the correct medical mystery studied in the passage, a respondent requires a low to moderate level of the underlying latent trait of reading comprehension. This level is sufficient because the correct answer is explicitly stated in the text and requires only basic synthesis of the passage's main idea rather than complex inference.","Original Text: 1) A human is a primate. In primates, the heart sends oxygen in the blood all around the body. The body must have oxygen to function properly. The strong heart muscle contracts to pump blood all around the body. A healthy heart never rests.2) But what happens when a person’s heart gets weaker? People with weak hearts need help. Scientists have to study a medical mystery. Then they might be able to help people. 3) First, scientists need to diagnose the reasons that a human heart gets weak. They need to do tests. But sometimes it would be hard on a sick person to have tests done. So, scientists study animals that have body systems like humans. Scientists knew that the macaque monkey’s heart is similar to the human heart. So, they did tests with macaque monkeys. The scientists learned what happens when a monkey has a heart attack. After a heart attack, the monkey’s heart muscle has scar tissue where it was damaged. The scar tissue cannot contract like a strong heart muscle can. Then the monkey’s heart cannot pump enough blood to give the body the oxygen it needs. Without enough oxygen, the monkey’s body cannot function properly. 4) Second, scientists wanted to try out new solutions that would keep the heart working. Sometimes the new solutions might fail. So, scientists didn’t want to try the solutions with people right away. They tried a solution with macaque monkeys. 5) Scientists developed an idea. Then, they tested an idea. They injected human stem cells from the human heart into the monkey’s heart. After four weeks the human heart cells grew where the monkey’s scar tissue was. After three months, the monkey’s heart got stronger. 6) Now scientists are using what they found in this experiment to help humans who have had heart attacks.: 3. What medical mystery are scientists trying to study in this passage?
d. How to find macaque monkeys with weak hearts
a. How to help macaque monkeys stay strong
c. How to find scar tissue in a weak heart
b. How to help people after a heart attack
This item presents an informational passage about researchers testing stem cell treatments on macaque monkeys to repair heart damage, and tasks the reader with identifying the primary medical problem scientists are investigating based on the text.
**Primary Skill Measured:** Reading Comprehension (specifically, determining the main idea/central purpose of an informational text).

**Justification:** The question evaluates a reader's ability to synthesize information across the entire passage to identify the overarching problem scientists are attempting to solve (treating humans after heart attacks), rather than misidentifying supporting experimental details involving animal testing as the central focus.
This analysis evaluates the cognitive demand and structural complexity of the provided reading comprehension item.

* **Cognitive Demand Level:** **Synthesis.** Rather than relying on simple direct recall, the item requires readers to synthesize the overarching objective introduced in paragraph 2 and resolved in paragraph 6, connecting the central purpose to the experimental narrative described throughout the text.
* **Semantic & Structural Elements Increasing Load:**
  * **Tricky Distractors:** Options (a), (c), and (d) incorporate high-frequency, salient keywords from the text (""macaque monkeys,"" ""scar tissue,"" ""weak heart""). These create interference by tempting readers to focus on the intermediate experimental subjects and mechanisms rather than the overarching research goal.
  * **Delayed Contextual Resolution:** The phrase ""medical mystery"" is introduced abstractly in paragraph 2, requiring the reader to track the narrative across multiple paragraphs (the animal model in paragraphs 3–5 to the ultimate human application in paragraph 6) to deduce the correct answer (b).
To correctly identify the central research problem addressed in the passage, a respondent requires a **low-to-moderate level of reading comprehension ability**. This task demands the basic cognitive skill to distinguish the overarching purpose of an informational text from secondary supporting details and experimental procedures, a capability typical of late-elementary reading proficiency.","Original Text: 1) A human is a primate. In primates, the heart sends oxygen in the blood all around the body. The body must have oxygen to function properly. The strong heart muscle contracts to pump blood all around the body. A healthy heart never rests.2) But what happens when a person’s heart gets weaker? People with weak hearts need help. Scientists have to study a medical mystery. Then they might be able to help people. 3) First, scientists need to diagnose the reasons that a human heart gets weak. They need to do tests. But sometimes it would be hard on a sick person to have tests done. So, scientists study animals that have body systems like humans. Scientists knew that the macaque monkey’s heart is similar to the human heart. So, they did tests with macaque monkeys. The scientists learned what happens when a monkey has a heart attack. After a heart attack, the monkey’s heart muscle has scar tissue where it was damaged. The scar tissue cannot contract like a strong heart muscle can. Then the monkey’s heart cannot pump enough blood to give the body the oxygen it needs. Without enough oxygen, the monkey’s body cannot function properly. 4) Second, scientists wanted to try out new solutions that would keep the heart working. Sometimes the new solutions might fail. So, scientists didn’t want to try the solutions with people right away. They tried a solution with macaque monkeys. 5) Scientists developed an idea. Then, they tested an idea. They injected human stem cells from the human heart into the monkey’s heart. After four weeks the human heart cells grew where the monkey’s scar tissue was. After three months, the monkey’s heart got stronger. 6) Now scientists are using what they found in this experiment to help humans who have had heart attacks.: 3. What medical mystery are scientists trying to study in this passage?
d. How to find macaque monkeys with weak hearts
a. How to help macaque monkeys stay strong
c. How to find scar tissue in a weak heart
b. How to help people after a heart attack
The passage’s core task is to identify the medical mystery scientists are studying: how to help people after a heart attack.
Primary domain: reading comprehension / science literacy. It measures the ability to identify the main research question and infer the passage’s central purpose; the correct idea is how scientists are trying to help people after a heart attack.
This is a recall-and-comprehension item with moderate reading load: it requires identifying the passage’s main research question and matching it to the stated outcome. The correct choice is not hidden by tricky distractors, but the wording includes multiple steps, repeated details, and a cause-effect chain that raises cognitive load. Endorsement does not require deep inference or strong belief, just extracting the central medical mystery: how to help people after a heart attack.
A low level of reading comprehension is sufficient; the item mainly requires basic recall of the passage’s central purpose, namely helping people after a heart attack.","Original Text: 1) A human is a primate. In primates, the heart sends oxygen in the blood all around the body. The body must have oxygen to function properly. The strong heart muscle contracts to pump blood all around the body. A healthy heart never rests.2) But what happens when a person’s heart gets weaker? People with weak hearts need help. Scientists have to study a medical mystery. Then they might be able to help people. 3) First, scientists need to diagnose the reasons that a human heart gets weak. They need to do tests. But sometimes it would be hard on a sick person to have tests done. So, scientists study animals that have body systems like humans. Scientists knew that the macaque monkey’s heart is similar to the human heart. So, they did tests with macaque monkeys. The scientists learned what happens when a monkey has a heart attack. After a heart attack, the monkey’s heart muscle has scar tissue where it was damaged. The scar tissue cannot contract like a strong heart muscle can. Then the monkey’s heart cannot pump enough blood to give the body the oxygen it needs. Without enough oxygen, the monkey’s body cannot function properly. 4) Second, scientists wanted to try out new solutions that would keep the heart working. Sometimes the new solutions might fail. So, scientists didn’t want to try the solutions with people right away. They tried a solution with macaque monkeys. 5) Scientists developed an idea. Then, they tested an idea. They injected human stem cells from the human heart into the monkey’s heart. After four weeks the human heart cells grew where the monkey’s scar tissue was. After three months, the monkey’s heart got stronger. 6) Now scientists are using what they found in this experiment to help humans who have had heart attacks.: 3. What medical mystery are scientists trying to study in this passage?
d. How to find macaque monkeys with weak hearts
a. How to help macaque monkeys stay strong
c. How to find scar tissue in a weak heart
b. How to help people after a heart attack
The item asks what medical problem scientists are investigating in the passage, specifically identifying that they are studying how to help people after a heart attack.
This item is primarily measuring reading comprehension, specifically identifying the main idea/purpose of an informational science passage. The question asks the reader to infer the central “medical mystery” scientists are studying, which is best captured by understanding that the research aims to help humans recover after heart attacks, not to focus mainly on monkeys or scar tissue alone.
Core ask: assess the item’s cognitive demand and note wording/features that raise difficulty.

This item requires multi-step reasoning, not mere recall. The reader must infer that the “medical mystery” is the broader problem scientists study across the passage—helping humans with weakened hearts after heart attacks—rather than a detail stated in one sentence.

Load/threshold-increasing features:
- Long passage with multiple stages: background on heart function, problem of weak hearts, animal-model research, stem-cell treatment, human application.
- The question asks about “medical mystery,” an abstract paraphrase rather than a repeated phrase.
- Correct answer depends on synthesizing across paragraphs, especially linking weak hearts, heart attacks, monkey experiments, and eventual human help.
- Distractors are plausible because they reuse passage details: macaque monkeys, scar tissue, weak hearts.
- Option b is broad and inferential, while other options are more concrete detail-level traps.
The core ask is the latent trait level needed to choose the correct answer for this item: it appears to require a low to moderately low level of the underlying trait, because the passage states fairly directly that scientists study weak hearts and test solutions in monkeys so they can help humans after heart attacks. Successfully answering it mainly depends on identifying the main purpose across the passage rather than making a difficult inference.","Original Text: 1) A human is a primate. In primates, the heart sends oxygen in the blood all around the body. The body must have oxygen to function properly. The strong heart muscle contracts to pump blood all around the body. A healthy heart never rests.2) But what happens when a person’s heart gets weaker? People with weak hearts need help. Scientists have to study a medical mystery. Then they might be able to help people. 3) First, scientists need to diagnose the reasons that a human heart gets weak. They need to do tests. But sometimes it would be hard on a sick person to have tests done. So, scientists study animals that have body systems like humans. Scientists knew that the macaque monkey’s heart is similar to the human heart. So, they did tests with macaque monkeys. The scientists learned what happens when a monkey has a heart attack. After a heart attack, the monkey’s heart muscle has scar tissue where it was damaged. The scar tissue cannot contract like a strong heart muscle can. Then the monkey’s heart cannot pump enough blood to give the body the oxygen it needs. Without enough oxygen, the monkey’s body cannot function properly. 4) Second, scientists wanted to try out new solutions that would keep the heart working. Sometimes the new solutions might fail. So, scientists didn’t want to try the solutions with people right away. They tried a solution with macaque monkeys. 5) Scientists developed an idea. Then, they tested an idea. They injected human stem cells from the human heart into the monkey’s heart. After four weeks the human heart cells grew where the monkey’s scar tissue was. After three months, the monkey’s heart got stronger. 6) Now scientists are using what they found in this experiment to help humans who have had heart attacks.: 3. What medical mystery are scientists trying to study in this passage?
d. How to find macaque monkeys with weak hearts
a. How to help macaque monkeys stay strong
c. How to find scar tissue in a weak heart
b. How to help people after a heart attack
Identify the medical mystery scientists are studying: how to help people recover after a heart attack.
**Primary domain:** Reading comprehension—identifying the central problem or purpose of a passage.  

**Justification:** The item asks readers to recognize that scientists are investigating how to help people whose hearts have been weakened by a heart attack; therefore, the correct answer is **b. How to help people after a heart attack**.
This is a **multi-step reading-comprehension item requiring causal reasoning and integration**, not simple recall. The respondent must connect the passage’s problem—weak hearts after heart attacks—with the scientists’ goal of developing treatments for humans, selecting **b**.

Cognitive load increases through the passage’s length, sequential “first/second/now” structure, medical vocabulary, and distractors that paraphrase intermediate details rather than the overarching purpose. No conditional logic or unusually strong emotional wording is present.
The item requires a **low-to-moderate level of cognitive ability**, primarily basic reading comprehension and the ability to identify the passage’s central medical goal: helping people recover after a heart attack.","Original Text: 1) A human is a primate. In primates, the heart sends oxygen in the blood all around the body. The body must have oxygen to function properly. The strong heart muscle contracts to pump blood all around the body. A healthy heart never rests.2) But what happens when a person’s heart gets weaker? People with weak hearts need help. Scientists have to study a medical mystery. Then they might be able to help people. 3) First, scientists need to diagnose the reasons that a human heart gets weak. They need to do tests. But sometimes it would be hard on a sick person to have tests done. So, scientists study animals that have body systems like humans. Scientists knew that the macaque monkey’s heart is similar to the human heart. So, they did tests with macaque monkeys. The scientists learned what happens when a monkey has a heart attack. After a heart attack, the monkey’s heart muscle has scar tissue where it was damaged. The scar tissue cannot contract like a strong heart muscle can. Then the monkey’s heart cannot pump enough blood to give the body the oxygen it needs. Without enough oxygen, the monkey’s body cannot function properly. 4) Second, scientists wanted to try out new solutions that would keep the heart working. Sometimes the new solutions might fail. So, scientists didn’t want to try the solutions with people right away. They tried a solution with macaque monkeys. 5) Scientists developed an idea. Then, they tested an idea. They injected human stem cells from the human heart into the monkey’s heart. After four weeks the human heart cells grew where the monkey’s scar tissue was. After three months, the monkey’s heart got stronger. 6) Now scientists are using what they found in this experiment to help humans who have had heart attacks.: 3. What medical mystery are scientists trying to study in this passage?
d. How to find macaque monkeys with weak hearts
a. How to help macaque monkeys stay strong
c. How to find scar tissue in a weak heart
b. How to help people after a heart attack
Identify the medical mystery scientists are studying: how to help people recover after a heart attack.
**Primary skill: Reading comprehension—identifying the central research problem.** The item asks readers to infer that scientists are studying how to help people recover after heart attacks, rather than recalling a minor experimental detail.
Low-to-moderate cognitive demand: requires identifying the passage’s central purpose and linking the monkey experiment to helping humans after heart attacks (b), rather than simple verbatim recall. Distractors use related details—monkeys, scar tissue, weak hearts—but are clearly narrower or incorrect. Phrasing is straightforward, with minimal conditional logic or emotional load.
This item requires a **low to moderate level of reading comprehension**, as respondents must identify the passage’s main purpose: learning how to help people after a heart attack.",1.4997528459190843,0.144563634564912,0.2643049437493677,0.3053927306350862,1.3571578958400496,1067.0,gilbert_meta_103,0.21452731988927326,0.39866012041859705,0.16629449873621346,0.30902816911779246,1.1570041547846552,0.42675487577648546,0.8443666986185198,0.3114402001830448,1.6501962587582342,0.45874613993967567,1.238442626227274,0.3442807310362178,1.0391846946063448,0.4188255210039735,0.9343253805172173,0.3765637776551314,0.8998105568487835,0.4035804629262357,0.6717675082365598,0.3012992455905094,1.2706975485806442,0.43840594048940534,0.948063512304272,0.32709331675323133,0.9411373029979099,0.4211886730907047,0.6893893480601725,0.3085235106794772
cc_q23,"1) Some birds that are here today are smaller than they were many years ago. Why is this happening? It is a mystery. How do scientists study a mystery? 2) First, scientists try to understand the bird’s skeletal and muscular systems. Those systems help birds to fly. One thing scientists know is that birds’ bones are hollow inside. So, they don’t weigh much. Birds’ skeletons weigh less than their feathers. They have also learned that a bird wing works like a human arm. Birds contract their chest muscles to make their wings flap. 3) Second, scientists try to diagnose the reasons that the birds’ bodies might have changed over time. Some scientists thought that birds’ skeletal or muscular systems might have changed. So, they studied migratory birds in North America. Migratory birds fly long distances to warmer places for the winter. 4) Third, scientists measured the physical characteristics of the birds. They measured the size of the birds’ bones. They found some of the birds’ bones were shorter than they were 40 years ago. For example, the lower leg bone of many birds is smaller. 5) Fourth, scientists measured the migratory birds’ wings. They found the birds’ wings are longer than they used to be. 6) Many scientists asked, “Why are the birds’ bones smaller than they used be. But their wings are longer?” They thought about the long distance the birds fly in winter. They thought that the birds’ bodies changed to adapt to the long winter flight. They would need a lot of energy for the flight. A smaller body would have smaller muscles and less fat. But smaller bones and longer wings would make flying easier. 7) Over time, these characteristics of birds have become more common. The scientists came up with some very good ideas about why these skeletal changes might be occurring.","10. In order to study the mystery of change in birds’ body size, what did scientists do first?","1) Some birds that are here today are smaller than they were many years ago. Why is this happening? It is a mystery. How do scientists study a mystery? 2) First, scientists try to understand the bird’s skeletal and muscular systems. Those systems help birds to fly. One thing scientists know is that birds’ bones are hollow inside. So, they don’t weigh much. Birds’ skeletons weigh less than their feathers. They have also learned that a bird wing works like a human arm. Birds contract their chest muscles to make their wings flap. 3) Second, scientists try to diagnose the reasons that the birds’ bodies might have changed over time. Some scientists thought that birds’ skeletal or muscular systems might have changed. So, they studied migratory birds in North America. Migratory birds fly long distances to warmer places for the winter. 4) Third, scientists measured the physical characteristics of the birds. They measured the size of the birds’ bones. They found some of the birds’ bones were shorter than they were 40 years ago. For example, the lower leg bone of many birds is smaller. 5) Fourth, scientists measured the migratory birds’ wings. They found the birds’ wings are longer than they used to be. 6) Many scientists asked, “Why are the birds’ bones smaller than they used be. But their wings are longer?” They thought about the long distance the birds fly in winter. They thought that the birds’ bodies changed to adapt to the long winter flight. They would need a lot of energy for the flight. A smaller body would have smaller muscles and less fat. But smaller bones and longer wings would make flying easier. 7) Over time, these characteristics of birds have become more common. The scientists came up with some very good ideas about why these skeletal changes might be occurring.: 10. In order to study the mystery of change in birds’ body size, what did scientists do first?
b. Scientists flew to North America
d. Scientists studied the environment that birds live in
a. Scientists focused on the birds’ skeletal system
c. Scientists examined the human muscular system","Original Text: 1) Some birds that are here today are smaller than they were many years ago. Why is this happening? It is a mystery. How do scientists study a mystery? 2) First, scientists try to understand the bird’s skeletal and muscular systems. Those systems help birds to fly. One thing scientists know is that birds’ bones are hollow inside. So, they don’t weigh much. Birds’ skeletons weigh less than their feathers. They have also learned that a bird wing works like a human arm. Birds contract their chest muscles to make their wings flap. 3) Second, scientists try to diagnose the reasons that the birds’ bodies might have changed over time. Some scientists thought that birds’ skeletal or muscular systems might have changed. So, they studied migratory birds in North America. Migratory birds fly long distances to warmer places for the winter. 4) Third, scientists measured the physical characteristics of the birds. They measured the size of the birds’ bones. They found some of the birds’ bones were shorter than they were 40 years ago. For example, the lower leg bone of many birds is smaller. 5) Fourth, scientists measured the migratory birds’ wings. They found the birds’ wings are longer than they used to be. 6) Many scientists asked, “Why are the birds’ bones smaller than they used be. But their wings are longer?” They thought about the long distance the birds fly in winter. They thought that the birds’ bodies changed to adapt to the long winter flight. They would need a lot of energy for the flight. A smaller body would have smaller muscles and less fat. But smaller bones and longer wings would make flying easier. 7) Over time, these characteristics of birds have become more common. The scientists came up with some very good ideas about why these skeletal changes might be occurring.: 10. In order to study the mystery of change in birds’ body size, what did scientists do first?
b. Scientists flew to North America
d. Scientists studied the environment that birds live in
a. Scientists focused on the birds’ skeletal system
c. Scientists examined the human muscular system
The core task of this item is to identify the initial step scientists took to investigate the mystery of decreasing bird body size based on the provided text.
**Core Idea:** This item assesses the ability to identify the chronological sequence of events as presented in a text.

**Primary Skill:** Reading Comprehension (Literal Information Retrieval).

**Justification:** The item requires the respondent to locate and extract a specific detail explicitly stated in the second paragraph to determine the first action taken by scientists in their investigation.
This analysis evaluates the cognitive demand and structural complexity of Question 10 regarding the sequence of scientific actions taken to study changes in bird body size.

**Cognitive Demand**
This is a **recall** and **literal comprehension** item. It requires the reader to locate a specific sequence marker (""First"") within the text to identify the initial step of the process. It does not require synthesis or multi-step reasoning, as the answer is explicitly stated in the second paragraph.

**Structural and Semantic Elements**
*   **Ordinal Sequencing:** The use of explicit transitions (First, Second, Third, Fourth) reduces cognitive load by providing a clear roadmap for information retrieval.
*   **Semantic Distractors:** Options (b) and (c) function as ""near-miss"" distractors by using terminology found elsewhere in the text (North America, human arm/muscles) to test for precision versus general familiarity.
*   **Literal Matching:** The phrasing of the correct option (""skeletal system"") directly mirrors the language in the text (""skeletal and muscular systems""), lowering the threshold for endorsement for readers who can match keywords.
To describe the level of the underlying latent trait required to answer Item 10, this task demands a **low to moderate level of reading comprehension**. The respondent must utilize literal retrieval skills to locate explicitly stated information within a sequenced text. Because the passage uses clear organizational markers (e.g., ""First,"" ""Second"") and the correct answer (""skeletal system"") directly mirrors the language in the second paragraph, the item requires basic information-matching abilities rather than high-level inference, synthesis, or abstract reasoning.","Original Text: 1) Some birds that are here today are smaller than they were many years ago. Why is this happening? It is a mystery. How do scientists study a mystery? 2) First, scientists try to understand the bird’s skeletal and muscular systems. Those systems help birds to fly. One thing scientists know is that birds’ bones are hollow inside. So, they don’t weigh much. Birds’ skeletons weigh less than their feathers. They have also learned that a bird wing works like a human arm. Birds contract their chest muscles to make their wings flap. 3) Second, scientists try to diagnose the reasons that the birds’ bodies might have changed over time. Some scientists thought that birds’ skeletal or muscular systems might have changed. So, they studied migratory birds in North America. Migratory birds fly long distances to warmer places for the winter. 4) Third, scientists measured the physical characteristics of the birds. They measured the size of the birds’ bones. They found some of the birds’ bones were shorter than they were 40 years ago. For example, the lower leg bone of many birds is smaller. 5) Fourth, scientists measured the migratory birds’ wings. They found the birds’ wings are longer than they used to be. 6) Many scientists asked, “Why are the birds’ bones smaller than they used be. But their wings are longer?” They thought about the long distance the birds fly in winter. They thought that the birds’ bodies changed to adapt to the long winter flight. They would need a lot of energy for the flight. A smaller body would have smaller muscles and less fat. But smaller bones and longer wings would make flying easier. 7) Over time, these characteristics of birds have become more common. The scientists came up with some very good ideas about why these skeletal changes might be occurring.: 10. In order to study the mystery of change in birds’ body size, what did scientists do first?
b. Scientists flew to North America
d. Scientists studied the environment that birds live in
a. Scientists focused on the birds’ skeletal system
c. Scientists examined the human muscular system
Providing a summary of the core task and scenario presented: The item is a reading comprehension task that requires the reader to use a provided informational text about avian anatomy to identify the initial step scientists took to investigate the mystery of changing bird body sizes from four multiple-choice options.
In determining the primary skill this text and question set attempts to measure along with a brief rationale:

**Primary Skill:** Reading comprehension (explicit detail retrieval). 

**Justification:** The item requires the reader to locate and extract a literal fact directly stated in the second paragraph of the passage to answer the question.
In analyzing the cognitive demand and structural complexity of the reading comprehension question regarding how scientists investigated changes in bird body size, this item primarily requires simple recall and literal comprehension. 

The cognitive load is low because the text explicitly uses ordinal sequencing (""First,"" ""Second,"" ""Third"") that directly mirrors the phrasing of the prompt, allowing the reader to easily locate the answer in the second paragraph. The primary structural element that slightly increases the threshold for a correct response is the use of a tricky distractor (Option c); it substitutes ""human muscular system"" for the bird's system, exploiting a brief analogy made in the text to penalize inattentive reading.
The level of the underlying latent trait of reading comprehension required to successfully answer the item asking what scientists did first to study the mystery of birds' changing body size is low, as it necessitates only basic, literal information retrieval directly from the provided text.","Original Text: 1) Some birds that are here today are smaller than they were many years ago. Why is this happening? It is a mystery. How do scientists study a mystery? 2) First, scientists try to understand the bird’s skeletal and muscular systems. Those systems help birds to fly. One thing scientists know is that birds’ bones are hollow inside. So, they don’t weigh much. Birds’ skeletons weigh less than their feathers. They have also learned that a bird wing works like a human arm. Birds contract their chest muscles to make their wings flap. 3) Second, scientists try to diagnose the reasons that the birds’ bodies might have changed over time. Some scientists thought that birds’ skeletal or muscular systems might have changed. So, they studied migratory birds in North America. Migratory birds fly long distances to warmer places for the winter. 4) Third, scientists measured the physical characteristics of the birds. They measured the size of the birds’ bones. They found some of the birds’ bones were shorter than they were 40 years ago. For example, the lower leg bone of many birds is smaller. 5) Fourth, scientists measured the migratory birds’ wings. They found the birds’ wings are longer than they used to be. 6) Many scientists asked, “Why are the birds’ bones smaller than they used be. But their wings are longer?” They thought about the long distance the birds fly in winter. They thought that the birds’ bodies changed to adapt to the long winter flight. They would need a lot of energy for the flight. A smaller body would have smaller muscles and less fat. But smaller bones and longer wings would make flying easier. 7) Over time, these characteristics of birds have become more common. The scientists came up with some very good ideas about why these skeletal changes might be occurring.: 10. In order to study the mystery of change in birds’ body size, what did scientists do first?
b. Scientists flew to North America
d. Scientists studied the environment that birds live in
a. Scientists focused on the birds’ skeletal system
c. Scientists examined the human muscular system
The core task is a multiple-choice reading comprehension question requiring the reader to identify the initial step scientists took to investigate the reduction in bird body size, based on the chronological sequence of events described in the passage.
**Target Measured:** Reading Comprehension (Explicit Detail Retrieval and Sequential Understanding).

**Core Evaluation:** The item evaluates a reader's ability to locate, extract, and sequence explicit factual information from an informational text. 

**Justification:** The question directly requires the reader to identify the initial step in a chronological scientific process by referencing paragraph 2, which explicitly states that scientists first sought to understand the bird's skeletal and muscular systems.
**Cognitive Demand Evaluation:**
This item assesses direct, explicit recall and literal text retrieval rather than multi-step reasoning or synthesis. 

**Elements Influencing Cognitive Load:**
* **Explicit Structural Signposting:** Cognitive load is low because the prompt directly corresponds to the ordinal marker *""First""* in Paragraph 2, allowing for simple chronological matching.
* **Surface-Feature Distractors:** Difficulty is mildly elevated through semantic overlap in the incorrect options, which misattribute textual details (e.g., misconstruing the comparative mention of human arms as examining the *""human muscular system,""* or interpreting the study of North American migratory birds as scientists physically flying there).
To successfully answer this question, a respondent requires a **low to basic level of the underlying latent trait of cognitive reading ability**. The item measures direct literal retrieval, requiring only basic scanning skills to match the explicit sequential signpost (""First"") and text in the passage to the corresponding answer choice, without demanding inferential reasoning or complex synthesis.","Original Text: 1) Some birds that are here today are smaller than they were many years ago. Why is this happening? It is a mystery. How do scientists study a mystery? 2) First, scientists try to understand the bird’s skeletal and muscular systems. Those systems help birds to fly. One thing scientists know is that birds’ bones are hollow inside. So, they don’t weigh much. Birds’ skeletons weigh less than their feathers. They have also learned that a bird wing works like a human arm. Birds contract their chest muscles to make their wings flap. 3) Second, scientists try to diagnose the reasons that the birds’ bodies might have changed over time. Some scientists thought that birds’ skeletal or muscular systems might have changed. So, they studied migratory birds in North America. Migratory birds fly long distances to warmer places for the winter. 4) Third, scientists measured the physical characteristics of the birds. They measured the size of the birds’ bones. They found some of the birds’ bones were shorter than they were 40 years ago. For example, the lower leg bone of many birds is smaller. 5) Fourth, scientists measured the migratory birds’ wings. They found the birds’ wings are longer than they used to be. 6) Many scientists asked, “Why are the birds’ bones smaller than they used be. But their wings are longer?” They thought about the long distance the birds fly in winter. They thought that the birds’ bodies changed to adapt to the long winter flight. They would need a lot of energy for the flight. A smaller body would have smaller muscles and less fat. But smaller bones and longer wings would make flying easier. 7) Over time, these characteristics of birds have become more common. The scientists came up with some very good ideas about why these skeletal changes might be occurring.: 10. In order to study the mystery of change in birds’ body size, what did scientists do first?
b. Scientists flew to North America
d. Scientists studied the environment that birds live in
a. Scientists focused on the birds’ skeletal system
c. Scientists examined the human muscular system
The item asks what scientists did first to investigate why some birds have become smaller over time. The correct choice is: **a. Scientists focused on the birds’ skeletal system**
Primary domain: reading comprehension in science, specifically identifying the first step in a scientific investigation. The item measures the ability to extract the stated sequence of actions from an informational passage; the correct choice is that scientists first focused on the birds’ skeletal system.
This is a straightforward recall item with light inference: it asks for the first step scientists took, based on the passage. The correct choice is signaled directly by the sequence marker “First,” so the cognitive load is low. The distractors are simple but include one plausible-sounding alternative and one irrelevant option, with no tricky conditional logic or emotionally loaded wording.
A moderate reading-comprehension and inference level is needed: the respondent must identify that scientists first examined the birds’ skeletal system, not rely on surface wording alone.","Original Text: 1) Some birds that are here today are smaller than they were many years ago. Why is this happening? It is a mystery. How do scientists study a mystery? 2) First, scientists try to understand the bird’s skeletal and muscular systems. Those systems help birds to fly. One thing scientists know is that birds’ bones are hollow inside. So, they don’t weigh much. Birds’ skeletons weigh less than their feathers. They have also learned that a bird wing works like a human arm. Birds contract their chest muscles to make their wings flap. 3) Second, scientists try to diagnose the reasons that the birds’ bodies might have changed over time. Some scientists thought that birds’ skeletal or muscular systems might have changed. So, they studied migratory birds in North America. Migratory birds fly long distances to warmer places for the winter. 4) Third, scientists measured the physical characteristics of the birds. They measured the size of the birds’ bones. They found some of the birds’ bones were shorter than they were 40 years ago. For example, the lower leg bone of many birds is smaller. 5) Fourth, scientists measured the migratory birds’ wings. They found the birds’ wings are longer than they used to be. 6) Many scientists asked, “Why are the birds’ bones smaller than they used be. But their wings are longer?” They thought about the long distance the birds fly in winter. They thought that the birds’ bodies changed to adapt to the long winter flight. They would need a lot of energy for the flight. A smaller body would have smaller muscles and less fat. But smaller bones and longer wings would make flying easier. 7) Over time, these characteristics of birds have become more common. The scientists came up with some very good ideas about why these skeletal changes might be occurring.: 10. In order to study the mystery of change in birds’ body size, what did scientists do first?
b. Scientists flew to North America
d. Scientists studied the environment that birds live in
a. Scientists focused on the birds’ skeletal system
c. Scientists examined the human muscular system
The item asks what scientists did first when investigating why some birds have become smaller over time; the correct idea is that they first focused on studying the birds’ skeletal and muscular systems, especially the skeletal system.
This item is primarily measuring reading comprehension of scientific procedure/sequencing. The question asks the reader to identify the first step scientists took, which requires locating and interpreting the passage’s ordered explanation (“First, scientists try to understand the bird’s skeletal and muscular systems”).
Core ask: assess the item’s cognitive demand and note wording/structure that raises difficulty.

This is a low-to-moderate cognitive-demand reading-comprehension item. It mainly requires recall/localization of explicitly stated sequence information (“First, scientists try to understand the bird’s skeletal and muscular systems”), with slight distractor filtering rather than multi-step reasoning or synthesis.

Load-increasing elements:
- Long multi-paragraph passage creates memory/search burden.
- Sequencing cue (“first”) is crucial; test-taker must track procedural order.
- Distractors are semantically related to the passage, especially:
  - “flew to North America” echoes migratory birds in North America.
  - “studied the environment” is plausible but unstated.
  - “human muscular system” distorts the comparison to a human arm.
- The question stem uses paraphrase (“study the mystery of change in birds’ body size”) rather than repeating the exact sentence, adding mild interpretation demand.

No severe endorsement threshold applies; this is a cognitive item, not an attitudinal/psychological one.
This item appears to require a low-to-moderate level of the underlying latent trait: a respondent mainly needs basic reading comprehension and the ability to identify an explicitly stated first step in a sequence. Successful answering depends more on locating and recalling directly presented information than on deep inference or advanced reasoning.","Original Text: 1) Some birds that are here today are smaller than they were many years ago. Why is this happening? It is a mystery. How do scientists study a mystery? 2) First, scientists try to understand the bird’s skeletal and muscular systems. Those systems help birds to fly. One thing scientists know is that birds’ bones are hollow inside. So, they don’t weigh much. Birds’ skeletons weigh less than their feathers. They have also learned that a bird wing works like a human arm. Birds contract their chest muscles to make their wings flap. 3) Second, scientists try to diagnose the reasons that the birds’ bodies might have changed over time. Some scientists thought that birds’ skeletal or muscular systems might have changed. So, they studied migratory birds in North America. Migratory birds fly long distances to warmer places for the winter. 4) Third, scientists measured the physical characteristics of the birds. They measured the size of the birds’ bones. They found some of the birds’ bones were shorter than they were 40 years ago. For example, the lower leg bone of many birds is smaller. 5) Fourth, scientists measured the migratory birds’ wings. They found the birds’ wings are longer than they used to be. 6) Many scientists asked, “Why are the birds’ bones smaller than they used be. But their wings are longer?” They thought about the long distance the birds fly in winter. They thought that the birds’ bodies changed to adapt to the long winter flight. They would need a lot of energy for the flight. A smaller body would have smaller muscles and less fat. But smaller bones and longer wings would make flying easier. 7) Over time, these characteristics of birds have become more common. The scientists came up with some very good ideas about why these skeletal changes might be occurring.: 10. In order to study the mystery of change in birds’ body size, what did scientists do first?
b. Scientists flew to North America
d. Scientists studied the environment that birds live in
a. Scientists focused on the birds’ skeletal system
c. Scientists examined the human muscular system
Identify what scientists did first to investigate changes in birds’ body size: they focused on the birds’ skeletal system (a).
**Primary skill:** Reading comprehension—identifying the first step in a scientific investigation.  

**Justification:** The item requires recalling that scientists initially studied the birds’ skeletal and muscular systems, with the correct choice focusing on the skeletal system.
This is a **low-to-moderate recall/comprehension item**: it requires identifying the **first step** in a described sequence, not multi-step reasoning or synthesis. The correct answer is **a. Scientists focused on the birds’ skeletal system**.

Cognitive load is increased slightly by:
- Sequencing language: **“what did scientists do first?”**
- Several plausible distractors drawn from later or related details: North America, the environment, and the human muscular system.
- Minor wording mismatch: the passage says scientists studied **skeletal and muscular systems**, while the answer names only the skeletal system.
This item requires a **low-to-moderate level of cognitive ability**, primarily basic reading comprehension, sequencing, and recall. The respondent must identify that scientists first focused on the birds’ skeletal system; no advanced scientific reasoning is required.","Original Text: 1) Some birds that are here today are smaller than they were many years ago. Why is this happening? It is a mystery. How do scientists study a mystery? 2) First, scientists try to understand the bird’s skeletal and muscular systems. Those systems help birds to fly. One thing scientists know is that birds’ bones are hollow inside. So, they don’t weigh much. Birds’ skeletons weigh less than their feathers. They have also learned that a bird wing works like a human arm. Birds contract their chest muscles to make their wings flap. 3) Second, scientists try to diagnose the reasons that the birds’ bodies might have changed over time. Some scientists thought that birds’ skeletal or muscular systems might have changed. So, they studied migratory birds in North America. Migratory birds fly long distances to warmer places for the winter. 4) Third, scientists measured the physical characteristics of the birds. They measured the size of the birds’ bones. They found some of the birds’ bones were shorter than they were 40 years ago. For example, the lower leg bone of many birds is smaller. 5) Fourth, scientists measured the migratory birds’ wings. They found the birds’ wings are longer than they used to be. 6) Many scientists asked, “Why are the birds’ bones smaller than they used be. But their wings are longer?” They thought about the long distance the birds fly in winter. They thought that the birds’ bodies changed to adapt to the long winter flight. They would need a lot of energy for the flight. A smaller body would have smaller muscles and less fat. But smaller bones and longer wings would make flying easier. 7) Over time, these characteristics of birds have become more common. The scientists came up with some very good ideas about why these skeletal changes might be occurring.: 10. In order to study the mystery of change in birds’ body size, what did scientists do first?
b. Scientists flew to North America
d. Scientists studied the environment that birds live in
a. Scientists focused on the birds’ skeletal system
c. Scientists examined the human muscular system
Identify the first step scientists took to investigate changes in birds’ body size: studying the birds’ skeletal system.
**Primary skill: Reading comprehension—identifying sequence and explicitly stated details.** The item asks students to recognize the first step scientists took in the passage: focusing on birds’ skeletal system (answer **a**).
This is a low-demand recall item. It requires locating the explicitly sequenced “First” step and matching it to option **a**. Cognitive load is slightly increased by the long passage, references to both skeletal and muscular systems, and plausible distractors involving North America and the environment, but no multi-step reasoning or synthesis is needed.
This item requires a **low level of the underlying reading-comprehension trait**. Respondents only need to locate the explicitly stated first step—studying birds’ skeletal and muscular systems—and select **“Scientists focused on the birds’ skeletal system.”**",1.8511527114026076,-0.2797501179449339,-0.356184784602666,-0.3592838214744145,0.6981761658394622,776.0,gilbert_meta_103,-1.8326887711496767,0.5452690223608428,-1.4206398546121088,0.42267455164537043,-2.040635870700439,0.6408902532688698,-1.4892297197900348,0.46771343481488387,-1.4256872805342846,0.5106826617271849,-1.0699526741215195,0.38325815696253385,0.6689544350089192,0.3915662787706467,0.6014533415305483,0.352055139292331,-0.5143984838692495,0.4032876101429013,-0.38403215556803255,0.30108061180916146,0.38173431378092354,0.39453965565085714,0.284810791281097,0.29436481725921165,-1.4195842065116624,0.5004277210647285,-1.0398548942074668,0.36656664152734925
cc_q5,"1) A human is a primate. In primates, the heart sends oxygen in the blood all around the body. The body must have oxygen to function properly. The strong heart muscle contracts to pump blood all around the body. A healthy heart never rests.2) But what happens when a person’s heart gets weaker? People with weak hearts need help. Scientists have to study a medical mystery. Then they might be able to help people. 3) First, scientists need to diagnose the reasons that a human heart gets weak. They need to do tests. But sometimes it would be hard on a sick person to have tests done. So, scientists study animals that have body systems like humans. Scientists knew that the macaque monkey’s heart is similar to the human heart. So, they did tests with macaque monkeys. The scientists learned what happens when a monkey has a heart attack. After a heart attack, the monkey’s heart muscle has scar tissue where it was damaged. The scar tissue cannot contract like a strong heart muscle can. Then the monkey’s heart cannot pump enough blood to give the body the oxygen it needs. Without enough oxygen, the monkey’s body cannot function properly. 4) Second, scientists wanted to try out new solutions that would keep the heart working. Sometimes the new solutions might fail. So, scientists didn’t want to try the solutions with people right away. They tried a solution with macaque monkeys. 5) Scientists developed an idea. Then, they tested an idea. They injected human stem cells from the human heart into the monkey’s heart. After four weeks the human heart cells grew where the monkey’s scar tissue was. After three months, the monkey’s heart got stronger. 6) Now scientists are using what they found in this experiment to help humans who have had heart attacks.",4. Why do scientists study monkey hearts?,"1) A human is a primate. In primates, the heart sends oxygen in the blood all around the body. The body must have oxygen to function properly. The strong heart muscle contracts to pump blood all around the body. A healthy heart never rests.2) But what happens when a person’s heart gets weaker? People with weak hearts need help. Scientists have to study a medical mystery. Then they might be able to help people. 3) First, scientists need to diagnose the reasons that a human heart gets weak. They need to do tests. But sometimes it would be hard on a sick person to have tests done. So, scientists study animals that have body systems like humans. Scientists knew that the macaque monkey’s heart is similar to the human heart. So, they did tests with macaque monkeys. The scientists learned what happens when a monkey has a heart attack. After a heart attack, the monkey’s heart muscle has scar tissue where it was damaged. The scar tissue cannot contract like a strong heart muscle can. Then the monkey’s heart cannot pump enough blood to give the body the oxygen it needs. Without enough oxygen, the monkey’s body cannot function properly. 4) Second, scientists wanted to try out new solutions that would keep the heart working. Sometimes the new solutions might fail. So, scientists didn’t want to try the solutions with people right away. They tried a solution with macaque monkeys. 5) Scientists developed an idea. Then, they tested an idea. They injected human stem cells from the human heart into the monkey’s heart. After four weeks the human heart cells grew where the monkey’s scar tissue was. After three months, the monkey’s heart got stronger. 6) Now scientists are using what they found in this experiment to help humans who have had heart attacks.: 4. Why do scientists study monkey hearts?
d. Because they want to diagnose monkey problems
b. Because they want to cover up scars
a. Because they want to help humans who have heart attacks
c. Because they want to provide a home for monkeys","Original Text: 1) A human is a primate. In primates, the heart sends oxygen in the blood all around the body. The body must have oxygen to function properly. The strong heart muscle contracts to pump blood all around the body. A healthy heart never rests.2) But what happens when a person’s heart gets weaker? People with weak hearts need help. Scientists have to study a medical mystery. Then they might be able to help people. 3) First, scientists need to diagnose the reasons that a human heart gets weak. They need to do tests. But sometimes it would be hard on a sick person to have tests done. So, scientists study animals that have body systems like humans. Scientists knew that the macaque monkey’s heart is similar to the human heart. So, they did tests with macaque monkeys. The scientists learned what happens when a monkey has a heart attack. After a heart attack, the monkey’s heart muscle has scar tissue where it was damaged. The scar tissue cannot contract like a strong heart muscle can. Then the monkey’s heart cannot pump enough blood to give the body the oxygen it needs. Without enough oxygen, the monkey’s body cannot function properly. 4) Second, scientists wanted to try out new solutions that would keep the heart working. Sometimes the new solutions might fail. So, scientists didn’t want to try the solutions with people right away. They tried a solution with macaque monkeys. 5) Scientists developed an idea. Then, they tested an idea. They injected human stem cells from the human heart into the monkey’s heart. After four weeks the human heart cells grew where the monkey’s scar tissue was. After three months, the monkey’s heart got stronger. 6) Now scientists are using what they found in this experiment to help humans who have had heart attacks.: 4. Why do scientists study monkey hearts?
d. Because they want to diagnose monkey problems
b. Because they want to cover up scars
a. Because they want to help humans who have heart attacks
c. Because they want to provide a home for monkeys
The core task is to identify the reason scientists study monkey hearts, which is to develop medical treatments and solutions for humans who have suffered heart attacks.
This item measures the **Reading Comprehension** skill, specifically the ability to identify **causal relationships and authorial purpose** within a scientific text.

**Justification:** To answer why scientists study monkey hearts, the reader must synthesize information across multiple paragraphs to recognize that the monkeys serve as a biological model for human heart disease, ultimately linking the experimental process to the goal of human medical treatment.
This analysis evaluates the cognitive demand and structural complexity of the question regarding why scientists study monkey hearts.

**Cognitive Demand**
This item requires **multi-step reasoning** and **synthesis**. To identify the correct answer, the reader must connect the ethical constraints of testing on sick humans (Section 3) with the biological similarities between species and the ultimate goal of applying findings to human medical treatment (Section 6). It moves beyond simple recall by requiring the reader to distinguish between the immediate subject of the experiment and its primary objective.

**Structural and Semantic Elements**
*   **Plausible Distractors:** Option (d) functions as a ""near-miss"" distractor by using a verb from the text (""diagnose"") associated with monkeys, requiring the reader to differentiate between the *method* (studying monkeys) and the *purpose* (helping humans).
*   **Literal Phrasing:** Option (b) uses a ""word-match"" trap, utilizing the keyword ""scars"" from the text but misrepresenting the biological intent of the stem cell treatment.
*   **Global Synthesis:** The correct answer is not found in a single sentence but must be synthesized from the introductory premise and the concluding application of the experiment.
To determine the level of the underlying latent trait required to correctly identify why scientists study monkey hearts, this item requires a **low to moderate level of cognitive ability**. The correct answer is explicitly stated in the final sentence of the passage, necessitating basic literal comprehension and the ability to connect the experimental process described to its stated ultimate goal.","Original Text: 1) A human is a primate. In primates, the heart sends oxygen in the blood all around the body. The body must have oxygen to function properly. The strong heart muscle contracts to pump blood all around the body. A healthy heart never rests.2) But what happens when a person’s heart gets weaker? People with weak hearts need help. Scientists have to study a medical mystery. Then they might be able to help people. 3) First, scientists need to diagnose the reasons that a human heart gets weak. They need to do tests. But sometimes it would be hard on a sick person to have tests done. So, scientists study animals that have body systems like humans. Scientists knew that the macaque monkey’s heart is similar to the human heart. So, they did tests with macaque monkeys. The scientists learned what happens when a monkey has a heart attack. After a heart attack, the monkey’s heart muscle has scar tissue where it was damaged. The scar tissue cannot contract like a strong heart muscle can. Then the monkey’s heart cannot pump enough blood to give the body the oxygen it needs. Without enough oxygen, the monkey’s body cannot function properly. 4) Second, scientists wanted to try out new solutions that would keep the heart working. Sometimes the new solutions might fail. So, scientists didn’t want to try the solutions with people right away. They tried a solution with macaque monkeys. 5) Scientists developed an idea. Then, they tested an idea. They injected human stem cells from the human heart into the monkey’s heart. After four weeks the human heart cells grew where the monkey’s scar tissue was. After three months, the monkey’s heart got stronger. 6) Now scientists are using what they found in this experiment to help humans who have had heart attacks.: 4. Why do scientists study monkey hearts?
d. Because they want to diagnose monkey problems
b. Because they want to cover up scars
a. Because they want to help humans who have heart attacks
c. Because they want to provide a home for monkeys
The core task of this item is to read an informational passage about medical research and answer a multiple-choice question identifying the primary reason scientists study monkey hearts.
The purpose of this analysis is to identify the primary skill or construct measured by the provided passage and question, accompanied by a concise justification.

Primary Skill: Reading comprehension (specifically, literal comprehension and identifying explicit cause-and-effect).

Justification: The question requires the reader to locate and synthesize explicitly stated information within the text to determine the scientists' underlying motivation for conducting animal research to solve a human medical problem.
To analyze the cognitive demand, reasoning level, and structural elements affecting the difficulty of this reading comprehension item:

This cognitive item requires synthesis and multi-step reasoning. The reader must integrate information distributed across paragraphs 2, 3, and 6 to connect the initial problem (human heart failure) with the methodology (testing on monkeys) and the ultimate goal (helping humans). 

Structurally, the cognitive load is increased by the spatial separation of these supporting details within the passage. However, the threshold for endorsement is kept relatively low because the distractors (b, c, and d) are simplistic, literal misinterpretations lacking complex phrasing, tricky conditional logic, or strong emotional wording.
To successfully answer this item, the overall level of the underlying latent trait—specifically reading comprehension—required by a respondent is low. The correct answer is explicitly stated in the text, and the distractors are easily eliminated without requiring complex inference or advanced cognitive ability.","Original Text: 1) A human is a primate. In primates, the heart sends oxygen in the blood all around the body. The body must have oxygen to function properly. The strong heart muscle contracts to pump blood all around the body. A healthy heart never rests.2) But what happens when a person’s heart gets weaker? People with weak hearts need help. Scientists have to study a medical mystery. Then they might be able to help people. 3) First, scientists need to diagnose the reasons that a human heart gets weak. They need to do tests. But sometimes it would be hard on a sick person to have tests done. So, scientists study animals that have body systems like humans. Scientists knew that the macaque monkey’s heart is similar to the human heart. So, they did tests with macaque monkeys. The scientists learned what happens when a monkey has a heart attack. After a heart attack, the monkey’s heart muscle has scar tissue where it was damaged. The scar tissue cannot contract like a strong heart muscle can. Then the monkey’s heart cannot pump enough blood to give the body the oxygen it needs. Without enough oxygen, the monkey’s body cannot function properly. 4) Second, scientists wanted to try out new solutions that would keep the heart working. Sometimes the new solutions might fail. So, scientists didn’t want to try the solutions with people right away. They tried a solution with macaque monkeys. 5) Scientists developed an idea. Then, they tested an idea. They injected human stem cells from the human heart into the monkey’s heart. After four weeks the human heart cells grew where the monkey’s scar tissue was. After three months, the monkey’s heart got stronger. 6) Now scientists are using what they found in this experiment to help humans who have had heart attacks.: 4. Why do scientists study monkey hearts?
d. Because they want to diagnose monkey problems
b. Because they want to cover up scars
a. Because they want to help humans who have heart attacks
c. Because they want to provide a home for monkeys
This item asks the reader to identify the scientific purpose for studying macaque monkey hearts based on an informational passage explaining how primate research is used to safely develop and test medical treatments for human heart attacks.
The primary skill evaluated by this assessment item is **reading comprehension** (specifically, **identifying key details and causal purpose in an informational science text**). 

**Justification:** The item requires the reader to locate, comprehend, and synthesize information provided across paragraphs 2, 3, and 6 to determine the underlying scientific rationale for using animal models to treat human cardiovascular disease.
**Item Demand Analysis**

* **Cognitive Demand Level:** Requires **multi-step reasoning and basic synthesis**. Rather than retrieving a single verbatim sentence, the reader must connect the experimental methodology (using monkeys as proxies in Paragraphs 3–5) to the ultimate research objective (treating human heart attacks in Paragraphs 2 and 6).

* **Load-Inducing Structural and Semantic Elements:**
  * **Method vs. Purpose Distractor (Option d):** Option *d* (""diagnose monkey problems"") introduces a partial-truth trap based on the literal text describing monkey testing, requiring the test-taker to distinguish an intermediate experimental step from the overarching goal.
  * **Information Distribution:** The core causal link—that monkeys are studied to safely develop treatments for people—is split across non-adjacent sections (the problem introduced in Paragraphs 2–3 and the ultimate application concluded in Paragraph 6).
  * **Mitigating Factors:** Overall cognitive load remains low due to simple syntax, elementary vocabulary, and two clearly implausible distractors (Options *b* and *c*).
The level of the underlying latent trait (reading comprehension ability) required to correctly answer this question about the scientists' purpose in studying monkey hearts is low to low-average. The correct answer is explicitly stated and reinforced throughout the text, and the distractors are easily ruled out, requiring only basic literal retrieval and foundational inferencing skills.","Original Text: 1) A human is a primate. In primates, the heart sends oxygen in the blood all around the body. The body must have oxygen to function properly. The strong heart muscle contracts to pump blood all around the body. A healthy heart never rests.2) But what happens when a person’s heart gets weaker? People with weak hearts need help. Scientists have to study a medical mystery. Then they might be able to help people. 3) First, scientists need to diagnose the reasons that a human heart gets weak. They need to do tests. But sometimes it would be hard on a sick person to have tests done. So, scientists study animals that have body systems like humans. Scientists knew that the macaque monkey’s heart is similar to the human heart. So, they did tests with macaque monkeys. The scientists learned what happens when a monkey has a heart attack. After a heart attack, the monkey’s heart muscle has scar tissue where it was damaged. The scar tissue cannot contract like a strong heart muscle can. Then the monkey’s heart cannot pump enough blood to give the body the oxygen it needs. Without enough oxygen, the monkey’s body cannot function properly. 4) Second, scientists wanted to try out new solutions that would keep the heart working. Sometimes the new solutions might fail. So, scientists didn’t want to try the solutions with people right away. They tried a solution with macaque monkeys. 5) Scientists developed an idea. Then, they tested an idea. They injected human stem cells from the human heart into the monkey’s heart. After four weeks the human heart cells grew where the monkey’s scar tissue was. After three months, the monkey’s heart got stronger. 6) Now scientists are using what they found in this experiment to help humans who have had heart attacks.: 4. Why do scientists study monkey hearts?
d. Because they want to diagnose monkey problems
b. Because they want to cover up scars
a. Because they want to help humans who have heart attacks
c. Because they want to provide a home for monkeys
The item asks why scientists study monkey hearts, with the core idea that they do so to learn about heart weakness and test treatments that may help humans who have had heart attacks.
Primary construct: scientific reading comprehension / inference about research purpose. The item measures whether the reader can identify that scientists study monkey hearts as a model to learn about human heart attacks and develop treatments for people.
This is a low-to-moderate demand reading comprehension item. It mainly requires recall and simple inference from the passage, not deep reasoning or synthesis. The correct choice is supported by an explicit stated purpose, so endorsement threshold is low.

Structural/semantic load is modest: the passage is long and repetitive, with several distractor options that are semantically off-topic or absurd, but there is no tricky conditional logic or emotionally loaded wording.
A low level of the underlying trait is needed; the item mainly requires basic reading comprehension and simple inference to identify that scientists study monkey hearts to help humans with heart attacks.","Original Text: 1) A human is a primate. In primates, the heart sends oxygen in the blood all around the body. The body must have oxygen to function properly. The strong heart muscle contracts to pump blood all around the body. A healthy heart never rests.2) But what happens when a person’s heart gets weaker? People with weak hearts need help. Scientists have to study a medical mystery. Then they might be able to help people. 3) First, scientists need to diagnose the reasons that a human heart gets weak. They need to do tests. But sometimes it would be hard on a sick person to have tests done. So, scientists study animals that have body systems like humans. Scientists knew that the macaque monkey’s heart is similar to the human heart. So, they did tests with macaque monkeys. The scientists learned what happens when a monkey has a heart attack. After a heart attack, the monkey’s heart muscle has scar tissue where it was damaged. The scar tissue cannot contract like a strong heart muscle can. Then the monkey’s heart cannot pump enough blood to give the body the oxygen it needs. Without enough oxygen, the monkey’s body cannot function properly. 4) Second, scientists wanted to try out new solutions that would keep the heart working. Sometimes the new solutions might fail. So, scientists didn’t want to try the solutions with people right away. They tried a solution with macaque monkeys. 5) Scientists developed an idea. Then, they tested an idea. They injected human stem cells from the human heart into the monkey’s heart. After four weeks the human heart cells grew where the monkey’s scar tissue was. After three months, the monkey’s heart got stronger. 6) Now scientists are using what they found in this experiment to help humans who have had heart attacks.: 4. Why do scientists study monkey hearts?
d. Because they want to diagnose monkey problems
b. Because they want to cover up scars
a. Because they want to help humans who have heart attacks
c. Because they want to provide a home for monkeys
The item asks why scientists study monkey hearts, with the correct idea being that they use monkeys to learn about weak or damaged hearts and test treatments so they can help humans who have had heart attacks.
This item primarily measures reading comprehension of informational science text, specifically identifying the author-stated purpose of animal research. The correct idea is that scientists study monkey hearts to help humans who have had heart attacks, so the task is to extract the main reason from the passage rather than apply outside knowledge.
Core ask: assess the item’s cognitive demand and note wording/features that raise difficulty.

This is a low-to-moderate cognitive-demand reading comprehension item. It mainly requires recall of the passage’s main purpose, with light multi-step reasoning to connect: monkey hearts are similar to human hearts → scientists test treatments on monkeys → findings help humans with heart attacks. It does not require synthesis beyond integrating a few explicitly stated ideas.

Load-increasing features:
- Long passage with multiple paragraphs, so relevant information must be selected from extra detail.
- Cause-and-purpose chain across sections rather than a single sentence answer.
- Distractors are mostly easy/implausible (“cover up scars,” “provide a home for monkeys”), so they add little difficulty.
- No tricky conditional logic or emotionally loaded wording.
This item appears to require a low-to-moderate level of the underlying trait, since the correct answer is explicitly supported by the passage’s main idea: scientists study monkey hearts in order to develop and test treatments that can later help humans who have had heart attacks. Successful endorsement mainly depends on basic reading comprehension, ability to identify purpose, and linking details across the passage rather than making a difficult inference.","Original Text: 1) A human is a primate. In primates, the heart sends oxygen in the blood all around the body. The body must have oxygen to function properly. The strong heart muscle contracts to pump blood all around the body. A healthy heart never rests.2) But what happens when a person’s heart gets weaker? People with weak hearts need help. Scientists have to study a medical mystery. Then they might be able to help people. 3) First, scientists need to diagnose the reasons that a human heart gets weak. They need to do tests. But sometimes it would be hard on a sick person to have tests done. So, scientists study animals that have body systems like humans. Scientists knew that the macaque monkey’s heart is similar to the human heart. So, they did tests with macaque monkeys. The scientists learned what happens when a monkey has a heart attack. After a heart attack, the monkey’s heart muscle has scar tissue where it was damaged. The scar tissue cannot contract like a strong heart muscle can. Then the monkey’s heart cannot pump enough blood to give the body the oxygen it needs. Without enough oxygen, the monkey’s body cannot function properly. 4) Second, scientists wanted to try out new solutions that would keep the heart working. Sometimes the new solutions might fail. So, scientists didn’t want to try the solutions with people right away. They tried a solution with macaque monkeys. 5) Scientists developed an idea. Then, they tested an idea. They injected human stem cells from the human heart into the monkey’s heart. After four weeks the human heart cells grew where the monkey’s scar tissue was. After three months, the monkey’s heart got stronger. 6) Now scientists are using what they found in this experiment to help humans who have had heart attacks.: 4. Why do scientists study monkey hearts?
d. Because they want to diagnose monkey problems
b. Because they want to cover up scars
a. Because they want to help humans who have heart attacks
c. Because they want to provide a home for monkeys
The question asks why scientists study monkey hearts: to develop treatments that can help humans recover from heart attacks.
**Primary domain/skill:** Reading comprehension—identifying the purpose of scientific animal research.  

**Justification:** The item measures whether the reader understands that monkey-heart studies help scientists develop treatments for humans who have had heart attacks.
This is a **low-to-moderate cognitive-demand comprehension item**. It requires **recalling and integrating** the passage’s explanation that monkey hearts resemble human hearts and are used to develop treatments for people, rather than simple word recall alone. The correct answer is **a. Because they want to help humans who have had heart attacks**.

The wording is straightforward, with no conditional logic or complex phrasing. Distractors are clearly irrelevant or misaligned, creating minimal difficulty.
The item requires a **low level of cognitive ability**: basic literal reading comprehension and the ability to identify the explicitly stated purpose of studying monkey hearts—helping humans who have had heart attacks.","Original Text: 1) A human is a primate. In primates, the heart sends oxygen in the blood all around the body. The body must have oxygen to function properly. The strong heart muscle contracts to pump blood all around the body. A healthy heart never rests.2) But what happens when a person’s heart gets weaker? People with weak hearts need help. Scientists have to study a medical mystery. Then they might be able to help people. 3) First, scientists need to diagnose the reasons that a human heart gets weak. They need to do tests. But sometimes it would be hard on a sick person to have tests done. So, scientists study animals that have body systems like humans. Scientists knew that the macaque monkey’s heart is similar to the human heart. So, they did tests with macaque monkeys. The scientists learned what happens when a monkey has a heart attack. After a heart attack, the monkey’s heart muscle has scar tissue where it was damaged. The scar tissue cannot contract like a strong heart muscle can. Then the monkey’s heart cannot pump enough blood to give the body the oxygen it needs. Without enough oxygen, the monkey’s body cannot function properly. 4) Second, scientists wanted to try out new solutions that would keep the heart working. Sometimes the new solutions might fail. So, scientists didn’t want to try the solutions with people right away. They tried a solution with macaque monkeys. 5) Scientists developed an idea. Then, they tested an idea. They injected human stem cells from the human heart into the monkey’s heart. After four weeks the human heart cells grew where the monkey’s scar tissue was. After three months, the monkey’s heart got stronger. 6) Now scientists are using what they found in this experiment to help humans who have had heart attacks.: 4. Why do scientists study monkey hearts?
d. Because they want to diagnose monkey problems
b. Because they want to cover up scars
a. Because they want to help humans who have heart attacks
c. Because they want to provide a home for monkeys
Identify why scientists study monkey hearts: to develop treatments that help humans who have had heart attacks.
**Reading comprehension—identifying an author-stated purpose:** The item measures whether the respondent can infer that scientists study monkey hearts because their similarity to human hearts may help develop treatments for humans who have had heart attacks (**a**).
Low-to-moderate demand: requires recalling and integrating the passage’s stated purpose—that monkey hearts resemble human hearts and are studied to develop treatments for human heart-attack patients. Straightforward causal reasoning; no complex syntax or conditional logic. Distractors are clearly implausible, so cognitive load is low.
This item requires a **low level of the underlying reading-comprehension ability** because the correct answer—helping humans who have had heart attacks—is stated directly in the passage.",1.9734999589129223,-0.1727560023680444,-0.1851249958852493,-0.1802531337288795,0.8350588031064505,882.0,gilbert_meta_103,0.7369800621528616,0.3893297123106034,0.5712826230130028,0.3017955446663988,-0.36048669731542826,0.4112714701239195,-0.2630785388707393,0.30014061058333263,0.06291196769770657,0.39329402564845345,0.04721430077371661,0.29516009590888737,0.3621718826208595,0.376158064440894,0.3256267955048705,0.33820169650063314,-0.17548295239379808,0.3944678162716504,-0.13100951613683665,0.2944960580862093,-0.1617220348263494,0.38721984657801767,-0.12066031017823427,0.2889035303410584,-0.18331898423898407,0.3969703985920526,-0.13428237795802994,0.29078346317037834
cc_q30,"1) In many ways, skyscrapers are like the human body. They have bones that keep it tall and strong and skin to protect the body. They have a command center that is like a brain. 2)How do engineers design and build strong and smart skyscrapers? It is very challenging to build a skyscraper because there are many parts that have to work together. If one part is broken, the skyscraper will not work properly. 3)First, engineers need a strong and tall frame that supports the floors and walls. This frame is like the bones of a skyscraper. The bones of a skyscraper are made of concrete, steel and other materials. The columns are like the backbone of a human body. The columns go up. The steel columns hold up each floor. There are also steel beams that go across each floor. The steel columns and beams must be strong to resist the force of gravity. The steel columns and beams must work together to form a strong backbone. 4)Second, engineers need to design a command center. The command center is a computer that sends signals through wires in a skyscraper. For example, it sends signals to help bring fresh air into rooms, just like your lungs. The command center also controls the heating and air conditioning. It helps the building cool down when it’s too hot and warm up when it’s too cold. 5)A skyscraper has many different parts that work together. The bones make the building tall and strong. The skin protects the inside of the building. The skin of a skyscraper can be made of metal, stone, or glass. The brain controls the building temperature. 6)The anatomy of a skyscraper is like a human body. All the parts have to work together. That's how a city skyscraper works properly.","5. According to paragraph 4, a skyscraper’s command center is like the human body’s","1) In many ways, skyscrapers are like the human body. They have bones that keep it tall and strong and skin to protect the body. They have a command center that is like a brain. 2)How do engineers design and build strong and smart skyscrapers? It is very challenging to build a skyscraper because there are many parts that have to work together. If one part is broken, the skyscraper will not work properly. 3)First, engineers need a strong and tall frame that supports the floors and walls. This frame is like the bones of a skyscraper. The bones of a skyscraper are made of concrete, steel and other materials. The columns are like the backbone of a human body. The columns go up. The steel columns hold up each floor. There are also steel beams that go across each floor. The steel columns and beams must be strong to resist the force of gravity. The steel columns and beams must work together to form a strong backbone. 4)Second, engineers need to design a command center. The command center is a computer that sends signals through wires in a skyscraper. For example, it sends signals to help bring fresh air into rooms, just like your lungs. The command center also controls the heating and air conditioning. It helps the building cool down when it’s too hot and warm up when it’s too cold. 5)A skyscraper has many different parts that work together. The bones make the building tall and strong. The skin protects the inside of the building. The skin of a skyscraper can be made of metal, stone, or glass. The brain controls the building temperature. 6)The anatomy of a skyscraper is like a human body. All the parts have to work together. That's how a city skyscraper works properly.: 5. According to paragraph 4, a skyscraper’s command center is like the human body’s
b. nervous system
c. muscular system
a. skeletal system
d. digestive system","Original Text: 1) In many ways, skyscrapers are like the human body. They have bones that keep it tall and strong and skin to protect the body. They have a command center that is like a brain. 2)How do engineers design and build strong and smart skyscrapers? It is very challenging to build a skyscraper because there are many parts that have to work together. If one part is broken, the skyscraper will not work properly. 3)First, engineers need a strong and tall frame that supports the floors and walls. This frame is like the bones of a skyscraper. The bones of a skyscraper are made of concrete, steel and other materials. The columns are like the backbone of a human body. The columns go up. The steel columns hold up each floor. There are also steel beams that go across each floor. The steel columns and beams must be strong to resist the force of gravity. The steel columns and beams must work together to form a strong backbone. 4)Second, engineers need to design a command center. The command center is a computer that sends signals through wires in a skyscraper. For example, it sends signals to help bring fresh air into rooms, just like your lungs. The command center also controls the heating and air conditioning. It helps the building cool down when it’s too hot and warm up when it’s too cold. 5)A skyscraper has many different parts that work together. The bones make the building tall and strong. The skin protects the inside of the building. The skin of a skyscraper can be made of metal, stone, or glass. The brain controls the building temperature. 6)The anatomy of a skyscraper is like a human body. All the parts have to work together. That's how a city skyscraper works properly.: 5. According to paragraph 4, a skyscraper’s command center is like the human body’s
b. nervous system
c. muscular system
a. skeletal system
d. digestive system
The core task is to identify the human body system that serves as the analogy for a skyscraper's command center based on the provided text.
This item measures the primary skill of **Reading Comprehension**, specifically the ability to perform literal information retrieval and analogical mapping.

**Justification:** The question requires the reader to locate a specific functional description in the text (the ""command center"" as a signal-sending ""brain"") and correctly associate it with the corresponding biological system (the nervous system) based on the provided analogy.
This analysis evaluates the cognitive demand and structural complexity of the multiple-choice question regarding the skyscraper analogy.

**Cognitive Demand**
This item requires **multi-step reasoning** and **synthesis**. While the question directs the reader to paragraph 4, that paragraph describes the command center’s function (sending signals through wires) and provides a specific organ analogy (lungs). To select the correct answer, the reader must synthesize the ""brain"" analogy from paragraph 1 with the functional description in paragraph 4 and map these concepts onto domain-specific biological terms (nervous system) not explicitly defined in the text.

**Structural and Semantic Elements**
*   **Cross-Paragraph Dependency:** The explicit ""brain"" comparison is located in paragraph 1, while the functional details are in paragraph 4, requiring the reader to integrate information across the text.
*   **Domain-Specific Vocabulary:** The distractors and the correct answer require external knowledge of human body systems (skeletal, nervous, muscular, digestive) to categorize the analogies provided.
*   **Functional Inference:** The reader must distinguish between a specific example (lungs/respiratory function) and the overarching control system (nervous system) described by the ""signals"" and ""wires"" metaphor.
To describe the level of the latent trait required to answer the item regarding the skyscraper's command center, this task demands a **low to moderate level of cognitive ability** and literal reading comprehension. The respondent must successfully locate specific information within the text, identify the functional analogy of a computer sending signals through wires, and possess the basic biological vocabulary to map the ""brain"" and ""signals"" to the **nervous system**.","Original Text: 1) In many ways, skyscrapers are like the human body. They have bones that keep it tall and strong and skin to protect the body. They have a command center that is like a brain. 2)How do engineers design and build strong and smart skyscrapers? It is very challenging to build a skyscraper because there are many parts that have to work together. If one part is broken, the skyscraper will not work properly. 3)First, engineers need a strong and tall frame that supports the floors and walls. This frame is like the bones of a skyscraper. The bones of a skyscraper are made of concrete, steel and other materials. The columns are like the backbone of a human body. The columns go up. The steel columns hold up each floor. There are also steel beams that go across each floor. The steel columns and beams must be strong to resist the force of gravity. The steel columns and beams must work together to form a strong backbone. 4)Second, engineers need to design a command center. The command center is a computer that sends signals through wires in a skyscraper. For example, it sends signals to help bring fresh air into rooms, just like your lungs. The command center also controls the heating and air conditioning. It helps the building cool down when it’s too hot and warm up when it’s too cold. 5)A skyscraper has many different parts that work together. The bones make the building tall and strong. The skin protects the inside of the building. The skin of a skyscraper can be made of metal, stone, or glass. The brain controls the building temperature. 6)The anatomy of a skyscraper is like a human body. All the parts have to work together. That's how a city skyscraper works properly.: 5. According to paragraph 4, a skyscraper’s command center is like the human body’s
b. nervous system
c. muscular system
a. skeletal system
d. digestive system
The core objective of this request is to summarize the primary task presented in the provided text. The item presents a reading comprehension question that requires the reader to identify which human body system is analogous to a skyscraper's command center based on the details in the passage.
The objective of this analysis is to determine the primary construct or domain assessed by the provided text and multiple-choice question, along with a brief rationale.

**Primary Skill:** Reading comprehension (specifically, inferential reasoning and analogical mapping).

**Justification:** The item requires the reader to synthesize the description in paragraph 4—where a ""command center"" sends signals through wires to control building functions—and infer which human biological system (the nervous system) logically completes the analogy, as the exact anatomical system is not explicitly named in the passage.
In evaluating the cognitive demand and structural complexity of this reading comprehension item, the question requires multi-step reasoning and synthesis. The reader must locate the target information in paragraph 4 (""sends signals through wires""), connect it to the ""brain"" analogy established elsewhere in the text, and infer the corresponding biological system from the options. 

Structural and semantic elements increasing the cognitive load include:
*   **Semantic Shift:** The text explicitly names specific organs (""brain,"" ""lungs""), but the answer choices require mapping these concepts to broader anatomical systems (""nervous system"") not explicitly stated in the passage, demanding a degree of prior outside knowledge.
*   **Misdirection/Tricky Distractors:** The prompt directs the reader specifically to paragraph 4, which explicitly mentions ""lungs."" Although ""respiratory system"" is omitted from the choices, the presence of a different specific organ in the target paragraph forces the reader to synthesize the overarching function (""sending signals"") rather than relying on direct keyword recall.
The degree of the underlying latent trait needed to correctly answer the reading comprehension item about the skyscraper's command center is a low to moderate level of cognitive ability. A respondent must possess basic inferential reading skills and elementary background knowledge to successfully connect the text's description of a ""brain"" that ""sends signals"" to the ""nervous system.""","Original Text: 1) In many ways, skyscrapers are like the human body. They have bones that keep it tall and strong and skin to protect the body. They have a command center that is like a brain. 2)How do engineers design and build strong and smart skyscrapers? It is very challenging to build a skyscraper because there are many parts that have to work together. If one part is broken, the skyscraper will not work properly. 3)First, engineers need a strong and tall frame that supports the floors and walls. This frame is like the bones of a skyscraper. The bones of a skyscraper are made of concrete, steel and other materials. The columns are like the backbone of a human body. The columns go up. The steel columns hold up each floor. There are also steel beams that go across each floor. The steel columns and beams must be strong to resist the force of gravity. The steel columns and beams must work together to form a strong backbone. 4)Second, engineers need to design a command center. The command center is a computer that sends signals through wires in a skyscraper. For example, it sends signals to help bring fresh air into rooms, just like your lungs. The command center also controls the heating and air conditioning. It helps the building cool down when it’s too hot and warm up when it’s too cold. 5)A skyscraper has many different parts that work together. The bones make the building tall and strong. The skin protects the inside of the building. The skin of a skyscraper can be made of metal, stone, or glass. The brain controls the building temperature. 6)The anatomy of a skyscraper is like a human body. All the parts have to work together. That's how a city skyscraper works properly.: 5. According to paragraph 4, a skyscraper’s command center is like the human body’s
b. nervous system
c. muscular system
a. skeletal system
d. digestive system
The core task requires identifying which human body system corresponds to a skyscraper's command center based on the functional descriptions provided in paragraph 4.
**Primary Domain / Skill Measured:** Reading comprehension, specifically analogical reasoning and text-based inference.

**Justification:** The item evaluates a reader's ability to extract functional details about a skyscraper's command center from an informational passage and correctly map that technological concept to its analogous biological counterpart (the nervous system) using textual clues and inferential reasoning.
**Cognitive Demand Evaluation:**

This cognitive item requires **multi-step reasoning and synthesis** of textual details with external domain knowledge, rather than simple literal recall. 

**Elements Increasing Cognitive Load:**

* **Indirect Conceptual Mapping:** The correct answer (""nervous system"") does not explicitly appear in Paragraph 4. The reader must infer it by synthesizing the functional description (""computer that sends signals through wires"") with external biological knowledge.
* **Misleading Paragraph Constraint:** The stem restricts the search to Paragraph 4, yet the explicit keyword clue (""brain"") appears only in Paragraphs 1 and 5, requiring the test-taker to bridge context across the text despite the prompt's instruction.
* **Surface-Level Distractor in Context:** Paragraph 4 explicitly names another organ (""just like your lungs""), which can mislead readers relying on superficial word-matching strategies.
The latent cognitive ability and reading comprehension level required to correctly answer this item is **low to low-intermediate (elementary grade level)**. Successfully answering requires basic analogical reasoning and literal text retrieval to connect the description of a central control unit sending signals through wires to the function of the human nervous system.","Original Text: 1) In many ways, skyscrapers are like the human body. They have bones that keep it tall and strong and skin to protect the body. They have a command center that is like a brain. 2)How do engineers design and build strong and smart skyscrapers? It is very challenging to build a skyscraper because there are many parts that have to work together. If one part is broken, the skyscraper will not work properly. 3)First, engineers need a strong and tall frame that supports the floors and walls. This frame is like the bones of a skyscraper. The bones of a skyscraper are made of concrete, steel and other materials. The columns are like the backbone of a human body. The columns go up. The steel columns hold up each floor. There are also steel beams that go across each floor. The steel columns and beams must be strong to resist the force of gravity. The steel columns and beams must work together to form a strong backbone. 4)Second, engineers need to design a command center. The command center is a computer that sends signals through wires in a skyscraper. For example, it sends signals to help bring fresh air into rooms, just like your lungs. The command center also controls the heating and air conditioning. It helps the building cool down when it’s too hot and warm up when it’s too cold. 5)A skyscraper has many different parts that work together. The bones make the building tall and strong. The skin protects the inside of the building. The skin of a skyscraper can be made of metal, stone, or glass. The brain controls the building temperature. 6)The anatomy of a skyscraper is like a human body. All the parts have to work together. That's how a city skyscraper works properly.: 5. According to paragraph 4, a skyscraper’s command center is like the human body’s
b. nervous system
c. muscular system
a. skeletal system
d. digestive system
The item asks which human body system a skyscraper’s command center is compared to, based on paragraph 4.
Reading comprehension in a science/engineering analogy context, specifically assessing understanding of how a skyscraper’s “command center” maps to the human body’s nervous system.
This is a low-to-moderate demand reading item requiring simple recall from paragraph 4, with minimal reasoning. The correct choice is directly stated by the analogy, so endorsement does not require deep synthesis or inference. Structural load is modest: the wording is straightforward, but the multiple-choice distractors add a small semantic trap by offering other body systems that are plausible yet unsupported.
A low level of the latent trait is needed; this is a straightforward reading-comprehension item requiring only basic understanding of the passage’s analogy.","Original Text: 1) In many ways, skyscrapers are like the human body. They have bones that keep it tall and strong and skin to protect the body. They have a command center that is like a brain. 2)How do engineers design and build strong and smart skyscrapers? It is very challenging to build a skyscraper because there are many parts that have to work together. If one part is broken, the skyscraper will not work properly. 3)First, engineers need a strong and tall frame that supports the floors and walls. This frame is like the bones of a skyscraper. The bones of a skyscraper are made of concrete, steel and other materials. The columns are like the backbone of a human body. The columns go up. The steel columns hold up each floor. There are also steel beams that go across each floor. The steel columns and beams must be strong to resist the force of gravity. The steel columns and beams must work together to form a strong backbone. 4)Second, engineers need to design a command center. The command center is a computer that sends signals through wires in a skyscraper. For example, it sends signals to help bring fresh air into rooms, just like your lungs. The command center also controls the heating and air conditioning. It helps the building cool down when it’s too hot and warm up when it’s too cold. 5)A skyscraper has many different parts that work together. The bones make the building tall and strong. The skin protects the inside of the building. The skin of a skyscraper can be made of metal, stone, or glass. The brain controls the building temperature. 6)The anatomy of a skyscraper is like a human body. All the parts have to work together. That's how a city skyscraper works properly.: 5. According to paragraph 4, a skyscraper’s command center is like the human body’s
b. nervous system
c. muscular system
a. skeletal system
d. digestive system
The item asks the reader to identify which human body system a skyscraper’s command center is most like, based on the passage’s comparison between building parts and body parts.
This item is primarily measuring reading comprehension of an informational analogy, specifically the skill of identifying a text-based comparison. The correct choice depends on understanding paragraph 4’s description of a “command center” that sends signals through wires and controls functions, which corresponds to the human body’s nervous system.
Core ask: assess the item’s cognitive demand and note features that raise load.

Low-to-moderate demand. It mainly requires recall/local inference from paragraph 4: the “command center” sends signals through wires, so the best match is the nervous system. No real synthesis is needed; at most, it involves linking the body analogy to the paragraph detail. Load is slightly increased by the analogy-based mapping, the need to use paragraph-specific evidence (“According to paragraph 4”), and distractors that are all body systems, but the wording is otherwise straightforward with no conditional logic or emotionally charged language.
The core ask is to characterize the latent trait level needed to get this item right: it appears to require a low-to-moderate level of the underlying reading/comprehension trait. The answer can be derived from an explicit analogy in paragraph 4 about the command center sending signals through wires, so successful responding depends mainly on basic literal comprehension and simple analogy matching rather than advanced inference.","Original Text: 1) In many ways, skyscrapers are like the human body. They have bones that keep it tall and strong and skin to protect the body. They have a command center that is like a brain. 2)How do engineers design and build strong and smart skyscrapers? It is very challenging to build a skyscraper because there are many parts that have to work together. If one part is broken, the skyscraper will not work properly. 3)First, engineers need a strong and tall frame that supports the floors and walls. This frame is like the bones of a skyscraper. The bones of a skyscraper are made of concrete, steel and other materials. The columns are like the backbone of a human body. The columns go up. The steel columns hold up each floor. There are also steel beams that go across each floor. The steel columns and beams must be strong to resist the force of gravity. The steel columns and beams must work together to form a strong backbone. 4)Second, engineers need to design a command center. The command center is a computer that sends signals through wires in a skyscraper. For example, it sends signals to help bring fresh air into rooms, just like your lungs. The command center also controls the heating and air conditioning. It helps the building cool down when it’s too hot and warm up when it’s too cold. 5)A skyscraper has many different parts that work together. The bones make the building tall and strong. The skin protects the inside of the building. The skin of a skyscraper can be made of metal, stone, or glass. The brain controls the building temperature. 6)The anatomy of a skyscraper is like a human body. All the parts have to work together. That's how a city skyscraper works properly.: 5. According to paragraph 4, a skyscraper’s command center is like the human body’s
b. nervous system
c. muscular system
a. skeletal system
d. digestive system
Identify which human body system the skyscraper’s computer command center resembles, based on paragraph 4.
**Primary construct:** Reading comprehension—identifying explicit information and interpreting an analogy.  

**Justification:** The item requires recognizing that the skyscraper’s computer command center sends signals like the human **nervous system**.
This is a low-demand comprehension item requiring recall and a simple analogy: identify that the command center sends signals like the brain, leading to the **nervous system**. Distractors are unrelated body systems, with no multi-step reasoning, conditional logic, or synthesis. The only minor semantic nuance is that the passage says “brain,” while the answer choice says “nervous system.”
This item requires a **low-to-moderate level of cognitive ability**, primarily basic reading comprehension and the ability to map the “command center” analogy to the **nervous system**. It does not require advanced reasoning or specialized knowledge.","Original Text: 1) In many ways, skyscrapers are like the human body. They have bones that keep it tall and strong and skin to protect the body. They have a command center that is like a brain. 2)How do engineers design and build strong and smart skyscrapers? It is very challenging to build a skyscraper because there are many parts that have to work together. If one part is broken, the skyscraper will not work properly. 3)First, engineers need a strong and tall frame that supports the floors and walls. This frame is like the bones of a skyscraper. The bones of a skyscraper are made of concrete, steel and other materials. The columns are like the backbone of a human body. The columns go up. The steel columns hold up each floor. There are also steel beams that go across each floor. The steel columns and beams must be strong to resist the force of gravity. The steel columns and beams must work together to form a strong backbone. 4)Second, engineers need to design a command center. The command center is a computer that sends signals through wires in a skyscraper. For example, it sends signals to help bring fresh air into rooms, just like your lungs. The command center also controls the heating and air conditioning. It helps the building cool down when it’s too hot and warm up when it’s too cold. 5)A skyscraper has many different parts that work together. The bones make the building tall and strong. The skin protects the inside of the building. The skin of a skyscraper can be made of metal, stone, or glass. The brain controls the building temperature. 6)The anatomy of a skyscraper is like a human body. All the parts have to work together. That's how a city skyscraper works properly.: 5. According to paragraph 4, a skyscraper’s command center is like the human body’s
b. nervous system
c. muscular system
a. skeletal system
d. digestive system
Identify which human body system is most like a skyscraper’s computer-based command center: the nervous system.
**Primary skill: Reading comprehension—interpreting a functional analogy.** The item assesses whether the reader can use paragraph 4’s description of signals sent through wires to identify the command center as analogous to the human **nervous system (b)**.
Moderate recall with a simple analogy: the reader must connect the command center’s computer and signal-carrying wires to the **nervous system**. Cognitive load is slightly increased because paragraph 4 explicitly mentions lungs and temperature control, while none of the options says “brain”; these details act as mild distractors. No multi-step reasoning or synthesis is required.
This item requires a **low-to-moderate level of reading comprehension**, as respondents must make a straightforward analogy between a skyscraper’s command center and the human **nervous system**.",1.2555820067531775,0.4522668402552622,0.602482563815968,0.6783051213109303,1.970535082420403,1123.0,gilbert_meta_103,1.2482462374471426,0.4248734522053384,0.9675992897444305,0.32934787884955125,1.754871301975145,0.4839187006175346,1.2806824259200045,0.3531576217340742,1.1838717855893026,0.42209002608724544,0.8884744923399993,0.31677097656564934,-0.9394734727056834,0.3834380637292372,-0.8446755561619196,0.34474710478132664,-0.8829691068920527,0.41022054444656975,-0.6591942629168508,0.3062565012966703,-0.2553242566692753,0.3851837364300494,-0.19049663849964368,0.28738439485482303,0.9954324945040942,0.41073381116138485,0.729160937769792,0.3008652546242192
cc_q10,"1) A human is a primate. In primates, the heart sends oxygen in the blood all around the body. The body must have oxygen to function properly. The strong heart muscle contracts to pump blood all around the body. A healthy heart never rests.2) But what happens when a person’s heart gets weaker? People with weak hearts need help. Scientists have to study a medical mystery. Then they might be able to help people. 3) First, scientists need to diagnose the reasons that a human heart gets weak. They need to do tests. But sometimes it would be hard on a sick person to have tests done. So, scientists study animals that have body systems like humans. Scientists knew that the macaque monkey’s heart is similar to the human heart. So, they did tests with macaque monkeys. The scientists learned what happens when a monkey has a heart attack. After a heart attack, the monkey’s heart muscle has scar tissue where it was damaged. The scar tissue cannot contract like a strong heart muscle can. Then the monkey’s heart cannot pump enough blood to give the body the oxygen it needs. Without enough oxygen, the monkey’s body cannot function properly. 4) Second, scientists wanted to try out new solutions that would keep the heart working. Sometimes the new solutions might fail. So, scientists didn’t want to try the solutions with people right away. They tried a solution with macaque monkeys. 5) Scientists developed an idea. Then, they tested an idea. They injected human stem cells from the human heart into the monkey’s heart. After four weeks the human heart cells grew where the monkey’s scar tissue was. After three months, the monkey’s heart got stronger. 6) Now scientists are using what they found in this experiment to help humans who have had heart attacks.",9. How did scientists know that they successfully found a way to help humans from a macaque monkey’s heart?,"1) A human is a primate. In primates, the heart sends oxygen in the blood all around the body. The body must have oxygen to function properly. The strong heart muscle contracts to pump blood all around the body. A healthy heart never rests.2) But what happens when a person’s heart gets weaker? People with weak hearts need help. Scientists have to study a medical mystery. Then they might be able to help people. 3) First, scientists need to diagnose the reasons that a human heart gets weak. They need to do tests. But sometimes it would be hard on a sick person to have tests done. So, scientists study animals that have body systems like humans. Scientists knew that the macaque monkey’s heart is similar to the human heart. So, they did tests with macaque monkeys. The scientists learned what happens when a monkey has a heart attack. After a heart attack, the monkey’s heart muscle has scar tissue where it was damaged. The scar tissue cannot contract like a strong heart muscle can. Then the monkey’s heart cannot pump enough blood to give the body the oxygen it needs. Without enough oxygen, the monkey’s body cannot function properly. 4) Second, scientists wanted to try out new solutions that would keep the heart working. Sometimes the new solutions might fail. So, scientists didn’t want to try the solutions with people right away. They tried a solution with macaque monkeys. 5) Scientists developed an idea. Then, they tested an idea. They injected human stem cells from the human heart into the monkey’s heart. After four weeks the human heart cells grew where the monkey’s scar tissue was. After three months, the monkey’s heart got stronger. 6) Now scientists are using what they found in this experiment to help humans who have had heart attacks.: 9. How did scientists know that they successfully found a way to help humans from a macaque monkey’s heart?
c. The monkey’s heart with human stem cells became stronger
b. The monkey got a heart attack after three months
d. The monkey’s heart did not pump blood to give the body oxygen
a. The scar tissue on the monkey’s heart grew bigger","Original Text: 1) A human is a primate. In primates, the heart sends oxygen in the blood all around the body. The body must have oxygen to function properly. The strong heart muscle contracts to pump blood all around the body. A healthy heart never rests.2) But what happens when a person’s heart gets weaker? People with weak hearts need help. Scientists have to study a medical mystery. Then they might be able to help people. 3) First, scientists need to diagnose the reasons that a human heart gets weak. They need to do tests. But sometimes it would be hard on a sick person to have tests done. So, scientists study animals that have body systems like humans. Scientists knew that the macaque monkey’s heart is similar to the human heart. So, they did tests with macaque monkeys. The scientists learned what happens when a monkey has a heart attack. After a heart attack, the monkey’s heart muscle has scar tissue where it was damaged. The scar tissue cannot contract like a strong heart muscle can. Then the monkey’s heart cannot pump enough blood to give the body the oxygen it needs. Without enough oxygen, the monkey’s body cannot function properly. 4) Second, scientists wanted to try out new solutions that would keep the heart working. Sometimes the new solutions might fail. So, scientists didn’t want to try the solutions with people right away. They tried a solution with macaque monkeys. 5) Scientists developed an idea. Then, they tested an idea. They injected human stem cells from the human heart into the monkey’s heart. After four weeks the human heart cells grew where the monkey’s scar tissue was. After three months, the monkey’s heart got stronger. 6) Now scientists are using what they found in this experiment to help humans who have had heart attacks.: 9. How did scientists know that they successfully found a way to help humans from a macaque monkey’s heart?
c. The monkey’s heart with human stem cells became stronger
b. The monkey got a heart attack after three months
d. The monkey’s heart did not pump blood to give the body oxygen
a. The scar tissue on the monkey’s heart grew bigger
This item requires identifying the specific experimental outcome in macaque monkeys that demonstrated the effectiveness of human stem cell therapy for repairing heart damage.
This item measures the primary skill of **reading comprehension**, specifically the ability to retrieve literal information from a text. The question requires the respondent to identify the specific factual outcome of the scientific experiment described in paragraph 5 to determine how success was measured.
This analysis evaluates the cognitive demand and structural complexity of Question 9 regarding the macaque monkey heart experiment.

**Cognitive Demand**
This item requires **multi-step reasoning** and **synthesis**. To identify the correct answer, the reader must synthesize the experimental goal described in section four with the specific results detailed in section five, linking the injection of stem cells to the eventual strengthening of the heart muscle as the metric for success.

**Structural and Semantic Elements**
*   **Causal Logic:** The item relies on a specific chronological chain of events (injection → cell growth → increased strength) to define ""success.""
*   **Keyword Distractors:** The incorrect options (a, b, and d) use high-frequency vocabulary from the text—such as ""scar tissue,"" ""heart attack,"" and ""oxygen""—to create plausible-sounding but logically inverted outcomes.
*   **Cross-Species Inference:** The phrasing requires the reader to bridge the gap between animal results and human application, increasing the cognitive load by requiring an understanding of the monkey as a biological proxy for humans.
To describe the level of the latent trait required for this item, the analysis focuses on the reading comprehension ability necessary to identify the correct response. This item requires a **low to moderate level of reading comprehension**. The respondent must perform a literal retrieval of information explicitly stated in the text. Specifically, paragraph 5 directly states that ""the monkey’s heart got stronger"" after the stem cell injection, which paragraph 6 links to helping humans. Because the item requires identifying a direct cause-effect relationship explicitly described in the narrative without needing complex inferential reasoning or synthesis of abstract concepts, it demands a foundational level of cognitive processing.","Original Text: 1) A human is a primate. In primates, the heart sends oxygen in the blood all around the body. The body must have oxygen to function properly. The strong heart muscle contracts to pump blood all around the body. A healthy heart never rests.2) But what happens when a person’s heart gets weaker? People with weak hearts need help. Scientists have to study a medical mystery. Then they might be able to help people. 3) First, scientists need to diagnose the reasons that a human heart gets weak. They need to do tests. But sometimes it would be hard on a sick person to have tests done. So, scientists study animals that have body systems like humans. Scientists knew that the macaque monkey’s heart is similar to the human heart. So, they did tests with macaque monkeys. The scientists learned what happens when a monkey has a heart attack. After a heart attack, the monkey’s heart muscle has scar tissue where it was damaged. The scar tissue cannot contract like a strong heart muscle can. Then the monkey’s heart cannot pump enough blood to give the body the oxygen it needs. Without enough oxygen, the monkey’s body cannot function properly. 4) Second, scientists wanted to try out new solutions that would keep the heart working. Sometimes the new solutions might fail. So, scientists didn’t want to try the solutions with people right away. They tried a solution with macaque monkeys. 5) Scientists developed an idea. Then, they tested an idea. They injected human stem cells from the human heart into the monkey’s heart. After four weeks the human heart cells grew where the monkey’s scar tissue was. After three months, the monkey’s heart got stronger. 6) Now scientists are using what they found in this experiment to help humans who have had heart attacks.: 9. How did scientists know that they successfully found a way to help humans from a macaque monkey’s heart?
c. The monkey’s heart with human stem cells became stronger
b. The monkey got a heart attack after three months
d. The monkey’s heart did not pump blood to give the body oxygen
a. The scar tissue on the monkey’s heart grew bigger
The core task of summarizing the presented scenario and question is as follows: The scenario describes a scientific study using macaque monkeys as animal models to test human stem cell treatments for repairing heart attack damage. The core task is a multiple-choice reading comprehension question requiring the reader to identify the specific experimental outcome that proved the stem cell treatment was successful.
To identify the primary skill this item attempts to measure and provide a concise justification:

**Primary Skill:** Reading comprehension (identifying explicit details and cause-and-effect relationships). 

**Justification:** The question requires the reader to locate specific information directly stated in the fifth paragraph of the text (that the monkey's heart got stronger after receiving human stem cells) to determine the successful outcome of the experiment.
To evaluate the cognitive demand and identify structural or semantic elements that increase the difficulty of this reading comprehension item:

**Cognitive Demand:** This ability item requires multi-step reasoning and synthesis. The reader must connect information across multiple paragraphs to link the ultimate goal (helping humans), the experimental model (macaque monkeys), the intervention (human stem cells), and the successful outcome (a stronger heart). 

**Structural and Semantic Elements:** The cognitive load is increased by the slightly awkward and complex phrasing of the question stem (""successfully found a way to help humans from a macaque monkey’s heart""). Furthermore, the distractors utilize exact vocabulary and timelines from the text (e.g., ""pump blood,"" ""scar tissue,"" ""three months"") but apply them to the initial problem or incorrect stages of the experiment, requiring precise discrimination to avoid text-matching traps.
The overall level of the underlying latent trait, specifically reading comprehension and cognitive ability, required for a respondent to successfully answer this item is low to moderate. This level is required because selecting the correct answer relies on basic literal comprehension and direct retrieval of information explicitly stated in the provided text.","Original Text: 1) A human is a primate. In primates, the heart sends oxygen in the blood all around the body. The body must have oxygen to function properly. The strong heart muscle contracts to pump blood all around the body. A healthy heart never rests.2) But what happens when a person’s heart gets weaker? People with weak hearts need help. Scientists have to study a medical mystery. Then they might be able to help people. 3) First, scientists need to diagnose the reasons that a human heart gets weak. They need to do tests. But sometimes it would be hard on a sick person to have tests done. So, scientists study animals that have body systems like humans. Scientists knew that the macaque monkey’s heart is similar to the human heart. So, they did tests with macaque monkeys. The scientists learned what happens when a monkey has a heart attack. After a heart attack, the monkey’s heart muscle has scar tissue where it was damaged. The scar tissue cannot contract like a strong heart muscle can. Then the monkey’s heart cannot pump enough blood to give the body the oxygen it needs. Without enough oxygen, the monkey’s body cannot function properly. 4) Second, scientists wanted to try out new solutions that would keep the heart working. Sometimes the new solutions might fail. So, scientists didn’t want to try the solutions with people right away. They tried a solution with macaque monkeys. 5) Scientists developed an idea. Then, they tested an idea. They injected human stem cells from the human heart into the monkey’s heart. After four weeks the human heart cells grew where the monkey’s scar tissue was. After three months, the monkey’s heart got stronger. 6) Now scientists are using what they found in this experiment to help humans who have had heart attacks.: 9. How did scientists know that they successfully found a way to help humans from a macaque monkey’s heart?
c. The monkey’s heart with human stem cells became stronger
b. The monkey got a heart attack after three months
d. The monkey’s heart did not pump blood to give the body oxygen
a. The scar tissue on the monkey’s heart grew bigger
The core task is a multiple-choice reading comprehension question that requires identifying the evidence indicating that scientists successfully used human stem cells to improve damaged heart function in a macaque monkey model.
**Primary Measured Construct/Skill:** Reading Comprehension: Informational Text Analysis (Text Evidence and Cause-and-Effect Retrieval)

**Justification:** This assessment item evaluates a reader's ability to accurately locate, comprehend, and extract explicit factual evidence from a scientific informational text to identify the outcome (paragraph 5) that proves an experimental intervention was successful.
**Cognitive Demand Assessment:**

* **Processing Level:** Low-to-moderate demand requiring **recall and single-step cause-and-effect retrieval**. The reader must locate the outcome of the final experiment in Paragraph 5 (""the monkey's heart got stronger"") and connect it to experimental success.
* **Structural and Semantic Elements Affecting Load:**
  * **Plausible Distractors:** The incorrect options use concepts explicitly mentioned earlier in the text (scar tissue, heart attacks, lack of oxygen) to test whether the reader tracks the chronological progression from the problem to the solution.
  * **Question Stem Phrasing:** The phrasing *""help humans from a macaque monkey’s heart""* is slightly awkward syntactically, adding minor decoding load. 
  * **Overall Load:** Low, as the text follows a straightforward chronological structure with minimal inference required.
The latent trait required to correctly answer this item is a **low to moderate level of reading comprehension ability**. A respondent needs basic literal retrieval skills to locate directly stated, explicit information in the text—specifically identifying that the strengthening of the monkey's heart after stem cell injection demonstrated the experiment's success—without requiring complex inferential reasoning or high-level analytical evaluation.","Original Text: 1) A human is a primate. In primates, the heart sends oxygen in the blood all around the body. The body must have oxygen to function properly. The strong heart muscle contracts to pump blood all around the body. A healthy heart never rests.2) But what happens when a person’s heart gets weaker? People with weak hearts need help. Scientists have to study a medical mystery. Then they might be able to help people. 3) First, scientists need to diagnose the reasons that a human heart gets weak. They need to do tests. But sometimes it would be hard on a sick person to have tests done. So, scientists study animals that have body systems like humans. Scientists knew that the macaque monkey’s heart is similar to the human heart. So, they did tests with macaque monkeys. The scientists learned what happens when a monkey has a heart attack. After a heart attack, the monkey’s heart muscle has scar tissue where it was damaged. The scar tissue cannot contract like a strong heart muscle can. Then the monkey’s heart cannot pump enough blood to give the body the oxygen it needs. Without enough oxygen, the monkey’s body cannot function properly. 4) Second, scientists wanted to try out new solutions that would keep the heart working. Sometimes the new solutions might fail. So, scientists didn’t want to try the solutions with people right away. They tried a solution with macaque monkeys. 5) Scientists developed an idea. Then, they tested an idea. They injected human stem cells from the human heart into the monkey’s heart. After four weeks the human heart cells grew where the monkey’s scar tissue was. After three months, the monkey’s heart got stronger. 6) Now scientists are using what they found in this experiment to help humans who have had heart attacks.: 9. How did scientists know that they successfully found a way to help humans from a macaque monkey’s heart?
c. The monkey’s heart with human stem cells became stronger
b. The monkey got a heart attack after three months
d. The monkey’s heart did not pump blood to give the body oxygen
a. The scar tissue on the monkey’s heart grew bigger
The item asks which result showed the macaque monkey treatment worked and could help humans after heart attacks: the monkey’s heart became stronger after receiving human stem cells.
Primary construct: reading comprehension, specifically identifying the main idea and cause-effect details in a scientific passage. The item measures whether the reader can infer that the experiment was successful because the monkey’s heart strengthened after human stem cells were injected.
This is a low-to-moderate demand reading-comprehension item: it mainly requires recall of a stated result and simple inference from the passage, not deep reasoning or synthesis. The correct choice is supported by a direct outcome in the text, while the distractors are semantically plausible but contradicted by the passage. The wording is straightforward, with no tricky conditional logic or emotionally loaded language; the main load comes from tracking the experiment’s sequence and matching the final effect to the question.
A low-to-moderate cognitive level is needed to answer this item correctly, since it mainly requires basic reading comprehension and identifying the stated outcome of the experiment rather than advanced reasoning.","Original Text: 1) A human is a primate. In primates, the heart sends oxygen in the blood all around the body. The body must have oxygen to function properly. The strong heart muscle contracts to pump blood all around the body. A healthy heart never rests.2) But what happens when a person’s heart gets weaker? People with weak hearts need help. Scientists have to study a medical mystery. Then they might be able to help people. 3) First, scientists need to diagnose the reasons that a human heart gets weak. They need to do tests. But sometimes it would be hard on a sick person to have tests done. So, scientists study animals that have body systems like humans. Scientists knew that the macaque monkey’s heart is similar to the human heart. So, they did tests with macaque monkeys. The scientists learned what happens when a monkey has a heart attack. After a heart attack, the monkey’s heart muscle has scar tissue where it was damaged. The scar tissue cannot contract like a strong heart muscle can. Then the monkey’s heart cannot pump enough blood to give the body the oxygen it needs. Without enough oxygen, the monkey’s body cannot function properly. 4) Second, scientists wanted to try out new solutions that would keep the heart working. Sometimes the new solutions might fail. So, scientists didn’t want to try the solutions with people right away. They tried a solution with macaque monkeys. 5) Scientists developed an idea. Then, they tested an idea. They injected human stem cells from the human heart into the monkey’s heart. After four weeks the human heart cells grew where the monkey’s scar tissue was. After three months, the monkey’s heart got stronger. 6) Now scientists are using what they found in this experiment to help humans who have had heart attacks.: 9. How did scientists know that they successfully found a way to help humans from a macaque monkey’s heart?
c. The monkey’s heart with human stem cells became stronger
b. The monkey got a heart attack after three months
d. The monkey’s heart did not pump blood to give the body oxygen
a. The scar tissue on the monkey’s heart grew bigger
The item asks how scientists determined, from macaque monkey testing, that a treatment could help humans after heart attacks—based on evidence that the monkey’s heart became stronger after receiving human stem cells.
Primary construct: Reading comprehension of informational science text, specifically identifying experimental evidence and drawing a conclusion from it.

Justification: The item asks the reader to use details from the passage to determine how scientists knew the treatment worked, requiring recall of the reported outcome that the monkey’s heart became stronger after receiving human stem cells.
Core ask: assess the item’s cognitive demand and note features that raise difficulty.

This is a moderate-demand cognitive item requiring recall plus simple inference across multiple steps. The test-taker must track the experiment sequence and connect “successful way to help humans” to the reported outcome that the monkey’s heart became stronger after stem-cell treatment.

Load-raising elements:
- Long, multi-paragraph setup with extraneous background details
- Multi-step causal chain: heart attack → scar tissue → weaker pumping → stem-cell treatment → stronger heart
- Slightly awkward wording in the question (“help humans from a macaque monkey’s heart”)
- Distractors reuse passage language, increasing confusion:
  - heart attack after three months
  - did not pump enough blood/oxygen
  - scar tissue grew bigger
- Requires identifying the positive experimental result, not just recalling any stated fact
This item appears to require a moderately high underlying trait level—specifically, solid reading comprehension and the ability to integrate information across the passage to identify the successful experimental outcome. A respondent would need to track the study’s purpose, understand cause-and-effect in the heart experiment, and recognize that the evidence of success was that the monkey’s heart became stronger after receiving human stem cells.","Original Text: 1) A human is a primate. In primates, the heart sends oxygen in the blood all around the body. The body must have oxygen to function properly. The strong heart muscle contracts to pump blood all around the body. A healthy heart never rests.2) But what happens when a person’s heart gets weaker? People with weak hearts need help. Scientists have to study a medical mystery. Then they might be able to help people. 3) First, scientists need to diagnose the reasons that a human heart gets weak. They need to do tests. But sometimes it would be hard on a sick person to have tests done. So, scientists study animals that have body systems like humans. Scientists knew that the macaque monkey’s heart is similar to the human heart. So, they did tests with macaque monkeys. The scientists learned what happens when a monkey has a heart attack. After a heart attack, the monkey’s heart muscle has scar tissue where it was damaged. The scar tissue cannot contract like a strong heart muscle can. Then the monkey’s heart cannot pump enough blood to give the body the oxygen it needs. Without enough oxygen, the monkey’s body cannot function properly. 4) Second, scientists wanted to try out new solutions that would keep the heart working. Sometimes the new solutions might fail. So, scientists didn’t want to try the solutions with people right away. They tried a solution with macaque monkeys. 5) Scientists developed an idea. Then, they tested an idea. They injected human stem cells from the human heart into the monkey’s heart. After four weeks the human heart cells grew where the monkey’s scar tissue was. After three months, the monkey’s heart got stronger. 6) Now scientists are using what they found in this experiment to help humans who have had heart attacks.: 9. How did scientists know that they successfully found a way to help humans from a macaque monkey’s heart?
c. The monkey’s heart with human stem cells became stronger
b. The monkey got a heart attack after three months
d. The monkey’s heart did not pump blood to give the body oxygen
a. The scar tissue on the monkey’s heart grew bigger
Identify the evidence showing that the stem-cell treatment strengthened the macaque monkey’s heart and could help humans.
The item measures **reading comprehension—identifying supporting evidence and drawing a conclusion**. The correct answer is **c**, because the monkey’s heart became stronger after receiving human stem cells, indicating the treatment could help humans.
This is a **cognitive comprehension item** requiring **recall plus simple causal reasoning**: identify that the monkey’s stronger heart after receiving human stem cells indicated a potentially effective treatment for humans. It does not require multi-step reasoning or synthesis.

Cognitive load is increased by the lengthy passage, multiple experimental stages, similar biological details, and distractors drawn from the text but describing negative or irrelevant outcomes. The question also requires linking the monkey result to the broader human-treatment goal.
This item requires a **low-to-moderate level of reading comprehension and causal reasoning**. A respondent must identify the explicitly stated evidence that the monkey’s heart became stronger after receiving human stem cells, without needing specialized medical knowledge.","Original Text: 1) A human is a primate. In primates, the heart sends oxygen in the blood all around the body. The body must have oxygen to function properly. The strong heart muscle contracts to pump blood all around the body. A healthy heart never rests.2) But what happens when a person’s heart gets weaker? People with weak hearts need help. Scientists have to study a medical mystery. Then they might be able to help people. 3) First, scientists need to diagnose the reasons that a human heart gets weak. They need to do tests. But sometimes it would be hard on a sick person to have tests done. So, scientists study animals that have body systems like humans. Scientists knew that the macaque monkey’s heart is similar to the human heart. So, they did tests with macaque monkeys. The scientists learned what happens when a monkey has a heart attack. After a heart attack, the monkey’s heart muscle has scar tissue where it was damaged. The scar tissue cannot contract like a strong heart muscle can. Then the monkey’s heart cannot pump enough blood to give the body the oxygen it needs. Without enough oxygen, the monkey’s body cannot function properly. 4) Second, scientists wanted to try out new solutions that would keep the heart working. Sometimes the new solutions might fail. So, scientists didn’t want to try the solutions with people right away. They tried a solution with macaque monkeys. 5) Scientists developed an idea. Then, they tested an idea. They injected human stem cells from the human heart into the monkey’s heart. After four weeks the human heart cells grew where the monkey’s scar tissue was. After three months, the monkey’s heart got stronger. 6) Now scientists are using what they found in this experiment to help humans who have had heart attacks.: 9. How did scientists know that they successfully found a way to help humans from a macaque monkey’s heart?
c. The monkey’s heart with human stem cells became stronger
b. The monkey got a heart attack after three months
d. The monkey’s heart did not pump blood to give the body oxygen
a. The scar tissue on the monkey’s heart grew bigger
Identify the evidence that the stem-cell treatment succeeded: the monkey’s heart became stronger after receiving human heart stem cells.
**Primary skill: Reading comprehension—identifying experimental evidence and drawing a conclusion.** The item asks learners to recognize that the monkey’s heart becoming stronger after receiving human stem cells demonstrates the treatment’s success.
**Moderate cognitive demand:** requires locating the experimental outcome and making a brief inference that a stronger monkey heart after human stem-cell treatment indicates potential benefit for humans (**c**). The long passage, awkward question wording, causal sequence, and plausible-but-contradicted distractors increase load; no deep synthesis is required.
This item requires a **low overall level of reading comprehension ability**. The correct answer is explicitly stated in the passage, so respondents mainly need to recall that the monkey’s heart became stronger after receiving human stem cells.",1.3061808266298716,0.1867625046527408,0.2853188383887003,0.3308392611044194,1.3921360039191588,1068.0,gilbert_meta_103,-0.0107956204253844,0.375329865093437,-0.008368408686186603,0.2909433251142975,0.7320464648094104,0.37854577531230715,0.5342380614368024,0.27625782090292617,0.008619759056900933,0.37225002739812824,0.006468974212744654,0.2793669535349819,0.7381017000574652,0.36557672768034377,0.663623276349191,0.32868807342044815,1.4845088160856166,0.40058064970783425,1.108283049967184,0.29905968856868703,0.9156515318533806,0.37724204784696475,0.6831647769411036,0.281459125556778,0.21742782872814198,0.37628286693130036,0.15926733391563966,0.27562970832594647
cc_q18,"1) Some birds that are here today are smaller than they were many years ago. Why is this happening? It is a mystery. How do scientists study a mystery? 2) First, scientists try to understand the bird’s skeletal and muscular systems. Those systems help birds to fly. One thing scientists know is that birds’ bones are hollow inside. So, they don’t weigh much. Birds’ skeletons weigh less than their feathers. They have also learned that a bird wing works like a human arm. Birds contract their chest muscles to make their wings flap. 3) Second, scientists try to diagnose the reasons that the birds’ bodies might have changed over time. Some scientists thought that birds’ skeletal or muscular systems might have changed. So, they studied migratory birds in North America. Migratory birds fly long distances to warmer places for the winter. 4) Third, scientists measured the physical characteristics of the birds. They measured the size of the birds’ bones. They found some of the birds’ bones were shorter than they were 40 years ago. For example, the lower leg bone of many birds is smaller. 5) Fourth, scientists measured the migratory birds’ wings. They found the birds’ wings are longer than they used to be. 6) Many scientists asked, “Why are the birds’ bones smaller than they used be. But their wings are longer?” They thought about the long distance the birds fly in winter. They thought that the birds’ bodies changed to adapt to the long winter flight. They would need a lot of energy for the flight. A smaller body would have smaller muscles and less fat. But smaller bones and longer wings would make flying easier. 7) Over time, these characteristics of birds have become more common. The scientists came up with some very good ideas about why these skeletal changes might be occurring.",5. What is the main idea of this passage?,"1) Some birds that are here today are smaller than they were many years ago. Why is this happening? It is a mystery. How do scientists study a mystery? 2) First, scientists try to understand the bird’s skeletal and muscular systems. Those systems help birds to fly. One thing scientists know is that birds’ bones are hollow inside. So, they don’t weigh much. Birds’ skeletons weigh less than their feathers. They have also learned that a bird wing works like a human arm. Birds contract their chest muscles to make their wings flap. 3) Second, scientists try to diagnose the reasons that the birds’ bodies might have changed over time. Some scientists thought that birds’ skeletal or muscular systems might have changed. So, they studied migratory birds in North America. Migratory birds fly long distances to warmer places for the winter. 4) Third, scientists measured the physical characteristics of the birds. They measured the size of the birds’ bones. They found some of the birds’ bones were shorter than they were 40 years ago. For example, the lower leg bone of many birds is smaller. 5) Fourth, scientists measured the migratory birds’ wings. They found the birds’ wings are longer than they used to be. 6) Many scientists asked, “Why are the birds’ bones smaller than they used be. But their wings are longer?” They thought about the long distance the birds fly in winter. They thought that the birds’ bodies changed to adapt to the long winter flight. They would need a lot of energy for the flight. A smaller body would have smaller muscles and less fat. But smaller bones and longer wings would make flying easier. 7) Over time, these characteristics of birds have become more common. The scientists came up with some very good ideas about why these skeletal changes might be occurring.: 5. What is the main idea of this passage?
c. Birds change over time
d. Birds have remained the same
a. Many birds have been dying
b. Birds migrate to warmer climates","Original Text: 1) Some birds that are here today are smaller than they were many years ago. Why is this happening? It is a mystery. How do scientists study a mystery? 2) First, scientists try to understand the bird’s skeletal and muscular systems. Those systems help birds to fly. One thing scientists know is that birds’ bones are hollow inside. So, they don’t weigh much. Birds’ skeletons weigh less than their feathers. They have also learned that a bird wing works like a human arm. Birds contract their chest muscles to make their wings flap. 3) Second, scientists try to diagnose the reasons that the birds’ bodies might have changed over time. Some scientists thought that birds’ skeletal or muscular systems might have changed. So, they studied migratory birds in North America. Migratory birds fly long distances to warmer places for the winter. 4) Third, scientists measured the physical characteristics of the birds. They measured the size of the birds’ bones. They found some of the birds’ bones were shorter than they were 40 years ago. For example, the lower leg bone of many birds is smaller. 5) Fourth, scientists measured the migratory birds’ wings. They found the birds’ wings are longer than they used to be. 6) Many scientists asked, “Why are the birds’ bones smaller than they used be. But their wings are longer?” They thought about the long distance the birds fly in winter. They thought that the birds’ bodies changed to adapt to the long winter flight. They would need a lot of energy for the flight. A smaller body would have smaller muscles and less fat. But smaller bones and longer wings would make flying easier. 7) Over time, these characteristics of birds have become more common. The scientists came up with some very good ideas about why these skeletal changes might be occurring.: 5. What is the main idea of this passage?
c. Birds change over time
d. Birds have remained the same
a. Many birds have been dying
b. Birds migrate to warmer climates
The core task is to identify the main idea of a passage describing scientific research on physical changes in birds over time. The scenario details how scientists investigated the mystery of birds developing smaller bones and longer wings over a 40-year period, concluding that these changes are adaptations to facilitate more efficient long-distance migration.
This item measures the **Reading Comprehension** skill of **identifying the main idea**.

**Justification:** The question requires the respondent to synthesize information across the entire passage—specifically regarding skeletal changes, wing length adjustments, and evolutionary adaptation—to determine the central thesis that encapsulates the provided text.
This analysis evaluates the cognitive demand and structural elements of the provided reading comprehension item regarding the main idea of bird adaptation.

**Cognitive Demand**
This item requires **synthesis**. To identify the main idea, the reader must integrate information across seven paragraphs—moving from the initial mystery of size changes to the specific findings on bone and wing measurements—to conclude that the passage describes how birds change over time.

**Structural and Semantic Elements**
*   **Specific Detail Distractor:** Option (b) ""Birds migrate to warmer climates"" acts as a strong distractor because it is a factual statement explicitly mentioned in the text, requiring the reader to distinguish between a supporting detail and the overarching theme.
*   **Sequential Logic:** The passage uses a step-by-step chronological structure (""First,"" ""Second,"" etc.), which increases the cognitive load by requiring the reader to track a progression of scientific inquiry rather than identifying a single thesis statement.
*   **Simple Phrasing:** The language is accessible, but the correct answer (c) is a broad generalization, requiring the reader to abstract the specific data points (smaller bones, longer wings) into a high-level concept.
To describe the level of the underlying latent trait required to identify the main idea of the passage, this item necessitates a **low to moderate level of cognitive ability and reading comprehension**. A respondent must possess the literal comprehension skills to follow a structured informational text and the analytical ability to distinguish a central theme from supporting details or contradictory statements. Because the correct answer directly summarizes the recurring subject of the text while the distractors are either minor details or factually unsupported, the item requires only a foundational ability to synthesize information across paragraphs.","Original Text: 1) Some birds that are here today are smaller than they were many years ago. Why is this happening? It is a mystery. How do scientists study a mystery? 2) First, scientists try to understand the bird’s skeletal and muscular systems. Those systems help birds to fly. One thing scientists know is that birds’ bones are hollow inside. So, they don’t weigh much. Birds’ skeletons weigh less than their feathers. They have also learned that a bird wing works like a human arm. Birds contract their chest muscles to make their wings flap. 3) Second, scientists try to diagnose the reasons that the birds’ bodies might have changed over time. Some scientists thought that birds’ skeletal or muscular systems might have changed. So, they studied migratory birds in North America. Migratory birds fly long distances to warmer places for the winter. 4) Third, scientists measured the physical characteristics of the birds. They measured the size of the birds’ bones. They found some of the birds’ bones were shorter than they were 40 years ago. For example, the lower leg bone of many birds is smaller. 5) Fourth, scientists measured the migratory birds’ wings. They found the birds’ wings are longer than they used to be. 6) Many scientists asked, “Why are the birds’ bones smaller than they used be. But their wings are longer?” They thought about the long distance the birds fly in winter. They thought that the birds’ bodies changed to adapt to the long winter flight. They would need a lot of energy for the flight. A smaller body would have smaller muscles and less fat. But smaller bones and longer wings would make flying easier. 7) Over time, these characteristics of birds have become more common. The scientists came up with some very good ideas about why these skeletal changes might be occurring.: 5. What is the main idea of this passage?
c. Birds change over time
d. Birds have remained the same
a. Many birds have been dying
b. Birds migrate to warmer climates
The core task of this item is to identify the main idea of a provided text detailing how scientists investigate the physical changes and adaptations of migratory birds over time.
To identify the primary knowledge domain, skill, clinical symptom, attitudinal belief, or psychological construct this item attempts to measure along with a concise justification:

**Primary Skill:** Reading Comprehension (Identifying the Main Idea)

**Justification:** The question explicitly asks the reader to synthesize the provided informational text about scientific observations of avian adaptations and select the option that best summarizes the overarching theme of the passage.
Evaluating the cognitive demand and structural complexity of the provided reading comprehension question regarding the text's central theme:

This cognitive item requires synthesis and abstraction to determine the overarching concept from the provided paragraphs. The cognitive load is increased by the tricky distractor ""b. Birds migrate to warmer climates,"" which is a factually correct supporting detail explicitly stated in the text that the reader must distinguish from the primary focus. Furthermore, the correct answer (""c. Birds change over time"") relies on broad, generalized phrasing, requiring the reader to abstract the specific examples of skeletal and muscular adaptations into a universal concept. Structurally, the non-sequential ordering of the multiple-choice options (c, d, a, b) introduces minor visual and cognitive friction during selection.
Assessing the overall level of the underlying latent trait required to successfully answer this item about the passage's main idea indicates that a low to moderate level of reading comprehension is needed. The respondent must only perform basic synthesis of explicitly stated and frequently repeated information to identify the correct answer.","Original Text: 1) Some birds that are here today are smaller than they were many years ago. Why is this happening? It is a mystery. How do scientists study a mystery? 2) First, scientists try to understand the bird’s skeletal and muscular systems. Those systems help birds to fly. One thing scientists know is that birds’ bones are hollow inside. So, they don’t weigh much. Birds’ skeletons weigh less than their feathers. They have also learned that a bird wing works like a human arm. Birds contract their chest muscles to make their wings flap. 3) Second, scientists try to diagnose the reasons that the birds’ bodies might have changed over time. Some scientists thought that birds’ skeletal or muscular systems might have changed. So, they studied migratory birds in North America. Migratory birds fly long distances to warmer places for the winter. 4) Third, scientists measured the physical characteristics of the birds. They measured the size of the birds’ bones. They found some of the birds’ bones were shorter than they were 40 years ago. For example, the lower leg bone of many birds is smaller. 5) Fourth, scientists measured the migratory birds’ wings. They found the birds’ wings are longer than they used to be. 6) Many scientists asked, “Why are the birds’ bones smaller than they used be. But their wings are longer?” They thought about the long distance the birds fly in winter. They thought that the birds’ bodies changed to adapt to the long winter flight. They would need a lot of energy for the flight. A smaller body would have smaller muscles and less fat. But smaller bones and longer wings would make flying easier. 7) Over time, these characteristics of birds have become more common. The scientists came up with some very good ideas about why these skeletal changes might be occurring.: 5. What is the main idea of this passage?
c. Birds change over time
d. Birds have remained the same
a. Many birds have been dying
b. Birds migrate to warmer climates
The core task is a multiple-choice reading comprehension question that requires identifying the central idea of a passage describing how scientists investigate the physical adaptations and skeletal changes occurring in birds over time.
**Construct/Skill Measured:** Reading Comprehension: Identifying the Central/Main Idea

**Justification:** The item evaluates a reader's ability to analyze informational text by requiring them to synthesize supporting details—specifically how and why scientists observe physical adaptations in avian species—and extract the overarching, unifying theme of the passage.
**Demand Level:**  
Evaluating the cognitive processing demands of this reading comprehension item indicates that it requires **synthesis**. The reader must integrate information across all seven structured paragraphs to determine the overarching theme rather than retrieving a single isolated fact through rote recall.

**Elements Affecting Cognitive Load:**
* **Supporting Detail Distractor:** Option (b) (""Birds migrate to warmer climates"") acts as a plausible distractor because migration is explicitly discussed in the text, requiring the reader to differentiate between a supporting detail and the global main idea.
* **Direct Contradiction Distractor:** Option (d) directly opposes the central thesis, requiring basic negation filtering.
* **Non-Standard Formatting:** The scrambled labeling order (c, d, a, b) introduces minor structural noise.
* **Low Syntactic Complexity:** Short, numbered paragraphs and straightforward chronological transitions (""First,"" ""Second,"" ""Third"") keep the overall linguistic demand and processing burden relatively low.
To correctly identify the central theme of this passage, a respondent requires a **low-to-moderate level of reading comprehension ability**. The passage features straightforward vocabulary, a repetitive explanatory structure, and explicitly states the core concept—that birds' physical structures adapt and change over time—making the correct answer easily distinguishable from the simplistic, easily eliminated distractors with only foundational text-synthesis skills.","Original Text: 1) Some birds that are here today are smaller than they were many years ago. Why is this happening? It is a mystery. How do scientists study a mystery? 2) First, scientists try to understand the bird’s skeletal and muscular systems. Those systems help birds to fly. One thing scientists know is that birds’ bones are hollow inside. So, they don’t weigh much. Birds’ skeletons weigh less than their feathers. They have also learned that a bird wing works like a human arm. Birds contract their chest muscles to make their wings flap. 3) Second, scientists try to diagnose the reasons that the birds’ bodies might have changed over time. Some scientists thought that birds’ skeletal or muscular systems might have changed. So, they studied migratory birds in North America. Migratory birds fly long distances to warmer places for the winter. 4) Third, scientists measured the physical characteristics of the birds. They measured the size of the birds’ bones. They found some of the birds’ bones were shorter than they were 40 years ago. For example, the lower leg bone of many birds is smaller. 5) Fourth, scientists measured the migratory birds’ wings. They found the birds’ wings are longer than they used to be. 6) Many scientists asked, “Why are the birds’ bones smaller than they used be. But their wings are longer?” They thought about the long distance the birds fly in winter. They thought that the birds’ bodies changed to adapt to the long winter flight. They would need a lot of energy for the flight. A smaller body would have smaller muscles and less fat. But smaller bones and longer wings would make flying easier. 7) Over time, these characteristics of birds have become more common. The scientists came up with some very good ideas about why these skeletal changes might be occurring.: 5. What is the main idea of this passage?
c. Birds change over time
d. Birds have remained the same
a. Many birds have been dying
b. Birds migrate to warmer climates
The item asks for the main idea of a passage explaining how scientists investigate why some birds have changed over time, with the best answer being that birds change over time.
Primary construct: reading comprehension / main idea identification. The item asks the reader to infer the passage’s central theme from supporting details, which is that birds change over time.
This is a low-severity reading-comprehension item that mainly requires synthesis across multiple details to identify the passage’s central idea. The wording is straightforward, but the multi-step structure, scientific explanation, and distractors that mention related facts (migration, death, sameness) raise the selection threshold slightly.
A low-to-moderate reading comprehension and inference level is needed: the respondent must identify the passage’s central scientific explanation that birds are changing over time, rather than just recalling a detail about migration or anatomy.","Original Text: 1) Some birds that are here today are smaller than they were many years ago. Why is this happening? It is a mystery. How do scientists study a mystery? 2) First, scientists try to understand the bird’s skeletal and muscular systems. Those systems help birds to fly. One thing scientists know is that birds’ bones are hollow inside. So, they don’t weigh much. Birds’ skeletons weigh less than their feathers. They have also learned that a bird wing works like a human arm. Birds contract their chest muscles to make their wings flap. 3) Second, scientists try to diagnose the reasons that the birds’ bodies might have changed over time. Some scientists thought that birds’ skeletal or muscular systems might have changed. So, they studied migratory birds in North America. Migratory birds fly long distances to warmer places for the winter. 4) Third, scientists measured the physical characteristics of the birds. They measured the size of the birds’ bones. They found some of the birds’ bones were shorter than they were 40 years ago. For example, the lower leg bone of many birds is smaller. 5) Fourth, scientists measured the migratory birds’ wings. They found the birds’ wings are longer than they used to be. 6) Many scientists asked, “Why are the birds’ bones smaller than they used be. But their wings are longer?” They thought about the long distance the birds fly in winter. They thought that the birds’ bodies changed to adapt to the long winter flight. They would need a lot of energy for the flight. A smaller body would have smaller muscles and less fat. But smaller bones and longer wings would make flying easier. 7) Over time, these characteristics of birds have become more common. The scientists came up with some very good ideas about why these skeletal changes might be occurring.: 5. What is the main idea of this passage?
c. Birds change over time
d. Birds have remained the same
a. Many birds have been dying
b. Birds migrate to warmer climates
The core task is to identify the passage’s main idea: scientists have found that some birds are changing over time, becoming smaller with longer wings as an adaptation that may help migration.
This item is primarily measuring **reading comprehension, specifically main idea identification**. The task asks the reader to synthesize the passage’s central message—scientists observed that birds’ bodies have changed over time and developed explanations for those changes—rather than recall a single detail.
Core ask: assess the item’s cognitive demand and note wording/structure that raises difficulty.

This is a moderate cognitive-demand reading-comprehension item. It mainly requires synthesis of the whole passage to identify the main idea, not mere recall. The reader must integrate multiple paragraphs about shrinking bones, longer wings, migration, and scientific explanations, then choose the broadest summary.

Load-increasing elements:
- Long, multi-paragraph passage with sequential structure (“First… Second… Third…”).
- Main-idea question requires abstraction across details rather than locating one sentence.
- Distractors are partially supported by the passage: birds do migrate, and birds do change over time, but only one best captures the passage’s focus.
- Some awkward/incorrect phrasing and punctuation (“used be,” answer choices out of order) may add minor confusion.
- No severe emotional wording or endorsement threshold applies; this is a cognitive item, not an attitudinal one.
This item appears to require a moderate level of the latent trait: a respondent needs enough reading comprehension and main-idea integration skill to synthesize the passage’s repeated focus on body changes over time, but not an especially high level because the correct answer is broadly stated and strongly supported throughout.","Original Text: 1) Some birds that are here today are smaller than they were many years ago. Why is this happening? It is a mystery. How do scientists study a mystery? 2) First, scientists try to understand the bird’s skeletal and muscular systems. Those systems help birds to fly. One thing scientists know is that birds’ bones are hollow inside. So, they don’t weigh much. Birds’ skeletons weigh less than their feathers. They have also learned that a bird wing works like a human arm. Birds contract their chest muscles to make their wings flap. 3) Second, scientists try to diagnose the reasons that the birds’ bodies might have changed over time. Some scientists thought that birds’ skeletal or muscular systems might have changed. So, they studied migratory birds in North America. Migratory birds fly long distances to warmer places for the winter. 4) Third, scientists measured the physical characteristics of the birds. They measured the size of the birds’ bones. They found some of the birds’ bones were shorter than they were 40 years ago. For example, the lower leg bone of many birds is smaller. 5) Fourth, scientists measured the migratory birds’ wings. They found the birds’ wings are longer than they used to be. 6) Many scientists asked, “Why are the birds’ bones smaller than they used be. But their wings are longer?” They thought about the long distance the birds fly in winter. They thought that the birds’ bodies changed to adapt to the long winter flight. They would need a lot of energy for the flight. A smaller body would have smaller muscles and less fat. But smaller bones and longer wings would make flying easier. 7) Over time, these characteristics of birds have become more common. The scientists came up with some very good ideas about why these skeletal changes might be occurring.: 5. What is the main idea of this passage?
c. Birds change over time
d. Birds have remained the same
a. Many birds have been dying
b. Birds migrate to warmer climates
Identify the passage’s main idea: birds’ physical characteristics change over time, likely to adapt to migration.
**Primary skill:** Reading comprehension—identifying the passage’s main idea.  

**Justification:** The correct choice is **c. Birds change over time**, because the passage explains how migratory birds’ body characteristics, including bone size and wing length, have changed over generations.
This is a **moderate-demand synthesis item**: selecting the main idea requires integrating the passage’s repeated evidence that birds’ skeletal and wing characteristics have changed over time, rather than recalling one detail.

- **Correct answer:** c. Birds change over time.
- **Cognitive demand:** Whole-passage synthesis and distinguishing the central idea from supporting details.
- **Load-increasing elements:** Long informational passage, multiple sequential scientific steps, contrasting changes (smaller bones but longer wings), and several plausible but narrower distractors involving migration, death, or no change.
- **Distractor quality:** “Birds migrate to warmer climates” is a relevant detail, while “remained the same” directly contradicts the passage; no major conditional logic or complex phrasing is present.
The item requires a **low-to-moderate level of cognitive ability**, primarily basic reading comprehension and identifying the passage’s central idea rather than recalling a specific detail.","Original Text: 1) Some birds that are here today are smaller than they were many years ago. Why is this happening? It is a mystery. How do scientists study a mystery? 2) First, scientists try to understand the bird’s skeletal and muscular systems. Those systems help birds to fly. One thing scientists know is that birds’ bones are hollow inside. So, they don’t weigh much. Birds’ skeletons weigh less than their feathers. They have also learned that a bird wing works like a human arm. Birds contract their chest muscles to make their wings flap. 3) Second, scientists try to diagnose the reasons that the birds’ bodies might have changed over time. Some scientists thought that birds’ skeletal or muscular systems might have changed. So, they studied migratory birds in North America. Migratory birds fly long distances to warmer places for the winter. 4) Third, scientists measured the physical characteristics of the birds. They measured the size of the birds’ bones. They found some of the birds’ bones were shorter than they were 40 years ago. For example, the lower leg bone of many birds is smaller. 5) Fourth, scientists measured the migratory birds’ wings. They found the birds’ wings are longer than they used to be. 6) Many scientists asked, “Why are the birds’ bones smaller than they used be. But their wings are longer?” They thought about the long distance the birds fly in winter. They thought that the birds’ bodies changed to adapt to the long winter flight. They would need a lot of energy for the flight. A smaller body would have smaller muscles and less fat. But smaller bones and longer wings would make flying easier. 7) Over time, these characteristics of birds have become more common. The scientists came up with some very good ideas about why these skeletal changes might be occurring.: 5. What is the main idea of this passage?
c. Birds change over time
d. Birds have remained the same
a. Many birds have been dying
b. Birds migrate to warmer climates
Identify the passage’s main idea: birds’ bodies and skeletal features change over time.
**Reading comprehension—identifying the main idea.** The item assesses whether the respondent can synthesize the passage’s supporting details to select its central message: **birds change over time (c)**.
**Moderate cognitive demand:** requires synthesizing repeated evidence across the passage to identify the broad main idea, rather than simple recall. Temporal comparisons and causal explanations add some reasoning load. Distractors include a supporting detail (“migrate”), a direct contradiction (“remained the same”), and an unsupported claim (“dying”); awkward punctuation/wording slightly increases difficulty.
This item requires a **low to moderate level of reading comprehension**. Respondents need to identify the passage’s broad central idea—that birds change over time—while rejecting details or ideas contradicted by the text.",2.4224232543366395,-0.3226299315448221,-0.4587559283968571,-0.4697426699818951,0.6251631208229195,745.0,gilbert_meta_103,0.7579037416266478,0.3854663354257206,0.5875019688362126,0.29880078240100405,1.1189749380368774,0.42279075204744854,0.8166134670820732,0.30854723385084937,1.247766810766203,0.42106024697040956,0.9364265600791927,0.31599814585104824,0.8221700723875454,0.38717835111837967,0.7392086986272971,0.34810997709482633,1.0310246779458254,0.3946059310536691,0.7697274426959897,0.294599169815963,1.277548626159966,0.4245661167311703,0.953175080104317,0.3167674670366245,1.1444413282120074,0.41693166581325125,0.8383109017526064,0.305405224471564
cc_q33,"1) In many ways, skyscrapers are like the human body. They have bones that keep it tall and strong and skin to protect the body. They have a command center that is like a brain. 2)How do engineers design and build strong and smart skyscrapers? It is very challenging to build a skyscraper because there are many parts that have to work together. If one part is broken, the skyscraper will not work properly. 3)First, engineers need a strong and tall frame that supports the floors and walls. This frame is like the bones of a skyscraper. The bones of a skyscraper are made of concrete, steel and other materials. The columns are like the backbone of a human body. The columns go up. The steel columns hold up each floor. There are also steel beams that go across each floor. The steel columns and beams must be strong to resist the force of gravity. The steel columns and beams must work together to form a strong backbone. 4)Second, engineers need to design a command center. The command center is a computer that sends signals through wires in a skyscraper. For example, it sends signals to help bring fresh air into rooms, just like your lungs. The command center also controls the heating and air conditioning. It helps the building cool down when it’s too hot and warm up when it’s too cold. 5)A skyscraper has many different parts that work together. The bones make the building tall and strong. The skin protects the inside of the building. The skin of a skyscraper can be made of metal, stone, or glass. The brain controls the building temperature. 6)The anatomy of a skyscraper is like a human body. All the parts have to work together. That's how a city skyscraper works properly.",8. A skyscraper has a command center. Another word for command is,"1) In many ways, skyscrapers are like the human body. They have bones that keep it tall and strong and skin to protect the body. They have a command center that is like a brain. 2)How do engineers design and build strong and smart skyscrapers? It is very challenging to build a skyscraper because there are many parts that have to work together. If one part is broken, the skyscraper will not work properly. 3)First, engineers need a strong and tall frame that supports the floors and walls. This frame is like the bones of a skyscraper. The bones of a skyscraper are made of concrete, steel and other materials. The columns are like the backbone of a human body. The columns go up. The steel columns hold up each floor. There are also steel beams that go across each floor. The steel columns and beams must be strong to resist the force of gravity. The steel columns and beams must work together to form a strong backbone. 4)Second, engineers need to design a command center. The command center is a computer that sends signals through wires in a skyscraper. For example, it sends signals to help bring fresh air into rooms, just like your lungs. The command center also controls the heating and air conditioning. It helps the building cool down when it’s too hot and warm up when it’s too cold. 5)A skyscraper has many different parts that work together. The bones make the building tall and strong. The skin protects the inside of the building. The skin of a skyscraper can be made of metal, stone, or glass. The brain controls the building temperature. 6)The anatomy of a skyscraper is like a human body. All the parts have to work together. That's how a city skyscraper works properly.: 8. A skyscraper has a command center. Another word for command is
a. control
b. check
d. work
c. help","Original Text: 1) In many ways, skyscrapers are like the human body. They have bones that keep it tall and strong and skin to protect the body. They have a command center that is like a brain. 2)How do engineers design and build strong and smart skyscrapers? It is very challenging to build a skyscraper because there are many parts that have to work together. If one part is broken, the skyscraper will not work properly. 3)First, engineers need a strong and tall frame that supports the floors and walls. This frame is like the bones of a skyscraper. The bones of a skyscraper are made of concrete, steel and other materials. The columns are like the backbone of a human body. The columns go up. The steel columns hold up each floor. There are also steel beams that go across each floor. The steel columns and beams must be strong to resist the force of gravity. The steel columns and beams must work together to form a strong backbone. 4)Second, engineers need to design a command center. The command center is a computer that sends signals through wires in a skyscraper. For example, it sends signals to help bring fresh air into rooms, just like your lungs. The command center also controls the heating and air conditioning. It helps the building cool down when it’s too hot and warm up when it’s too cold. 5)A skyscraper has many different parts that work together. The bones make the building tall and strong. The skin protects the inside of the building. The skin of a skyscraper can be made of metal, stone, or glass. The brain controls the building temperature. 6)The anatomy of a skyscraper is like a human body. All the parts have to work together. That's how a city skyscraper works properly.: 8. A skyscraper has a command center. Another word for command is
a. control
b. check
d. work
c. help
This item asks for a synonym for the word ""command"" within the context of a skyscraper's ""command center"" as described in the provided analogy between building systems and human anatomy.
This analysis identifies the primary construct measured by the multiple-choice question regarding the definition of the word ""command.""

**Primary Skill:** Contextual Vocabulary Knowledge

**Justification:** The item requires the reader to identify a synonym for ""command"" by utilizing context clues within the text, which explicitly links the ""command center"" to a ""brain"" that ""controls"" the building's temperature and functions.
This analysis evaluates the cognitive demand and structural elements of the vocabulary item identifying a synonym for ""command.""

**Cognitive Demand:** The item requires **recall** of synonyms and **synthesis** of the text’s functional description. The reader must map the term ""command center"" to its operational role—controlling heating and air conditioning—as described in paragraph 4.

**Structural/Semantic Elements:** The item employs **contextual synonymy** within an **extended analogy** (comparing a building to a human body). The cognitive load is influenced by **explicit textual reinforcement**, as the passage directly uses the word ""controls"" to describe the command center's function. Distractors such as ""check"" and ""work"" serve as **semantic lures** that are tangentially relevant to engineering but lack the specific authoritative meaning required.
To describe the level of the latent trait required to identify a synonym for ""command"" in the context of the provided text, this item necessitates a **low to moderate level of verbal-linguistic ability**. Specifically, the respondent must possess sufficient **contextual vocabulary knowledge** and **synonym recognition** to map the functional description of a ""command center""—which the text explicitly links to ""controlling"" systems—to the correct lexical equivalent.","Original Text: 1) In many ways, skyscrapers are like the human body. They have bones that keep it tall and strong and skin to protect the body. They have a command center that is like a brain. 2)How do engineers design and build strong and smart skyscrapers? It is very challenging to build a skyscraper because there are many parts that have to work together. If one part is broken, the skyscraper will not work properly. 3)First, engineers need a strong and tall frame that supports the floors and walls. This frame is like the bones of a skyscraper. The bones of a skyscraper are made of concrete, steel and other materials. The columns are like the backbone of a human body. The columns go up. The steel columns hold up each floor. There are also steel beams that go across each floor. The steel columns and beams must be strong to resist the force of gravity. The steel columns and beams must work together to form a strong backbone. 4)Second, engineers need to design a command center. The command center is a computer that sends signals through wires in a skyscraper. For example, it sends signals to help bring fresh air into rooms, just like your lungs. The command center also controls the heating and air conditioning. It helps the building cool down when it’s too hot and warm up when it’s too cold. 5)A skyscraper has many different parts that work together. The bones make the building tall and strong. The skin protects the inside of the building. The skin of a skyscraper can be made of metal, stone, or glass. The brain controls the building temperature. 6)The anatomy of a skyscraper is like a human body. All the parts have to work together. That's how a city skyscraper works properly.: 8. A skyscraper has a command center. Another word for command is
a. control
b. check
d. work
c. help
The objective of this prompt is to provide a summary of the item's central question or scenario. The core task presented in the item is to read an informational passage comparing the structure of a skyscraper to human anatomy and select a synonym for the word ""command"" from the provided multiple-choice options.
The objective is to determine the primary skill evaluated by the provided text and question, along with a brief rationale. 

**Primary Skill:** Vocabulary knowledge (contextual synonym identification).

**Justification:** The multiple-choice question explicitly requires the reader to select a word that shares the same meaning as the target word (""command"") as it is used within the reading passage.
To analyze the cognitive demand and structural complexity of the provided reading comprehension item:

This cognitive item requires basic recall and single-step reasoning to identify a synonym (""control"" for ""command"") using context clues. The cognitive load is low, supported by a straightforward analogy comparing a building's systems to a human body. The primary structural element that slightly increases the visual processing demand is the non-sequential ordering of the multiple-choice distractors (a, b, d, c).
The overall level of the underlying latent trait (reading comprehension and cognitive ability) required for a respondent to successfully answer this vocabulary-in-context item is low. The text explicitly uses the correct answer (""controls"") to describe the function of the ""command center,"" meaning the respondent only needs basic literal comprehension and elementary vocabulary skills to identify the synonym.","Original Text: 1) In many ways, skyscrapers are like the human body. They have bones that keep it tall and strong and skin to protect the body. They have a command center that is like a brain. 2)How do engineers design and build strong and smart skyscrapers? It is very challenging to build a skyscraper because there are many parts that have to work together. If one part is broken, the skyscraper will not work properly. 3)First, engineers need a strong and tall frame that supports the floors and walls. This frame is like the bones of a skyscraper. The bones of a skyscraper are made of concrete, steel and other materials. The columns are like the backbone of a human body. The columns go up. The steel columns hold up each floor. There are also steel beams that go across each floor. The steel columns and beams must be strong to resist the force of gravity. The steel columns and beams must work together to form a strong backbone. 4)Second, engineers need to design a command center. The command center is a computer that sends signals through wires in a skyscraper. For example, it sends signals to help bring fresh air into rooms, just like your lungs. The command center also controls the heating and air conditioning. It helps the building cool down when it’s too hot and warm up when it’s too cold. 5)A skyscraper has many different parts that work together. The bones make the building tall and strong. The skin protects the inside of the building. The skin of a skyscraper can be made of metal, stone, or glass. The brain controls the building temperature. 6)The anatomy of a skyscraper is like a human body. All the parts have to work together. That's how a city skyscraper works properly.: 8. A skyscraper has a command center. Another word for command is
a. control
b. check
d. work
c. help
The core task presented in this item is a multiple-choice reading comprehension question that requires identifying the correct synonym for the word ""command"" based on an informational text that compares skyscraper systems to the human body.
The construct this assessment item is designed to evaluate is **contextual vocabulary knowledge (synonym identification)** within the domain of **reading comprehension / English Language Arts**. 

**Justification:** The question directly tests the reader's ability to identify an accurate synonym for the target word ""command"" (""control"") based on general lexical knowledge and the functional context established within the passage.
**Cognitive Demand Analysis:**
This is a low-demand cognitive item requiring simple vocabulary recall and single-step contextual retrieval, rather than multi-step reasoning or synthesis. 

**Structural and Semantic Elements:**
* **Context Clues:** The passage explicitly links the function of the ""command center"" to the word ""controls"" in paragraphs 4 and 5, lowering the inferential threshold to basic text-matching.
* **Distractor Plausibility:** The incorrect options (*check*, *work*, *help*) are contextually adjacent actions but semantically distant from ""command,"" creating minimal cognitive interference.
* **Structural Anomaly:** The response options feature disordered lettering (a, b, d, c), which introduces minor visual/clerical friction but does not increase conceptual difficulty.
A respondent requires a **low to basic level of verbal cognitive ability and reading comprehension** to correctly answer this item, as identifying ""control"" as a synonym for ""command"" relies on elementary vocabulary knowledge and direct contextual reinforcement provided within the passage.","Original Text: 1) In many ways, skyscrapers are like the human body. They have bones that keep it tall and strong and skin to protect the body. They have a command center that is like a brain. 2)How do engineers design and build strong and smart skyscrapers? It is very challenging to build a skyscraper because there are many parts that have to work together. If one part is broken, the skyscraper will not work properly. 3)First, engineers need a strong and tall frame that supports the floors and walls. This frame is like the bones of a skyscraper. The bones of a skyscraper are made of concrete, steel and other materials. The columns are like the backbone of a human body. The columns go up. The steel columns hold up each floor. There are also steel beams that go across each floor. The steel columns and beams must be strong to resist the force of gravity. The steel columns and beams must work together to form a strong backbone. 4)Second, engineers need to design a command center. The command center is a computer that sends signals through wires in a skyscraper. For example, it sends signals to help bring fresh air into rooms, just like your lungs. The command center also controls the heating and air conditioning. It helps the building cool down when it’s too hot and warm up when it’s too cold. 5)A skyscraper has many different parts that work together. The bones make the building tall and strong. The skin protects the inside of the building. The skin of a skyscraper can be made of metal, stone, or glass. The brain controls the building temperature. 6)The anatomy of a skyscraper is like a human body. All the parts have to work together. That's how a city skyscraper works properly.: 8. A skyscraper has a command center. Another word for command is
a. control
b. check
d. work
c. help
The item asks for the meaning of “command” in the phrase “command center” for a skyscraper, identifying the correct synonym as **control**.
Primary domain: reading comprehension / vocabulary in context. It measures understanding of a word’s meaning from passage context, specifically that “command” means “control.”
This is a low-demand vocabulary item requiring simple recall/recognition, not multi-step reasoning or synthesis. The correct choice is strongly cued by the passage’s explicit synonym context (“command center” = “control”), so endorsement is easy. Structural load is minimal: one direct question, a clear semantic match, and no tricky distractors or conditional logic.
A very low level of the latent trait is needed; this is a straightforward vocabulary item that mainly requires basic word knowledge, not strong cognitive ability.","Original Text: 1) In many ways, skyscrapers are like the human body. They have bones that keep it tall and strong and skin to protect the body. They have a command center that is like a brain. 2)How do engineers design and build strong and smart skyscrapers? It is very challenging to build a skyscraper because there are many parts that have to work together. If one part is broken, the skyscraper will not work properly. 3)First, engineers need a strong and tall frame that supports the floors and walls. This frame is like the bones of a skyscraper. The bones of a skyscraper are made of concrete, steel and other materials. The columns are like the backbone of a human body. The columns go up. The steel columns hold up each floor. There are also steel beams that go across each floor. The steel columns and beams must be strong to resist the force of gravity. The steel columns and beams must work together to form a strong backbone. 4)Second, engineers need to design a command center. The command center is a computer that sends signals through wires in a skyscraper. For example, it sends signals to help bring fresh air into rooms, just like your lungs. The command center also controls the heating and air conditioning. It helps the building cool down when it’s too hot and warm up when it’s too cold. 5)A skyscraper has many different parts that work together. The bones make the building tall and strong. The skin protects the inside of the building. The skin of a skyscraper can be made of metal, stone, or glass. The brain controls the building temperature. 6)The anatomy of a skyscraper is like a human body. All the parts have to work together. That's how a city skyscraper works properly.: 8. A skyscraper has a command center. Another word for command is
a. control
b. check
d. work
c. help
The item asks for the meaning of “command” in “a skyscraper has a command center,” using the passage’s explanation that the command center directs and manages building systems, so the correct idea is “control.”
This item is primarily measuring **reading comprehension/vocabulary in context**. It asks the reader to infer the meaning of **“command”** from the passage’s explanation that the command center “controls” building functions, so the correct synonym is supported by contextual understanding rather than background knowledge alone.
Core ask: assess the item’s cognitive demand and note wording/structure that affects difficulty.

Low demand: mainly direct vocabulary recall from context, not multi-step reasoning or synthesis. The passage explicitly defines “command center” as something that “controls” building functions, so the correct synonym is strongly cued.

Load/threshold factors: long passage adds reading load; analogy-heavy wording (skyscraper/body) could mildly distract; item requires mapping “command” to a synonym rather than quoting directly. Distractors (“check,” “work,” “help”) are simple and not especially tricky. No conditional logic, emotional wording, or high endorsement threshold.
The core ask is the latent trait level needed to get this item right: this appears to require a relatively low underlying level of the trait, since the answer (“control”) is directly supported by the passage and common vocabulary knowledge, making it an easy item that successful respondents would likely have below-average to average ability rather than needing a high level.","Original Text: 1) In many ways, skyscrapers are like the human body. They have bones that keep it tall and strong and skin to protect the body. They have a command center that is like a brain. 2)How do engineers design and build strong and smart skyscrapers? It is very challenging to build a skyscraper because there are many parts that have to work together. If one part is broken, the skyscraper will not work properly. 3)First, engineers need a strong and tall frame that supports the floors and walls. This frame is like the bones of a skyscraper. The bones of a skyscraper are made of concrete, steel and other materials. The columns are like the backbone of a human body. The columns go up. The steel columns hold up each floor. There are also steel beams that go across each floor. The steel columns and beams must be strong to resist the force of gravity. The steel columns and beams must work together to form a strong backbone. 4)Second, engineers need to design a command center. The command center is a computer that sends signals through wires in a skyscraper. For example, it sends signals to help bring fresh air into rooms, just like your lungs. The command center also controls the heating and air conditioning. It helps the building cool down when it’s too hot and warm up when it’s too cold. 5)A skyscraper has many different parts that work together. The bones make the building tall and strong. The skin protects the inside of the building. The skin of a skyscraper can be made of metal, stone, or glass. The brain controls the building temperature. 6)The anatomy of a skyscraper is like a human body. All the parts have to work together. That's how a city skyscraper works properly.: 8. A skyscraper has a command center. Another word for command is
a. control
b. check
d. work
c. help
Identify the synonym for “command” in the passage: **control**.
**Primary domain:** Vocabulary—synonyms and word meaning in context.  

**Justification:** The item asks students to identify the synonym of “command” as used in the passage; the correct answer is **“control.”**
This is a low-demand vocabulary item requiring simple recall or recognition of a synonym from context, not multi-step reasoning or synthesis. The target word “command” is explicitly linked to the building’s controlling “command center,” making **“control”** readily identifiable. Distractors (“check,” “work,” “help”) are common but semantically less precise. The scrambled option order (a, b, d, c) adds minor structural distraction; no complex phrasing, conditional logic, or strong emotional content is present.
The item requires a **low level of verbal and reading comprehension ability**: the respondent must recognize that “command” means “control,” using the passage’s context.","Original Text: 1) In many ways, skyscrapers are like the human body. They have bones that keep it tall and strong and skin to protect the body. They have a command center that is like a brain. 2)How do engineers design and build strong and smart skyscrapers? It is very challenging to build a skyscraper because there are many parts that have to work together. If one part is broken, the skyscraper will not work properly. 3)First, engineers need a strong and tall frame that supports the floors and walls. This frame is like the bones of a skyscraper. The bones of a skyscraper are made of concrete, steel and other materials. The columns are like the backbone of a human body. The columns go up. The steel columns hold up each floor. There are also steel beams that go across each floor. The steel columns and beams must be strong to resist the force of gravity. The steel columns and beams must work together to form a strong backbone. 4)Second, engineers need to design a command center. The command center is a computer that sends signals through wires in a skyscraper. For example, it sends signals to help bring fresh air into rooms, just like your lungs. The command center also controls the heating and air conditioning. It helps the building cool down when it’s too hot and warm up when it’s too cold. 5)A skyscraper has many different parts that work together. The bones make the building tall and strong. The skin protects the inside of the building. The skin of a skyscraper can be made of metal, stone, or glass. The brain controls the building temperature. 6)The anatomy of a skyscraper is like a human body. All the parts have to work together. That's how a city skyscraper works properly.: 8. A skyscraper has a command center. Another word for command is
a. control
b. check
d. work
c. help
Identify a synonym for “command” in the phrase “command center.”
**Primary skill: Vocabulary in context.** The item measures whether the reader can infer that “command,” as used in “command center,” means **control** (choice a).
Low cognitive demand: requires basic vocabulary recall or a one-step contextual synonym inference. “Control” is the clear answer, reinforced by the passage stating the command center “controls” building systems. Distractors are loosely related verbs, and the out-of-order option labels add minor structural confusion. No conditional logic, synthesis, or emotional severity is involved.
This item requires a **low level of reading comprehension and vocabulary ability**, as “command” directly means **control** in the passage.",2.0573677874220326,-0.497264742957712,-0.7419350868736669,-0.7689826158483105,0.4634843701758243,617.0,gilbert_meta_103,-1.147287639725634,0.4370004989153392,-0.889339516537574,0.33874836525301316,-2.1767478411392354,0.533397248635902,-1.5885624790083965,0.38926642745438095,-2.272247657543861,0.5271179700127406,-1.7052810182498839,0.3955925603693959,-2.7778456173159536,0.624553446262587,-2.497546082893363,0.5615326508957882,-2.821911319186281,0.6416894982198498,-2.106741603469413,0.4790632339215366,-2.4006930879466726,0.5230523101165573,-1.791149690550351,0.3902477114257967,-2.2737422179586964,0.5262524533036248,-1.6655313314033175,0.38548343003981217
cc_q19,"1) Some birds that are here today are smaller than they were many years ago. Why is this happening? It is a mystery. How do scientists study a mystery? 2) First, scientists try to understand the bird’s skeletal and muscular systems. Those systems help birds to fly. One thing scientists know is that birds’ bones are hollow inside. So, they don’t weigh much. Birds’ skeletons weigh less than their feathers. They have also learned that a bird wing works like a human arm. Birds contract their chest muscles to make their wings flap. 3) Second, scientists try to diagnose the reasons that the birds’ bodies might have changed over time. Some scientists thought that birds’ skeletal or muscular systems might have changed. So, they studied migratory birds in North America. Migratory birds fly long distances to warmer places for the winter. 4) Third, scientists measured the physical characteristics of the birds. They measured the size of the birds’ bones. They found some of the birds’ bones were shorter than they were 40 years ago. For example, the lower leg bone of many birds is smaller. 5) Fourth, scientists measured the migratory birds’ wings. They found the birds’ wings are longer than they used to be. 6) Many scientists asked, “Why are the birds’ bones smaller than they used be. But their wings are longer?” They thought about the long distance the birds fly in winter. They thought that the birds’ bodies changed to adapt to the long winter flight. They would need a lot of energy for the flight. A smaller body would have smaller muscles and less fat. But smaller bones and longer wings would make flying easier. 7) Over time, these characteristics of birds have become more common. The scientists came up with some very good ideas about why these skeletal changes might be occurring.","6. In paragraph 3, what is another word for diagnose?","1) Some birds that are here today are smaller than they were many years ago. Why is this happening? It is a mystery. How do scientists study a mystery? 2) First, scientists try to understand the bird’s skeletal and muscular systems. Those systems help birds to fly. One thing scientists know is that birds’ bones are hollow inside. So, they don’t weigh much. Birds’ skeletons weigh less than their feathers. They have also learned that a bird wing works like a human arm. Birds contract their chest muscles to make their wings flap. 3) Second, scientists try to diagnose the reasons that the birds’ bodies might have changed over time. Some scientists thought that birds’ skeletal or muscular systems might have changed. So, they studied migratory birds in North America. Migratory birds fly long distances to warmer places for the winter. 4) Third, scientists measured the physical characteristics of the birds. They measured the size of the birds’ bones. They found some of the birds’ bones were shorter than they were 40 years ago. For example, the lower leg bone of many birds is smaller. 5) Fourth, scientists measured the migratory birds’ wings. They found the birds’ wings are longer than they used to be. 6) Many scientists asked, “Why are the birds’ bones smaller than they used be. But their wings are longer?” They thought about the long distance the birds fly in winter. They thought that the birds’ bodies changed to adapt to the long winter flight. They would need a lot of energy for the flight. A smaller body would have smaller muscles and less fat. But smaller bones and longer wings would make flying easier. 7) Over time, these characteristics of birds have become more common. The scientists came up with some very good ideas about why these skeletal changes might be occurring.: 6. In paragraph 3, what is another word for diagnose?
d. distance
c. identify
a. migrate
b. change","Original Text: 1) Some birds that are here today are smaller than they were many years ago. Why is this happening? It is a mystery. How do scientists study a mystery? 2) First, scientists try to understand the bird’s skeletal and muscular systems. Those systems help birds to fly. One thing scientists know is that birds’ bones are hollow inside. So, they don’t weigh much. Birds’ skeletons weigh less than their feathers. They have also learned that a bird wing works like a human arm. Birds contract their chest muscles to make their wings flap. 3) Second, scientists try to diagnose the reasons that the birds’ bodies might have changed over time. Some scientists thought that birds’ skeletal or muscular systems might have changed. So, they studied migratory birds in North America. Migratory birds fly long distances to warmer places for the winter. 4) Third, scientists measured the physical characteristics of the birds. They measured the size of the birds’ bones. They found some of the birds’ bones were shorter than they were 40 years ago. For example, the lower leg bone of many birds is smaller. 5) Fourth, scientists measured the migratory birds’ wings. They found the birds’ wings are longer than they used to be. 6) Many scientists asked, “Why are the birds’ bones smaller than they used be. But their wings are longer?” They thought about the long distance the birds fly in winter. They thought that the birds’ bodies changed to adapt to the long winter flight. They would need a lot of energy for the flight. A smaller body would have smaller muscles and less fat. But smaller bones and longer wings would make flying easier. 7) Over time, these characteristics of birds have become more common. The scientists came up with some very good ideas about why these skeletal changes might be occurring.: 6. In paragraph 3, what is another word for diagnose?
d. distance
c. identify
a. migrate
b. change
This item asks the reader to identify a synonym for the word ""diagnose"" within a scenario describing how scientists investigate and explain physical adaptations in migratory birds.
This item measures the **skill** of **vocabulary-in-context** within the domain of reading comprehension.

**Justification:** The question requires the reader to determine the meaning of the word ""diagnose"" by analyzing its specific usage in paragraph 3, where the context involves scientists attempting to determine or ""identify"" the underlying causes of observed physical changes in birds.
This analysis evaluates the cognitive demand and structural complexity of the vocabulary-in-context item for the word ""diagnose.""

**Demand:**
This item requires **multi-step reasoning**. The student must locate the word in paragraph 3, analyze its functional role within the sentence (""diagnose the reasons""), and map that specific scientific usage to the correct synonym.

**Structural and Semantic Elements:**
*   **Thematic Distractors:** Options like ""migrate"" and ""change"" are high-frequency words within the text, increasing cognitive load by requiring the student to distinguish between the subject of the study and the action of the scientists.
*   **Domain-Specific Mapping:** The word ""diagnose"" is often associated with medicine; its use here in a general scientific inquiry context requires the student to bypass narrow definitions to identify the broader functional meaning.
*   **Contextual Logic:** The phrasing ""diagnose the reasons"" provides a semantic bridge to ""identify,"" but the student must ignore the proximity of the word ""changed"" in the same sentence to avoid a common error.
To describe the level of the latent trait required to correctly identify a synonym for ""diagnose"" in the provided text, this item necessitates a moderate level of verbal ability and reading comprehension. A respondent must possess the contextual reasoning skills to determine that ""identify"" is the appropriate substitute within a scientific inquiry framework, distinguishing it from thematic distractors like ""migrate"" or ""change"" that appear elsewhere in the passage.","Original Text: 1) Some birds that are here today are smaller than they were many years ago. Why is this happening? It is a mystery. How do scientists study a mystery? 2) First, scientists try to understand the bird’s skeletal and muscular systems. Those systems help birds to fly. One thing scientists know is that birds’ bones are hollow inside. So, they don’t weigh much. Birds’ skeletons weigh less than their feathers. They have also learned that a bird wing works like a human arm. Birds contract their chest muscles to make their wings flap. 3) Second, scientists try to diagnose the reasons that the birds’ bodies might have changed over time. Some scientists thought that birds’ skeletal or muscular systems might have changed. So, they studied migratory birds in North America. Migratory birds fly long distances to warmer places for the winter. 4) Third, scientists measured the physical characteristics of the birds. They measured the size of the birds’ bones. They found some of the birds’ bones were shorter than they were 40 years ago. For example, the lower leg bone of many birds is smaller. 5) Fourth, scientists measured the migratory birds’ wings. They found the birds’ wings are longer than they used to be. 6) Many scientists asked, “Why are the birds’ bones smaller than they used be. But their wings are longer?” They thought about the long distance the birds fly in winter. They thought that the birds’ bodies changed to adapt to the long winter flight. They would need a lot of energy for the flight. A smaller body would have smaller muscles and less fat. But smaller bones and longer wings would make flying easier. 7) Over time, these characteristics of birds have become more common. The scientists came up with some very good ideas about why these skeletal changes might be occurring.: 6. In paragraph 3, what is another word for diagnose?
d. distance
c. identify
a. migrate
b. change
The core task presented in this item is to use context clues from an informational passage about bird adaptation to identify a synonym for the word ""diagnose.""
The core objective is to determine the primary skill or construct assessed by the provided reading passage and multiple-choice question, accompanied by a brief rationale.

**Primary Skill:** Vocabulary in Context (Reading Comprehension)

**Justification:** The item requires the reader to deduce the meaning of the word ""diagnose"" using surrounding textual clues from the passage and to select the most accurate synonym from the provided options.
To analyze the cognitive demand and structural elements of this vocabulary-in-context item: 

This cognitive item requires synthesis, as the reader must integrate surrounding context clues in paragraph 3 to deduce the meaning of ""diagnose"" rather than relying solely on prior recall. The cognitive load is elevated by tricky, thematically relevant distractors (""migrate"" and ""change"") that appear frequently in the passage, tempting readers who rely on familiar text associations rather than accurate semantic substitution. Additionally, the non-sequential ordering of the answer choices (d, c, a, b) introduces minor structural friction.
The overall level of the underlying latent trait, specifically reading comprehension and vocabulary knowledge, required for a respondent to successfully answer the question asking for a synonym for ""diagnose"" is low to moderate, as it necessitates only basic contextual deduction and familiarity with common vocabulary.","Original Text: 1) Some birds that are here today are smaller than they were many years ago. Why is this happening? It is a mystery. How do scientists study a mystery? 2) First, scientists try to understand the bird’s skeletal and muscular systems. Those systems help birds to fly. One thing scientists know is that birds’ bones are hollow inside. So, they don’t weigh much. Birds’ skeletons weigh less than their feathers. They have also learned that a bird wing works like a human arm. Birds contract their chest muscles to make their wings flap. 3) Second, scientists try to diagnose the reasons that the birds’ bodies might have changed over time. Some scientists thought that birds’ skeletal or muscular systems might have changed. So, they studied migratory birds in North America. Migratory birds fly long distances to warmer places for the winter. 4) Third, scientists measured the physical characteristics of the birds. They measured the size of the birds’ bones. They found some of the birds’ bones were shorter than they were 40 years ago. For example, the lower leg bone of many birds is smaller. 5) Fourth, scientists measured the migratory birds’ wings. They found the birds’ wings are longer than they used to be. 6) Many scientists asked, “Why are the birds’ bones smaller than they used be. But their wings are longer?” They thought about the long distance the birds fly in winter. They thought that the birds’ bodies changed to adapt to the long winter flight. They would need a lot of energy for the flight. A smaller body would have smaller muscles and less fat. But smaller bones and longer wings would make flying easier. 7) Over time, these characteristics of birds have become more common. The scientists came up with some very good ideas about why these skeletal changes might be occurring.: 6. In paragraph 3, what is another word for diagnose?
d. distance
c. identify
a. migrate
b. change
The core task requires selecting the correct synonym for the word ""diagnose"" based on its contextual usage in the third paragraph of a passage describing how scientists investigate evolutionary changes in bird anatomy.
**Construct/Skill Measured:** Reading Comprehension: Vocabulary in Context (determining word meaning through context clues).

**Justification:** The item evaluates a reader's ability to deduce the contextual meaning and select an appropriate synonym for the target word (""diagnose"") based on how it is used within paragraph 3 of the informational passage.
This cognitive vocabulary-in-context item requires single-step contextual reasoning and semantic substitution rather than multi-step reasoning or high-level synthesis to determine the passage-specific meaning of a target word.

**Elements Influencing Cognitive Demand:**
* **Non-Clinical Contextual Usage:** The term *""diagnose""* is applied outside its standard medical framework to mean determining a cause (""diagnose the reasons""), requiring readers to generalize the definition beyond clinical illness to ""identify.""
* **Thematic Distractors:** The options include high-frequency keywords directly present in the target paragraph—specifically *""change,""* *""migrate,""* and *""distance""*—which increases the load for readers who rely on superficial thematic matching rather than evaluating syntactic and semantic fit.
The level of the underlying latent trait—specifically, reading comprehension and contextual vocabulary ability—required to correctly answer this item is low to moderate. A respondent needs only basic, grade-school-level cognitive and verbal proficiency to utilize surrounding context clues within an informational text and recognize that ""diagnose"" is synonymous with ""identify.""","Original Text: 1) Some birds that are here today are smaller than they were many years ago. Why is this happening? It is a mystery. How do scientists study a mystery? 2) First, scientists try to understand the bird’s skeletal and muscular systems. Those systems help birds to fly. One thing scientists know is that birds’ bones are hollow inside. So, they don’t weigh much. Birds’ skeletons weigh less than their feathers. They have also learned that a bird wing works like a human arm. Birds contract their chest muscles to make their wings flap. 3) Second, scientists try to diagnose the reasons that the birds’ bodies might have changed over time. Some scientists thought that birds’ skeletal or muscular systems might have changed. So, they studied migratory birds in North America. Migratory birds fly long distances to warmer places for the winter. 4) Third, scientists measured the physical characteristics of the birds. They measured the size of the birds’ bones. They found some of the birds’ bones were shorter than they were 40 years ago. For example, the lower leg bone of many birds is smaller. 5) Fourth, scientists measured the migratory birds’ wings. They found the birds’ wings are longer than they used to be. 6) Many scientists asked, “Why are the birds’ bones smaller than they used be. But their wings are longer?” They thought about the long distance the birds fly in winter. They thought that the birds’ bodies changed to adapt to the long winter flight. They would need a lot of energy for the flight. A smaller body would have smaller muscles and less fat. But smaller bones and longer wings would make flying easier. 7) Over time, these characteristics of birds have become more common. The scientists came up with some very good ideas about why these skeletal changes might be occurring.: 6. In paragraph 3, what is another word for diagnose?
d. distance
c. identify
a. migrate
b. change
The item asks for the meaning of **“diagnose”** in paragraph 3, with the core idea being to choose the word that means **identify**.
Primary construct: reading comprehension/vocabulary-in-context. The item asks the reader to infer the meaning of “diagnose” from context, and the correct choice is **identify**.
This is a straightforward vocabulary-in-context item with low severity: it mainly requires recall of a synonym from the passage, not multi-step reasoning or synthesis. The wording is simple and direct, with no strong distractors or conditional logic; “diagnose” is used in a non-medical sense, and the correct choice is “identify.”
A low-to-moderate reading comprehension and vocabulary level is needed to answer this item successfully; it mainly requires understanding a context clue for “diagnose” as “identify.”","Original Text: 1) Some birds that are here today are smaller than they were many years ago. Why is this happening? It is a mystery. How do scientists study a mystery? 2) First, scientists try to understand the bird’s skeletal and muscular systems. Those systems help birds to fly. One thing scientists know is that birds’ bones are hollow inside. So, they don’t weigh much. Birds’ skeletons weigh less than their feathers. They have also learned that a bird wing works like a human arm. Birds contract their chest muscles to make their wings flap. 3) Second, scientists try to diagnose the reasons that the birds’ bodies might have changed over time. Some scientists thought that birds’ skeletal or muscular systems might have changed. So, they studied migratory birds in North America. Migratory birds fly long distances to warmer places for the winter. 4) Third, scientists measured the physical characteristics of the birds. They measured the size of the birds’ bones. They found some of the birds’ bones were shorter than they were 40 years ago. For example, the lower leg bone of many birds is smaller. 5) Fourth, scientists measured the migratory birds’ wings. They found the birds’ wings are longer than they used to be. 6) Many scientists asked, “Why are the birds’ bones smaller than they used be. But their wings are longer?” They thought about the long distance the birds fly in winter. They thought that the birds’ bodies changed to adapt to the long winter flight. They would need a lot of energy for the flight. A smaller body would have smaller muscles and less fat. But smaller bones and longer wings would make flying easier. 7) Over time, these characteristics of birds have become more common. The scientists came up with some very good ideas about why these skeletal changes might be occurring.: 6. In paragraph 3, what is another word for diagnose?
d. distance
c. identify
a. migrate
b. change
The item asks students to determine the meaning of “diagnose” in paragraph 3 by using the passage’s context about scientists identifying reasons for changes in birds’ bodies over time.
This item is primarily measuring vocabulary-in-context, specifically the skill of using surrounding text to infer the meaning of an academic word. The question asks for a synonym of “diagnose” as used in paragraph 3, where scientists are trying to determine the reasons for change, so “identify” best matches that meaning.
Core ask: assess the item’s cognitive demand and note wording/features that raise difficulty.

Moderate cognitive demand: mainly vocabulary-in-context with brief recall and local inference, not deep synthesis. The test-taker must map “diagnose the reasons” in paragraph 3 to “identify,” using surrounding context rather than simple memorization.

Load-increasing elements:
- Multi-paragraph passage before a single question increases reading/working-memory demand.
- The target word appears in a somewhat abstract phrase, “diagnose the reasons,” requiring contextual interpretation.
- Distractors are semantically tempting from the passage: “migrate” and “change” are repeated ideas; “distance” relates to long flights.
- The question requires locating paragraph 3 specifically, adding a small navigation step.

Threshold for endorsement: not applicable; this is a cognitive/ability item, not attitudinal.
This item appears to require a moderately low to moderate level of the underlying latent trait—enough reading comprehension and vocabulary-in-context skill to infer that “diagnose” means “identify” from the surrounding explanation of scientists figuring out causes. It does not demand especially advanced ability, but it does require more than simple recall because the respondent must use context rather than match an obvious synonym.","Original Text: 1) Some birds that are here today are smaller than they were many years ago. Why is this happening? It is a mystery. How do scientists study a mystery? 2) First, scientists try to understand the bird’s skeletal and muscular systems. Those systems help birds to fly. One thing scientists know is that birds’ bones are hollow inside. So, they don’t weigh much. Birds’ skeletons weigh less than their feathers. They have also learned that a bird wing works like a human arm. Birds contract their chest muscles to make their wings flap. 3) Second, scientists try to diagnose the reasons that the birds’ bodies might have changed over time. Some scientists thought that birds’ skeletal or muscular systems might have changed. So, they studied migratory birds in North America. Migratory birds fly long distances to warmer places for the winter. 4) Third, scientists measured the physical characteristics of the birds. They measured the size of the birds’ bones. They found some of the birds’ bones were shorter than they were 40 years ago. For example, the lower leg bone of many birds is smaller. 5) Fourth, scientists measured the migratory birds’ wings. They found the birds’ wings are longer than they used to be. 6) Many scientists asked, “Why are the birds’ bones smaller than they used be. But their wings are longer?” They thought about the long distance the birds fly in winter. They thought that the birds’ bodies changed to adapt to the long winter flight. They would need a lot of energy for the flight. A smaller body would have smaller muscles and less fat. But smaller bones and longer wings would make flying easier. 7) Over time, these characteristics of birds have become more common. The scientists came up with some very good ideas about why these skeletal changes might be occurring.: 6. In paragraph 3, what is another word for diagnose?
d. distance
c. identify
a. migrate
b. change
Identify the synonym for “diagnose” in paragraph 3; the correct answer is **c. identify**.
**Primary skill:** Vocabulary in context (reading comprehension).  
**Justification:** The item asks students to infer that “diagnose” means **identify** based on how scientists determine the cause of the birds’ changes.
This is a low-demand vocabulary item requiring recall of meaning from context, not multi-step reasoning or synthesis. The student must identify that **“diagnose” means “identify”** in context. The passage provides contextual support; distractors (“distance,” “migrate,” “change”) are related to the passage but do not fit the meaning. Wording is straightforward, with no conditional logic or substantial cognitive load.
The item requires a **low-to-moderate level of reading comprehension and vocabulary ability**: the respondent must recognize that *diagnose* means **identify**, using paragraph context.","Original Text: 1) Some birds that are here today are smaller than they were many years ago. Why is this happening? It is a mystery. How do scientists study a mystery? 2) First, scientists try to understand the bird’s skeletal and muscular systems. Those systems help birds to fly. One thing scientists know is that birds’ bones are hollow inside. So, they don’t weigh much. Birds’ skeletons weigh less than their feathers. They have also learned that a bird wing works like a human arm. Birds contract their chest muscles to make their wings flap. 3) Second, scientists try to diagnose the reasons that the birds’ bodies might have changed over time. Some scientists thought that birds’ skeletal or muscular systems might have changed. So, they studied migratory birds in North America. Migratory birds fly long distances to warmer places for the winter. 4) Third, scientists measured the physical characteristics of the birds. They measured the size of the birds’ bones. They found some of the birds’ bones were shorter than they were 40 years ago. For example, the lower leg bone of many birds is smaller. 5) Fourth, scientists measured the migratory birds’ wings. They found the birds’ wings are longer than they used to be. 6) Many scientists asked, “Why are the birds’ bones smaller than they used be. But their wings are longer?” They thought about the long distance the birds fly in winter. They thought that the birds’ bodies changed to adapt to the long winter flight. They would need a lot of energy for the flight. A smaller body would have smaller muscles and less fat. But smaller bones and longer wings would make flying easier. 7) Over time, these characteristics of birds have become more common. The scientists came up with some very good ideas about why these skeletal changes might be occurring.: 6. In paragraph 3, what is another word for diagnose?
d. distance
c. identify
a. migrate
b. change
Identify the synonym for “diagnose” as used in paragraph 3.
The item measures **vocabulary in context**, specifically recognizing that **“diagnose” means “identify”** the reasons for the birds’ physical changes. The correct answer is **c. identify**.
This is a low-demand vocabulary-in-context item requiring simple recall or synonym recognition. “Diagnose” means “identify” in context. Cognitive load is minimal: the paragraph provides context, and distractors are clearly unrelated, though “change” may be mildly tempting because the sentence discusses bodies changing.
This item requires a **low-to-moderate level of reading comprehension and vocabulary**, as respondents need to use context to recognize that “diagnose” means **identify**.",1.533013124761876,0.0985136118328394,0.2044616025075338,0.2433814179857278,1.275555050984816,1005.0,gilbert_meta_103,1.349382171037413,0.41297302974028993,1.045996527864469,0.32012306408192237,0.07967917136994862,0.41023578821721957,0.058148830840477714,0.29938478329545054,0.6407241656462314,0.3967534545167112,0.480851967866721,0.29775633508353894,-0.8250959905592107,0.4010496865871579,-0.7418393759489438,0.3605816203526764,-0.0205428474569338,0.3935364788502928,-0.015336580953836698,0.29380075370895914,-0.663453421446164,0.4096081963718658,-0.4950005465022879,0.305607408902846,-0.337773744690663,0.4120852883204505,-0.24742151958315955,0.3018552206521714
cc_q6,"1) A human is a primate. In primates, the heart sends oxygen in the blood all around the body. The body must have oxygen to function properly. The strong heart muscle contracts to pump blood all around the body. A healthy heart never rests.2) But what happens when a person’s heart gets weaker? People with weak hearts need help. Scientists have to study a medical mystery. Then they might be able to help people. 3) First, scientists need to diagnose the reasons that a human heart gets weak. They need to do tests. But sometimes it would be hard on a sick person to have tests done. So, scientists study animals that have body systems like humans. Scientists knew that the macaque monkey’s heart is similar to the human heart. So, they did tests with macaque monkeys. The scientists learned what happens when a monkey has a heart attack. After a heart attack, the monkey’s heart muscle has scar tissue where it was damaged. The scar tissue cannot contract like a strong heart muscle can. Then the monkey’s heart cannot pump enough blood to give the body the oxygen it needs. Without enough oxygen, the monkey’s body cannot function properly. 4) Second, scientists wanted to try out new solutions that would keep the heart working. Sometimes the new solutions might fail. So, scientists didn’t want to try the solutions with people right away. They tried a solution with macaque monkeys. 5) Scientists developed an idea. Then, they tested an idea. They injected human stem cells from the human heart into the monkey’s heart. After four weeks the human heart cells grew where the monkey’s scar tissue was. After three months, the monkey’s heart got stronger. 6) Now scientists are using what they found in this experiment to help humans who have had heart attacks.",5. What is the purpose of this passage?,"1) A human is a primate. In primates, the heart sends oxygen in the blood all around the body. The body must have oxygen to function properly. The strong heart muscle contracts to pump blood all around the body. A healthy heart never rests.2) But what happens when a person’s heart gets weaker? People with weak hearts need help. Scientists have to study a medical mystery. Then they might be able to help people. 3) First, scientists need to diagnose the reasons that a human heart gets weak. They need to do tests. But sometimes it would be hard on a sick person to have tests done. So, scientists study animals that have body systems like humans. Scientists knew that the macaque monkey’s heart is similar to the human heart. So, they did tests with macaque monkeys. The scientists learned what happens when a monkey has a heart attack. After a heart attack, the monkey’s heart muscle has scar tissue where it was damaged. The scar tissue cannot contract like a strong heart muscle can. Then the monkey’s heart cannot pump enough blood to give the body the oxygen it needs. Without enough oxygen, the monkey’s body cannot function properly. 4) Second, scientists wanted to try out new solutions that would keep the heart working. Sometimes the new solutions might fail. So, scientists didn’t want to try the solutions with people right away. They tried a solution with macaque monkeys. 5) Scientists developed an idea. Then, they tested an idea. They injected human stem cells from the human heart into the monkey’s heart. After four weeks the human heart cells grew where the monkey’s scar tissue was. After three months, the monkey’s heart got stronger. 6) Now scientists are using what they found in this experiment to help humans who have had heart attacks.: 5. What is the purpose of this passage?
b. To help people keep their bodies strong
c. To tell why it is hard to help sick monkeys
d. To show how scientists study a medical mystery
a. To describe what happens after a heart attack","Original Text: 1) A human is a primate. In primates, the heart sends oxygen in the blood all around the body. The body must have oxygen to function properly. The strong heart muscle contracts to pump blood all around the body. A healthy heart never rests.2) But what happens when a person’s heart gets weaker? People with weak hearts need help. Scientists have to study a medical mystery. Then they might be able to help people. 3) First, scientists need to diagnose the reasons that a human heart gets weak. They need to do tests. But sometimes it would be hard on a sick person to have tests done. So, scientists study animals that have body systems like humans. Scientists knew that the macaque monkey’s heart is similar to the human heart. So, they did tests with macaque monkeys. The scientists learned what happens when a monkey has a heart attack. After a heart attack, the monkey’s heart muscle has scar tissue where it was damaged. The scar tissue cannot contract like a strong heart muscle can. Then the monkey’s heart cannot pump enough blood to give the body the oxygen it needs. Without enough oxygen, the monkey’s body cannot function properly. 4) Second, scientists wanted to try out new solutions that would keep the heart working. Sometimes the new solutions might fail. So, scientists didn’t want to try the solutions with people right away. They tried a solution with macaque monkeys. 5) Scientists developed an idea. Then, they tested an idea. They injected human stem cells from the human heart into the monkey’s heart. After four weeks the human heart cells grew where the monkey’s scar tissue was. After three months, the monkey’s heart got stronger. 6) Now scientists are using what they found in this experiment to help humans who have had heart attacks.: 5. What is the purpose of this passage?
b. To help people keep their bodies strong
c. To tell why it is hard to help sick monkeys
d. To show how scientists study a medical mystery
a. To describe what happens after a heart attack
This item asks the reader to identify the primary purpose of a passage describing how scientists use macaque monkeys to research heart attacks and test stem cell treatments for humans.
This item measures the **skill of reading comprehension**, specifically the ability to identify the **author’s purpose or main idea**. The justification is that the question requires the reader to synthesize the sequential steps of the scientific process described in the text—identifying a problem, using animal models, and testing solutions—to determine the overarching goal of the narrative.
This analysis evaluates the cognitive demand and structural complexity of determining the passage's purpose.

**Cognitive Demand**
This item requires **synthesis**. To identify the purpose, the reader must integrate information across multiple sections—the biological function of the heart, the problem of heart attacks, the methodology of animal testing, and the application of stem cell research—rather than recalling a single detail.

**Structural and Semantic Elements**
*   **Detail-Oriented Distractors:** Option (a) functions as a ""part-for-whole"" distractor; while the text describes heart attack effects, this is a supporting detail rather than the primary purpose.
*   **Keyword Anchoring:** The correct answer (d) utilizes the specific phrase ""medical mystery"" introduced in paragraph 2, which may reduce cognitive load for readers who recognize the semantic link but requires synthesis to confirm it encompasses the entire narrative.
*   **Sequential Logic:** The passage follows a problem-solution structure (diagnose, test, solve). The item demands the reader recognize this progression to distinguish the overarching goal from individual steps in the scientific process.
To identify the purpose of the provided passage, a respondent requires a **moderate level of cognitive ability and reading comprehension**. This task demands the synthesis of information across the entire text to distinguish the overarching narrative—the scientific process of investigating and solving a medical mystery—from specific supporting details, such as the physiological mechanics of a heart attack or the use of stem cells. The respondent must possess the analytical skill to recognize the author's intent by evaluating the relationship between the problem, the experimental methodology, and the ultimate goal of the research.","Original Text: 1) A human is a primate. In primates, the heart sends oxygen in the blood all around the body. The body must have oxygen to function properly. The strong heart muscle contracts to pump blood all around the body. A healthy heart never rests.2) But what happens when a person’s heart gets weaker? People with weak hearts need help. Scientists have to study a medical mystery. Then they might be able to help people. 3) First, scientists need to diagnose the reasons that a human heart gets weak. They need to do tests. But sometimes it would be hard on a sick person to have tests done. So, scientists study animals that have body systems like humans. Scientists knew that the macaque monkey’s heart is similar to the human heart. So, they did tests with macaque monkeys. The scientists learned what happens when a monkey has a heart attack. After a heart attack, the monkey’s heart muscle has scar tissue where it was damaged. The scar tissue cannot contract like a strong heart muscle can. Then the monkey’s heart cannot pump enough blood to give the body the oxygen it needs. Without enough oxygen, the monkey’s body cannot function properly. 4) Second, scientists wanted to try out new solutions that would keep the heart working. Sometimes the new solutions might fail. So, scientists didn’t want to try the solutions with people right away. They tried a solution with macaque monkeys. 5) Scientists developed an idea. Then, they tested an idea. They injected human stem cells from the human heart into the monkey’s heart. After four weeks the human heart cells grew where the monkey’s scar tissue was. After three months, the monkey’s heart got stronger. 6) Now scientists are using what they found in this experiment to help humans who have had heart attacks.: 5. What is the purpose of this passage?
b. To help people keep their bodies strong
c. To tell why it is hard to help sick monkeys
d. To show how scientists study a medical mystery
a. To describe what happens after a heart attack
The core objective of this prompt is to summarize the presented scenario and question. The item consists of a reading comprehension task requiring the reader to determine the main purpose of an informational passage about scientists using monkeys to research and treat heart attacks, selecting the correct answer from four multiple-choice options.
The objective is to determine the primary construct, domain, or skill evaluated by the provided text and question, along with a brief rationale.

**Primary Skill:** Reading Comprehension (Identifying Author's Purpose / Main Idea)

**Justification:** The item requires the reader to synthesize the entire passage to determine its overarching goal, distinguishing the main narrative arc (how scientists study and solve a medical mystery) from specific supporting details (e.g., heart attacks, monkey test subjects).
In analyzing the cognitive demand and structural elements that increase the difficulty of this reading comprehension item, this question requires synthesis. The reader must integrate information across all six paragraphs to determine the overarching purpose rather than relying on simple recall. The cognitive load is increased by tricky distractors (such as option 'a') that represent localized details rather than the main idea. Furthermore, selecting the correct answer (option 'd') requires abstracting specific passage details—such as heart attacks, macaque monkeys, and stem cells—into the broader conceptual phrasing of ""study[ing] a medical mystery"" introduced in the second paragraph.
To successfully answer this item, the overall level of the underlying latent trait required is a moderate degree of reading comprehension and cognitive ability. The respondent must synthesize the overarching narrative of a structurally simple text to identify the author's primary purpose, distinguishing the passage's main idea from localized details.","Original Text: 1) A human is a primate. In primates, the heart sends oxygen in the blood all around the body. The body must have oxygen to function properly. The strong heart muscle contracts to pump blood all around the body. A healthy heart never rests.2) But what happens when a person’s heart gets weaker? People with weak hearts need help. Scientists have to study a medical mystery. Then they might be able to help people. 3) First, scientists need to diagnose the reasons that a human heart gets weak. They need to do tests. But sometimes it would be hard on a sick person to have tests done. So, scientists study animals that have body systems like humans. Scientists knew that the macaque monkey’s heart is similar to the human heart. So, they did tests with macaque monkeys. The scientists learned what happens when a monkey has a heart attack. After a heart attack, the monkey’s heart muscle has scar tissue where it was damaged. The scar tissue cannot contract like a strong heart muscle can. Then the monkey’s heart cannot pump enough blood to give the body the oxygen it needs. Without enough oxygen, the monkey’s body cannot function properly. 4) Second, scientists wanted to try out new solutions that would keep the heart working. Sometimes the new solutions might fail. So, scientists didn’t want to try the solutions with people right away. They tried a solution with macaque monkeys. 5) Scientists developed an idea. Then, they tested an idea. They injected human stem cells from the human heart into the monkey’s heart. After four weeks the human heart cells grew where the monkey’s scar tissue was. After three months, the monkey’s heart got stronger. 6) Now scientists are using what they found in this experiment to help humans who have had heart attacks.: 5. What is the purpose of this passage?
b. To help people keep their bodies strong
c. To tell why it is hard to help sick monkeys
d. To show how scientists study a medical mystery
a. To describe what happens after a heart attack
The core task of this item is to determine the primary purpose of an informational passage detailing how researchers study heart damage and test stem-cell treatments on macaque monkeys to help humans with weak hearts.
**Primary Skill Measured:** Reading Comprehension: Identifying Author's Purpose

**Justification:** This item evaluates the reader's ability to analyze an informational text globally to determine the author's overarching communicative intent and central focus, rather than simply retrieving isolated factual details.
**Demand Analysis:** 
Evaluating the cognitive requirements and structural complexity of this reading comprehension item indicates that it demands **synthesis** and **multi-step reasoning**. The reader must integrate information across all six paragraphs to identify the overarching authorial intent rather than relying on direct recall of isolated facts.

**Elements Increasing Cognitive Load:**
* **Plausible Local-Detail Distractors:** Option A (""To describe what happens after a heart attack"") serves as a strong distractor because it accurately reflects the explicit content of paragraph 3, requiring test-takers to differentiate between a supporting detail and the primary global purpose.
* **Abstract Phrasing in the Key:** The correct answer uses higher-level, thematic language (""study a medical mystery,"" referencing paragraph 2) rather than the concrete biomedical terminology (stem cells, heart attacks, macaque monkeys) that dominates the body of the text.
* **Thematic Misdirection:** Options B and C leverage surface-level keywords (""strong,"" ""monkeys"") with distorted relationships to test whether the reader grasped the human-centric research goal versus the experimental animal model.
To successfully identify the author's overall purpose in this passage, a respondent requires a **low-to-moderate level of cognitive ability in reading comprehension**. 

This level of ability reflects the capacity to integrate global context across multiple elementary-level paragraphs, enabling the reader to distinguish the overarching central idea (how researchers investigate a medical mystery to develop solutions) from narrow supporting details (such as the mechanics of heart attacks or animal testing).","Original Text: 1) A human is a primate. In primates, the heart sends oxygen in the blood all around the body. The body must have oxygen to function properly. The strong heart muscle contracts to pump blood all around the body. A healthy heart never rests.2) But what happens when a person’s heart gets weaker? People with weak hearts need help. Scientists have to study a medical mystery. Then they might be able to help people. 3) First, scientists need to diagnose the reasons that a human heart gets weak. They need to do tests. But sometimes it would be hard on a sick person to have tests done. So, scientists study animals that have body systems like humans. Scientists knew that the macaque monkey’s heart is similar to the human heart. So, they did tests with macaque monkeys. The scientists learned what happens when a monkey has a heart attack. After a heart attack, the monkey’s heart muscle has scar tissue where it was damaged. The scar tissue cannot contract like a strong heart muscle can. Then the monkey’s heart cannot pump enough blood to give the body the oxygen it needs. Without enough oxygen, the monkey’s body cannot function properly. 4) Second, scientists wanted to try out new solutions that would keep the heart working. Sometimes the new solutions might fail. So, scientists didn’t want to try the solutions with people right away. They tried a solution with macaque monkeys. 5) Scientists developed an idea. Then, they tested an idea. They injected human stem cells from the human heart into the monkey’s heart. After four weeks the human heart cells grew where the monkey’s scar tissue was. After three months, the monkey’s heart got stronger. 6) Now scientists are using what they found in this experiment to help humans who have had heart attacks.: 5. What is the purpose of this passage?
b. To help people keep their bodies strong
c. To tell why it is hard to help sick monkeys
d. To show how scientists study a medical mystery
a. To describe what happens after a heart attack
The core task is to identify the passage’s main purpose: explaining how scientists investigate a heart-related medical problem using macaque monkeys to learn about heart attacks and test possible treatments.
Primary construct: reading comprehension of informational text, specifically identifying the author’s purpose. The passage explains how scientists use macaque monkeys to study weak hearts and test treatments, so the best match is “to show how scientists study a medical mystery.”
This is a low-to-moderate demand reading-comprehension item that mainly requires synthesis across the passage, not deep recall or inference. The correct choice is supported by the overall structure: the passage explains a scientific problem, why animal testing is used, and how the experiment helps answer it.

Structural/semantic load:
- Multi-paragraph sequencing with “first/second” creates a process-based summary task.
- Distractors are plausible but narrower than the main idea:
  - “keep their bodies strong” is too general.
  - “why it is hard to help sick monkeys” is a misleading detail.
  - “what happens after a heart attack” is a partial topic, not the passage’s purpose.
- The wording requires identifying the author’s overall purpose rather than a single fact.
A low-to-moderate reading comprehension level is sufficient; the item mainly requires identifying the passage’s main purpose rather than advanced inference or specialized knowledge.","Original Text: 1) A human is a primate. In primates, the heart sends oxygen in the blood all around the body. The body must have oxygen to function properly. The strong heart muscle contracts to pump blood all around the body. A healthy heart never rests.2) But what happens when a person’s heart gets weaker? People with weak hearts need help. Scientists have to study a medical mystery. Then they might be able to help people. 3) First, scientists need to diagnose the reasons that a human heart gets weak. They need to do tests. But sometimes it would be hard on a sick person to have tests done. So, scientists study animals that have body systems like humans. Scientists knew that the macaque monkey’s heart is similar to the human heart. So, they did tests with macaque monkeys. The scientists learned what happens when a monkey has a heart attack. After a heart attack, the monkey’s heart muscle has scar tissue where it was damaged. The scar tissue cannot contract like a strong heart muscle can. Then the monkey’s heart cannot pump enough blood to give the body the oxygen it needs. Without enough oxygen, the monkey’s body cannot function properly. 4) Second, scientists wanted to try out new solutions that would keep the heart working. Sometimes the new solutions might fail. So, scientists didn’t want to try the solutions with people right away. They tried a solution with macaque monkeys. 5) Scientists developed an idea. Then, they tested an idea. They injected human stem cells from the human heart into the monkey’s heart. After four weeks the human heart cells grew where the monkey’s scar tissue was. After three months, the monkey’s heart got stronger. 6) Now scientists are using what they found in this experiment to help humans who have had heart attacks.: 5. What is the purpose of this passage?
b. To help people keep their bodies strong
c. To tell why it is hard to help sick monkeys
d. To show how scientists study a medical mystery
a. To describe what happens after a heart attack
The item asks for the passage’s main purpose: explaining how scientists investigate and test ways to treat weak hearts after heart attacks by studying macaque monkeys.
This item is measuring reading comprehension, specifically identifying author’s purpose in an informational science passage. The question asks the reader to determine the overall purpose of the passage by integrating details about how scientists used monkey studies to investigate and treat weak human hearts.
Core ask: assess the item’s cognitive demand and note wording/features that raise difficulty.

This item requires low-to-moderate multi-step reasoning, not mere recall. The reader must integrate the passage’s overall structure—problem, animal research, testing a treatment, application to humans—to infer the author’s purpose.

Load-increasing elements:
- Main-idea/purpose question requires synthesis across all paragraphs.
- Distractors are plausible because each reflects a local detail:
  - “describe what happens after a heart attack” matches one section only,
  - “tell why it is hard to help sick monkeys” distorts the animal-testing discussion,
  - “help people keep their bodies strong” echoes general health language.
- The passage is long and sequential (“First,” “Second,” “Now”), so the reader must track progression rather than isolated facts.
- Some causal/conditional logic increases demand: weak heart → tests are hard on humans → scientists use macaques → test stem-cell solution → findings help humans.

No severe endorsement threshold applies; this is a cognitive comprehension item.
This item appears to require a moderately high level of the underlying trait—here, reading comprehension of main idea and author’s purpose. A respondent must integrate information across the full passage, distinguish the central purpose from supporting details, and recognize that the passage is mainly about how scientists investigate and test solutions to a heart-related medical problem. Successful endorsement of the correct answer reflects solid global comprehension rather than simple recall of one fact.","Original Text: 1) A human is a primate. In primates, the heart sends oxygen in the blood all around the body. The body must have oxygen to function properly. The strong heart muscle contracts to pump blood all around the body. A healthy heart never rests.2) But what happens when a person’s heart gets weaker? People with weak hearts need help. Scientists have to study a medical mystery. Then they might be able to help people. 3) First, scientists need to diagnose the reasons that a human heart gets weak. They need to do tests. But sometimes it would be hard on a sick person to have tests done. So, scientists study animals that have body systems like humans. Scientists knew that the macaque monkey’s heart is similar to the human heart. So, they did tests with macaque monkeys. The scientists learned what happens when a monkey has a heart attack. After a heart attack, the monkey’s heart muscle has scar tissue where it was damaged. The scar tissue cannot contract like a strong heart muscle can. Then the monkey’s heart cannot pump enough blood to give the body the oxygen it needs. Without enough oxygen, the monkey’s body cannot function properly. 4) Second, scientists wanted to try out new solutions that would keep the heart working. Sometimes the new solutions might fail. So, scientists didn’t want to try the solutions with people right away. They tried a solution with macaque monkeys. 5) Scientists developed an idea. Then, they tested an idea. They injected human stem cells from the human heart into the monkey’s heart. After four weeks the human heart cells grew where the monkey’s scar tissue was. After three months, the monkey’s heart got stronger. 6) Now scientists are using what they found in this experiment to help humans who have had heart attacks.: 5. What is the purpose of this passage?
b. To help people keep their bodies strong
c. To tell why it is hard to help sick monkeys
d. To show how scientists study a medical mystery
a. To describe what happens after a heart attack
The passage’s purpose is to show how scientists study a medical mystery by investigating weak hearts in monkeys and testing a possible treatment. **Answer: d.**
**Primary skill:** Reading comprehension—identifying an author’s purpose.  

**Justification:** The passage explains how scientists investigate and address weakened hearts, so the best answer is **d. To show how scientists study a medical mystery**.
This item requires **multi-step synthesis**, not simple recall: the reader must integrate the passage’s problem, animal research, experiments, and application to humans to identify its overall purpose. Cognitive load is increased by the passage’s length, sequential structure (“First,” “Second,” “Now”), scientific vocabulary, and several related but narrower distractors (e.g., heart attacks or keeping bodies strong). The correct purpose is **to show how scientists study a medical mystery**.
The item requires a **low-to-moderate level of cognitive ability**, primarily basic reading comprehension and main-idea identification. A respondent must recognize that the passage explains **how scientists investigate and address a medical problem**, rather than focus on heart health or difficulty helping monkeys. No specialized medical knowledge is necessary.","Original Text: 1) A human is a primate. In primates, the heart sends oxygen in the blood all around the body. The body must have oxygen to function properly. The strong heart muscle contracts to pump blood all around the body. A healthy heart never rests.2) But what happens when a person’s heart gets weaker? People with weak hearts need help. Scientists have to study a medical mystery. Then they might be able to help people. 3) First, scientists need to diagnose the reasons that a human heart gets weak. They need to do tests. But sometimes it would be hard on a sick person to have tests done. So, scientists study animals that have body systems like humans. Scientists knew that the macaque monkey’s heart is similar to the human heart. So, they did tests with macaque monkeys. The scientists learned what happens when a monkey has a heart attack. After a heart attack, the monkey’s heart muscle has scar tissue where it was damaged. The scar tissue cannot contract like a strong heart muscle can. Then the monkey’s heart cannot pump enough blood to give the body the oxygen it needs. Without enough oxygen, the monkey’s body cannot function properly. 4) Second, scientists wanted to try out new solutions that would keep the heart working. Sometimes the new solutions might fail. So, scientists didn’t want to try the solutions with people right away. They tried a solution with macaque monkeys. 5) Scientists developed an idea. Then, they tested an idea. They injected human stem cells from the human heart into the monkey’s heart. After four weeks the human heart cells grew where the monkey’s scar tissue was. After three months, the monkey’s heart got stronger. 6) Now scientists are using what they found in this experiment to help humans who have had heart attacks.: 5. What is the purpose of this passage?
b. To help people keep their bodies strong
c. To tell why it is hard to help sick monkeys
d. To show how scientists study a medical mystery
a. To describe what happens after a heart attack
Identify the passage’s main purpose: showing how scientists investigate a medical mystery.
**Reading comprehension—identifying an informational passage’s purpose.** The item assesses whether the reader can synthesize the passage’s details to recognize that it explains how scientists investigate and test solutions to a medical mystery.
This item requires **synthesis across the passage** to identify its overall purpose, rather than simple recall. The main demand is distinguishing the broad answer (**how scientists study a medical mystery**) from plausible distractors based on specific details, especially what happens after a heart attack. The passage’s length, causal sequence, and multiple stages of research increase cognitive load; wording is otherwise straightforward.
This item requires a **moderate level of reading comprehension**. Respondents must identify the passage’s overall purpose—showing how scientists investigate a medical mystery—rather than select a specific supporting detail about heart attacks, monkeys, or health.",0.7703146292106069,0.820548151773785,0.6990462226881704,0.7827548382277575,2.187490154036807,1233.0,gilbert_meta_103,1.442288788083328,0.4991284614928871,1.1180146713759904,0.3869079115507439,1.7579431734984396,0.4877205612555086,1.2829242381088184,0.3559321705567544,1.7470668525817135,0.49708331541923295,1.3111422654260814,0.37305209203710027,1.2836816545861165,0.4384864741603044,1.154151284761254,0.39424083509685853,1.5522346326270684,0.4785158385722088,1.1588448073004927,0.3572434109410007,1.5271154891419296,0.45841618098306375,1.1393761449743365,0.34202289531869035,1.7324349821509037,0.4978344669918088,1.2690201728241353,0.36466706563232326
cc_q2,"1) A human is a primate. In primates, the heart sends oxygen in the blood all around the body. The body must have oxygen to function properly. The strong heart muscle contracts to pump blood all around the body. A healthy heart never rests.2) But what happens when a person’s heart gets weaker? People with weak hearts need help. Scientists have to study a medical mystery. Then they might be able to help people. 3) First, scientists need to diagnose the reasons that a human heart gets weak. They need to do tests. But sometimes it would be hard on a sick person to have tests done. So, scientists study animals that have body systems like humans. Scientists knew that the macaque monkey’s heart is similar to the human heart. So, they did tests with macaque monkeys. The scientists learned what happens when a monkey has a heart attack. After a heart attack, the monkey’s heart muscle has scar tissue where it was damaged. The scar tissue cannot contract like a strong heart muscle can. Then the monkey’s heart cannot pump enough blood to give the body the oxygen it needs. Without enough oxygen, the monkey’s body cannot function properly. 4) Second, scientists wanted to try out new solutions that would keep the heart working. Sometimes the new solutions might fail. So, scientists didn’t want to try the solutions with people right away. They tried a solution with macaque monkeys. 5) Scientists developed an idea. Then, they tested an idea. They injected human stem cells from the human heart into the monkey’s heart. After four weeks the human heart cells grew where the monkey’s scar tissue was. After three months, the monkey’s heart got stronger. 6) Now scientists are using what they found in this experiment to help humans who have had heart attacks.","1. According to the passage, what is an important function of the heart muscle?","1) A human is a primate. In primates, the heart sends oxygen in the blood all around the body. The body must have oxygen to function properly. The strong heart muscle contracts to pump blood all around the body. A healthy heart never rests.2) But what happens when a person’s heart gets weaker? People with weak hearts need help. Scientists have to study a medical mystery. Then they might be able to help people. 3) First, scientists need to diagnose the reasons that a human heart gets weak. They need to do tests. But sometimes it would be hard on a sick person to have tests done. So, scientists study animals that have body systems like humans. Scientists knew that the macaque monkey’s heart is similar to the human heart. So, they did tests with macaque monkeys. The scientists learned what happens when a monkey has a heart attack. After a heart attack, the monkey’s heart muscle has scar tissue where it was damaged. The scar tissue cannot contract like a strong heart muscle can. Then the monkey’s heart cannot pump enough blood to give the body the oxygen it needs. Without enough oxygen, the monkey’s body cannot function properly. 4) Second, scientists wanted to try out new solutions that would keep the heart working. Sometimes the new solutions might fail. So, scientists didn’t want to try the solutions with people right away. They tried a solution with macaque monkeys. 5) Scientists developed an idea. Then, they tested an idea. They injected human stem cells from the human heart into the monkey’s heart. After four weeks the human heart cells grew where the monkey’s scar tissue was. After three months, the monkey’s heart got stronger. 6) Now scientists are using what they found in this experiment to help humans who have had heart attacks.: 1. According to the passage, what is an important function of the heart muscle?
b. To help scientists study mysteries
c. To help primates heal scar tissue
a. To be a part of the nervous system
d. To pump oxygen to the brain","Original Text: 1) A human is a primate. In primates, the heart sends oxygen in the blood all around the body. The body must have oxygen to function properly. The strong heart muscle contracts to pump blood all around the body. A healthy heart never rests.2) But what happens when a person’s heart gets weaker? People with weak hearts need help. Scientists have to study a medical mystery. Then they might be able to help people. 3) First, scientists need to diagnose the reasons that a human heart gets weak. They need to do tests. But sometimes it would be hard on a sick person to have tests done. So, scientists study animals that have body systems like humans. Scientists knew that the macaque monkey’s heart is similar to the human heart. So, they did tests with macaque monkeys. The scientists learned what happens when a monkey has a heart attack. After a heart attack, the monkey’s heart muscle has scar tissue where it was damaged. The scar tissue cannot contract like a strong heart muscle can. Then the monkey’s heart cannot pump enough blood to give the body the oxygen it needs. Without enough oxygen, the monkey’s body cannot function properly. 4) Second, scientists wanted to try out new solutions that would keep the heart working. Sometimes the new solutions might fail. So, scientists didn’t want to try the solutions with people right away. They tried a solution with macaque monkeys. 5) Scientists developed an idea. Then, they tested an idea. They injected human stem cells from the human heart into the monkey’s heart. After four weeks the human heart cells grew where the monkey’s scar tissue was. After three months, the monkey’s heart got stronger. 6) Now scientists are using what they found in this experiment to help humans who have had heart attacks.: 1. According to the passage, what is an important function of the heart muscle?
b. To help scientists study mysteries
c. To help primates heal scar tissue
a. To be a part of the nervous system
d. To pump oxygen to the brain
This item asks the reader to identify the primary function of the heart muscle based on the provided passage about cardiovascular health and medical research.
This item measures **Reading Comprehension (Literal Retrieval)**. It assesses the ability to locate and identify specific factual information explicitly stated within a text to determine the physiological function of a biological structure.
This analysis evaluates the cognitive demand and structural complexity of the question regarding the heart muscle's function.

**Cognitive Demand**
This item requires **recall** and **synthesis**. The reader must retrieve the stated function of the heart (pumping blood/oxygen) and synthesize the text’s general description (""all around the body"") with the specific anatomical destination (""the brain"") provided in the correct option.

**Structural and Semantic Elements**
*   **Thematic Distractors:** Options (b) and (c) employ ""lure"" keywords found in the latter half of the passage—such as ""mysteries"" and ""scar tissue""—to misdirect readers who rely on word-matching rather than functional understanding.
*   **Semantic Narrowing:** Option (d) increases cognitive load by requiring a categorical inference, moving from the text's broad phrasing (""all around the body"") to a specific subset (""the brain"").
*   **Information Integration:** The item requires linking the muscle's mechanical action (contracting) with its physiological purpose (oxygen delivery), which are described across separate sentences in the introductory paragraph.
To determine the level of the latent trait of reading comprehension required for this item, a **low** level of cognitive ability is necessary. The respondent must perform literal retrieval of information explicitly stated in the first paragraph and identify a functional description of the heart that aligns with the text's assertion that the heart pumps blood and oxygen throughout the body.","Original Text: 1) A human is a primate. In primates, the heart sends oxygen in the blood all around the body. The body must have oxygen to function properly. The strong heart muscle contracts to pump blood all around the body. A healthy heart never rests.2) But what happens when a person’s heart gets weaker? People with weak hearts need help. Scientists have to study a medical mystery. Then they might be able to help people. 3) First, scientists need to diagnose the reasons that a human heart gets weak. They need to do tests. But sometimes it would be hard on a sick person to have tests done. So, scientists study animals that have body systems like humans. Scientists knew that the macaque monkey’s heart is similar to the human heart. So, they did tests with macaque monkeys. The scientists learned what happens when a monkey has a heart attack. After a heart attack, the monkey’s heart muscle has scar tissue where it was damaged. The scar tissue cannot contract like a strong heart muscle can. Then the monkey’s heart cannot pump enough blood to give the body the oxygen it needs. Without enough oxygen, the monkey’s body cannot function properly. 4) Second, scientists wanted to try out new solutions that would keep the heart working. Sometimes the new solutions might fail. So, scientists didn’t want to try the solutions with people right away. They tried a solution with macaque monkeys. 5) Scientists developed an idea. Then, they tested an idea. They injected human stem cells from the human heart into the monkey’s heart. After four weeks the human heart cells grew where the monkey’s scar tissue was. After three months, the monkey’s heart got stronger. 6) Now scientists are using what they found in this experiment to help humans who have had heart attacks.: 1. According to the passage, what is an important function of the heart muscle?
b. To help scientists study mysteries
c. To help primates heal scar tissue
a. To be a part of the nervous system
d. To pump oxygen to the brain
The objective of this prompt is to provide a summary of the central task and scenario within the provided text. 

The core task in the item is a multiple-choice reading comprehension question requiring the reader to identify the primary biological function of the heart muscle based on an informational passage about primate cardiovascular systems and stem cell research.
In determining the primary skill or knowledge domain this item attempts to measure along with a concise justification:

**Primary Skill:** Reading Comprehension (Literal Information Retrieval)

**Justification:** The question requires the reader to locate and extract explicitly stated factual details directly from the passage to identify the function of the heart muscle.
In evaluating the cognitive demand and identifying structural or semantic elements that increase the difficulty of this reading comprehension item, the question primarily requires basic recall and minor synthesis. The cognitive load is elevated by tricky distractors that recycle verbatim phrases from the passage (e.g., ""study mysteries,"" ""scar tissue"") to mislead readers who rely on superficial word-matching. Furthermore, the target option requires synthesizing the text's statement that the heart pumps oxygen ""all around the body"" to logically include the brain, preventing direct literal retrieval. Finally, the non-sequential labeling of the answer choices (b, c, a, d) introduces minor structural friction.
The overall level of the underlying latent trait of reading comprehension and cognitive ability required for a respondent to successfully answer this item is low to moderate, as it necessitates only basic literal recall and simple deductive reasoning to eliminate explicitly incorrect distractors.","Original Text: 1) A human is a primate. In primates, the heart sends oxygen in the blood all around the body. The body must have oxygen to function properly. The strong heart muscle contracts to pump blood all around the body. A healthy heart never rests.2) But what happens when a person’s heart gets weaker? People with weak hearts need help. Scientists have to study a medical mystery. Then they might be able to help people. 3) First, scientists need to diagnose the reasons that a human heart gets weak. They need to do tests. But sometimes it would be hard on a sick person to have tests done. So, scientists study animals that have body systems like humans. Scientists knew that the macaque monkey’s heart is similar to the human heart. So, they did tests with macaque monkeys. The scientists learned what happens when a monkey has a heart attack. After a heart attack, the monkey’s heart muscle has scar tissue where it was damaged. The scar tissue cannot contract like a strong heart muscle can. Then the monkey’s heart cannot pump enough blood to give the body the oxygen it needs. Without enough oxygen, the monkey’s body cannot function properly. 4) Second, scientists wanted to try out new solutions that would keep the heart working. Sometimes the new solutions might fail. So, scientists didn’t want to try the solutions with people right away. They tried a solution with macaque monkeys. 5) Scientists developed an idea. Then, they tested an idea. They injected human stem cells from the human heart into the monkey’s heart. After four weeks the human heart cells grew where the monkey’s scar tissue was. After three months, the monkey’s heart got stronger. 6) Now scientists are using what they found in this experiment to help humans who have had heart attacks.: 1. According to the passage, what is an important function of the heart muscle?
b. To help scientists study mysteries
c. To help primates heal scar tissue
a. To be a part of the nervous system
d. To pump oxygen to the brain
The item presents an informational reading passage detailing the mechanics of the primate cardiovascular system and related medical research on heart attacks, followed by a reading comprehension multiple-choice question that asks to identify the primary function of the heart muscle based on the text.
The primary target this item aims to evaluate is **Reading Comprehension (specifically, Locating Explicit Details in Informational Text)**.

**Justification:** The question requires the reader to locate and retrieve a directly stated physiological fact from the text regarding the primary role of the heart muscle, assessing literal understanding rather than inference or outside biological knowledge.
**Cognitive Demand:** 
This reading comprehension item functions primarily at the **factual recall and literal retrieval** level. It requires minimal cognitive processing, asking the reader to locate explicit statements regarding heart function from the opening paragraph rather than demanding multi-step reasoning or conceptual synthesis.

**Structural and Semantic Load Elements:**
* **Keyword-Matching Distractors:** Incorrect options (**b** and **c**) exploit surface-level vocabulary from later sections of the passage (""mysteries,"" ""scar tissue"") to create superficial plausibility for readers relying on simple word recognition.
* **Semantic Narrowing in Paraphrase:** Option **d** alters the text's broader phrasing (*""sends oxygen in the blood all around the body""*) to a localized target (*""to the brain""*), which introduces minor ambiguity by testing tolerance for a restricted, partial restatement of the literal text.
* **Non-Sequential Formatting:** The scrambled sequence of the answer choices (**b, c, a, d**) adds minor administrative friction and visual processing load.
The level of the underlying latent trait—specifically basic reading comprehension and literal information retrieval ability—required to successfully answer this item is low. The question only demands that a respondent locate explicitly stated, foundational facts directly from the introductory paragraph without requiring complex inference or high-level analytical reasoning.","Original Text: 1) A human is a primate. In primates, the heart sends oxygen in the blood all around the body. The body must have oxygen to function properly. The strong heart muscle contracts to pump blood all around the body. A healthy heart never rests.2) But what happens when a person’s heart gets weaker? People with weak hearts need help. Scientists have to study a medical mystery. Then they might be able to help people. 3) First, scientists need to diagnose the reasons that a human heart gets weak. They need to do tests. But sometimes it would be hard on a sick person to have tests done. So, scientists study animals that have body systems like humans. Scientists knew that the macaque monkey’s heart is similar to the human heart. So, they did tests with macaque monkeys. The scientists learned what happens when a monkey has a heart attack. After a heart attack, the monkey’s heart muscle has scar tissue where it was damaged. The scar tissue cannot contract like a strong heart muscle can. Then the monkey’s heart cannot pump enough blood to give the body the oxygen it needs. Without enough oxygen, the monkey’s body cannot function properly. 4) Second, scientists wanted to try out new solutions that would keep the heart working. Sometimes the new solutions might fail. So, scientists didn’t want to try the solutions with people right away. They tried a solution with macaque monkeys. 5) Scientists developed an idea. Then, they tested an idea. They injected human stem cells from the human heart into the monkey’s heart. After four weeks the human heart cells grew where the monkey’s scar tissue was. After three months, the monkey’s heart got stronger. 6) Now scientists are using what they found in this experiment to help humans who have had heart attacks.: 1. According to the passage, what is an important function of the heart muscle?
b. To help scientists study mysteries
c. To help primates heal scar tissue
a. To be a part of the nervous system
d. To pump oxygen to the brain
The item asks for the main purpose of the heart muscle in the passage: it pumps oxygen-rich blood throughout the body to keep it functioning.
Primary domain: reading comprehension in life science/biology. It measures the ability to identify a stated function of the heart from a scientific passage and infer the correct answer from context.
This is a low-to-moderate cognitive item: it mainly requires recall/comprehension from the passage, not multi-step reasoning or synthesis. The correct choice is supported by a direct stated function of the heart muscle, while the distractors are semantically off-topic or anatomically incorrect. The wording is straightforward, with no tricky conditional logic or emotionally loaded language, so the endorsement threshold is low.
This item requires a low level of the underlying trait: basic reading comprehension and simple factual recall, with minimal cognitive demand. The correct response depends on identifying that the heart muscle’s key role is pumping oxygenated blood, not on advanced reasoning or strong domain knowledge.","Original Text: 1) A human is a primate. In primates, the heart sends oxygen in the blood all around the body. The body must have oxygen to function properly. The strong heart muscle contracts to pump blood all around the body. A healthy heart never rests.2) But what happens when a person’s heart gets weaker? People with weak hearts need help. Scientists have to study a medical mystery. Then they might be able to help people. 3) First, scientists need to diagnose the reasons that a human heart gets weak. They need to do tests. But sometimes it would be hard on a sick person to have tests done. So, scientists study animals that have body systems like humans. Scientists knew that the macaque monkey’s heart is similar to the human heart. So, they did tests with macaque monkeys. The scientists learned what happens when a monkey has a heart attack. After a heart attack, the monkey’s heart muscle has scar tissue where it was damaged. The scar tissue cannot contract like a strong heart muscle can. Then the monkey’s heart cannot pump enough blood to give the body the oxygen it needs. Without enough oxygen, the monkey’s body cannot function properly. 4) Second, scientists wanted to try out new solutions that would keep the heart working. Sometimes the new solutions might fail. So, scientists didn’t want to try the solutions with people right away. They tried a solution with macaque monkeys. 5) Scientists developed an idea. Then, they tested an idea. They injected human stem cells from the human heart into the monkey’s heart. After four weeks the human heart cells grew where the monkey’s scar tissue was. After three months, the monkey’s heart got stronger. 6) Now scientists are using what they found in this experiment to help humans who have had heart attacks.: 1. According to the passage, what is an important function of the heart muscle?
b. To help scientists study mysteries
c. To help primates heal scar tissue
a. To be a part of the nervous system
d. To pump oxygen to the brain
The item asks the reader to identify the heart muscle’s important function in the passage: contracting to pump oxygen-carrying blood throughout the body.
This item primarily measures reading comprehension of informational science text, specifically identifying an explicitly stated biological function from the passage. The correct idea is that the heart muscle contracts to pump blood carrying oxygen through the body, so the question assesses recall and interpretation of stated details rather than deeper clinical or psychological constructs.
Core ask: assess the item’s cognitive demand and note wording/features that raise difficulty.

This is a low-to-moderate cognitive-demand recall/inference item. It mainly requires locating the stated function of the heart muscle in the passage and mapping it to the closest answer, with light reasoning because the passage says the heart muscle “contracts to pump blood all around the body,” while the option says “pump oxygen to the brain,” which is only partially aligned.

Load-increasing elements:
- Long passage with multiple paragraphs and details, creating memory/search burden.
- Distractors are semantically related to the passage content, not random.
- Correct option is inexact/paraphrased rather than verbatim.
- Other choices borrow real passage themes (“scientists,” “scar tissue,” “primates”), making them tempting.
- No complex conditional logic or strong emotional wording.
The core ask is the latent trait level needed to answer this item correctly: it appears to require a low to below-average level of the underlying trait, since the item targets basic reading comprehension and recall of an explicitly stated main idea rather than complex inference or advanced reasoning.","Original Text: 1) A human is a primate. In primates, the heart sends oxygen in the blood all around the body. The body must have oxygen to function properly. The strong heart muscle contracts to pump blood all around the body. A healthy heart never rests.2) But what happens when a person’s heart gets weaker? People with weak hearts need help. Scientists have to study a medical mystery. Then they might be able to help people. 3) First, scientists need to diagnose the reasons that a human heart gets weak. They need to do tests. But sometimes it would be hard on a sick person to have tests done. So, scientists study animals that have body systems like humans. Scientists knew that the macaque monkey’s heart is similar to the human heart. So, they did tests with macaque monkeys. The scientists learned what happens when a monkey has a heart attack. After a heart attack, the monkey’s heart muscle has scar tissue where it was damaged. The scar tissue cannot contract like a strong heart muscle can. Then the monkey’s heart cannot pump enough blood to give the body the oxygen it needs. Without enough oxygen, the monkey’s body cannot function properly. 4) Second, scientists wanted to try out new solutions that would keep the heart working. Sometimes the new solutions might fail. So, scientists didn’t want to try the solutions with people right away. They tried a solution with macaque monkeys. 5) Scientists developed an idea. Then, they tested an idea. They injected human stem cells from the human heart into the monkey’s heart. After four weeks the human heart cells grew where the monkey’s scar tissue was. After three months, the monkey’s heart got stronger. 6) Now scientists are using what they found in this experiment to help humans who have had heart attacks.: 1. According to the passage, what is an important function of the heart muscle?
b. To help scientists study mysteries
c. To help primates heal scar tissue
a. To be a part of the nervous system
d. To pump oxygen to the brain
The task asks readers to identify the heart muscle’s important function described in the passage.
The item measures **reading comprehension of basic cardiovascular biology**, specifically understanding the heart muscle’s function. The passage explains that heart contractions pump oxygen-carrying blood throughout the body; option **d** is the closest match.
This is a low-demand comprehension item requiring literal recall, not multi-step reasoning or synthesis. The respondent must connect the heart muscle’s pumping function with delivering oxygen; option **d** is the intended answer, though “to the brain” narrows the passage’s wording (“all around the body”). Distractors are clearly irrelevant, with no conditional logic, complex phrasing, or emotional threshold.
This item requires a **low-to-moderate level of cognitive ability**, primarily basic reading comprehension and recognition of an explicitly stated biological function. A respondent must identify that the heart pumps oxygenated blood, making the item relatively easy and requiring no complex inference.","Original Text: 1) A human is a primate. In primates, the heart sends oxygen in the blood all around the body. The body must have oxygen to function properly. The strong heart muscle contracts to pump blood all around the body. A healthy heart never rests.2) But what happens when a person’s heart gets weaker? People with weak hearts need help. Scientists have to study a medical mystery. Then they might be able to help people. 3) First, scientists need to diagnose the reasons that a human heart gets weak. They need to do tests. But sometimes it would be hard on a sick person to have tests done. So, scientists study animals that have body systems like humans. Scientists knew that the macaque monkey’s heart is similar to the human heart. So, they did tests with macaque monkeys. The scientists learned what happens when a monkey has a heart attack. After a heart attack, the monkey’s heart muscle has scar tissue where it was damaged. The scar tissue cannot contract like a strong heart muscle can. Then the monkey’s heart cannot pump enough blood to give the body the oxygen it needs. Without enough oxygen, the monkey’s body cannot function properly. 4) Second, scientists wanted to try out new solutions that would keep the heart working. Sometimes the new solutions might fail. So, scientists didn’t want to try the solutions with people right away. They tried a solution with macaque monkeys. 5) Scientists developed an idea. Then, they tested an idea. They injected human stem cells from the human heart into the monkey’s heart. After four weeks the human heart cells grew where the monkey’s scar tissue was. After three months, the monkey’s heart got stronger. 6) Now scientists are using what they found in this experiment to help humans who have had heart attacks.: 1. According to the passage, what is an important function of the heart muscle?
b. To help scientists study mysteries
c. To help primates heal scar tissue
a. To be a part of the nervous system
d. To pump oxygen to the brain
Identify the heart muscle’s important function according to the passage.
**Skill: Reading comprehension—retrieving explicit information.** The item measures whether the reader can identify the heart muscle’s stated function: pumping oxygen-rich blood, including to the brain (choice **d**).
This is a low-demand recall item: the reader must identify the heart muscle’s stated function and match it to the closest option. Cognitive load is slightly increased because the passage says the heart pumps **blood carrying oxygen around the body**, while option **d** imprecisely says it pumps **oxygen to the brain**. The other distractors are clearly unsupported, so little multi-step reasoning or synthesis is required.
This item requires a **low level of the underlying reading-comprehension trait**. Respondents need only identify the explicitly stated basic function of the heart—pumping oxygenated blood through the body—and select the clearly related option about supplying oxygen to the brain.",0.7892223822020659,-0.1074191039895062,-0.0746038954615864,-0.0606398614841757,0.9411621274808304,930.0,gilbert_meta_103,-2.1686318232190076,0.5130529690406589,-1.681051822079085,0.397701730277424,0.3581900631916319,0.4065380635009016,0.2614024849300294,0.2966862315243045,-1.468796457872731,0.4497729760786178,-1.1023053367300855,0.3375465328711956,-0.5301532800689178,0.3910738410545335,-0.47665796821659423,0.3516123911852077,-1.2097881548759166,0.4490899195289602,-0.9031860852369136,0.3352750353059326,-0.6871337357501013,0.4328295272453549,-0.5126683557906089,0.3229327720727762,-0.3736869034698218,0.4286937733618738,-0.27372814778574045,0.3140210466570507
cc_q11,"1) A human is a primate. In primates, the heart sends oxygen in the blood all around the body. The body must have oxygen to function properly. The strong heart muscle contracts to pump blood all around the body. A healthy heart never rests.2) But what happens when a person’s heart gets weaker? People with weak hearts need help. Scientists have to study a medical mystery. Then they might be able to help people. 3) First, scientists need to diagnose the reasons that a human heart gets weak. They need to do tests. But sometimes it would be hard on a sick person to have tests done. So, scientists study animals that have body systems like humans. Scientists knew that the macaque monkey’s heart is similar to the human heart. So, they did tests with macaque monkeys. The scientists learned what happens when a monkey has a heart attack. After a heart attack, the monkey’s heart muscle has scar tissue where it was damaged. The scar tissue cannot contract like a strong heart muscle can. Then the monkey’s heart cannot pump enough blood to give the body the oxygen it needs. Without enough oxygen, the monkey’s body cannot function properly. 4) Second, scientists wanted to try out new solutions that would keep the heart working. Sometimes the new solutions might fail. So, scientists didn’t want to try the solutions with people right away. They tried a solution with macaque monkeys. 5) Scientists developed an idea. Then, they tested an idea. They injected human stem cells from the human heart into the monkey’s heart. After four weeks the human heart cells grew where the monkey’s scar tissue was. After three months, the monkey’s heart got stronger. 6) Now scientists are using what they found in this experiment to help humans who have had heart attacks.",10. What is this passage mostly about?,"1) A human is a primate. In primates, the heart sends oxygen in the blood all around the body. The body must have oxygen to function properly. The strong heart muscle contracts to pump blood all around the body. A healthy heart never rests.2) But what happens when a person’s heart gets weaker? People with weak hearts need help. Scientists have to study a medical mystery. Then they might be able to help people. 3) First, scientists need to diagnose the reasons that a human heart gets weak. They need to do tests. But sometimes it would be hard on a sick person to have tests done. So, scientists study animals that have body systems like humans. Scientists knew that the macaque monkey’s heart is similar to the human heart. So, they did tests with macaque monkeys. The scientists learned what happens when a monkey has a heart attack. After a heart attack, the monkey’s heart muscle has scar tissue where it was damaged. The scar tissue cannot contract like a strong heart muscle can. Then the monkey’s heart cannot pump enough blood to give the body the oxygen it needs. Without enough oxygen, the monkey’s body cannot function properly. 4) Second, scientists wanted to try out new solutions that would keep the heart working. Sometimes the new solutions might fail. So, scientists didn’t want to try the solutions with people right away. They tried a solution with macaque monkeys. 5) Scientists developed an idea. Then, they tested an idea. They injected human stem cells from the human heart into the monkey’s heart. After four weeks the human heart cells grew where the monkey’s scar tissue was. After three months, the monkey’s heart got stronger. 6) Now scientists are using what they found in this experiment to help humans who have had heart attacks.: 10. What is this passage mostly about?
e. How scientists study other animals to help human hearts
d. Who invented the idea of using stem cells
a. How the heart muscle provides oxygen to the brain
c. Why scientists want to heal the hearts of monkeys","Original Text: 1) A human is a primate. In primates, the heart sends oxygen in the blood all around the body. The body must have oxygen to function properly. The strong heart muscle contracts to pump blood all around the body. A healthy heart never rests.2) But what happens when a person’s heart gets weaker? People with weak hearts need help. Scientists have to study a medical mystery. Then they might be able to help people. 3) First, scientists need to diagnose the reasons that a human heart gets weak. They need to do tests. But sometimes it would be hard on a sick person to have tests done. So, scientists study animals that have body systems like humans. Scientists knew that the macaque monkey’s heart is similar to the human heart. So, they did tests with macaque monkeys. The scientists learned what happens when a monkey has a heart attack. After a heart attack, the monkey’s heart muscle has scar tissue where it was damaged. The scar tissue cannot contract like a strong heart muscle can. Then the monkey’s heart cannot pump enough blood to give the body the oxygen it needs. Without enough oxygen, the monkey’s body cannot function properly. 4) Second, scientists wanted to try out new solutions that would keep the heart working. Sometimes the new solutions might fail. So, scientists didn’t want to try the solutions with people right away. They tried a solution with macaque monkeys. 5) Scientists developed an idea. Then, they tested an idea. They injected human stem cells from the human heart into the monkey’s heart. After four weeks the human heart cells grew where the monkey’s scar tissue was. After three months, the monkey’s heart got stronger. 6) Now scientists are using what they found in this experiment to help humans who have had heart attacks.: 10. What is this passage mostly about?
e. How scientists study other animals to help human hearts
d. Who invented the idea of using stem cells
a. How the heart muscle provides oxygen to the brain
c. Why scientists want to heal the hearts of monkeys
This item requires identifying the primary subject of a text detailing how scientists utilize animal models to research heart damage and test potential treatments for human patients.
This item measures the **Reading Comprehension** skill of **identifying the main idea**.

**Justification:** The question requires the reader to synthesize information across multiple paragraphs to determine the central theme—the use of animal models to develop medical treatments for humans—rather than focusing on isolated details or secondary facts.
This analysis evaluates the cognitive demand and structural complexity of a multiple-choice item identifying the main idea of a scientific passage.

**Cognitive Demand**
This item requires **synthesis**. To identify the ""mostly about"" answer, the reader must integrate information across the entire text—connecting the biological function of the heart, the rationale for animal testing, the specific stem cell experiment, and the ultimate goal of human application—rather than recalling a single isolated fact.

**Structural and Semantic Elements**
*   **Categorical Generalization:** The correct option (e) requires the reader to map specific textual subjects (""macaque monkeys"") to a broader categorical term (""other animals"").
*   **Scope Distractors:** Option (d) is a ""narrow"" distractor that focuses on a single detail (stem cells) mentioned late in the text, while option (c) misidentifies the primary beneficiary of the research (monkeys instead of humans).
*   **Semantic Accuracy:** Option (a) uses familiar terminology (""oxygen"") but introduces an external concept (""brain"") not focused on in the text, requiring precise differentiation between the text's content and general biological knowledge.
To describe the level of the latent trait—specifically reading comprehension and cognitive synthesis—required to identify the main idea of the provided passage:

The item requires a **low to moderate level of reading comprehension**. A respondent must possess the cognitive ability to synthesize information across multiple paragraphs and distinguish between the primary narrative arc (using animal models to advance human medicine) and secondary details or distractor themes (specific biological functions or the welfare of the test subjects). Successful endorsement indicates the ability to integrate the text's problem-solution structure into a singular, overarching theme.","Original Text: 1) A human is a primate. In primates, the heart sends oxygen in the blood all around the body. The body must have oxygen to function properly. The strong heart muscle contracts to pump blood all around the body. A healthy heart never rests.2) But what happens when a person’s heart gets weaker? People with weak hearts need help. Scientists have to study a medical mystery. Then they might be able to help people. 3) First, scientists need to diagnose the reasons that a human heart gets weak. They need to do tests. But sometimes it would be hard on a sick person to have tests done. So, scientists study animals that have body systems like humans. Scientists knew that the macaque monkey’s heart is similar to the human heart. So, they did tests with macaque monkeys. The scientists learned what happens when a monkey has a heart attack. After a heart attack, the monkey’s heart muscle has scar tissue where it was damaged. The scar tissue cannot contract like a strong heart muscle can. Then the monkey’s heart cannot pump enough blood to give the body the oxygen it needs. Without enough oxygen, the monkey’s body cannot function properly. 4) Second, scientists wanted to try out new solutions that would keep the heart working. Sometimes the new solutions might fail. So, scientists didn’t want to try the solutions with people right away. They tried a solution with macaque monkeys. 5) Scientists developed an idea. Then, they tested an idea. They injected human stem cells from the human heart into the monkey’s heart. After four weeks the human heart cells grew where the monkey’s scar tissue was. After three months, the monkey’s heart got stronger. 6) Now scientists are using what they found in this experiment to help humans who have had heart attacks.: 10. What is this passage mostly about?
e. How scientists study other animals to help human hearts
d. Who invented the idea of using stem cells
a. How the heart muscle provides oxygen to the brain
c. Why scientists want to heal the hearts of monkeys
The core task of this prompt is to summarize the primary question and scenario presented in the text. The item presents a reading comprehension task where the reader must identify the main idea of a passage detailing how scientists use animal models to research and develop stem cell treatments for human heart conditions.
The objective is to determine the primary construct, domain, or skill evaluated by the provided text and question, along with a brief rationale.

**Primary Skill:** Reading Comprehension (Main Idea Identification)

**Justification:** The question explicitly asks what the passage is ""mostly about,"" requiring the reader to synthesize the provided informational text and select the option that best summarizes its central theme.
In evaluating the cognitive demand and structural elements that establish the difficulty of this reading comprehension item, the question requires synthesis. The reader must integrate sequential information across six paragraphs to abstract the overarching main idea rather than relying on simple recall. The cognitive load is elevated by tricky distractors, particularly option ""c,"" which uses semantic overlap to confuse the experimental subject (monkeys) with the ultimate goal of the research (helping humans). Additionally, option ""a"" relies on localized vocabulary from the first paragraph, requiring the reader to distinguish between a narrow supporting detail and the passage's primary focus.
To successfully answer this main-idea reading comprehension question, a respondent requires a low to moderate level of the underlying latent trait of cognitive ability.","Original Text: 1) A human is a primate. In primates, the heart sends oxygen in the blood all around the body. The body must have oxygen to function properly. The strong heart muscle contracts to pump blood all around the body. A healthy heart never rests.2) But what happens when a person’s heart gets weaker? People with weak hearts need help. Scientists have to study a medical mystery. Then they might be able to help people. 3) First, scientists need to diagnose the reasons that a human heart gets weak. They need to do tests. But sometimes it would be hard on a sick person to have tests done. So, scientists study animals that have body systems like humans. Scientists knew that the macaque monkey’s heart is similar to the human heart. So, they did tests with macaque monkeys. The scientists learned what happens when a monkey has a heart attack. After a heart attack, the monkey’s heart muscle has scar tissue where it was damaged. The scar tissue cannot contract like a strong heart muscle can. Then the monkey’s heart cannot pump enough blood to give the body the oxygen it needs. Without enough oxygen, the monkey’s body cannot function properly. 4) Second, scientists wanted to try out new solutions that would keep the heart working. Sometimes the new solutions might fail. So, scientists didn’t want to try the solutions with people right away. They tried a solution with macaque monkeys. 5) Scientists developed an idea. Then, they tested an idea. They injected human stem cells from the human heart into the monkey’s heart. After four weeks the human heart cells grew where the monkey’s scar tissue was. After three months, the monkey’s heart got stronger. 6) Now scientists are using what they found in this experiment to help humans who have had heart attacks.: 10. What is this passage mostly about?
e. How scientists study other animals to help human hearts
d. Who invented the idea of using stem cells
a. How the heart muscle provides oxygen to the brain
c. Why scientists want to heal the hearts of monkeys
The provided item is a multiple-choice reading comprehension task that asks the reader to determine the main idea of an informational text explaining how scientists study heart disease and test stem cell treatments in macaque monkeys to develop therapies for human heart conditions.
**Construct/Skill Measured:** 
Reading Comprehension (specifically, identifying the main idea or central theme of an informational text).

**Justification:** 
The item assesses a reader's ability to synthesize information across multiple paragraphs to determine the overarching focus of the passage—how researchers use animal models to develop treatments for human heart conditions—rather than focusing on isolated supporting details or distractors.
Assessing the cognitive demand and structural complexity of this reading comprehension item reveals that it requires **synthesis and global passage integration** rather than direct recall.

* **Cognitive Demand:** The item requires multi-step synthesis to determine the overarching main idea. The reader must connect the introductory premise (human heart failure) through the experimental methodology (macaque monkey trials) to the ultimate conclusion (applying animal findings to human treatments).
* **Structural and Semantic Elements Influencing Load:**
  * **Distractor Plausibility (Option C):** Because paragraphs 3 through 5 heavily focus on procedures performed on monkeys, the item presents a moderate cognitive load requiring readers to differentiate between the experimental subject (monkeys) and the ultimate objective (treating humans).
  * **Narrow/Distorted Sub-Details (Options A and D):** Option A relies on distorted recall of anatomical details from paragraph 1, while Option D isolates a single procedural mechanism (stem cells), penalizing superficial or localized reading rather than whole-text evaluation.
To successfully identify the central theme of this passage, a respondent requires a **low-to-moderate level of reading comprehension ability (cognitive ability)**. The item demands basic synthesis skills to extract the primary purpose of the text—understanding that animal testing is used as a proxy to advance human heart treatments—while distinguishing the global topic from localized supporting details and clear factual distractors.","Original Text: 1) A human is a primate. In primates, the heart sends oxygen in the blood all around the body. The body must have oxygen to function properly. The strong heart muscle contracts to pump blood all around the body. A healthy heart never rests.2) But what happens when a person’s heart gets weaker? People with weak hearts need help. Scientists have to study a medical mystery. Then they might be able to help people. 3) First, scientists need to diagnose the reasons that a human heart gets weak. They need to do tests. But sometimes it would be hard on a sick person to have tests done. So, scientists study animals that have body systems like humans. Scientists knew that the macaque monkey’s heart is similar to the human heart. So, they did tests with macaque monkeys. The scientists learned what happens when a monkey has a heart attack. After a heart attack, the monkey’s heart muscle has scar tissue where it was damaged. The scar tissue cannot contract like a strong heart muscle can. Then the monkey’s heart cannot pump enough blood to give the body the oxygen it needs. Without enough oxygen, the monkey’s body cannot function properly. 4) Second, scientists wanted to try out new solutions that would keep the heart working. Sometimes the new solutions might fail. So, scientists didn’t want to try the solutions with people right away. They tried a solution with macaque monkeys. 5) Scientists developed an idea. Then, they tested an idea. They injected human stem cells from the human heart into the monkey’s heart. After four weeks the human heart cells grew where the monkey’s scar tissue was. After three months, the monkey’s heart got stronger. 6) Now scientists are using what they found in this experiment to help humans who have had heart attacks.: 10. What is this passage mostly about?
e. How scientists study other animals to help human hearts
d. Who invented the idea of using stem cells
a. How the heart muscle provides oxygen to the brain
c. Why scientists want to heal the hearts of monkeys
The passage is mainly about how scientists use macaque monkeys to study weak hearts and test stem cell treatments to help human heart patients.
Primary construct: reading comprehension of a scientific informational passage, specifically identifying the main idea. The item measures whether the reader can determine that the passage is mostly about how scientists use animal studies to help human hearts, rather than recalling a detail.
This is a moderate reading-comprehension item requiring synthesis across the passage. It uses multi-step reasoning to identify the main idea, with distractors that are plausible but narrower or off-topic. The wording is straightforward, with no strong emotional language or tricky conditional logic, but the answer depends on integrating several details about animal testing, heart attacks, and stem cells.
A low-to-moderate reading comprehension level is needed: the item mainly requires understanding a straightforward science passage and identifying its central idea, rather than a high underlying cognitive trait.","Original Text: 1) A human is a primate. In primates, the heart sends oxygen in the blood all around the body. The body must have oxygen to function properly. The strong heart muscle contracts to pump blood all around the body. A healthy heart never rests.2) But what happens when a person’s heart gets weaker? People with weak hearts need help. Scientists have to study a medical mystery. Then they might be able to help people. 3) First, scientists need to diagnose the reasons that a human heart gets weak. They need to do tests. But sometimes it would be hard on a sick person to have tests done. So, scientists study animals that have body systems like humans. Scientists knew that the macaque monkey’s heart is similar to the human heart. So, they did tests with macaque monkeys. The scientists learned what happens when a monkey has a heart attack. After a heart attack, the monkey’s heart muscle has scar tissue where it was damaged. The scar tissue cannot contract like a strong heart muscle can. Then the monkey’s heart cannot pump enough blood to give the body the oxygen it needs. Without enough oxygen, the monkey’s body cannot function properly. 4) Second, scientists wanted to try out new solutions that would keep the heart working. Sometimes the new solutions might fail. So, scientists didn’t want to try the solutions with people right away. They tried a solution with macaque monkeys. 5) Scientists developed an idea. Then, they tested an idea. They injected human stem cells from the human heart into the monkey’s heart. After four weeks the human heart cells grew where the monkey’s scar tissue was. After three months, the monkey’s heart got stronger. 6) Now scientists are using what they found in this experiment to help humans who have had heart attacks.: 10. What is this passage mostly about?
e. How scientists study other animals to help human hearts
d. Who invented the idea of using stem cells
a. How the heart muscle provides oxygen to the brain
c. Why scientists want to heal the hearts of monkeys
The item asks for the main idea of a passage about scientists studying macaque monkeys and testing stem-cell treatments to learn how to help human hearts after heart attacks.
Primary domain: Reading comprehension, specifically identifying the main idea of an informational science passage.

Justification: The item asks what the passage is mostly about, requiring the reader to synthesize the overall focus of the text—scientists studying macaque monkeys and stem-cell treatments to help human hearts—rather than recall a single fact.
Core ask: assess the item’s cognitive demand and note wording/features that raise difficulty.

This is a moderate-demand cognitive item, mainly requiring multi-step reasoning and synthesis rather than simple recall. The reader must integrate the passage’s sequence: why scientists study weak hearts, why they use macaque monkeys, how stem-cell testing worked, and how that helps humans, then select the best overall main idea.

Load-increasing elements:
- Long, multi-paragraph passage with several supporting details and causal steps
- Main-idea question requires abstraction across the whole text, not one sentence lookup
- Some distractors are plausible because they match isolated details:
  - stem cells/invented idea
  - oxygen/heart function
  - healing monkeys
- Contrastive structure (“First,” “Second,” “Now”) requires tracking purpose across stages
- Mildly tricky because the passage discusses monkeys extensively, but the true focus is helping human hearts through animal research

Endorsement threshold: not applicable; this is not a psychological/attitudinal item.
This item appears to require a moderately high underlying latent trait level—enough reading comprehension and synthesis ability to integrate the passage’s main idea across multiple paragraphs and distinguish the central theme from plausible but narrower distractors. Successful endorsement reflects solid global comprehension rather than only recall of an isolated detail.","Original Text: 1) A human is a primate. In primates, the heart sends oxygen in the blood all around the body. The body must have oxygen to function properly. The strong heart muscle contracts to pump blood all around the body. A healthy heart never rests.2) But what happens when a person’s heart gets weaker? People with weak hearts need help. Scientists have to study a medical mystery. Then they might be able to help people. 3) First, scientists need to diagnose the reasons that a human heart gets weak. They need to do tests. But sometimes it would be hard on a sick person to have tests done. So, scientists study animals that have body systems like humans. Scientists knew that the macaque monkey’s heart is similar to the human heart. So, they did tests with macaque monkeys. The scientists learned what happens when a monkey has a heart attack. After a heart attack, the monkey’s heart muscle has scar tissue where it was damaged. The scar tissue cannot contract like a strong heart muscle can. Then the monkey’s heart cannot pump enough blood to give the body the oxygen it needs. Without enough oxygen, the monkey’s body cannot function properly. 4) Second, scientists wanted to try out new solutions that would keep the heart working. Sometimes the new solutions might fail. So, scientists didn’t want to try the solutions with people right away. They tried a solution with macaque monkeys. 5) Scientists developed an idea. Then, they tested an idea. They injected human stem cells from the human heart into the monkey’s heart. After four weeks the human heart cells grew where the monkey’s scar tissue was. After three months, the monkey’s heart got stronger. 6) Now scientists are using what they found in this experiment to help humans who have had heart attacks.: 10. What is this passage mostly about?
e. How scientists study other animals to help human hearts
d. Who invented the idea of using stem cells
a. How the heart muscle provides oxygen to the brain
c. Why scientists want to heal the hearts of monkeys
Identify the passage’s main idea: scientists study macaque monkeys to develop treatments, including stem cells, for damaged human hearts.
**Primary skill:** Reading comprehension—identifying the passage’s main idea.  
**Justification:** The passage explains how scientists study macaque monkeys to understand heart damage and develop treatments for human heart patients, making **e. How scientists study other animals to help human hearts** the best answer.
This is a **moderate-demand reading-comprehension item** requiring **synthesis** of the passage’s central purpose, not simple recall. The respondent must integrate the problem, animal testing, stem-cell experiment, and application to humans.

Cognitive load increases from the passage’s length, multi-step causal and chronological structure, and several technical details. Distractors are plausible but overly narrow or unsupported: invention, brain oxygen, or healing monkeys rather than using animal research to help human hearts. No severe symptom, strong belief, or deep introspection is required.
The item requires a **moderate level of reading comprehension and general reasoning**: the respondent must synthesize the passage’s central purpose—how animal studies support treatments for human hearts—rather than recall a single detail. It does not require high cognitive ability or specialized medical knowledge.","Original Text: 1) A human is a primate. In primates, the heart sends oxygen in the blood all around the body. The body must have oxygen to function properly. The strong heart muscle contracts to pump blood all around the body. A healthy heart never rests.2) But what happens when a person’s heart gets weaker? People with weak hearts need help. Scientists have to study a medical mystery. Then they might be able to help people. 3) First, scientists need to diagnose the reasons that a human heart gets weak. They need to do tests. But sometimes it would be hard on a sick person to have tests done. So, scientists study animals that have body systems like humans. Scientists knew that the macaque monkey’s heart is similar to the human heart. So, they did tests with macaque monkeys. The scientists learned what happens when a monkey has a heart attack. After a heart attack, the monkey’s heart muscle has scar tissue where it was damaged. The scar tissue cannot contract like a strong heart muscle can. Then the monkey’s heart cannot pump enough blood to give the body the oxygen it needs. Without enough oxygen, the monkey’s body cannot function properly. 4) Second, scientists wanted to try out new solutions that would keep the heart working. Sometimes the new solutions might fail. So, scientists didn’t want to try the solutions with people right away. They tried a solution with macaque monkeys. 5) Scientists developed an idea. Then, they tested an idea. They injected human stem cells from the human heart into the monkey’s heart. After four weeks the human heart cells grew where the monkey’s scar tissue was. After three months, the monkey’s heart got stronger. 6) Now scientists are using what they found in this experiment to help humans who have had heart attacks.: 10. What is this passage mostly about?
e. How scientists study other animals to help human hearts
d. Who invented the idea of using stem cells
a. How the heart muscle provides oxygen to the brain
c. Why scientists want to heal the hearts of monkeys
Identify the passage’s main idea: scientists study animals, such as macaque monkeys, to develop treatments for human heart damage.
**Primary skill: Reading comprehension—identifying the main idea.** The item asks the reader to determine that the passage is mainly about scientists studying animals to develop treatments for human hearts, rather than selecting a supporting detail.
This is a low-to-moderate demand reading-comprehension item requiring synthesis of the passage’s main idea across several paragraphs, not simple recall. The correct option paraphrases the recurring link between animal research and helping human hearts. Cognitive load comes from the passage’s length, causal sequence, and repeated scientific details; distractors use real but narrow or unsupported details. No complex conditional logic or emotionally intense wording raises the threshold.
This item requires a **low-to-moderate level of reading comprehension**. Respondents must identify the passage’s clearly repeated main idea—that scientists study animals to develop treatments for human hearts—while rejecting narrower or unsupported alternatives.",1.7724472558915485,-0.0738136908518675,-0.0303891467738071,-0.0124690599760517,0.987608356647381,940.0,gilbert_meta_103,1.5380899380124409,0.5426854130902943,1.1922765612557384,0.4206718230008422,1.5400396557655216,0.5581897081842053,1.1239010633651194,0.4073596444345139,1.545257637844232,0.5629770736977245,1.159688077737872,0.4225041730373373,1.4466878701506287,0.5149733765056367,1.3007092981485449,0.46300979840944567,1.4943251500292831,0.5314135968991198,1.115611586116447,0.3967350517448333,1.570653297703244,0.5514564606772278,1.1718595693334817,0.4114399603402987,1.4211949685519631,0.5219664731859167,1.041034788139315,0.38234392103327963
cc_q15,"1) Some birds that are here today are smaller than they were many years ago. Why is this happening? It is a mystery. How do scientists study a mystery? 2) First, scientists try to understand the bird’s skeletal and muscular systems. Those systems help birds to fly. One thing scientists know is that birds’ bones are hollow inside. So, they don’t weigh much. Birds’ skeletons weigh less than their feathers. They have also learned that a bird wing works like a human arm. Birds contract their chest muscles to make their wings flap. 3) Second, scientists try to diagnose the reasons that the birds’ bodies might have changed over time. Some scientists thought that birds’ skeletal or muscular systems might have changed. So, they studied migratory birds in North America. Migratory birds fly long distances to warmer places for the winter. 4) Third, scientists measured the physical characteristics of the birds. They measured the size of the birds’ bones. They found some of the birds’ bones were shorter than they were 40 years ago. For example, the lower leg bone of many birds is smaller. 5) Fourth, scientists measured the migratory birds’ wings. They found the birds’ wings are longer than they used to be. 6) Many scientists asked, “Why are the birds’ bones smaller than they used be. But their wings are longer?” They thought about the long distance the birds fly in winter. They thought that the birds’ bodies changed to adapt to the long winter flight. They would need a lot of energy for the flight. A smaller body would have smaller muscles and less fat. But smaller bones and longer wings would make flying easier. 7) Over time, these characteristics of birds have become more common. The scientists came up with some very good ideas about why these skeletal changes might be occurring.",2. Which sentence best summarizes paragraph 2?,"1) Some birds that are here today are smaller than they were many years ago. Why is this happening? It is a mystery. How do scientists study a mystery? 2) First, scientists try to understand the bird’s skeletal and muscular systems. Those systems help birds to fly. One thing scientists know is that birds’ bones are hollow inside. So, they don’t weigh much. Birds’ skeletons weigh less than their feathers. They have also learned that a bird wing works like a human arm. Birds contract their chest muscles to make their wings flap. 3) Second, scientists try to diagnose the reasons that the birds’ bodies might have changed over time. Some scientists thought that birds’ skeletal or muscular systems might have changed. So, they studied migratory birds in North America. Migratory birds fly long distances to warmer places for the winter. 4) Third, scientists measured the physical characteristics of the birds. They measured the size of the birds’ bones. They found some of the birds’ bones were shorter than they were 40 years ago. For example, the lower leg bone of many birds is smaller. 5) Fourth, scientists measured the migratory birds’ wings. They found the birds’ wings are longer than they used to be. 6) Many scientists asked, “Why are the birds’ bones smaller than they used be. But their wings are longer?” They thought about the long distance the birds fly in winter. They thought that the birds’ bodies changed to adapt to the long winter flight. They would need a lot of energy for the flight. A smaller body would have smaller muscles and less fat. But smaller bones and longer wings would make flying easier. 7) Over time, these characteristics of birds have become more common. The scientists came up with some very good ideas about why these skeletal changes might be occurring.: 2. Which sentence best summarizes paragraph 2?
a. Scientists knew where the birds were flying
d. Scientists thought muscles carry blood
b. Scientists learned that a bird wing was like a human arm
c. Scientists worked to learn about birds’ bones and wings","Original Text: 1) Some birds that are here today are smaller than they were many years ago. Why is this happening? It is a mystery. How do scientists study a mystery? 2) First, scientists try to understand the bird’s skeletal and muscular systems. Those systems help birds to fly. One thing scientists know is that birds’ bones are hollow inside. So, they don’t weigh much. Birds’ skeletons weigh less than their feathers. They have also learned that a bird wing works like a human arm. Birds contract their chest muscles to make their wings flap. 3) Second, scientists try to diagnose the reasons that the birds’ bodies might have changed over time. Some scientists thought that birds’ skeletal or muscular systems might have changed. So, they studied migratory birds in North America. Migratory birds fly long distances to warmer places for the winter. 4) Third, scientists measured the physical characteristics of the birds. They measured the size of the birds’ bones. They found some of the birds’ bones were shorter than they were 40 years ago. For example, the lower leg bone of many birds is smaller. 5) Fourth, scientists measured the migratory birds’ wings. They found the birds’ wings are longer than they used to be. 6) Many scientists asked, “Why are the birds’ bones smaller than they used be. But their wings are longer?” They thought about the long distance the birds fly in winter. They thought that the birds’ bodies changed to adapt to the long winter flight. They would need a lot of energy for the flight. A smaller body would have smaller muscles and less fat. But smaller bones and longer wings would make flying easier. 7) Over time, these characteristics of birds have become more common. The scientists came up with some very good ideas about why these skeletal changes might be occurring.: 2. Which sentence best summarizes paragraph 2?
a. Scientists knew where the birds were flying
d. Scientists thought muscles carry blood
b. Scientists learned that a bird wing was like a human arm
c. Scientists worked to learn about birds’ bones and wings
This item requires identifying the most accurate summary of the second paragraph, which describes scientists' efforts to understand bird skeletal and muscular systems.
This item measures the **reading comprehension skill of summarization**. It requires the reader to synthesize the specific details provided in paragraph 2—such as skeletal structure, bone weight, and muscular function—to identify the central theme or most accurate overview of that section.
This analysis evaluates the cognitive demand and structural complexity of identifying the best summary for the second paragraph of the provided text.

**Cognitive Demand**
This item requires **synthesis**. While it involves the recall of specific details, the respondent must evaluate the hierarchy of information to distinguish a comprehensive summary from isolated supporting facts.

**Structural and Semantic Elements**
*   **Tricky Distractors:** Option (b) acts as a high-competition distractor because it is a verbatim detail from the text. Choosing the correct answer requires the respondent to recognize that a specific example is subordinate to a general summary.
*   **Semantic Generalization:** The item requires mapping the text's specific focus on ""skeletal and muscular systems"" to the broader categories of ""bones and wings"" used in the correct option.
*   **Low Linguistic Load:** The simple phrasing and clear paragraph markers minimize decoding effort, focusing the cognitive load almost entirely on the logical task of summarization.
To identify the best summary of paragraph 2, a respondent requires a **low to moderate level of reading comprehension**. This involves the ability to synthesize specific details regarding skeletal and muscular systems into a general theme while distinguishing the primary focus from subordinate examples or analogies.","Original Text: 1) Some birds that are here today are smaller than they were many years ago. Why is this happening? It is a mystery. How do scientists study a mystery? 2) First, scientists try to understand the bird’s skeletal and muscular systems. Those systems help birds to fly. One thing scientists know is that birds’ bones are hollow inside. So, they don’t weigh much. Birds’ skeletons weigh less than their feathers. They have also learned that a bird wing works like a human arm. Birds contract their chest muscles to make their wings flap. 3) Second, scientists try to diagnose the reasons that the birds’ bodies might have changed over time. Some scientists thought that birds’ skeletal or muscular systems might have changed. So, they studied migratory birds in North America. Migratory birds fly long distances to warmer places for the winter. 4) Third, scientists measured the physical characteristics of the birds. They measured the size of the birds’ bones. They found some of the birds’ bones were shorter than they were 40 years ago. For example, the lower leg bone of many birds is smaller. 5) Fourth, scientists measured the migratory birds’ wings. They found the birds’ wings are longer than they used to be. 6) Many scientists asked, “Why are the birds’ bones smaller than they used be. But their wings are longer?” They thought about the long distance the birds fly in winter. They thought that the birds’ bodies changed to adapt to the long winter flight. They would need a lot of energy for the flight. A smaller body would have smaller muscles and less fat. But smaller bones and longer wings would make flying easier. 7) Over time, these characteristics of birds have become more common. The scientists came up with some very good ideas about why these skeletal changes might be occurring.: 2. Which sentence best summarizes paragraph 2?
a. Scientists knew where the birds were flying
d. Scientists thought muscles carry blood
b. Scientists learned that a bird wing was like a human arm
c. Scientists worked to learn about birds’ bones and wings
The core objective of this prompt is to summarize the specific task presented in the provided text. The core task of the item is to read a passage about scientists investigating evolutionary changes in bird anatomy and to select the multiple-choice option that best summarizes the second paragraph regarding birds' skeletal and muscular systems.
The core task is to identify the primary construct or skill measured by the provided reading passage and multiple-choice question, accompanied by a concise justification.

**Primary Skill:** Reading Comprehension (Summarizing / Identifying the Main Idea)

**Justification:** The item explicitly asks the reader to select the sentence that best summarizes a specific paragraph, requiring them to synthesize various supporting details (e.g., skeletal systems, hollow bones, wing mechanics) into a single overarching concept.
Assessing the cognitive complexity and structural features of a paragraph summarization question. 

This cognitive item requires synthesis to distill the overarching main idea of a specific section rather than simple recall. The cognitive load is increased by a tricky distractor (Option B), which presents a verbatim detail from the text that readers must actively reject in favor of the broader summary (Option C). Furthermore, the non-sequential labeling of the multiple-choice options (a, d, b, c) introduces a minor structural irregularity that requires careful visual tracking.
To successfully answer the item requiring the selection of the best summary for paragraph 2, a low to moderate level of the underlying latent trait of reading comprehension is required, as the task relies on basic information retrieval and the ability to distinguish a broad main idea from narrow details within a simple text.","Original Text: 1) Some birds that are here today are smaller than they were many years ago. Why is this happening? It is a mystery. How do scientists study a mystery? 2) First, scientists try to understand the bird’s skeletal and muscular systems. Those systems help birds to fly. One thing scientists know is that birds’ bones are hollow inside. So, they don’t weigh much. Birds’ skeletons weigh less than their feathers. They have also learned that a bird wing works like a human arm. Birds contract their chest muscles to make their wings flap. 3) Second, scientists try to diagnose the reasons that the birds’ bodies might have changed over time. Some scientists thought that birds’ skeletal or muscular systems might have changed. So, they studied migratory birds in North America. Migratory birds fly long distances to warmer places for the winter. 4) Third, scientists measured the physical characteristics of the birds. They measured the size of the birds’ bones. They found some of the birds’ bones were shorter than they were 40 years ago. For example, the lower leg bone of many birds is smaller. 5) Fourth, scientists measured the migratory birds’ wings. They found the birds’ wings are longer than they used to be. 6) Many scientists asked, “Why are the birds’ bones smaller than they used be. But their wings are longer?” They thought about the long distance the birds fly in winter. They thought that the birds’ bodies changed to adapt to the long winter flight. They would need a lot of energy for the flight. A smaller body would have smaller muscles and less fat. But smaller bones and longer wings would make flying easier. 7) Over time, these characteristics of birds have become more common. The scientists came up with some very good ideas about why these skeletal changes might be occurring.: 2. Which sentence best summarizes paragraph 2?
a. Scientists knew where the birds were flying
d. Scientists thought muscles carry blood
b. Scientists learned that a bird wing was like a human arm
c. Scientists worked to learn about birds’ bones and wings
The core task is to select the multiple-choice option that most accurately captures the main idea of the passage's second paragraph regarding scientific research into birds' skeletal and muscular structures.
The primary skill this assessment item aims to measure is **reading comprehension**, specifically the ability to **identify the main idea and summarize informational text**. 

**Justification:** The question requires the reader to synthesize the specific details presented in paragraph 2 regarding avian skeletal and muscular adaptations to select the single statement that most accurately encapsulates the central theme of that section.
**Evaluation of Cognitive Demand and Structural Complexity:**

* **Cognitive Level:** **Synthesis.** The item requires summarizing a specific paragraph by distinguishing the overarching main idea from individual supporting details rather than relying on direct recall.
* **Cognitive Load & Distractor Elements:** 
  * **Verbatim-Detail Distractor:** Option (b) features phrasing pulled almost directly from the text (""a bird wing works like a human arm""), creating a trap for test-takers who rely on simple word-matching rather than conceptual synthesis.
  * **Low-Complexity Structure:** The passage features simple syntax and explicit sequencing cues (""First""), which keeps the baseline reading threshold low, concentrating the difficulty entirely on evaluating detail versus main idea.
To determine the degree of reading comprehension ability necessary to correctly solve this summary question, a **low to low-average level of the latent trait (foundational cognitive and verbal ability)** is required. The text features simple syntax, clear organizational cues, and elementary vocabulary, requiring only basic main-idea identification skills rather than complex inference or deep analytical synthesis.","Original Text: 1) Some birds that are here today are smaller than they were many years ago. Why is this happening? It is a mystery. How do scientists study a mystery? 2) First, scientists try to understand the bird’s skeletal and muscular systems. Those systems help birds to fly. One thing scientists know is that birds’ bones are hollow inside. So, they don’t weigh much. Birds’ skeletons weigh less than their feathers. They have also learned that a bird wing works like a human arm. Birds contract their chest muscles to make their wings flap. 3) Second, scientists try to diagnose the reasons that the birds’ bodies might have changed over time. Some scientists thought that birds’ skeletal or muscular systems might have changed. So, they studied migratory birds in North America. Migratory birds fly long distances to warmer places for the winter. 4) Third, scientists measured the physical characteristics of the birds. They measured the size of the birds’ bones. They found some of the birds’ bones were shorter than they were 40 years ago. For example, the lower leg bone of many birds is smaller. 5) Fourth, scientists measured the migratory birds’ wings. They found the birds’ wings are longer than they used to be. 6) Many scientists asked, “Why are the birds’ bones smaller than they used be. But their wings are longer?” They thought about the long distance the birds fly in winter. They thought that the birds’ bodies changed to adapt to the long winter flight. They would need a lot of energy for the flight. A smaller body would have smaller muscles and less fat. But smaller bones and longer wings would make flying easier. 7) Over time, these characteristics of birds have become more common. The scientists came up with some very good ideas about why these skeletal changes might be occurring.: 2. Which sentence best summarizes paragraph 2?
a. Scientists knew where the birds were flying
d. Scientists thought muscles carry blood
b. Scientists learned that a bird wing was like a human arm
c. Scientists worked to learn about birds’ bones and wings
The item asks for the best summary of paragraph 2, which focuses on scientists studying birds’ bones, muscles, and wings to understand how they help birds fly. The best choice is **c. Scientists worked to learn about birds’ bones and wings**.
Reading comprehension: identifying the main idea of a paragraph. The item asks the reader to choose the sentence that best summarizes paragraph 2, which focuses on scientists learning about birds’ bones, muscles, and wings.
This is a low-to-moderate demand reading-comprehension item: it mainly requires recall and identifying the best summary, with little multi-step reasoning or synthesis. The threshold is raised by paraphrased answer choices and distractors that mention related details but not the paragraph’s main idea; the wording is straightforward, with no strong emotional or conditional language.
A moderate reading-comprehension level is needed: the respondent must identify the paragraph’s main idea and synthesize details about birds’ skeletal and muscular systems, but the item does not require advanced inference or specialized knowledge.","Original Text: 1) Some birds that are here today are smaller than they were many years ago. Why is this happening? It is a mystery. How do scientists study a mystery? 2) First, scientists try to understand the bird’s skeletal and muscular systems. Those systems help birds to fly. One thing scientists know is that birds’ bones are hollow inside. So, they don’t weigh much. Birds’ skeletons weigh less than their feathers. They have also learned that a bird wing works like a human arm. Birds contract their chest muscles to make their wings flap. 3) Second, scientists try to diagnose the reasons that the birds’ bodies might have changed over time. Some scientists thought that birds’ skeletal or muscular systems might have changed. So, they studied migratory birds in North America. Migratory birds fly long distances to warmer places for the winter. 4) Third, scientists measured the physical characteristics of the birds. They measured the size of the birds’ bones. They found some of the birds’ bones were shorter than they were 40 years ago. For example, the lower leg bone of many birds is smaller. 5) Fourth, scientists measured the migratory birds’ wings. They found the birds’ wings are longer than they used to be. 6) Many scientists asked, “Why are the birds’ bones smaller than they used be. But their wings are longer?” They thought about the long distance the birds fly in winter. They thought that the birds’ bodies changed to adapt to the long winter flight. They would need a lot of energy for the flight. A smaller body would have smaller muscles and less fat. But smaller bones and longer wings would make flying easier. 7) Over time, these characteristics of birds have become more common. The scientists came up with some very good ideas about why these skeletal changes might be occurring.: 2. Which sentence best summarizes paragraph 2?
a. Scientists knew where the birds were flying
d. Scientists thought muscles carry blood
b. Scientists learned that a bird wing was like a human arm
c. Scientists worked to learn about birds’ bones and wings
The item asks for the best summary of paragraph 2, which explains that scientists studied how birds’ skeletal and muscular systems work, including their hollow bones and wing movement.
This item is primarily measuring reading comprehension, specifically summarization of informational text. It asks the reader to identify the best summary of paragraph 2 by distinguishing the main idea from supporting details, with the correct choice capturing that the paragraph is broadly about scientists learning how birds’ bones and wings work.
Core ask: assess the item’s cognitive demand and note wording/structure that raises load.

This is a low-to-moderate cognitive-demand reading-comprehension item. It mainly requires recall plus light synthesis: the test-taker must identify the main idea of paragraph 2 by integrating several details about skeletal and muscular systems, hollow bones, and wings. It does not require deep multi-step reasoning.

Load-increasing elements:
- “best summarizes” requires gist extraction rather than matching one explicit sentence.
- Paragraph 2 contains multiple supporting details, so the reader must distinguish main idea from examples.
- Distractors are partly detail-based or distorted:
  - b is a true detail but too narrow.
  - a and d are unsupported/incorrect.
  - c is the broader summary.
- Minor structural noise: answer choices are out of order (a, d, b, c), which can slightly increase attention demands.
- No strong emotional wording, conditional logic, or high endorsement threshold applies.
This item appears to require a moderately high level of the latent trait—here, reading comprehension/summarization skill. A respondent must integrate multiple details in paragraph 2, distinguish the main idea from supporting facts, and select the broad summary rather than a single specific detail or an incorrect statement. Successful responding reflects solid but not extreme comprehension ability.","Original Text: 1) Some birds that are here today are smaller than they were many years ago. Why is this happening? It is a mystery. How do scientists study a mystery? 2) First, scientists try to understand the bird’s skeletal and muscular systems. Those systems help birds to fly. One thing scientists know is that birds’ bones are hollow inside. So, they don’t weigh much. Birds’ skeletons weigh less than their feathers. They have also learned that a bird wing works like a human arm. Birds contract their chest muscles to make their wings flap. 3) Second, scientists try to diagnose the reasons that the birds’ bodies might have changed over time. Some scientists thought that birds’ skeletal or muscular systems might have changed. So, they studied migratory birds in North America. Migratory birds fly long distances to warmer places for the winter. 4) Third, scientists measured the physical characteristics of the birds. They measured the size of the birds’ bones. They found some of the birds’ bones were shorter than they were 40 years ago. For example, the lower leg bone of many birds is smaller. 5) Fourth, scientists measured the migratory birds’ wings. They found the birds’ wings are longer than they used to be. 6) Many scientists asked, “Why are the birds’ bones smaller than they used be. But their wings are longer?” They thought about the long distance the birds fly in winter. They thought that the birds’ bodies changed to adapt to the long winter flight. They would need a lot of energy for the flight. A smaller body would have smaller muscles and less fat. But smaller bones and longer wings would make flying easier. 7) Over time, these characteristics of birds have become more common. The scientists came up with some very good ideas about why these skeletal changes might be occurring.: 2. Which sentence best summarizes paragraph 2?
a. Scientists knew where the birds were flying
d. Scientists thought muscles carry blood
b. Scientists learned that a bird wing was like a human arm
c. Scientists worked to learn about birds’ bones and wings
Choose the sentence that best summarizes paragraph 2 about scientists studying birds’ bones, wings, and muscles.
**Primary skill:** Reading comprehension—identifying the main idea.  
**Justification:** The item asks learners to select the sentence that best summarizes paragraph 2, distinguishing its overall focus on studying birds’ bones and wings from a specific supporting detail.
This is a low-to-moderate reading-comprehension item requiring paragraph-level synthesis, not mere recall: the respondent must identify the central idea of paragraph 2 among supporting details. Distractors include one specific fact (“wing was like a human arm”) and unrelated claims, creating mild semantic discrimination. Wording is straightforward, with no conditional logic or substantial emotional or linguistic complexity.
This item requires a **low-to-moderate level of reading comprehension**, specifically the ability to identify a paragraph’s main idea and select a broad summary rather than a single detail. It does not require high cognitive ability; basic elementary-level comprehension is sufficient.","Original Text: 1) Some birds that are here today are smaller than they were many years ago. Why is this happening? It is a mystery. How do scientists study a mystery? 2) First, scientists try to understand the bird’s skeletal and muscular systems. Those systems help birds to fly. One thing scientists know is that birds’ bones are hollow inside. So, they don’t weigh much. Birds’ skeletons weigh less than their feathers. They have also learned that a bird wing works like a human arm. Birds contract their chest muscles to make their wings flap. 3) Second, scientists try to diagnose the reasons that the birds’ bodies might have changed over time. Some scientists thought that birds’ skeletal or muscular systems might have changed. So, they studied migratory birds in North America. Migratory birds fly long distances to warmer places for the winter. 4) Third, scientists measured the physical characteristics of the birds. They measured the size of the birds’ bones. They found some of the birds’ bones were shorter than they were 40 years ago. For example, the lower leg bone of many birds is smaller. 5) Fourth, scientists measured the migratory birds’ wings. They found the birds’ wings are longer than they used to be. 6) Many scientists asked, “Why are the birds’ bones smaller than they used be. But their wings are longer?” They thought about the long distance the birds fly in winter. They thought that the birds’ bodies changed to adapt to the long winter flight. They would need a lot of energy for the flight. A smaller body would have smaller muscles and less fat. But smaller bones and longer wings would make flying easier. 7) Over time, these characteristics of birds have become more common. The scientists came up with some very good ideas about why these skeletal changes might be occurring.: 2. Which sentence best summarizes paragraph 2?
a. Scientists knew where the birds were flying
d. Scientists thought muscles carry blood
b. Scientists learned that a bird wing was like a human arm
c. Scientists worked to learn about birds’ bones and wings
Identify the sentence that best summarizes scientists’ study of birds’ skeletal and muscular systems in paragraph 2.
**Reading comprehension—identifying a paragraph’s main idea.** The item assesses whether the reader can select the sentence that best summarizes paragraph 2’s details about scientists studying birds’ bones, muscles, and wings (choice **c**).
**Moderate cognitive demand:** requires synthesizing several details in paragraph 2 to select the broad summary, **(c)**, rather than recalling one fact. The main challenge is distinguishing a true but narrow detail **(b)** from the comprehensive answer; **(a)** is irrelevant and **(d)** contradicts the text. Scientific terms such as “skeletal” and “muscular systems” add slight vocabulary load, but the phrasing and logic are straightforward.
This item requires a low-to-moderate level of reading comprehension, as respondents must identify the broad main idea of an explicit informational paragraph rather than select a supporting detail.",0.6760731829126267,0.8743988896005779,0.6607015746836425,0.7416269529685952,2.099348278452089,1189.0,gilbert_meta_103,0.4845316013105668,0.40535240821599283,0.37559290725015215,0.3142158097653371,0.6881434448464029,0.39669932651732825,0.5021982041275197,0.28950604826304216,-0.2989297716669391,0.4345780555470015,-0.22434141970440713,0.32614301817491936,-0.0780360371793708,0.40377415312338083,-0.07016178212602593,0.36303117359030096,0.913241265541965,0.4167258545510748,0.6817944118375429,0.31111314131489126,0.7501654351942252,0.41138613445743893,0.5596961118669881,0.30693392301153444,1.2003964819225952,0.41857172216288674,0.8792984248422469,0.3066065766802753
cc_q34,"1) In many ways, skyscrapers are like the human body. They have bones that keep it tall and strong and skin to protect the body. They have a command center that is like a brain. 2)How do engineers design and build strong and smart skyscrapers? It is very challenging to build a skyscraper because there are many parts that have to work together. If one part is broken, the skyscraper will not work properly. 3)First, engineers need a strong and tall frame that supports the floors and walls. This frame is like the bones of a skyscraper. The bones of a skyscraper are made of concrete, steel and other materials. The columns are like the backbone of a human body. The columns go up. The steel columns hold up each floor. There are also steel beams that go across each floor. The steel columns and beams must be strong to resist the force of gravity. The steel columns and beams must work together to form a strong backbone. 4)Second, engineers need to design a command center. The command center is a computer that sends signals through wires in a skyscraper. For example, it sends signals to help bring fresh air into rooms, just like your lungs. The command center also controls the heating and air conditioning. It helps the building cool down when it’s too hot and warm up when it’s too cold. 5)A skyscraper has many different parts that work together. The bones make the building tall and strong. The skin protects the inside of the building. The skin of a skyscraper can be made of metal, stone, or glass. The brain controls the building temperature. 6)The anatomy of a skyscraper is like a human body. All the parts have to work together. That's how a city skyscraper works properly.",9. What is this passage mostly about?,"1) In many ways, skyscrapers are like the human body. They have bones that keep it tall and strong and skin to protect the body. They have a command center that is like a brain. 2)How do engineers design and build strong and smart skyscrapers? It is very challenging to build a skyscraper because there are many parts that have to work together. If one part is broken, the skyscraper will not work properly. 3)First, engineers need a strong and tall frame that supports the floors and walls. This frame is like the bones of a skyscraper. The bones of a skyscraper are made of concrete, steel and other materials. The columns are like the backbone of a human body. The columns go up. The steel columns hold up each floor. There are also steel beams that go across each floor. The steel columns and beams must be strong to resist the force of gravity. The steel columns and beams must work together to form a strong backbone. 4)Second, engineers need to design a command center. The command center is a computer that sends signals through wires in a skyscraper. For example, it sends signals to help bring fresh air into rooms, just like your lungs. The command center also controls the heating and air conditioning. It helps the building cool down when it’s too hot and warm up when it’s too cold. 5)A skyscraper has many different parts that work together. The bones make the building tall and strong. The skin protects the inside of the building. The skin of a skyscraper can be made of metal, stone, or glass. The brain controls the building temperature. 6)The anatomy of a skyscraper is like a human body. All the parts have to work together. That's how a city skyscraper works properly.: 9. What is this passage mostly about?
b. How engineers design and build tall and safe skyscrapers
d. How a skyscraper resists the force of gravity and stands tall
a. How steel, concrete, and wires are part of skyscrapers
c. How a skyscraper’s body is like the structure of a human body","Original Text: 1) In many ways, skyscrapers are like the human body. They have bones that keep it tall and strong and skin to protect the body. They have a command center that is like a brain. 2)How do engineers design and build strong and smart skyscrapers? It is very challenging to build a skyscraper because there are many parts that have to work together. If one part is broken, the skyscraper will not work properly. 3)First, engineers need a strong and tall frame that supports the floors and walls. This frame is like the bones of a skyscraper. The bones of a skyscraper are made of concrete, steel and other materials. The columns are like the backbone of a human body. The columns go up. The steel columns hold up each floor. There are also steel beams that go across each floor. The steel columns and beams must be strong to resist the force of gravity. The steel columns and beams must work together to form a strong backbone. 4)Second, engineers need to design a command center. The command center is a computer that sends signals through wires in a skyscraper. For example, it sends signals to help bring fresh air into rooms, just like your lungs. The command center also controls the heating and air conditioning. It helps the building cool down when it’s too hot and warm up when it’s too cold. 5)A skyscraper has many different parts that work together. The bones make the building tall and strong. The skin protects the inside of the building. The skin of a skyscraper can be made of metal, stone, or glass. The brain controls the building temperature. 6)The anatomy of a skyscraper is like a human body. All the parts have to work together. That's how a city skyscraper works properly.: 9. What is this passage mostly about?
b. How engineers design and build tall and safe skyscrapers
d. How a skyscraper resists the force of gravity and stands tall
a. How steel, concrete, and wires are part of skyscrapers
c. How a skyscraper’s body is like the structure of a human body
This item asks the reader to identify the main idea of a passage that uses an analogy between human anatomy and skyscraper construction to explain how structural components and systems function together.
This item measures the **Reading Comprehension skill of identifying the main idea**.

**Justification:** The question requires the reader to synthesize information across the entire passage to determine its central theme, specifically recognizing that the text uses a structural analogy between the human body and a skyscraper to explain engineering concepts.
This analysis evaluates the cognitive demand and structural complexity of the main idea question regarding the skyscraper-human body analogy.

**Cognitive Demand:** This item requires **synthesis**. To identify the correct answer, the reader must integrate the recurring metaphorical comparisons (bones, brain, skin) presented across the entire text rather than relying on a single paragraph or specific detail.

**Structural/Semantic Elements:**
*   **Thematic Distractors:** Options (a), (b), and (d) function as tricky distractors by focusing on factual details—such as materials, gravity, and general engineering—that are present in the text but do not represent the overarching theme.
*   **Metaphorical Mapping:** The cognitive load is increased by the requirement to recognize the ""human body"" analogy as the primary organizational framework rather than a secondary descriptive tool.
*   **Global vs. Local Scope:** The item requires the reader to distinguish between the technical ""how"" of construction and the conceptual ""what"" of the passage's structure.
To identify the main idea of the passage comparing skyscraper components to human anatomy, a respondent requires a **low-to-moderate level of cognitive ability** in reading comprehension. This involves the capacity to synthesize information across a multi-paragraph text and recognize a recurring analogy as the primary organizational theme, rather than selecting options that focus on isolated technical details or overly broad generalizations.","Original Text: 1) In many ways, skyscrapers are like the human body. They have bones that keep it tall and strong and skin to protect the body. They have a command center that is like a brain. 2)How do engineers design and build strong and smart skyscrapers? It is very challenging to build a skyscraper because there are many parts that have to work together. If one part is broken, the skyscraper will not work properly. 3)First, engineers need a strong and tall frame that supports the floors and walls. This frame is like the bones of a skyscraper. The bones of a skyscraper are made of concrete, steel and other materials. The columns are like the backbone of a human body. The columns go up. The steel columns hold up each floor. There are also steel beams that go across each floor. The steel columns and beams must be strong to resist the force of gravity. The steel columns and beams must work together to form a strong backbone. 4)Second, engineers need to design a command center. The command center is a computer that sends signals through wires in a skyscraper. For example, it sends signals to help bring fresh air into rooms, just like your lungs. The command center also controls the heating and air conditioning. It helps the building cool down when it’s too hot and warm up when it’s too cold. 5)A skyscraper has many different parts that work together. The bones make the building tall and strong. The skin protects the inside of the building. The skin of a skyscraper can be made of metal, stone, or glass. The brain controls the building temperature. 6)The anatomy of a skyscraper is like a human body. All the parts have to work together. That's how a city skyscraper works properly.: 9. What is this passage mostly about?
b. How engineers design and build tall and safe skyscrapers
d. How a skyscraper resists the force of gravity and stands tall
a. How steel, concrete, and wires are part of skyscrapers
c. How a skyscraper’s body is like the structure of a human body
The objective is to outline the primary activity or situation found in the provided text. The item presents a reading comprehension task requiring the reader to identify the main idea of a passage that compares the structural and operational components of a skyscraper to human anatomy.
In determining the primary skill this item attempts to measure and providing a concise justification:

**Primary Skill:** Reading Comprehension (Identifying the Main Idea)

**Justification:** The question asks what the passage is ""mostly about,"" requiring the reader to synthesize the entire text to recognize the overarching theme—the analogy between a skyscraper and human anatomy—rather than focusing on isolated supporting details.
In analyzing the cognitive demand and structural elements that affect the difficulty of this reading comprehension item, the question requires synthesis to identify the overarching main idea of the passage rather than simple recall. The cognitive load is increased by the text's use of an extended metaphor (mapping architectural components to human anatomy) and tricky distractors (options a, b, and d). These distractors feature verbatim phrases and factual details isolated to specific paragraphs, requiring the reader to successfully differentiate between localized supporting details and the comprehensive central theme (option c).
To determine the overall level of the underlying latent trait—specifically, reading comprehension and cognitive ability—required to successfully answer this item, a low to moderate level is necessary. The respondent must identify the main idea of the text, which requires basic synthesis but is heavily scaffolded because the correct concept (the analogy between a skyscraper and a human body) is explicitly stated in both the opening and closing sentences of the passage.","Original Text: 1) In many ways, skyscrapers are like the human body. They have bones that keep it tall and strong and skin to protect the body. They have a command center that is like a brain. 2)How do engineers design and build strong and smart skyscrapers? It is very challenging to build a skyscraper because there are many parts that have to work together. If one part is broken, the skyscraper will not work properly. 3)First, engineers need a strong and tall frame that supports the floors and walls. This frame is like the bones of a skyscraper. The bones of a skyscraper are made of concrete, steel and other materials. The columns are like the backbone of a human body. The columns go up. The steel columns hold up each floor. There are also steel beams that go across each floor. The steel columns and beams must be strong to resist the force of gravity. The steel columns and beams must work together to form a strong backbone. 4)Second, engineers need to design a command center. The command center is a computer that sends signals through wires in a skyscraper. For example, it sends signals to help bring fresh air into rooms, just like your lungs. The command center also controls the heating and air conditioning. It helps the building cool down when it’s too hot and warm up when it’s too cold. 5)A skyscraper has many different parts that work together. The bones make the building tall and strong. The skin protects the inside of the building. The skin of a skyscraper can be made of metal, stone, or glass. The brain controls the building temperature. 6)The anatomy of a skyscraper is like a human body. All the parts have to work together. That's how a city skyscraper works properly.: 9. What is this passage mostly about?
b. How engineers design and build tall and safe skyscrapers
d. How a skyscraper resists the force of gravity and stands tall
a. How steel, concrete, and wires are part of skyscrapers
c. How a skyscraper’s body is like the structure of a human body
The item asks the reader to identify the primary topic and central idea of an informational passage that compares the structural design and mechanical systems of a skyscraper to the anatomy of the human body.
**Target Skill / Construct:** Reading Comprehension: Identifying the Main Idea (or Central Idea) of an Informational Text.

**Justification:** The question asks the reader to determine what the passage is ""mostly about,"" requiring them to synthesize information across multiple paragraphs and recognize the central theme—the extended analogy comparing a skyscraper's structural design to the human body—rather than focusing on isolated supporting details.
**Cognitive Demand Analysis:**

This item requires **synthesis**, as it tasks the reader with identifying the central, overarching metaphor developed across the entire text rather than simply recalling isolated facts.

**Elements Increasing Cognitive Load:**
* **Keyword-Matching Distractor (Option b):** Directly mimics the phrasing of the rhetorical question in paragraph 2 (""How do engineers design and build strong and smart skyscrapers?""), creating a high-attractor trap for readers relying on surface-level recall rather than whole-text integration.
* **Accurate Detail Distractors (Options a and d):** Contain factually correct statements grounded in the text (materials, gravity resistance), requiring the reader to actively differentiate supporting technical details from the primary macro-level analogy (Option c).
To correctly identify the central theme of this passage, a respondent requires a **low-to-moderate level of reading comprehension ability (basic cognitive proficiency)**. The text explicitly states and reinforces the primary metaphor comparing skyscraper design to human anatomy across multiple paragraphs, requiring fundamental main-idea extraction rather than complex inferential reasoning.","Original Text: 1) In many ways, skyscrapers are like the human body. They have bones that keep it tall and strong and skin to protect the body. They have a command center that is like a brain. 2)How do engineers design and build strong and smart skyscrapers? It is very challenging to build a skyscraper because there are many parts that have to work together. If one part is broken, the skyscraper will not work properly. 3)First, engineers need a strong and tall frame that supports the floors and walls. This frame is like the bones of a skyscraper. The bones of a skyscraper are made of concrete, steel and other materials. The columns are like the backbone of a human body. The columns go up. The steel columns hold up each floor. There are also steel beams that go across each floor. The steel columns and beams must be strong to resist the force of gravity. The steel columns and beams must work together to form a strong backbone. 4)Second, engineers need to design a command center. The command center is a computer that sends signals through wires in a skyscraper. For example, it sends signals to help bring fresh air into rooms, just like your lungs. The command center also controls the heating and air conditioning. It helps the building cool down when it’s too hot and warm up when it’s too cold. 5)A skyscraper has many different parts that work together. The bones make the building tall and strong. The skin protects the inside of the building. The skin of a skyscraper can be made of metal, stone, or glass. The brain controls the building temperature. 6)The anatomy of a skyscraper is like a human body. All the parts have to work together. That's how a city skyscraper works properly.: 9. What is this passage mostly about?
b. How engineers design and build tall and safe skyscrapers
d. How a skyscraper resists the force of gravity and stands tall
a. How steel, concrete, and wires are part of skyscrapers
c. How a skyscraper’s body is like the structure of a human body
The item asks for the main idea of a passage explaining how skyscrapers are compared to the human body and how engineers design them to work safely and effectively.
Reading comprehension: identifying the main idea of an informational passage. The item measures understanding that the passage explains how a skyscraper is compared to the human body to show how engineers design tall, safe buildings.
This is a low-to-moderate demand reading-comprehension item: it mainly requires identifying the passage’s central idea, with little recall or multi-step reasoning beyond synthesizing repeated details. The endorsement threshold is raised by the extended analogy between skyscrapers and the human body, but the wording is straightforward and the distractors are mostly narrower subtopics rather than tricky traps.
A low level of latent reading comprehension is needed; the item mainly requires recognizing the passage’s central analogy and selecting the broad main idea.","Original Text: 1) In many ways, skyscrapers are like the human body. They have bones that keep it tall and strong and skin to protect the body. They have a command center that is like a brain. 2)How do engineers design and build strong and smart skyscrapers? It is very challenging to build a skyscraper because there are many parts that have to work together. If one part is broken, the skyscraper will not work properly. 3)First, engineers need a strong and tall frame that supports the floors and walls. This frame is like the bones of a skyscraper. The bones of a skyscraper are made of concrete, steel and other materials. The columns are like the backbone of a human body. The columns go up. The steel columns hold up each floor. There are also steel beams that go across each floor. The steel columns and beams must be strong to resist the force of gravity. The steel columns and beams must work together to form a strong backbone. 4)Second, engineers need to design a command center. The command center is a computer that sends signals through wires in a skyscraper. For example, it sends signals to help bring fresh air into rooms, just like your lungs. The command center also controls the heating and air conditioning. It helps the building cool down when it’s too hot and warm up when it’s too cold. 5)A skyscraper has many different parts that work together. The bones make the building tall and strong. The skin protects the inside of the building. The skin of a skyscraper can be made of metal, stone, or glass. The brain controls the building temperature. 6)The anatomy of a skyscraper is like a human body. All the parts have to work together. That's how a city skyscraper works properly.: 9. What is this passage mostly about?
b. How engineers design and build tall and safe skyscrapers
d. How a skyscraper resists the force of gravity and stands tall
a. How steel, concrete, and wires are part of skyscrapers
c. How a skyscraper’s body is like the structure of a human body
The item asks for the main idea of a passage explaining how engineers design and build skyscrapers by making different parts work together, using the human body as a comparison.
This item is primarily measuring **reading comprehension—main idea identification**. It asks the reader to determine what the passage is mostly about by synthesizing the overall focus across multiple paragraphs, rather than recalling a single detail.
Core ask: assess the item’s cognitive demand and what in its wording raises difficulty.

Moderate demand: mainly gist/main-idea identification with light synthesis across the whole passage, not mere recall. It requires integrating the body analogy with the engineering explanation and choosing the broadest option.

Load-increasing elements:
- Long, multi-paragraph passage with repeated analogy and details.
- Main-idea question requires synthesis of all sections, not a single sentence lookup.
- Distractors are plausible because each reflects a real passage detail:
  - gravity/standing tall,
  - materials like steel/concrete/wires,
  - body analogy.
- The best answer depends on distinguishing overall purpose from supporting details.
- Slightly tricky because the passage strongly emphasizes the human-body comparison, which can pull toward the analogy option instead of the broader engineering-focus option.

No severe endorsement threshold applies; this is a cognitive comprehension item, not an attitudinal one.
The core ask is the latent trait level needed to choose the correct main-idea response. This item appears to require a moderate level of the underlying trait: a respondent needs enough reading comprehension to integrate the full passage and identify the broad central idea rather than a narrower detail or a tempting analogy-based distractor, but not an especially high level because the main theme is stated repeatedly and clearly.","Original Text: 1) In many ways, skyscrapers are like the human body. They have bones that keep it tall and strong and skin to protect the body. They have a command center that is like a brain. 2)How do engineers design and build strong and smart skyscrapers? It is very challenging to build a skyscraper because there are many parts that have to work together. If one part is broken, the skyscraper will not work properly. 3)First, engineers need a strong and tall frame that supports the floors and walls. This frame is like the bones of a skyscraper. The bones of a skyscraper are made of concrete, steel and other materials. The columns are like the backbone of a human body. The columns go up. The steel columns hold up each floor. There are also steel beams that go across each floor. The steel columns and beams must be strong to resist the force of gravity. The steel columns and beams must work together to form a strong backbone. 4)Second, engineers need to design a command center. The command center is a computer that sends signals through wires in a skyscraper. For example, it sends signals to help bring fresh air into rooms, just like your lungs. The command center also controls the heating and air conditioning. It helps the building cool down when it’s too hot and warm up when it’s too cold. 5)A skyscraper has many different parts that work together. The bones make the building tall and strong. The skin protects the inside of the building. The skin of a skyscraper can be made of metal, stone, or glass. The brain controls the building temperature. 6)The anatomy of a skyscraper is like a human body. All the parts have to work together. That's how a city skyscraper works properly.: 9. What is this passage mostly about?
b. How engineers design and build tall and safe skyscrapers
d. How a skyscraper resists the force of gravity and stands tall
a. How steel, concrete, and wires are part of skyscrapers
c. How a skyscraper’s body is like the structure of a human body
The item asks for the passage’s main idea: how a skyscraper’s parts resemble and function like parts of the human body.
**Primary domain:** Reading comprehension—identifying the passage’s main idea.  

**Justification:** The passage primarily explains how a skyscraper’s parts correspond to human-body structures, making **c. How a skyscraper’s body is like the structure of a human body** the best answer.
This is a **moderate-demand reading-comprehension item** requiring **synthesis**: the reader must integrate the passage’s details and identify its overall focus rather than recall one fact.

- **Correct answer:** **b. How engineers design and build tall and safe skyscrapers**
- **Cognitive load:** Several paragraphs, repeated human-body analogies, and multiple supporting details must be combined.
- **Distractors:**  
  - **c** is a strong, semantically plausible distractor because the analogy is prominent.  
  - **d** and **a** are narrower details rather than the passage’s main idea.
- **Structural features:** “Mostly about” requires distinguishing the broad central idea from specific subtopics; no complex conditional logic or emotionally loaded wording is present.
This item requires a **moderate level of reading comprehension**, especially the ability to identify the passage’s central idea and recognize the recurring comparison between a skyscraper and the human body. It does not require high cognitive ability.","Original Text: 1) In many ways, skyscrapers are like the human body. They have bones that keep it tall and strong and skin to protect the body. They have a command center that is like a brain. 2)How do engineers design and build strong and smart skyscrapers? It is very challenging to build a skyscraper because there are many parts that have to work together. If one part is broken, the skyscraper will not work properly. 3)First, engineers need a strong and tall frame that supports the floors and walls. This frame is like the bones of a skyscraper. The bones of a skyscraper are made of concrete, steel and other materials. The columns are like the backbone of a human body. The columns go up. The steel columns hold up each floor. There are also steel beams that go across each floor. The steel columns and beams must be strong to resist the force of gravity. The steel columns and beams must work together to form a strong backbone. 4)Second, engineers need to design a command center. The command center is a computer that sends signals through wires in a skyscraper. For example, it sends signals to help bring fresh air into rooms, just like your lungs. The command center also controls the heating and air conditioning. It helps the building cool down when it’s too hot and warm up when it’s too cold. 5)A skyscraper has many different parts that work together. The bones make the building tall and strong. The skin protects the inside of the building. The skin of a skyscraper can be made of metal, stone, or glass. The brain controls the building temperature. 6)The anatomy of a skyscraper is like a human body. All the parts have to work together. That's how a city skyscraper works properly.: 9. What is this passage mostly about?
b. How engineers design and build tall and safe skyscrapers
d. How a skyscraper resists the force of gravity and stands tall
a. How steel, concrete, and wires are part of skyscrapers
c. How a skyscraper’s body is like the structure of a human body
Identify the passage’s main idea about how engineers design skyscraper systems whose interconnected parts function like a human body.
**Primary skill: Reading comprehension—identifying the main idea.** The item asks the reader to distinguish the passage’s overall focus—how engineers design skyscrapers with interconnected systems—from supporting details and analogies.
Moderate cognitive demand: requires synthesizing the passage’s repeated body–skyscraper analogy to identify the main idea (c), rather than recalling one detail. Plausible distractors summarize narrower points about engineering, materials, or gravity. Extended metaphor and overlapping answer choices increase cognitive load; no emotional or attitudinal severity is involved.
This item requires a **low-to-moderate level of reading comprehension**. Respondents must identify the passage’s central idea—the comparison between a skyscraper’s structure and the human body—rather than select a narrower supporting detail.",1.8056467243783672,-0.1743115282342782,-0.185328140860769,-0.1770647614105625,0.8377255304792105,824.0,gilbert_meta_103,1.4661201197238793,0.42806831399561945,1.1364879332030968,0.33182443027535796,0.7578939306017203,0.38968626442610915,0.553101208356763,0.2843880060670126,1.5083199287495692,0.43478643659084826,1.1319669911003127,0.3262994044022107,0.962797927662015,0.3886502311275702,0.8656464484061387,0.3494333365099528,1.1401012810529634,0.3975716787555833,0.8511602702155987,0.29681329469881657,1.5326333059868449,0.42712778758938497,1.1434929710625628,0.3186787217438672,1.6482460906509373,0.43387495683092325,1.2073512485978906,0.3178162980858596
cc_q31,"1) In many ways, skyscrapers are like the human body. They have bones that keep it tall and strong and skin to protect the body. They have a command center that is like a brain. 2)How do engineers design and build strong and smart skyscrapers? It is very challenging to build a skyscraper because there are many parts that have to work together. If one part is broken, the skyscraper will not work properly. 3)First, engineers need a strong and tall frame that supports the floors and walls. This frame is like the bones of a skyscraper. The bones of a skyscraper are made of concrete, steel and other materials. The columns are like the backbone of a human body. The columns go up. The steel columns hold up each floor. There are also steel beams that go across each floor. The steel columns and beams must be strong to resist the force of gravity. The steel columns and beams must work together to form a strong backbone. 4)Second, engineers need to design a command center. The command center is a computer that sends signals through wires in a skyscraper. For example, it sends signals to help bring fresh air into rooms, just like your lungs. The command center also controls the heating and air conditioning. It helps the building cool down when it’s too hot and warm up when it’s too cold. 5)A skyscraper has many different parts that work together. The bones make the building tall and strong. The skin protects the inside of the building. The skin of a skyscraper can be made of metal, stone, or glass. The brain controls the building temperature. 6)The anatomy of a skyscraper is like a human body. All the parts have to work together. That's how a city skyscraper works properly.",6. To send a signal can also mean to send a,"1) In many ways, skyscrapers are like the human body. They have bones that keep it tall and strong and skin to protect the body. They have a command center that is like a brain. 2)How do engineers design and build strong and smart skyscrapers? It is very challenging to build a skyscraper because there are many parts that have to work together. If one part is broken, the skyscraper will not work properly. 3)First, engineers need a strong and tall frame that supports the floors and walls. This frame is like the bones of a skyscraper. The bones of a skyscraper are made of concrete, steel and other materials. The columns are like the backbone of a human body. The columns go up. The steel columns hold up each floor. There are also steel beams that go across each floor. The steel columns and beams must be strong to resist the force of gravity. The steel columns and beams must work together to form a strong backbone. 4)Second, engineers need to design a command center. The command center is a computer that sends signals through wires in a skyscraper. For example, it sends signals to help bring fresh air into rooms, just like your lungs. The command center also controls the heating and air conditioning. It helps the building cool down when it’s too hot and warm up when it’s too cold. 5)A skyscraper has many different parts that work together. The bones make the building tall and strong. The skin protects the inside of the building. The skin of a skyscraper can be made of metal, stone, or glass. The brain controls the building temperature. 6)The anatomy of a skyscraper is like a human body. All the parts have to work together. That's how a city skyscraper works properly.: 6. To send a signal can also mean to send a
c. conversation
d. message
b. turn
a. system","Original Text: 1) In many ways, skyscrapers are like the human body. They have bones that keep it tall and strong and skin to protect the body. They have a command center that is like a brain. 2)How do engineers design and build strong and smart skyscrapers? It is very challenging to build a skyscraper because there are many parts that have to work together. If one part is broken, the skyscraper will not work properly. 3)First, engineers need a strong and tall frame that supports the floors and walls. This frame is like the bones of a skyscraper. The bones of a skyscraper are made of concrete, steel and other materials. The columns are like the backbone of a human body. The columns go up. The steel columns hold up each floor. There are also steel beams that go across each floor. The steel columns and beams must be strong to resist the force of gravity. The steel columns and beams must work together to form a strong backbone. 4)Second, engineers need to design a command center. The command center is a computer that sends signals through wires in a skyscraper. For example, it sends signals to help bring fresh air into rooms, just like your lungs. The command center also controls the heating and air conditioning. It helps the building cool down when it’s too hot and warm up when it’s too cold. 5)A skyscraper has many different parts that work together. The bones make the building tall and strong. The skin protects the inside of the building. The skin of a skyscraper can be made of metal, stone, or glass. The brain controls the building temperature. 6)The anatomy of a skyscraper is like a human body. All the parts have to work together. That's how a city skyscraper works properly.: 6. To send a signal can also mean to send a
c. conversation
d. message
b. turn
a. system
The core task is to identify a synonym for the word ""signal"" as it pertains to the communication functions of a skyscraper's command center.
This item measures the **skill of vocabulary knowledge**, specifically the ability to identify synonyms within a given context. The question requires the respondent to determine the meaning of the word ""signal"" as used in the passage by selecting the most appropriate semantic equivalent from the provided options.
This analysis evaluates the cognitive demand and structural complexity of the vocabulary item regarding the term ""signal.""

**Demand:** This cognitive item requires **synthesis** of the text’s metaphorical framework (the command center as a brain) and **recall** of semantic equivalents to map a technical function to its general synonym.

**Structural/Semantic Elements:** The item utilizes **metaphorical mapping**—comparing electronic signals to biological impulses—which increases cognitive load by requiring the reader to translate abstract technical processes into common terminology. The **distractor ""system""** serves as a semantic lure because the text emphasizes how ""parts work together"" as a system, potentially confusing a functional component with the whole.
To describe the level of the underlying latent trait required to correctly identify a synonym for ""signal"" within the provided text, this item requires a **low to moderate level of verbal ability and vocabulary knowledge**. A respondent must possess the basic reading comprehension skills to recognize semantic equivalence between ""signal"" and ""message"" in the context of information transmission. No complex inferential reasoning or specialized technical knowledge is necessary beyond foundational linguistic competence.","Original Text: 1) In many ways, skyscrapers are like the human body. They have bones that keep it tall and strong and skin to protect the body. They have a command center that is like a brain. 2)How do engineers design and build strong and smart skyscrapers? It is very challenging to build a skyscraper because there are many parts that have to work together. If one part is broken, the skyscraper will not work properly. 3)First, engineers need a strong and tall frame that supports the floors and walls. This frame is like the bones of a skyscraper. The bones of a skyscraper are made of concrete, steel and other materials. The columns are like the backbone of a human body. The columns go up. The steel columns hold up each floor. There are also steel beams that go across each floor. The steel columns and beams must be strong to resist the force of gravity. The steel columns and beams must work together to form a strong backbone. 4)Second, engineers need to design a command center. The command center is a computer that sends signals through wires in a skyscraper. For example, it sends signals to help bring fresh air into rooms, just like your lungs. The command center also controls the heating and air conditioning. It helps the building cool down when it’s too hot and warm up when it’s too cold. 5)A skyscraper has many different parts that work together. The bones make the building tall and strong. The skin protects the inside of the building. The skin of a skyscraper can be made of metal, stone, or glass. The brain controls the building temperature. 6)The anatomy of a skyscraper is like a human body. All the parts have to work together. That's how a city skyscraper works properly.: 6. To send a signal can also mean to send a
c. conversation
d. message
b. turn
a. system
The core task presented in this item is to identify the correct synonym for the phrase ""send a signal"" from a given set of multiple-choice options, using the context of a reading passage about skyscraper design.
The objective is to identify the primary skill or construct measured by the provided reading passage and multiple-choice question, along with a concise justification.

**Primary Skill:** Vocabulary knowledge (contextual word meaning). 

**Justification:** The item directly tests the reader's ability to identify a synonym or equivalent concept (""message"") for the word ""signal"" as it is used in the text.
Evaluating the cognitive demand and structural complexity of the provided vocabulary item:

This cognitive item requires basic recall and single-step contextual reasoning to identify a synonym (""message"" for ""signal""). The cognitive load is slightly increased by a structural formatting anomaly—the non-sequential ordering of the multiple-choice options (c, d, b, a). Semantically, the distractor ""system"" presents a minor challenge, as it aligns with the passage's broader theme of computers and command centers, requiring the reader to strictly evaluate the localized phrase ""send a [blank]"" rather than the general topic.
In determining the degree of the underlying latent trait necessary to correctly answer this item, a low level of cognitive ability and reading comprehension is required. Successfully identifying ""message"" as a synonym for ""signal"" relies on elementary vocabulary knowledge and basic contextual understanding rather than advanced analytical skills.","Original Text: 1) In many ways, skyscrapers are like the human body. They have bones that keep it tall and strong and skin to protect the body. They have a command center that is like a brain. 2)How do engineers design and build strong and smart skyscrapers? It is very challenging to build a skyscraper because there are many parts that have to work together. If one part is broken, the skyscraper will not work properly. 3)First, engineers need a strong and tall frame that supports the floors and walls. This frame is like the bones of a skyscraper. The bones of a skyscraper are made of concrete, steel and other materials. The columns are like the backbone of a human body. The columns go up. The steel columns hold up each floor. There are also steel beams that go across each floor. The steel columns and beams must be strong to resist the force of gravity. The steel columns and beams must work together to form a strong backbone. 4)Second, engineers need to design a command center. The command center is a computer that sends signals through wires in a skyscraper. For example, it sends signals to help bring fresh air into rooms, just like your lungs. The command center also controls the heating and air conditioning. It helps the building cool down when it’s too hot and warm up when it’s too cold. 5)A skyscraper has many different parts that work together. The bones make the building tall and strong. The skin protects the inside of the building. The skin of a skyscraper can be made of metal, stone, or glass. The brain controls the building temperature. 6)The anatomy of a skyscraper is like a human body. All the parts have to work together. That's how a city skyscraper works properly.: 6. To send a signal can also mean to send a
c. conversation
d. message
b. turn
a. system
The core task is a multiple-choice vocabulary comprehension question that asks the reader to identify the meaning or synonym of the phrase ""to send a signal"" within the context of an informational passage comparing skyscraper systems to human anatomy.
**Target Skill/Domain:** Reading Comprehension / Vocabulary in Context (Lexical Semantics)

**Justification:** This item evaluates the test-taker's ability to determine the meaning of an informational phrase by identifying the correct synonym for ""send a signal"" (""message"") within the context of the provided passage.
Evaluating the cognitive demand and structural complexity of this assessment item reveals:

* **Cognitive Demand:** It is a low-demand cognitive item requiring basic semantic recall and synonym identification (associating ""signal"" with ""message"") within a simple context, rather than multi-step reasoning or synthesis.
* **Structural/Semantic Elements:** The cognitive load remains minimal due to a direct, fill-in-the-blank stem and highly distinct, non-competitive distractors (""system,"" ""turn,"" ""conversation"") that present low semantic plausibility and require little discriminatory effort.
The level of the underlying latent trait—specifically reading comprehension and basic vocabulary knowledge—required to successfully answer this item is low to low-moderate, as recognizing that ""signal"" means ""message"" demands only elementary semantic understanding and straightforward synonym recognition.","Original Text: 1) In many ways, skyscrapers are like the human body. They have bones that keep it tall and strong and skin to protect the body. They have a command center that is like a brain. 2)How do engineers design and build strong and smart skyscrapers? It is very challenging to build a skyscraper because there are many parts that have to work together. If one part is broken, the skyscraper will not work properly. 3)First, engineers need a strong and tall frame that supports the floors and walls. This frame is like the bones of a skyscraper. The bones of a skyscraper are made of concrete, steel and other materials. The columns are like the backbone of a human body. The columns go up. The steel columns hold up each floor. There are also steel beams that go across each floor. The steel columns and beams must be strong to resist the force of gravity. The steel columns and beams must work together to form a strong backbone. 4)Second, engineers need to design a command center. The command center is a computer that sends signals through wires in a skyscraper. For example, it sends signals to help bring fresh air into rooms, just like your lungs. The command center also controls the heating and air conditioning. It helps the building cool down when it’s too hot and warm up when it’s too cold. 5)A skyscraper has many different parts that work together. The bones make the building tall and strong. The skin protects the inside of the building. The skin of a skyscraper can be made of metal, stone, or glass. The brain controls the building temperature. 6)The anatomy of a skyscraper is like a human body. All the parts have to work together. That's how a city skyscraper works properly.: 6. To send a signal can also mean to send a
c. conversation
d. message
b. turn
a. system
The item asks for the correct meaning of “send a signal” in the context of skyscraper systems, identifying it as a **message**.
Primary domain: reading comprehension / vocabulary in context. The item measures understanding of a word’s meaning from a passage, specifically that “send a signal” means “send a message.”
This is a low-to-moderate demand recall item: it mainly requires recognizing a synonym from the passage. Endorsing the correct choice does not require severe symptom level or deep introspection. The main load comes from simple vocabulary matching, with minimal semantic complexity and no real multi-step reasoning, though the surrounding passage is long and somewhat distracting.
A low level of verbal comprehension is needed; the item mainly requires recognizing that “send a signal” means “send a message.”","Original Text: 1) In many ways, skyscrapers are like the human body. They have bones that keep it tall and strong and skin to protect the body. They have a command center that is like a brain. 2)How do engineers design and build strong and smart skyscrapers? It is very challenging to build a skyscraper because there are many parts that have to work together. If one part is broken, the skyscraper will not work properly. 3)First, engineers need a strong and tall frame that supports the floors and walls. This frame is like the bones of a skyscraper. The bones of a skyscraper are made of concrete, steel and other materials. The columns are like the backbone of a human body. The columns go up. The steel columns hold up each floor. There are also steel beams that go across each floor. The steel columns and beams must be strong to resist the force of gravity. The steel columns and beams must work together to form a strong backbone. 4)Second, engineers need to design a command center. The command center is a computer that sends signals through wires in a skyscraper. For example, it sends signals to help bring fresh air into rooms, just like your lungs. The command center also controls the heating and air conditioning. It helps the building cool down when it’s too hot and warm up when it’s too cold. 5)A skyscraper has many different parts that work together. The bones make the building tall and strong. The skin protects the inside of the building. The skin of a skyscraper can be made of metal, stone, or glass. The brain controls the building temperature. 6)The anatomy of a skyscraper is like a human body. All the parts have to work together. That's how a city skyscraper works properly.: 6. To send a signal can also mean to send a
c. conversation
d. message
b. turn
a. system
The item asks the reader to use the skyscraper passage to determine the meaning of “signal” in context, identifying that it means a message.
This item is primarily measuring vocabulary/reading comprehension, specifically understanding a word’s meaning from context. The question asks for a synonym of “signal” in the passage, and “message” is the contextually appropriate meaning.
Core ask: assess the item’s cognitive demand and note wording/features that raise load.

Low-to-moderate demand. It mainly requires vocabulary-in-context recall/inference, not multi-step reasoning or synthesis. The reader must map “send a signal” in the passage to the closest synonym, with “message” supported by the command-center/wires context.

Load-increasing features: long passage before a simple item, need to ignore irrelevant skyscraper/body details, and a mildly plausible distractor set (“system” is passage-related but not synonymous). No conditional logic, emotional wording, or severe endorsement threshold.
The core ask is the latent trait level needed to get this item right: this appears to require a relatively low to low-moderate level of the underlying trait, since the correct answer (“message”) is a common synonym supported directly by the passage context (“sends signals through wires”). It likely reflects basic vocabulary-in-context skill rather than advanced ability.","Original Text: 1) In many ways, skyscrapers are like the human body. They have bones that keep it tall and strong and skin to protect the body. They have a command center that is like a brain. 2)How do engineers design and build strong and smart skyscrapers? It is very challenging to build a skyscraper because there are many parts that have to work together. If one part is broken, the skyscraper will not work properly. 3)First, engineers need a strong and tall frame that supports the floors and walls. This frame is like the bones of a skyscraper. The bones of a skyscraper are made of concrete, steel and other materials. The columns are like the backbone of a human body. The columns go up. The steel columns hold up each floor. There are also steel beams that go across each floor. The steel columns and beams must be strong to resist the force of gravity. The steel columns and beams must work together to form a strong backbone. 4)Second, engineers need to design a command center. The command center is a computer that sends signals through wires in a skyscraper. For example, it sends signals to help bring fresh air into rooms, just like your lungs. The command center also controls the heating and air conditioning. It helps the building cool down when it’s too hot and warm up when it’s too cold. 5)A skyscraper has many different parts that work together. The bones make the building tall and strong. The skin protects the inside of the building. The skin of a skyscraper can be made of metal, stone, or glass. The brain controls the building temperature. 6)The anatomy of a skyscraper is like a human body. All the parts have to work together. That's how a city skyscraper works properly.: 6. To send a signal can also mean to send a
c. conversation
d. message
b. turn
a. system
Identify the word that can also mean something being sent as a signal: **message**.
**Primary domain:** Vocabulary knowledge—word meaning/synonym recognition.  
**Justification:** It asks students to identify that “send a signal” means “send a message,” testing understanding of a key word from the passage.
This is a low-demand vocabulary item requiring recall or simple contextual inference: identifying that “signal” means “message.” It does not require multi-step reasoning, synthesis, strong emotion, or deep introspection. The technical passage provides context, while distractors are semantically less fitting; the main minor load comes from processing the skyscraper–human-body analogy and irregular answer-choice ordering.
This item requires a **low-to-moderate level of verbal comprehension and vocabulary**, specifically recognizing that “send a signal” means “send a message.” It does not require advanced reasoning or specialized knowledge.","Original Text: 1) In many ways, skyscrapers are like the human body. They have bones that keep it tall and strong and skin to protect the body. They have a command center that is like a brain. 2)How do engineers design and build strong and smart skyscrapers? It is very challenging to build a skyscraper because there are many parts that have to work together. If one part is broken, the skyscraper will not work properly. 3)First, engineers need a strong and tall frame that supports the floors and walls. This frame is like the bones of a skyscraper. The bones of a skyscraper are made of concrete, steel and other materials. The columns are like the backbone of a human body. The columns go up. The steel columns hold up each floor. There are also steel beams that go across each floor. The steel columns and beams must be strong to resist the force of gravity. The steel columns and beams must work together to form a strong backbone. 4)Second, engineers need to design a command center. The command center is a computer that sends signals through wires in a skyscraper. For example, it sends signals to help bring fresh air into rooms, just like your lungs. The command center also controls the heating and air conditioning. It helps the building cool down when it’s too hot and warm up when it’s too cold. 5)A skyscraper has many different parts that work together. The bones make the building tall and strong. The skin protects the inside of the building. The skin of a skyscraper can be made of metal, stone, or glass. The brain controls the building temperature. 6)The anatomy of a skyscraper is like a human body. All the parts have to work together. That's how a city skyscraper works properly.: 6. To send a signal can also mean to send a
c. conversation
d. message
b. turn
a. system
Determine which word best matches the meaning of “signal” in the passage: **message**.
**Primary skill: Vocabulary in context.** The item measures whether the reader can infer that “send a signal” means to send a **message (d)** based on the passage’s description of a command center transmitting instructions.
This is a low-demand vocabulary item requiring contextual recall: recognizing that a “signal” is a **message**. The body–skyscraper analogy and long passage add unnecessary reading load, but the question itself is simple. Distractors are clearly unrelated, with no conditional logic or emotionally loaded wording.
A low level of the underlying reading ability is required, as the item tests a common synonym: “send a signal” means “send a message.”",2.1296205941038617,-0.3438328294970324,-0.4806924515209445,-0.4923545390222245,0.6111856382569022,714.0,gilbert_meta_103,-0.9451444260911976,0.4560820846656038,-0.7326447682807263,0.35353978081290605,-2.22928462253293,0.6326321461363364,-1.626903143973159,0.46168677481759707,-1.6257254330552278,0.5216921220922361,-1.2200777114550239,0.3915205590468163,-1.4169304183746232,0.45751723356749574,-1.2739545329964546,0.41135128872165067,-2.3571075079932653,0.6365229851282853,-1.7597351189517372,0.47520609354973825,-1.3810660284409426,0.47060683804968667,-1.0304090938951982,0.3511183068655129,-2.23748555510652,0.6347652540292352,-1.6389730841774557,0.46496977991683763
cc_q32,"1) In many ways, skyscrapers are like the human body. They have bones that keep it tall and strong and skin to protect the body. They have a command center that is like a brain. 2)How do engineers design and build strong and smart skyscrapers? It is very challenging to build a skyscraper because there are many parts that have to work together. If one part is broken, the skyscraper will not work properly. 3)First, engineers need a strong and tall frame that supports the floors and walls. This frame is like the bones of a skyscraper. The bones of a skyscraper are made of concrete, steel and other materials. The columns are like the backbone of a human body. The columns go up. The steel columns hold up each floor. There are also steel beams that go across each floor. The steel columns and beams must be strong to resist the force of gravity. The steel columns and beams must work together to form a strong backbone. 4)Second, engineers need to design a command center. The command center is a computer that sends signals through wires in a skyscraper. For example, it sends signals to help bring fresh air into rooms, just like your lungs. The command center also controls the heating and air conditioning. It helps the building cool down when it’s too hot and warm up when it’s too cold. 5)A skyscraper has many different parts that work together. The bones make the building tall and strong. The skin protects the inside of the building. The skin of a skyscraper can be made of metal, stone, or glass. The brain controls the building temperature. 6)The anatomy of a skyscraper is like a human body. All the parts have to work together. That's how a city skyscraper works properly.",7. Why does the author compare the steel and concrete of a skyscraper to a human skeleton?,"1) In many ways, skyscrapers are like the human body. They have bones that keep it tall and strong and skin to protect the body. They have a command center that is like a brain. 2)How do engineers design and build strong and smart skyscrapers? It is very challenging to build a skyscraper because there are many parts that have to work together. If one part is broken, the skyscraper will not work properly. 3)First, engineers need a strong and tall frame that supports the floors and walls. This frame is like the bones of a skyscraper. The bones of a skyscraper are made of concrete, steel and other materials. The columns are like the backbone of a human body. The columns go up. The steel columns hold up each floor. There are also steel beams that go across each floor. The steel columns and beams must be strong to resist the force of gravity. The steel columns and beams must work together to form a strong backbone. 4)Second, engineers need to design a command center. The command center is a computer that sends signals through wires in a skyscraper. For example, it sends signals to help bring fresh air into rooms, just like your lungs. The command center also controls the heating and air conditioning. It helps the building cool down when it’s too hot and warm up when it’s too cold. 5)A skyscraper has many different parts that work together. The bones make the building tall and strong. The skin protects the inside of the building. The skin of a skyscraper can be made of metal, stone, or glass. The brain controls the building temperature. 6)The anatomy of a skyscraper is like a human body. All the parts have to work together. That's how a city skyscraper works properly.: 7. Why does the author compare the steel and concrete of a skyscraper to a human skeleton?
d. The wires inside the skyscraper are like human bones
c. These materials are easily destroyed by wind and earthquakes
a. Tall buildings have fast and safe passenger elevators
b. These materials are strong and hold up the building","Original Text: 1) In many ways, skyscrapers are like the human body. They have bones that keep it tall and strong and skin to protect the body. They have a command center that is like a brain. 2)How do engineers design and build strong and smart skyscrapers? It is very challenging to build a skyscraper because there are many parts that have to work together. If one part is broken, the skyscraper will not work properly. 3)First, engineers need a strong and tall frame that supports the floors and walls. This frame is like the bones of a skyscraper. The bones of a skyscraper are made of concrete, steel and other materials. The columns are like the backbone of a human body. The columns go up. The steel columns hold up each floor. There are also steel beams that go across each floor. The steel columns and beams must be strong to resist the force of gravity. The steel columns and beams must work together to form a strong backbone. 4)Second, engineers need to design a command center. The command center is a computer that sends signals through wires in a skyscraper. For example, it sends signals to help bring fresh air into rooms, just like your lungs. The command center also controls the heating and air conditioning. It helps the building cool down when it’s too hot and warm up when it’s too cold. 5)A skyscraper has many different parts that work together. The bones make the building tall and strong. The skin protects the inside of the building. The skin of a skyscraper can be made of metal, stone, or glass. The brain controls the building temperature. 6)The anatomy of a skyscraper is like a human body. All the parts have to work together. That's how a city skyscraper works properly.: 7. Why does the author compare the steel and concrete of a skyscraper to a human skeleton?
d. The wires inside the skyscraper are like human bones
c. These materials are easily destroyed by wind and earthquakes
a. Tall buildings have fast and safe passenger elevators
b. These materials are strong and hold up the building
This item asks for the justification of the analogy between a skyscraper's structural materials and the human skeletal system, requiring the identification of their shared function in providing strength and support to the overall structure.
This item measures the skill of **Reading Comprehension**, specifically the ability to identify supporting details and interpret analogies within an informational text. The question requires the reader to locate the specific comparison between a skyscraper’s frame and the human skeleton to determine that their shared functional purpose is providing structural strength and support.
This analysis evaluates the cognitive demand and structural complexity of the question regarding the skyscraper-to-human-body analogy.

**Cognitive Demand:**
The item requires **recall** of specific textual details and **synthesis** to map the functional relationship between biological and architectural components.

**Structural and Semantic Elements:**
*   **Analogy Mapping:** The item relies on the reader's ability to transfer the concept of structural support from ""bones"" to ""steel and concrete.""
*   **Categorical Distractors:** Distractor 'd' presents a false analogy (wires/bones), while 'c' introduces external negative attributes (vulnerability to earthquakes) that contradict the text's emphasis on strength, requiring the reader to ignore outside knowledge.
*   **Functional Logic:** The correct answer (b) requires identifying the shared attribute of ""strength,"" which serves as the semantic bridge between the two subjects.
To determine the level of the underlying latent trait required to correctly identify the purpose of the skyscraper-skeleton analogy, the following analysis is provided:

The item requires a **low to moderate level of reading comprehension and literal retrieval**. A respondent must possess the cognitive ability to map a direct analogy explicitly stated in the text—linking the ""bones"" of a building to its structural strength—and distinguish the correct functional explanation from irrelevant or factually incorrect distractors. No complex synthesis or external domain knowledge is required beyond basic literal interpretation of the provided passage.","Original Text: 1) In many ways, skyscrapers are like the human body. They have bones that keep it tall and strong and skin to protect the body. They have a command center that is like a brain. 2)How do engineers design and build strong and smart skyscrapers? It is very challenging to build a skyscraper because there are many parts that have to work together. If one part is broken, the skyscraper will not work properly. 3)First, engineers need a strong and tall frame that supports the floors and walls. This frame is like the bones of a skyscraper. The bones of a skyscraper are made of concrete, steel and other materials. The columns are like the backbone of a human body. The columns go up. The steel columns hold up each floor. There are also steel beams that go across each floor. The steel columns and beams must be strong to resist the force of gravity. The steel columns and beams must work together to form a strong backbone. 4)Second, engineers need to design a command center. The command center is a computer that sends signals through wires in a skyscraper. For example, it sends signals to help bring fresh air into rooms, just like your lungs. The command center also controls the heating and air conditioning. It helps the building cool down when it’s too hot and warm up when it’s too cold. 5)A skyscraper has many different parts that work together. The bones make the building tall and strong. The skin protects the inside of the building. The skin of a skyscraper can be made of metal, stone, or glass. The brain controls the building temperature. 6)The anatomy of a skyscraper is like a human body. All the parts have to work together. That's how a city skyscraper works properly.: 7. Why does the author compare the steel and concrete of a skyscraper to a human skeleton?
d. The wires inside the skyscraper are like human bones
c. These materials are easily destroyed by wind and earthquakes
a. Tall buildings have fast and safe passenger elevators
b. These materials are strong and hold up the building
In fulfilling the request to summarize the primary task and scenario of the provided text, the item presents a reading comprehension scenario where the core task is to identify the correct multiple-choice answer explaining why the author uses an analogy comparing a skyscraper's steel and concrete framework to a human skeleton.
The objective is to determine the primary skill or construct assessed by the provided passage and question, accompanied by a brief rationale.

**Primary Skill:** Reading comprehension (specifically, analyzing analogies and author's purpose).

**Justification:** The item requires the reader to comprehend an extended metaphor within an informational text and synthesize textual evidence to identify the functional similarity between a building's structural materials and a human skeleton.
To evaluate the cognitive demand and structural elements affecting the difficulty of this reading comprehension item: 

This cognitive task requires basic synthesis and recall to map the author's analogy (steel and concrete as a skeleton) to its literal function (strength and support). The cognitive load is elevated by the metaphorical phrasing, which requires the reader to translate figurative language into literal meaning. Distractor ""d"" acts as a tricky distractor by combining familiar text elements (""wires,"" ""human bones"") in an incorrect relationship. Additionally, the non-sequential ordering of the multiple-choice options (d, c, a, b) introduces a minor structural friction that increases cognitive load.
To successfully answer this reading comprehension item about why the author compares skyscraper materials to a human skeleton, a low level of the underlying latent trait (cognitive ability) is required.","Original Text: 1) In many ways, skyscrapers are like the human body. They have bones that keep it tall and strong and skin to protect the body. They have a command center that is like a brain. 2)How do engineers design and build strong and smart skyscrapers? It is very challenging to build a skyscraper because there are many parts that have to work together. If one part is broken, the skyscraper will not work properly. 3)First, engineers need a strong and tall frame that supports the floors and walls. This frame is like the bones of a skyscraper. The bones of a skyscraper are made of concrete, steel and other materials. The columns are like the backbone of a human body. The columns go up. The steel columns hold up each floor. There are also steel beams that go across each floor. The steel columns and beams must be strong to resist the force of gravity. The steel columns and beams must work together to form a strong backbone. 4)Second, engineers need to design a command center. The command center is a computer that sends signals through wires in a skyscraper. For example, it sends signals to help bring fresh air into rooms, just like your lungs. The command center also controls the heating and air conditioning. It helps the building cool down when it’s too hot and warm up when it’s too cold. 5)A skyscraper has many different parts that work together. The bones make the building tall and strong. The skin protects the inside of the building. The skin of a skyscraper can be made of metal, stone, or glass. The brain controls the building temperature. 6)The anatomy of a skyscraper is like a human body. All the parts have to work together. That's how a city skyscraper works properly.: 7. Why does the author compare the steel and concrete of a skyscraper to a human skeleton?
d. The wires inside the skyscraper are like human bones
c. These materials are easily destroyed by wind and earthquakes
a. Tall buildings have fast and safe passenger elevators
b. These materials are strong and hold up the building
The core task requires identifying the reason the author compares a skyscraper's steel and concrete framework to the human skeleton based on the provided passage.
**Construct/Skill Measured:** Reading Comprehension (specifically, interpreting informational text analogies and understanding the author's purpose/craft).

**Justification:** The question evaluates a reader's ability to analyze an informational passage and correctly interpret an extended analogy, specifically determining why the author metaphorically links the structural materials of a skyscraper to human skeletal anatomy to convey function and support.
This cognitive assessment item exhibits low demand, relying on literal recall and simple single-step analogical matching rather than multi-step reasoning or complex synthesis. 

Structural and semantic elements affecting cognitive load include:
* **Explicit Textual Redundancy:** The semantic connection between concrete/steel ""bones"" and structural strength/support is directly stated and repeated across multiple paragraphs (Paragraphs 1, 3, and 5), minimizing the need for inferential processing.
* **Weak Distractor Plausibility:** The incorrect options introduce outright contradictions (""easily destroyed""), irrelevant facts (elevators), or clearly mismatched textual metaphors (wires as bones), significantly lowering the cognitive effort required for process-of-elimination.
* **Simple Syntax:** The item and passage utilize elementary sentence structures and unambiguous vocabulary, keeping working-memory demands minimal.
The level of the underlying latent trait required to correctly answer this item—specifically, basic reading comprehension and cognitive ability—is low to low-moderate. Successfully resolving the question requires only an elementary capability to identify explicit textual comparisons and understand simple, directly stated functional analogies (that structural materials provide strength and support, analogous to a skeleton) without needing complex inference or advanced analytical reasoning.","Original Text: 1) In many ways, skyscrapers are like the human body. They have bones that keep it tall and strong and skin to protect the body. They have a command center that is like a brain. 2)How do engineers design and build strong and smart skyscrapers? It is very challenging to build a skyscraper because there are many parts that have to work together. If one part is broken, the skyscraper will not work properly. 3)First, engineers need a strong and tall frame that supports the floors and walls. This frame is like the bones of a skyscraper. The bones of a skyscraper are made of concrete, steel and other materials. The columns are like the backbone of a human body. The columns go up. The steel columns hold up each floor. There are also steel beams that go across each floor. The steel columns and beams must be strong to resist the force of gravity. The steel columns and beams must work together to form a strong backbone. 4)Second, engineers need to design a command center. The command center is a computer that sends signals through wires in a skyscraper. For example, it sends signals to help bring fresh air into rooms, just like your lungs. The command center also controls the heating and air conditioning. It helps the building cool down when it’s too hot and warm up when it’s too cold. 5)A skyscraper has many different parts that work together. The bones make the building tall and strong. The skin protects the inside of the building. The skin of a skyscraper can be made of metal, stone, or glass. The brain controls the building temperature. 6)The anatomy of a skyscraper is like a human body. All the parts have to work together. That's how a city skyscraper works properly.: 7. Why does the author compare the steel and concrete of a skyscraper to a human skeleton?
d. The wires inside the skyscraper are like human bones
c. These materials are easily destroyed by wind and earthquakes
a. Tall buildings have fast and safe passenger elevators
b. These materials are strong and hold up the building
The item asks why the author compares a skyscraper’s steel and concrete to a human skeleton; the correct idea is that these materials are strong and support the building.
Primary domain: reading comprehension / science text understanding, specifically identifying an analogy’s purpose. The item measures the ability to infer that steel and concrete are compared to a skeleton because they provide structural support and strength.
This is a low-to-moderate demand reading-comprehension item requiring recall plus simple inference from the passage. Endorsing the correct choice does not require deep reasoning or strong belief, just identifying the stated analogy. The main load comes from multi-part explanatory text and distractor options that are semantically plausible but irrelevant; there is no tricky conditional logic or emotionally loaded wording.
A low level of the underlying trait is needed here: the item mainly requires basic reading comprehension and a simple analogy match, not advanced cognitive ability.","Original Text: 1) In many ways, skyscrapers are like the human body. They have bones that keep it tall and strong and skin to protect the body. They have a command center that is like a brain. 2)How do engineers design and build strong and smart skyscrapers? It is very challenging to build a skyscraper because there are many parts that have to work together. If one part is broken, the skyscraper will not work properly. 3)First, engineers need a strong and tall frame that supports the floors and walls. This frame is like the bones of a skyscraper. The bones of a skyscraper are made of concrete, steel and other materials. The columns are like the backbone of a human body. The columns go up. The steel columns hold up each floor. There are also steel beams that go across each floor. The steel columns and beams must be strong to resist the force of gravity. The steel columns and beams must work together to form a strong backbone. 4)Second, engineers need to design a command center. The command center is a computer that sends signals through wires in a skyscraper. For example, it sends signals to help bring fresh air into rooms, just like your lungs. The command center also controls the heating and air conditioning. It helps the building cool down when it’s too hot and warm up when it’s too cold. 5)A skyscraper has many different parts that work together. The bones make the building tall and strong. The skin protects the inside of the building. The skin of a skyscraper can be made of metal, stone, or glass. The brain controls the building temperature. 6)The anatomy of a skyscraper is like a human body. All the parts have to work together. That's how a city skyscraper works properly.: 7. Why does the author compare the steel and concrete of a skyscraper to a human skeleton?
d. The wires inside the skyscraper are like human bones
c. These materials are easily destroyed by wind and earthquakes
a. Tall buildings have fast and safe passenger elevators
b. These materials are strong and hold up the building
The item asks why the author compares a skyscraper’s steel and concrete to a human skeleton, with the core idea that these materials are strong and support the building.
This item is measuring reading comprehension, specifically understanding an analogy and identifying supporting details from an informational passage. The correct idea is that the steel and concrete are compared to a human skeleton because they are strong and support the building, so the question targets the ability to connect the comparison in the text to its functional meaning.
Core ask: assess the item’s cognitive demand and what in its wording/structure raises difficulty.

Low-to-moderate cognitive demand: mainly recall with simple analogy mapping, not multi-step reasoning or synthesis. The reader must retrieve the passage’s comparison that steel/concrete are the “bones” because they support the building.

Load-increasing elements:
- Long passage with multiple body-part analogies, creating distractor competition.
- Requires linking “steel and concrete” to “skeleton/bones” across paragraphs.
- One distractor reuses passage language (“wires”) but mismaps the analogy.
- Other distractors are clearly unsupported, so the item is not highly tricky.
- No conditional logic, severe wording, or introspective/attitudinal threshold.
The core ask is the latent-trait level needed to answer this item correctly: it appears to require a low to moderately low level of the underlying trait, since the correct answer is explicitly supported by repeated statements that steel and concrete form the building’s “bones” because they are strong and hold it up.","Original Text: 1) In many ways, skyscrapers are like the human body. They have bones that keep it tall and strong and skin to protect the body. They have a command center that is like a brain. 2)How do engineers design and build strong and smart skyscrapers? It is very challenging to build a skyscraper because there are many parts that have to work together. If one part is broken, the skyscraper will not work properly. 3)First, engineers need a strong and tall frame that supports the floors and walls. This frame is like the bones of a skyscraper. The bones of a skyscraper are made of concrete, steel and other materials. The columns are like the backbone of a human body. The columns go up. The steel columns hold up each floor. There are also steel beams that go across each floor. The steel columns and beams must be strong to resist the force of gravity. The steel columns and beams must work together to form a strong backbone. 4)Second, engineers need to design a command center. The command center is a computer that sends signals through wires in a skyscraper. For example, it sends signals to help bring fresh air into rooms, just like your lungs. The command center also controls the heating and air conditioning. It helps the building cool down when it’s too hot and warm up when it’s too cold. 5)A skyscraper has many different parts that work together. The bones make the building tall and strong. The skin protects the inside of the building. The skin of a skyscraper can be made of metal, stone, or glass. The brain controls the building temperature. 6)The anatomy of a skyscraper is like a human body. All the parts have to work together. That's how a city skyscraper works properly.: 7. Why does the author compare the steel and concrete of a skyscraper to a human skeleton?
d. The wires inside the skyscraper are like human bones
c. These materials are easily destroyed by wind and earthquakes
a. Tall buildings have fast and safe passenger elevators
b. These materials are strong and hold up the building
The item asks why the author compares a skyscraper’s steel and concrete structure to a human skeleton: because these strong materials support and hold up the building.
**Primary skill:** Reading comprehension—identifying explicit supporting information.  

**Justification:** The item asks students to connect the passage’s explanation of steel and concrete to the correct reason: they are strong and support the skyscraper, like bones support the human body.
This is a low-demand reading-comprehension item requiring **recall with simple analogy matching**, not multi-step reasoning or synthesis. The answer is **b: These materials are strong and hold up the building**.

Cognitive load is slightly increased by the human-skeleton/skyscraper analogy, several irrelevant distractors, and reversed answer-choice order. The correct rationale is stated explicitly in the passage, and no complex phrasing, conditional logic, or strong emotional wording is present.
This item requires a **low level of the latent trait**—basic reading comprehension and the ability to identify an explicitly stated comparison. A respondent must recognize that steel and concrete function like bones because they are **strong and support the building**.","Original Text: 1) In many ways, skyscrapers are like the human body. They have bones that keep it tall and strong and skin to protect the body. They have a command center that is like a brain. 2)How do engineers design and build strong and smart skyscrapers? It is very challenging to build a skyscraper because there are many parts that have to work together. If one part is broken, the skyscraper will not work properly. 3)First, engineers need a strong and tall frame that supports the floors and walls. This frame is like the bones of a skyscraper. The bones of a skyscraper are made of concrete, steel and other materials. The columns are like the backbone of a human body. The columns go up. The steel columns hold up each floor. There are also steel beams that go across each floor. The steel columns and beams must be strong to resist the force of gravity. The steel columns and beams must work together to form a strong backbone. 4)Second, engineers need to design a command center. The command center is a computer that sends signals through wires in a skyscraper. For example, it sends signals to help bring fresh air into rooms, just like your lungs. The command center also controls the heating and air conditioning. It helps the building cool down when it’s too hot and warm up when it’s too cold. 5)A skyscraper has many different parts that work together. The bones make the building tall and strong. The skin protects the inside of the building. The skin of a skyscraper can be made of metal, stone, or glass. The brain controls the building temperature. 6)The anatomy of a skyscraper is like a human body. All the parts have to work together. That's how a city skyscraper works properly.: 7. Why does the author compare the steel and concrete of a skyscraper to a human skeleton?
d. The wires inside the skyscraper are like human bones
c. These materials are easily destroyed by wind and earthquakes
a. Tall buildings have fast and safe passenger elevators
b. These materials are strong and hold up the building
Identify why the author compares a skyscraper’s steel and concrete framework to a human skeleton: both are strong and support the structure.
**Primary skill: Reading comprehension—understanding an author’s analogy.** The item assesses whether the reader recognizes that steel and concrete are compared to a human skeleton because both provide strength and structural support (**answer b**).
Moderate demand: requires passage-based recall plus a simple analogy/inference linking steel and concrete to a skeleton because both provide strength and structural support. The extended passage and multiple body/building comparisons add reading load, while distractors are mostly clearly unsupported rather than tricky. No complex conditional logic or emotional wording. Correct answer: **b. These materials are strong and hold up the building.**
A low-to-moderate level of reading comprehension is required. The respondent must recognize the passage’s explicit analogy: steel and concrete form a strong supporting frame like a human skeleton, making **(b)** correct.",1.0716445822648362,0.1375703480732021,0.1846259957663379,0.2223229761989945,1.248974701830594,966.0,gilbert_meta_103,-0.39475390551734413,0.4087892251851328,-0.30600020023581015,0.3168799168610032,0.008366405331803328,0.4174183277753148,0.006105694625300633,0.30462650795934737,-0.12762379796632695,0.4101011438833033,-0.09577936605034634,0.3077735359985787,-0.37584217268408526,0.38449768286241065,-0.3379176799178114,0.3456998026558663,-0.8617826301282256,0.4335590604108907,-0.6433771705348822,0.323680231876357,-1.4701333766273277,0.45445953102786457,-1.096861967002203,0.339070851020128,0.22609600020170773,0.41055618197618443,0.1656168273019926,0.3007351400619851
cc_q22,"1) Some birds that are here today are smaller than they were many years ago. Why is this happening? It is a mystery. How do scientists study a mystery? 2) First, scientists try to understand the bird’s skeletal and muscular systems. Those systems help birds to fly. One thing scientists know is that birds’ bones are hollow inside. So, they don’t weigh much. Birds’ skeletons weigh less than their feathers. They have also learned that a bird wing works like a human arm. Birds contract their chest muscles to make their wings flap. 3) Second, scientists try to diagnose the reasons that the birds’ bodies might have changed over time. Some scientists thought that birds’ skeletal or muscular systems might have changed. So, they studied migratory birds in North America. Migratory birds fly long distances to warmer places for the winter. 4) Third, scientists measured the physical characteristics of the birds. They measured the size of the birds’ bones. They found some of the birds’ bones were shorter than they were 40 years ago. For example, the lower leg bone of many birds is smaller. 5) Fourth, scientists measured the migratory birds’ wings. They found the birds’ wings are longer than they used to be. 6) Many scientists asked, “Why are the birds’ bones smaller than they used be. But their wings are longer?” They thought about the long distance the birds fly in winter. They thought that the birds’ bodies changed to adapt to the long winter flight. They would need a lot of energy for the flight. A smaller body would have smaller muscles and less fat. But smaller bones and longer wings would make flying easier. 7) Over time, these characteristics of birds have become more common. The scientists came up with some very good ideas about why these skeletal changes might be occurring.",9. What is this passage mostly about?,"1) Some birds that are here today are smaller than they were many years ago. Why is this happening? It is a mystery. How do scientists study a mystery? 2) First, scientists try to understand the bird’s skeletal and muscular systems. Those systems help birds to fly. One thing scientists know is that birds’ bones are hollow inside. So, they don’t weigh much. Birds’ skeletons weigh less than their feathers. They have also learned that a bird wing works like a human arm. Birds contract their chest muscles to make their wings flap. 3) Second, scientists try to diagnose the reasons that the birds’ bodies might have changed over time. Some scientists thought that birds’ skeletal or muscular systems might have changed. So, they studied migratory birds in North America. Migratory birds fly long distances to warmer places for the winter. 4) Third, scientists measured the physical characteristics of the birds. They measured the size of the birds’ bones. They found some of the birds’ bones were shorter than they were 40 years ago. For example, the lower leg bone of many birds is smaller. 5) Fourth, scientists measured the migratory birds’ wings. They found the birds’ wings are longer than they used to be. 6) Many scientists asked, “Why are the birds’ bones smaller than they used be. But their wings are longer?” They thought about the long distance the birds fly in winter. They thought that the birds’ bodies changed to adapt to the long winter flight. They would need a lot of energy for the flight. A smaller body would have smaller muscles and less fat. But smaller bones and longer wings would make flying easier. 7) Over time, these characteristics of birds have become more common. The scientists came up with some very good ideas about why these skeletal changes might be occurring.: 9. What is this passage mostly about?
a. How migratory birds’ skeletal system works
b. How scientists measure the size of birds’ bones
d. Why migratory birds’ bones are changing
c. Where scientists found over 50,000 birds to study","Original Text: 1) Some birds that are here today are smaller than they were many years ago. Why is this happening? It is a mystery. How do scientists study a mystery? 2) First, scientists try to understand the bird’s skeletal and muscular systems. Those systems help birds to fly. One thing scientists know is that birds’ bones are hollow inside. So, they don’t weigh much. Birds’ skeletons weigh less than their feathers. They have also learned that a bird wing works like a human arm. Birds contract their chest muscles to make their wings flap. 3) Second, scientists try to diagnose the reasons that the birds’ bodies might have changed over time. Some scientists thought that birds’ skeletal or muscular systems might have changed. So, they studied migratory birds in North America. Migratory birds fly long distances to warmer places for the winter. 4) Third, scientists measured the physical characteristics of the birds. They measured the size of the birds’ bones. They found some of the birds’ bones were shorter than they were 40 years ago. For example, the lower leg bone of many birds is smaller. 5) Fourth, scientists measured the migratory birds’ wings. They found the birds’ wings are longer than they used to be. 6) Many scientists asked, “Why are the birds’ bones smaller than they used be. But their wings are longer?” They thought about the long distance the birds fly in winter. They thought that the birds’ bodies changed to adapt to the long winter flight. They would need a lot of energy for the flight. A smaller body would have smaller muscles and less fat. But smaller bones and longer wings would make flying easier. 7) Over time, these characteristics of birds have become more common. The scientists came up with some very good ideas about why these skeletal changes might be occurring.: 9. What is this passage mostly about?
a. How migratory birds’ skeletal system works
b. How scientists measure the size of birds’ bones
d. Why migratory birds’ bones are changing
c. Where scientists found over 50,000 birds to study
This item asks the reader to identify the primary subject of a text detailing the scientific process used to investigate why migratory birds' bodies have evolved smaller bones and longer wings to adapt for flight efficiency.
This item measures the **Reading Comprehension skill of identifying the main idea**.

**Justification:** The question ""What is this passage mostly about?"" requires the reader to synthesize the entire text—which describes the scientific process of investigating physical changes in migratory birds—to determine its central theme rather than focusing on isolated details or specific procedural steps.
This analysis evaluates the cognitive demand and structural complexity of the main idea question regarding the provided text on avian skeletal adaptations.

**Cognitive Demand**
This item requires **synthesis**. To identify what the passage is ""mostly about,"" the reader must move beyond simple recall of specific details—such as bone measurements or muscle contractions—and integrate information across all seven paragraphs to determine the overarching theme of scientific inquiry into biological change.

**Structural and Semantic Elements**
*   **Partial-Truth Distractors:** Options (a) and (b) function as ""tricky distractors"" because they reference accurate details found in specific paragraphs (Paragraphs 2 and 4). This increases cognitive load by requiring the reader to distinguish between supporting evidence and the primary thesis.
*   **Procedural Framing:** The text’s chronological structure (""First,"" ""Second,"" ""Third"") may lead a reader to focus on the scientific process rather than the ultimate conclusion, necessitating higher-level reasoning to identify the ""why"" (Option d) as the central focus.
*   **Semantic Cues:** The inclusion of the word ""mostly"" acts as a qualifier that necessitates a holistic evaluation of the text rather than a search for a single matching sentence.
To identify the main idea of this passage, a respondent requires a **moderate level of cognitive ability and reading comprehension**. This level is necessary to synthesize multiple paragraphs of informational text, distinguish between supporting details (such as specific measurements or anatomical functions) and the overarching theme, and recognize that the text's primary purpose is to explain the scientific investigation into why migratory birds' physical structures are evolving.","Original Text: 1) Some birds that are here today are smaller than they were many years ago. Why is this happening? It is a mystery. How do scientists study a mystery? 2) First, scientists try to understand the bird’s skeletal and muscular systems. Those systems help birds to fly. One thing scientists know is that birds’ bones are hollow inside. So, they don’t weigh much. Birds’ skeletons weigh less than their feathers. They have also learned that a bird wing works like a human arm. Birds contract their chest muscles to make their wings flap. 3) Second, scientists try to diagnose the reasons that the birds’ bodies might have changed over time. Some scientists thought that birds’ skeletal or muscular systems might have changed. So, they studied migratory birds in North America. Migratory birds fly long distances to warmer places for the winter. 4) Third, scientists measured the physical characteristics of the birds. They measured the size of the birds’ bones. They found some of the birds’ bones were shorter than they were 40 years ago. For example, the lower leg bone of many birds is smaller. 5) Fourth, scientists measured the migratory birds’ wings. They found the birds’ wings are longer than they used to be. 6) Many scientists asked, “Why are the birds’ bones smaller than they used be. But their wings are longer?” They thought about the long distance the birds fly in winter. They thought that the birds’ bodies changed to adapt to the long winter flight. They would need a lot of energy for the flight. A smaller body would have smaller muscles and less fat. But smaller bones and longer wings would make flying easier. 7) Over time, these characteristics of birds have become more common. The scientists came up with some very good ideas about why these skeletal changes might be occurring.: 9. What is this passage mostly about?
a. How migratory birds’ skeletal system works
b. How scientists measure the size of birds’ bones
d. Why migratory birds’ bones are changing
c. Where scientists found over 50,000 birds to study
The core request of this prompt is to summarize the provided text and its associated task. The item presents a reading comprehension scenario in which the reader must select the main idea of a passage detailing how and why scientists are investigating the physical changes—specifically smaller bones and longer wings—in migratory birds over time.
To identify the primary construct this item attempts to measure and provide a concise justification:

**Primary Skill:** Reading Comprehension (Identifying the Main Idea)

**Justification:** The question asks what the passage is ""mostly about,"" which requires the reader to synthesize information across the entire text to distinguish the overarching central theme from isolated supporting details.
In analyzing the cognitive demand and structural elements that increase the difficulty of this reading comprehension item, this question requires synthesis. The reader must integrate information across the entire passage to identify the overarching main idea. The cognitive load is increased by tricky distractors (options ""a"" and ""b""), which represent localized supporting details explicitly mentioned in individual paragraphs rather than the global theme. Furthermore, the procedural framing of the text (""First,"" ""Second,"" ""Third"") forces the reader to synthesize across multiple methodological steps to recognize that the passage's primary focus is on the underlying reasons for the birds' physical changes.
Regarding the overall level of the underlying latent trait required for a respondent to successfully answer this item, a low-to-moderate degree of reading comprehension is necessary to synthesize the text and identify its primary main idea.","Original Text: 1) Some birds that are here today are smaller than they were many years ago. Why is this happening? It is a mystery. How do scientists study a mystery? 2) First, scientists try to understand the bird’s skeletal and muscular systems. Those systems help birds to fly. One thing scientists know is that birds’ bones are hollow inside. So, they don’t weigh much. Birds’ skeletons weigh less than their feathers. They have also learned that a bird wing works like a human arm. Birds contract their chest muscles to make their wings flap. 3) Second, scientists try to diagnose the reasons that the birds’ bodies might have changed over time. Some scientists thought that birds’ skeletal or muscular systems might have changed. So, they studied migratory birds in North America. Migratory birds fly long distances to warmer places for the winter. 4) Third, scientists measured the physical characteristics of the birds. They measured the size of the birds’ bones. They found some of the birds’ bones were shorter than they were 40 years ago. For example, the lower leg bone of many birds is smaller. 5) Fourth, scientists measured the migratory birds’ wings. They found the birds’ wings are longer than they used to be. 6) Many scientists asked, “Why are the birds’ bones smaller than they used be. But their wings are longer?” They thought about the long distance the birds fly in winter. They thought that the birds’ bodies changed to adapt to the long winter flight. They would need a lot of energy for the flight. A smaller body would have smaller muscles and less fat. But smaller bones and longer wings would make flying easier. 7) Over time, these characteristics of birds have become more common. The scientists came up with some very good ideas about why these skeletal changes might be occurring.: 9. What is this passage mostly about?
a. How migratory birds’ skeletal system works
b. How scientists measure the size of birds’ bones
d. Why migratory birds’ bones are changing
c. Where scientists found over 50,000 birds to study
The item presents a reading comprehension multiple-choice question asking the reader to determine the central topic of a passage that explains scientific investigations into why migratory birds' skeletal structures and body sizes have changed over time.
The target skill measured by this item is **reading comprehension**, specifically the ability to **identify the main idea or central theme** of an informational text. 

**Justification:** The question explicitly prompts the reader to determine what the passage is ""mostly about,"" requiring them to synthesize the text as a whole and distinguish the primary focus—why migratory birds' physical structures are changing—from minor supporting details.
**Demand Level:** 
This cognitive reading comprehension item requires **synthesis**. The reader must integrate information across the entire text to discern the overarching central idea rather than relying on direct recall of an isolated fact.

**Elements Influencing Cognitive Load:**
* **Detail-Based Distractors:** Options (a) and (b) function as plausible traps because they reference true supporting details explicitly discussed in paragraphs 2 and 4, requiring the test-taker to evaluate scope and suppress localized recall in favor of the global theme.
* **Process-Oriented Structure:** The step-by-step organizational framing (""First,"" ""Second,"" ""Third,"" ""Fourth"") emphasizes the scientific investigation process, which can distract from the ultimate conceptual focus on the physical changes in migratory birds (Option d).
To correctly determine the main idea of this passage, a respondent requires a **low to low-moderate level of reading comprehension ability**. The text features simple syntax, straightforward vocabulary, and explicit topic sentences that clearly frame the central inquiry—why migratory birds' physical structures are changing—making the core theme readily accessible to readers with basic literal and inferential comprehension skills.","Original Text: 1) Some birds that are here today are smaller than they were many years ago. Why is this happening? It is a mystery. How do scientists study a mystery? 2) First, scientists try to understand the bird’s skeletal and muscular systems. Those systems help birds to fly. One thing scientists know is that birds’ bones are hollow inside. So, they don’t weigh much. Birds’ skeletons weigh less than their feathers. They have also learned that a bird wing works like a human arm. Birds contract their chest muscles to make their wings flap. 3) Second, scientists try to diagnose the reasons that the birds’ bodies might have changed over time. Some scientists thought that birds’ skeletal or muscular systems might have changed. So, they studied migratory birds in North America. Migratory birds fly long distances to warmer places for the winter. 4) Third, scientists measured the physical characteristics of the birds. They measured the size of the birds’ bones. They found some of the birds’ bones were shorter than they were 40 years ago. For example, the lower leg bone of many birds is smaller. 5) Fourth, scientists measured the migratory birds’ wings. They found the birds’ wings are longer than they used to be. 6) Many scientists asked, “Why are the birds’ bones smaller than they used be. But their wings are longer?” They thought about the long distance the birds fly in winter. They thought that the birds’ bodies changed to adapt to the long winter flight. They would need a lot of energy for the flight. A smaller body would have smaller muscles and less fat. But smaller bones and longer wings would make flying easier. 7) Over time, these characteristics of birds have become more common. The scientists came up with some very good ideas about why these skeletal changes might be occurring.: 9. What is this passage mostly about?
a. How migratory birds’ skeletal system works
b. How scientists measure the size of birds’ bones
d. Why migratory birds’ bones are changing
c. Where scientists found over 50,000 birds to study
The item asks for the main idea of a passage about scientists investigating why migratory birds’ bones are getting smaller and their wings longer over time.
Primary domain: reading comprehension / science literacy. It mainly measures the ability to identify the central idea of an informational passage and infer the author’s purpose, using details about bird skeletal changes and scientific investigation.
This is a reading-comprehension item with moderate demand: it requires recall plus synthesis across the passage to identify the main idea. The correct choice is supported by integrating multiple details about changing bone and wing size, not by a single sentence. Structural load comes from distractors that are plausible but narrower or off-topic, and from the need to distinguish “mostly about” from specific supporting facts.
A moderate reading-comprehension level is needed: the item mainly requires understanding a scientific passage and identifying its central idea, with some inference about why migratory birds’ bones are changing.","Original Text: 1) Some birds that are here today are smaller than they were many years ago. Why is this happening? It is a mystery. How do scientists study a mystery? 2) First, scientists try to understand the bird’s skeletal and muscular systems. Those systems help birds to fly. One thing scientists know is that birds’ bones are hollow inside. So, they don’t weigh much. Birds’ skeletons weigh less than their feathers. They have also learned that a bird wing works like a human arm. Birds contract their chest muscles to make their wings flap. 3) Second, scientists try to diagnose the reasons that the birds’ bodies might have changed over time. Some scientists thought that birds’ skeletal or muscular systems might have changed. So, they studied migratory birds in North America. Migratory birds fly long distances to warmer places for the winter. 4) Third, scientists measured the physical characteristics of the birds. They measured the size of the birds’ bones. They found some of the birds’ bones were shorter than they were 40 years ago. For example, the lower leg bone of many birds is smaller. 5) Fourth, scientists measured the migratory birds’ wings. They found the birds’ wings are longer than they used to be. 6) Many scientists asked, “Why are the birds’ bones smaller than they used be. But their wings are longer?” They thought about the long distance the birds fly in winter. They thought that the birds’ bodies changed to adapt to the long winter flight. They would need a lot of energy for the flight. A smaller body would have smaller muscles and less fat. But smaller bones and longer wings would make flying easier. 7) Over time, these characteristics of birds have become more common. The scientists came up with some very good ideas about why these skeletal changes might be occurring.: 9. What is this passage mostly about?
a. How migratory birds’ skeletal system works
b. How scientists measure the size of birds’ bones
d. Why migratory birds’ bones are changing
c. Where scientists found over 50,000 birds to study
The item asks for the main idea of a passage explaining scientists’ investigation into why migratory birds have become smaller over time, especially why their bones are shorter and wings longer.
This item is primarily measuring **reading comprehension of main idea/central theme**. The question asks the reader to identify what the passage is mostly about, requiring synthesis of the overall focus—scientists’ explanations for why migratory birds’ bones are changing—rather than recall of a single detail.
Core ask: assess the item’s cognitive demand and note wording/structure that raises difficulty.

This is a moderate-demand reading-comprehension item requiring synthesis, not mere recall. The reader must integrate the passage’s sequence of observations and hypotheses to identify the main idea, rather than retrieve one stated fact.

Load-increasing elements:
- “mostly about” asks for gist/main idea, which requires summarizing across multiple paragraphs.
- The passage is organized in numbered steps with supporting details, so the test-taker must distinguish central theme from process details.
- Several distractors are plausible because they match real passage content: skeletal systems, measuring bones, and study methods.
- The correct answer depends on linking evidence about smaller bones/longer wings to the broader explanation of change over time.
- Minor structural noise: answer choices are out of order (a, b, d, c), and there is a small typo (“used be”), which can slightly increase processing burden.

Threshold for endorsement: not applicable; this is a cognitive item, not an attitudinal/psychological one.
This item appears to require a moderately high level of the latent trait—here, reading comprehension/main-idea identification. A respondent must integrate information across the full passage, distinguish the central explanation from supporting details, and recognize that the passage is mainly about scientists’ ideas for why migratory birds’ bones are changing, not just how birds’ bodies work or how measurements were taken.","Original Text: 1) Some birds that are here today are smaller than they were many years ago. Why is this happening? It is a mystery. How do scientists study a mystery? 2) First, scientists try to understand the bird’s skeletal and muscular systems. Those systems help birds to fly. One thing scientists know is that birds’ bones are hollow inside. So, they don’t weigh much. Birds’ skeletons weigh less than their feathers. They have also learned that a bird wing works like a human arm. Birds contract their chest muscles to make their wings flap. 3) Second, scientists try to diagnose the reasons that the birds’ bodies might have changed over time. Some scientists thought that birds’ skeletal or muscular systems might have changed. So, they studied migratory birds in North America. Migratory birds fly long distances to warmer places for the winter. 4) Third, scientists measured the physical characteristics of the birds. They measured the size of the birds’ bones. They found some of the birds’ bones were shorter than they were 40 years ago. For example, the lower leg bone of many birds is smaller. 5) Fourth, scientists measured the migratory birds’ wings. They found the birds’ wings are longer than they used to be. 6) Many scientists asked, “Why are the birds’ bones smaller than they used be. But their wings are longer?” They thought about the long distance the birds fly in winter. They thought that the birds’ bodies changed to adapt to the long winter flight. They would need a lot of energy for the flight. A smaller body would have smaller muscles and less fat. But smaller bones and longer wings would make flying easier. 7) Over time, these characteristics of birds have become more common. The scientists came up with some very good ideas about why these skeletal changes might be occurring.: 9. What is this passage mostly about?
a. How migratory birds’ skeletal system works
b. How scientists measure the size of birds’ bones
d. Why migratory birds’ bones are changing
c. Where scientists found over 50,000 birds to study
The passage is mostly about why migratory birds’ bones and bodies are changing over time.
**Primary skill:** Reading comprehension—identifying the passage’s main idea.  

**Justification:** The item asks students to select the choice that best summarizes the passage, which explains why migratory birds’ skeletal features are changing over time.
This item asks for the passage’s main idea, requiring **synthesis** across the scientists’ observations and explanation rather than simple recall. The correct answer is **d. Why migratory birds’ bones are changing**. Cognitive load is **moderate**: students must distinguish the broad purpose from narrower detail-based distractors about skeletal function, measurement methods, and study location. No complex conditional logic or emotionally strong wording is present.
This item requires a **moderate level of reading comprehension and general cognitive ability**: the respondent must integrate the passage’s details to identify its central idea, rather than recall a single fact.","Original Text: 1) Some birds that are here today are smaller than they were many years ago. Why is this happening? It is a mystery. How do scientists study a mystery? 2) First, scientists try to understand the bird’s skeletal and muscular systems. Those systems help birds to fly. One thing scientists know is that birds’ bones are hollow inside. So, they don’t weigh much. Birds’ skeletons weigh less than their feathers. They have also learned that a bird wing works like a human arm. Birds contract their chest muscles to make their wings flap. 3) Second, scientists try to diagnose the reasons that the birds’ bodies might have changed over time. Some scientists thought that birds’ skeletal or muscular systems might have changed. So, they studied migratory birds in North America. Migratory birds fly long distances to warmer places for the winter. 4) Third, scientists measured the physical characteristics of the birds. They measured the size of the birds’ bones. They found some of the birds’ bones were shorter than they were 40 years ago. For example, the lower leg bone of many birds is smaller. 5) Fourth, scientists measured the migratory birds’ wings. They found the birds’ wings are longer than they used to be. 6) Many scientists asked, “Why are the birds’ bones smaller than they used be. But their wings are longer?” They thought about the long distance the birds fly in winter. They thought that the birds’ bodies changed to adapt to the long winter flight. They would need a lot of energy for the flight. A smaller body would have smaller muscles and less fat. But smaller bones and longer wings would make flying easier. 7) Over time, these characteristics of birds have become more common. The scientists came up with some very good ideas about why these skeletal changes might be occurring.: 9. What is this passage mostly about?
a. How migratory birds’ skeletal system works
b. How scientists measure the size of birds’ bones
d. Why migratory birds’ bones are changing
c. Where scientists found over 50,000 birds to study
Why migratory birds’ bones and body sizes are changing over time.
**Primary skill: Reading comprehension—identifying the main idea.** The item asks the reader to determine that the passage primarily explains **why migratory birds’ bones are changing**, rather than selecting a supporting detail.
**Moderate cognitive demand:** Requires synthesizing the passage’s repeated findings and explanations to identify the main idea, not simple recall. The correct answer is **“Why migratory birds’ bones are changing.”** Load increases due to the long, multi-step passage, competing details about anatomy and measurement, plausible but overly narrow distractors, and the irregular option order (**a, b, d, c**).
This item requires a **low to moderate level of reading comprehension**, as the passage repeatedly emphasizes why migratory birds’ bones and wings are changing, making the correct main idea (**d**) fairly explicit.",1.4581008669911957,0.2556541083829428,0.4080226054024866,0.4656715840085947,1.5930837192573617,1075.0,gilbert_meta_103,1.4664643272695579,0.48993439456301696,1.136754751533272,0.37978097428121993,1.422188819323709,0.4820940048818109,1.0378950440398687,0.351825982337634,1.1126072534195441,0.46513418548754815,0.8349917420860465,0.34907484438048136,1.4960737556535189,0.47483024539697466,1.345111882697913,0.4269173247202896,1.512192163996939,0.46619325755910396,1.1289504821333083,0.3480437972231904,1.5104033915311534,0.5023398664734884,1.1269073006167298,0.374794221261606,1.4960976471805107,0.49809655158679883,1.09590149953542,0.36485904434520744
cc_q27,"1) In many ways, skyscrapers are like the human body. They have bones that keep it tall and strong and skin to protect the body. They have a command center that is like a brain. 2)How do engineers design and build strong and smart skyscrapers? It is very challenging to build a skyscraper because there are many parts that have to work together. If one part is broken, the skyscraper will not work properly. 3)First, engineers need a strong and tall frame that supports the floors and walls. This frame is like the bones of a skyscraper. The bones of a skyscraper are made of concrete, steel and other materials. The columns are like the backbone of a human body. The columns go up. The steel columns hold up each floor. There are also steel beams that go across each floor. The steel columns and beams must be strong to resist the force of gravity. The steel columns and beams must work together to form a strong backbone. 4)Second, engineers need to design a command center. The command center is a computer that sends signals through wires in a skyscraper. For example, it sends signals to help bring fresh air into rooms, just like your lungs. The command center also controls the heating and air conditioning. It helps the building cool down when it’s too hot and warm up when it’s too cold. 5)A skyscraper has many different parts that work together. The bones make the building tall and strong. The skin protects the inside of the building. The skin of a skyscraper can be made of metal, stone, or glass. The brain controls the building temperature. 6)The anatomy of a skyscraper is like a human body. All the parts have to work together. That's how a city skyscraper works properly.",2. What is the main idea of paragraph 3?,"1) In many ways, skyscrapers are like the human body. They have bones that keep it tall and strong and skin to protect the body. They have a command center that is like a brain. 2)How do engineers design and build strong and smart skyscrapers? It is very challenging to build a skyscraper because there are many parts that have to work together. If one part is broken, the skyscraper will not work properly. 3)First, engineers need a strong and tall frame that supports the floors and walls. This frame is like the bones of a skyscraper. The bones of a skyscraper are made of concrete, steel and other materials. The columns are like the backbone of a human body. The columns go up. The steel columns hold up each floor. There are also steel beams that go across each floor. The steel columns and beams must be strong to resist the force of gravity. The steel columns and beams must work together to form a strong backbone. 4)Second, engineers need to design a command center. The command center is a computer that sends signals through wires in a skyscraper. For example, it sends signals to help bring fresh air into rooms, just like your lungs. The command center also controls the heating and air conditioning. It helps the building cool down when it’s too hot and warm up when it’s too cold. 5)A skyscraper has many different parts that work together. The bones make the building tall and strong. The skin protects the inside of the building. The skin of a skyscraper can be made of metal, stone, or glass. The brain controls the building temperature. 6)The anatomy of a skyscraper is like a human body. All the parts have to work together. That's how a city skyscraper works properly.: 2. What is the main idea of paragraph 3?
a. To describe how engineers work together to build skyscrapers
d. To describe what the backbone of a skyscraper is made of
b. To describe the reasons why a skyscraper is a tall building
c. To describe why checklists are needed to build a safe skyscraper","Original Text: 1) In many ways, skyscrapers are like the human body. They have bones that keep it tall and strong and skin to protect the body. They have a command center that is like a brain. 2)How do engineers design and build strong and smart skyscrapers? It is very challenging to build a skyscraper because there are many parts that have to work together. If one part is broken, the skyscraper will not work properly. 3)First, engineers need a strong and tall frame that supports the floors and walls. This frame is like the bones of a skyscraper. The bones of a skyscraper are made of concrete, steel and other materials. The columns are like the backbone of a human body. The columns go up. The steel columns hold up each floor. There are also steel beams that go across each floor. The steel columns and beams must be strong to resist the force of gravity. The steel columns and beams must work together to form a strong backbone. 4)Second, engineers need to design a command center. The command center is a computer that sends signals through wires in a skyscraper. For example, it sends signals to help bring fresh air into rooms, just like your lungs. The command center also controls the heating and air conditioning. It helps the building cool down when it’s too hot and warm up when it’s too cold. 5)A skyscraper has many different parts that work together. The bones make the building tall and strong. The skin protects the inside of the building. The skin of a skyscraper can be made of metal, stone, or glass. The brain controls the building temperature. 6)The anatomy of a skyscraper is like a human body. All the parts have to work together. That's how a city skyscraper works properly.: 2. What is the main idea of paragraph 3?
a. To describe how engineers work together to build skyscrapers
d. To describe what the backbone of a skyscraper is made of
b. To describe the reasons why a skyscraper is a tall building
c. To describe why checklists are needed to build a safe skyscraper
The core task is to identify the primary theme of a specific paragraph detailing the structural components and materials used to create a skyscraper's frame.
This item measures the **skill of reading comprehension**, specifically the ability to **identify the main idea** of a text segment.

**Justification:** The question requires the reader to synthesize specific details within paragraph 3—such as the function of columns, beams, and materials—to determine the central theme regarding the structural support system of a skyscraper.
This analysis evaluates the cognitive demand and structural complexity of identifying the main idea in paragraph 3.

**Cognitive Demand**
This item requires **synthesis**. The reader must integrate multiple details regarding structural components (columns, beams), materials (steel, concrete), and physical forces (gravity) to determine the paragraph's overarching purpose rather than relying on simple recall of a single sentence.

**Structural and Semantic Elements**
*   **Metaphorical Mapping:** The text uses an analogy between human anatomy (""bones,"" ""backbone"") and engineering, requiring the reader to translate biological terms into structural concepts.
*   **Detail-Oriented Distractors:** Option (d) acts as a ""partial-truth"" distractor by focusing on specific materials mentioned in the text, which tests the ability to distinguish a supporting detail from a central theme.
*   **Keyword Traps:** Option (a) utilizes the word ""engineers"" from the text to create a plausible but incorrect lead that misrepresents the paragraph's specific focus on structural integrity.
To describe the level of the latent trait required to identify the main idea of paragraph 3, a respondent needs a low to moderate level of reading comprehension and literal interpretive ability. The item requires the respondent to synthesize explicit details regarding structural components—such as columns, beams, and materials—into a central theme of physical support, facilitated by the text's direct use of a human anatomy analogy and clear organizational transitions.","Original Text: 1) In many ways, skyscrapers are like the human body. They have bones that keep it tall and strong and skin to protect the body. They have a command center that is like a brain. 2)How do engineers design and build strong and smart skyscrapers? It is very challenging to build a skyscraper because there are many parts that have to work together. If one part is broken, the skyscraper will not work properly. 3)First, engineers need a strong and tall frame that supports the floors and walls. This frame is like the bones of a skyscraper. The bones of a skyscraper are made of concrete, steel and other materials. The columns are like the backbone of a human body. The columns go up. The steel columns hold up each floor. There are also steel beams that go across each floor. The steel columns and beams must be strong to resist the force of gravity. The steel columns and beams must work together to form a strong backbone. 4)Second, engineers need to design a command center. The command center is a computer that sends signals through wires in a skyscraper. For example, it sends signals to help bring fresh air into rooms, just like your lungs. The command center also controls the heating and air conditioning. It helps the building cool down when it’s too hot and warm up when it’s too cold. 5)A skyscraper has many different parts that work together. The bones make the building tall and strong. The skin protects the inside of the building. The skin of a skyscraper can be made of metal, stone, or glass. The brain controls the building temperature. 6)The anatomy of a skyscraper is like a human body. All the parts have to work together. That's how a city skyscraper works properly.: 2. What is the main idea of paragraph 3?
a. To describe how engineers work together to build skyscrapers
d. To describe what the backbone of a skyscraper is made of
b. To describe the reasons why a skyscraper is a tall building
c. To describe why checklists are needed to build a safe skyscraper
The objective of this prompt is to provide a summary of the central task or question contained within the provided text. 

The item presents a reading comprehension task requiring the reader to identify the main idea of the passage's third paragraph—which details the structural framework or ""bones"" of a skyscraper—by selecting the correct answer from four multiple-choice options.
In identifying the primary skill measured by the provided text and question, along with a concise justification:

**Primary Skill:** Reading comprehension (identifying the main idea). 

**Justification:** The multiple-choice question explicitly requires the reader to synthesize the specific details presented in the third paragraph to determine its central, overarching focus regarding the structural materials of a skyscraper.
In evaluating the cognitive demand and structural elements that influence the difficulty of this reading comprehension item, the question requires synthesis to distill the main idea of a specific paragraph rather than simple fact retrieval. The cognitive load is increased by a tricky distractor (Option A), which uses verbatim phrases from the text (""engineers,"" ""work together"") but misapplies their semantic meaning, as well as the non-sequential labeling of the multiple-choice options (a, d, b, c).
In evaluating the degree of cognitive ability and reading comprehension necessary to correctly identify the main idea of the specified paragraph, a low level of this underlying latent trait is required. The respondent only needs basic literal comprehension to match the explicit details about the skyscraper's structural materials in the text to the corresponding multiple-choice option.","Original Text: 1) In many ways, skyscrapers are like the human body. They have bones that keep it tall and strong and skin to protect the body. They have a command center that is like a brain. 2)How do engineers design and build strong and smart skyscrapers? It is very challenging to build a skyscraper because there are many parts that have to work together. If one part is broken, the skyscraper will not work properly. 3)First, engineers need a strong and tall frame that supports the floors and walls. This frame is like the bones of a skyscraper. The bones of a skyscraper are made of concrete, steel and other materials. The columns are like the backbone of a human body. The columns go up. The steel columns hold up each floor. There are also steel beams that go across each floor. The steel columns and beams must be strong to resist the force of gravity. The steel columns and beams must work together to form a strong backbone. 4)Second, engineers need to design a command center. The command center is a computer that sends signals through wires in a skyscraper. For example, it sends signals to help bring fresh air into rooms, just like your lungs. The command center also controls the heating and air conditioning. It helps the building cool down when it’s too hot and warm up when it’s too cold. 5)A skyscraper has many different parts that work together. The bones make the building tall and strong. The skin protects the inside of the building. The skin of a skyscraper can be made of metal, stone, or glass. The brain controls the building temperature. 6)The anatomy of a skyscraper is like a human body. All the parts have to work together. That's how a city skyscraper works properly.: 2. What is the main idea of paragraph 3?
a. To describe how engineers work together to build skyscrapers
d. To describe what the backbone of a skyscraper is made of
b. To describe the reasons why a skyscraper is a tall building
c. To describe why checklists are needed to build a safe skyscraper
The item is a multiple-choice reading comprehension question requiring the identification of the central idea of paragraph 3, which details the structural materials and components forming the supportive frame or ""backbone"" of a skyscraper.
**Target Measurement Construct:** Reading Comprehension (specifically, Determining the Main Idea of an Informational Text).

**Justification:** This assessment item evaluates the reader's ability to analyze a specific section of an informational passage (Paragraph 3) and synthesize its supporting details—regarding the structural materials, columns, and beams functioning as a building's ""bones""—to identify its central theme.
This evaluation examines the cognitive demand level and structural complexity of the provided reading comprehension question.

* **Cognitive Demand Level:** **Multi-step reasoning and local synthesis.** The item requires isolating paragraph 3, integrating several supporting details about structural columns, beams, and materials, and synthesizing them under the central analogical theme (the ""backbone"") rather than performing direct factual recall.
* **Complexity-Driving Structural and Semantic Elements:**
  * **Metaphorical Decoding:** Demands understanding figurative framing, as the text uses anatomical metaphors (""bones,"" ""backbone"") to describe structural engineering components (columns, beams, concrete, steel).
  * **Lexical Traps (Distractor A):** Leverages surface-level keyword matching by lifting the phrase ""work together"" from the text but erroneously attributing the action to ""engineers"" rather than the physical columns and beams.
  * **Uneven Distractor Difficulty:** Cognitive load is slightly reduced because Distractor C introduces an entirely unmentioned concept (""checklists"") and Distractor B misattributes the paragraph's purpose, allowing for relatively simple process-of-elimination.
The level of latent reading comprehension ability required to successfully determine the main idea of paragraph 3 is low to low-moderate (elementary grade level). The item relies on clear, explicit textual evidence and simple analogies directly stated within a single paragraph, requiring only foundational skills in identifying a central topic and eliminating straightforward, non-mentioned distractors.","Original Text: 1) In many ways, skyscrapers are like the human body. They have bones that keep it tall and strong and skin to protect the body. They have a command center that is like a brain. 2)How do engineers design and build strong and smart skyscrapers? It is very challenging to build a skyscraper because there are many parts that have to work together. If one part is broken, the skyscraper will not work properly. 3)First, engineers need a strong and tall frame that supports the floors and walls. This frame is like the bones of a skyscraper. The bones of a skyscraper are made of concrete, steel and other materials. The columns are like the backbone of a human body. The columns go up. The steel columns hold up each floor. There are also steel beams that go across each floor. The steel columns and beams must be strong to resist the force of gravity. The steel columns and beams must work together to form a strong backbone. 4)Second, engineers need to design a command center. The command center is a computer that sends signals through wires in a skyscraper. For example, it sends signals to help bring fresh air into rooms, just like your lungs. The command center also controls the heating and air conditioning. It helps the building cool down when it’s too hot and warm up when it’s too cold. 5)A skyscraper has many different parts that work together. The bones make the building tall and strong. The skin protects the inside of the building. The skin of a skyscraper can be made of metal, stone, or glass. The brain controls the building temperature. 6)The anatomy of a skyscraper is like a human body. All the parts have to work together. That's how a city skyscraper works properly.: 2. What is the main idea of paragraph 3?
a. To describe how engineers work together to build skyscrapers
d. To describe what the backbone of a skyscraper is made of
b. To describe the reasons why a skyscraper is a tall building
c. To describe why checklists are needed to build a safe skyscraper
The item asks for the main idea of paragraph 3, which focuses on the strong frame or backbone of a skyscraper and the materials and parts that support it.
Reading comprehension: identifying the main idea of a paragraph. The item measures the ability to infer the central point of paragraph 3, which focuses on the skyscraper’s structural frame and how its columns and beams support the building.
This is a low-to-moderate demand reading-comprehension item requiring recall plus basic synthesis of paragraph 3’s details. The correct choice depends on identifying the paragraph’s main focus, not just a single fact, but the wording is straightforward and there are no strong distractors or tricky conditionals. The threshold for endorsement is low; it mainly tests comprehension of the “bones/backbone/frame” analogy and the supporting materials.
A low level of reading comprehension is needed to identify that paragraph 3 focuses on the skyscraper’s structural frame and backbone, making the correct choice the one about what the backbone is made of.","Original Text: 1) In many ways, skyscrapers are like the human body. They have bones that keep it tall and strong and skin to protect the body. They have a command center that is like a brain. 2)How do engineers design and build strong and smart skyscrapers? It is very challenging to build a skyscraper because there are many parts that have to work together. If one part is broken, the skyscraper will not work properly. 3)First, engineers need a strong and tall frame that supports the floors and walls. This frame is like the bones of a skyscraper. The bones of a skyscraper are made of concrete, steel and other materials. The columns are like the backbone of a human body. The columns go up. The steel columns hold up each floor. There are also steel beams that go across each floor. The steel columns and beams must be strong to resist the force of gravity. The steel columns and beams must work together to form a strong backbone. 4)Second, engineers need to design a command center. The command center is a computer that sends signals through wires in a skyscraper. For example, it sends signals to help bring fresh air into rooms, just like your lungs. The command center also controls the heating and air conditioning. It helps the building cool down when it’s too hot and warm up when it’s too cold. 5)A skyscraper has many different parts that work together. The bones make the building tall and strong. The skin protects the inside of the building. The skin of a skyscraper can be made of metal, stone, or glass. The brain controls the building temperature. 6)The anatomy of a skyscraper is like a human body. All the parts have to work together. That's how a city skyscraper works properly.: 2. What is the main idea of paragraph 3?
a. To describe how engineers work together to build skyscrapers
d. To describe what the backbone of a skyscraper is made of
b. To describe the reasons why a skyscraper is a tall building
c. To describe why checklists are needed to build a safe skyscraper
The item asks for the main idea of paragraph 3, which explains that a skyscraper’s strong structural frame—especially its steel and concrete columns and beams—acts like bones/backbone to support the building and resist gravity.
Primary construct: Reading comprehension — identifying the main idea of an informational paragraph.

Justification: The item asks the reader to determine the central idea of paragraph 3 by synthesizing details about the skyscraper’s frame, columns, beams, and structural support, which measures understanding of paragraph-level meaning rather than factual recall alone.
Core ask: assess the item’s cognitive demand and note wording/structure that raises difficulty.

This is a low-to-moderate cognitive-demand reading item. It mainly requires recall of paragraph 3’s central idea plus simple main-idea selection, not deep synthesis. Some multi-step reasoning is needed because the reader must distinguish the paragraph’s overall point from supporting details.

Load-increasing elements:
- Main-idea format requires separating gist from details.
- Distractors are uneven: one option is a detail from paragraph 3 (“what the backbone… is made of”), while others are clearly irrelevant (“checklists,” “engineers work together”).
- The paragraph uses an extended body/skyscraper analogy, which adds semantic complexity.
- Repetition of “columns,” “beams,” “backbone,” and materials may pull readers toward the detail-based distractor.
- No conditional logic or emotional wording; endorsement/severity threshold is not applicable since this is not an attitudinal item.
The item appears to require a moderate level of the underlying latent trait—specifically, solid reading comprehension focused on identifying a paragraph’s main idea from supporting details. A respondent would need enough ability to integrate the paragraph’s repeated focus on the skyscraper’s structural frame, columns, beams, and “backbone,” but not an especially high level, since the correct idea is stated fairly directly and the distractors are more clearly unsupported.","Original Text: 1) In many ways, skyscrapers are like the human body. They have bones that keep it tall and strong and skin to protect the body. They have a command center that is like a brain. 2)How do engineers design and build strong and smart skyscrapers? It is very challenging to build a skyscraper because there are many parts that have to work together. If one part is broken, the skyscraper will not work properly. 3)First, engineers need a strong and tall frame that supports the floors and walls. This frame is like the bones of a skyscraper. The bones of a skyscraper are made of concrete, steel and other materials. The columns are like the backbone of a human body. The columns go up. The steel columns hold up each floor. There are also steel beams that go across each floor. The steel columns and beams must be strong to resist the force of gravity. The steel columns and beams must work together to form a strong backbone. 4)Second, engineers need to design a command center. The command center is a computer that sends signals through wires in a skyscraper. For example, it sends signals to help bring fresh air into rooms, just like your lungs. The command center also controls the heating and air conditioning. It helps the building cool down when it’s too hot and warm up when it’s too cold. 5)A skyscraper has many different parts that work together. The bones make the building tall and strong. The skin protects the inside of the building. The skin of a skyscraper can be made of metal, stone, or glass. The brain controls the building temperature. 6)The anatomy of a skyscraper is like a human body. All the parts have to work together. That's how a city skyscraper works properly.: 2. What is the main idea of paragraph 3?
a. To describe how engineers work together to build skyscrapers
d. To describe what the backbone of a skyscraper is made of
b. To describe the reasons why a skyscraper is a tall building
c. To describe why checklists are needed to build a safe skyscraper
The question asks for the main idea of paragraph 3: **d. To describe what the backbone of a skyscraper is made of.**
**Primary skill:** Reading comprehension—identifying a paragraph’s main idea.  

**Answer: d.** Paragraph 3 explains what forms a skyscraper’s backbone, including its steel columns and beams, and how they support the building.
This is a **moderate-demand reading-comprehension item** requiring **synthesis of paragraph 3’s central idea**, not simple recall. The student must connect the frame, columns, beams, materials, and gravity to infer that the paragraph explains the skyscraper’s structural backbone.

- **Correct answer:** **d. To describe what the backbone of a skyscraper is made of**
- **Cognitive load:** Moderate; requires distinguishing the main idea from supporting details.
- **Distractors:**  
  - **a** is unsupported by the paragraph.  
  - **b** is overly broad and focuses on only one outcome.  
  - **c** is unrelated.
- **Structure/wording:** Simple language and no conditional logic or emotional wording; the main challenge is distinguishing a specific central idea from plausible but inaccurate alternatives.
This item requires a **low-to-moderate level of cognitive and reading-comprehension ability**: the respondent must identify the paragraph’s central focus—what forms the skyscraper’s structural “backbone”—rather than be distracted by supporting details or unrelated options.","Original Text: 1) In many ways, skyscrapers are like the human body. They have bones that keep it tall and strong and skin to protect the body. They have a command center that is like a brain. 2)How do engineers design and build strong and smart skyscrapers? It is very challenging to build a skyscraper because there are many parts that have to work together. If one part is broken, the skyscraper will not work properly. 3)First, engineers need a strong and tall frame that supports the floors and walls. This frame is like the bones of a skyscraper. The bones of a skyscraper are made of concrete, steel and other materials. The columns are like the backbone of a human body. The columns go up. The steel columns hold up each floor. There are also steel beams that go across each floor. The steel columns and beams must be strong to resist the force of gravity. The steel columns and beams must work together to form a strong backbone. 4)Second, engineers need to design a command center. The command center is a computer that sends signals through wires in a skyscraper. For example, it sends signals to help bring fresh air into rooms, just like your lungs. The command center also controls the heating and air conditioning. It helps the building cool down when it’s too hot and warm up when it’s too cold. 5)A skyscraper has many different parts that work together. The bones make the building tall and strong. The skin protects the inside of the building. The skin of a skyscraper can be made of metal, stone, or glass. The brain controls the building temperature. 6)The anatomy of a skyscraper is like a human body. All the parts have to work together. That's how a city skyscraper works properly.: 2. What is the main idea of paragraph 3?
a. To describe how engineers work together to build skyscrapers
d. To describe what the backbone of a skyscraper is made of
b. To describe the reasons why a skyscraper is a tall building
c. To describe why checklists are needed to build a safe skyscraper
Identify the main idea of paragraph 3 about the materials and structural components that form a skyscraper’s backbone.
**Reading comprehension—identifying a paragraph’s main idea.** The item measures whether the reader can distinguish paragraph 3’s central focus—the structure and materials forming a skyscraper’s supportive “backbone”—from unrelated or overly general alternatives.
**Low-to-moderate cognitive demand:** Requires identifying and paraphrasing paragraph 3’s main idea, mainly through recall and basic comprehension, not multi-step reasoning or synthesis. The best answer is **d**, though it is somewhat narrower than the paragraph’s full focus on the skyscraper’s supporting frame. The body/backbone metaphor, lengthy paragraph, shuffled option labels, and plausible but unsupported distractors slightly increase cognitive load.
This item requires a **low-to-moderate level of reading comprehension ability**, as the main idea of paragraph 3 is explicit and the distractors are weak. Respondents need only identify that the paragraph describes what a skyscraper’s structural “backbone” is made of and how it supports the building.",0.2304180699785437,4.370457841990816,1.1598206455738365,1.2937914115457136,3.646586087965825,1312.0,gilbert_meta_103,0.4880327622895628,0.3566241023079649,0.37830689169883425,0.2764432351141327,-0.7176798048272638,0.39123944888781187,-0.5237534584134383,0.28552150004008964,0.5170311083959834,0.3639268734075025,0.38802255205993086,0.273120576092337,0.05632512076058843,0.35327410081518795,0.050641613719349936,0.3176268476471968,0.42892946777972163,0.3726274519856555,0.3202239377905414,0.2781907958466075,0.8798461444116786,0.3745442015407014,0.6564504880725114,0.279446270768768,0.6773473132475616,0.3626833382257917,0.49616142214594905,0.265667962894805
cc_q29,"1) In many ways, skyscrapers are like the human body. They have bones that keep it tall and strong and skin to protect the body. They have a command center that is like a brain. 2)How do engineers design and build strong and smart skyscrapers? It is very challenging to build a skyscraper because there are many parts that have to work together. If one part is broken, the skyscraper will not work properly. 3)First, engineers need a strong and tall frame that supports the floors and walls. This frame is like the bones of a skyscraper. The bones of a skyscraper are made of concrete, steel and other materials. The columns are like the backbone of a human body. The columns go up. The steel columns hold up each floor. There are also steel beams that go across each floor. The steel columns and beams must be strong to resist the force of gravity. The steel columns and beams must work together to form a strong backbone. 4)Second, engineers need to design a command center. The command center is a computer that sends signals through wires in a skyscraper. For example, it sends signals to help bring fresh air into rooms, just like your lungs. The command center also controls the heating and air conditioning. It helps the building cool down when it’s too hot and warm up when it’s too cold. 5)A skyscraper has many different parts that work together. The bones make the building tall and strong. The skin protects the inside of the building. The skin of a skyscraper can be made of metal, stone, or glass. The brain controls the building temperature. 6)The anatomy of a skyscraper is like a human body. All the parts have to work together. That's how a city skyscraper works properly.",4. What does the author think is special about the beams and columns of a skyscraper?,"1) In many ways, skyscrapers are like the human body. They have bones that keep it tall and strong and skin to protect the body. They have a command center that is like a brain. 2)How do engineers design and build strong and smart skyscrapers? It is very challenging to build a skyscraper because there are many parts that have to work together. If one part is broken, the skyscraper will not work properly. 3)First, engineers need a strong and tall frame that supports the floors and walls. This frame is like the bones of a skyscraper. The bones of a skyscraper are made of concrete, steel and other materials. The columns are like the backbone of a human body. The columns go up. The steel columns hold up each floor. There are also steel beams that go across each floor. The steel columns and beams must be strong to resist the force of gravity. The steel columns and beams must work together to form a strong backbone. 4)Second, engineers need to design a command center. The command center is a computer that sends signals through wires in a skyscraper. For example, it sends signals to help bring fresh air into rooms, just like your lungs. The command center also controls the heating and air conditioning. It helps the building cool down when it’s too hot and warm up when it’s too cold. 5)A skyscraper has many different parts that work together. The bones make the building tall and strong. The skin protects the inside of the building. The skin of a skyscraper can be made of metal, stone, or glass. The brain controls the building temperature. 6)The anatomy of a skyscraper is like a human body. All the parts have to work together. That's how a city skyscraper works properly.: 4. What does the author think is special about the beams and columns of a skyscraper?
c. They are made of many different materials
a. They are like the skeletal system of a human body
d. They can damage parts of the skyscraper
b. They are like the nervous system of a human body","Original Text: 1) In many ways, skyscrapers are like the human body. They have bones that keep it tall and strong and skin to protect the body. They have a command center that is like a brain. 2)How do engineers design and build strong and smart skyscrapers? It is very challenging to build a skyscraper because there are many parts that have to work together. If one part is broken, the skyscraper will not work properly. 3)First, engineers need a strong and tall frame that supports the floors and walls. This frame is like the bones of a skyscraper. The bones of a skyscraper are made of concrete, steel and other materials. The columns are like the backbone of a human body. The columns go up. The steel columns hold up each floor. There are also steel beams that go across each floor. The steel columns and beams must be strong to resist the force of gravity. The steel columns and beams must work together to form a strong backbone. 4)Second, engineers need to design a command center. The command center is a computer that sends signals through wires in a skyscraper. For example, it sends signals to help bring fresh air into rooms, just like your lungs. The command center also controls the heating and air conditioning. It helps the building cool down when it’s too hot and warm up when it’s too cold. 5)A skyscraper has many different parts that work together. The bones make the building tall and strong. The skin protects the inside of the building. The skin of a skyscraper can be made of metal, stone, or glass. The brain controls the building temperature. 6)The anatomy of a skyscraper is like a human body. All the parts have to work together. That's how a city skyscraper works properly.: 4. What does the author think is special about the beams and columns of a skyscraper?
c. They are made of many different materials
a. They are like the skeletal system of a human body
d. They can damage parts of the skyscraper
b. They are like the nervous system of a human body
The core task of this item is to identify the specific human anatomical analogy the author uses to describe the function and structural significance of a skyscraper's beams and columns.
This item measures the **Reading Comprehension** skill, specifically the ability to identify and interpret **analogies** within a text.

**Justification:** The question requires the reader to locate specific details in the passage and recognize the author's metaphorical comparison between structural engineering components (beams and columns) and human anatomy (the skeletal system).
This analysis evaluates the cognitive demand and structural complexity of the reading comprehension item regarding the skyscraper analogy.

**Cognitive Demand**
This item requires **recall** of specific textual details and **synthesis** of the author’s central metaphor. The reader must map architectural components (beams and columns) onto biological systems (skeletal system) based on the provided analogy.

**Structural and Semantic Elements**
*   **Cross-Domain Analogy:** The item relies on the reader's ability to maintain a consistent mapping between two disparate fields (engineering and anatomy).
*   **Plausible Distractors:** Option (b) uses ""nervous system,"" which mirrors the anatomical theme of the correct answer but misidentifies the specific subsystem, increasing the need for precise retrieval.
*   **Semantic Overlap:** Option (c) references ""different materials,"" a detail present in the text that functions as a distractor by targeting literal recall rather than the author's metaphorical intent.
*   **Subjective Framing:** The use of the word ""special"" requires the reader to identify the author's primary rhetorical device (the analogy) rather than just any factual statement about the beams.
To describe the level of the latent trait—specifically literal reading comprehension and basic analogical reasoning—required to correctly identify the author's perspective on skyscraper beams and columns:

This item requires a **low-to-moderate level of cognitive ability**. A respondent must possess the foundational literacy skills to locate explicit information within a text and recognize a direct metaphor. Because the passage explicitly equates columns and beams to ""bones"" and a ""backbone,"" the task demands basic information retrieval and the ability to map the text's terminology to the synonymous concept of a ""skeletal system"" without requiring complex inferential leaps or synthesis of abstract themes.","Original Text: 1) In many ways, skyscrapers are like the human body. They have bones that keep it tall and strong and skin to protect the body. They have a command center that is like a brain. 2)How do engineers design and build strong and smart skyscrapers? It is very challenging to build a skyscraper because there are many parts that have to work together. If one part is broken, the skyscraper will not work properly. 3)First, engineers need a strong and tall frame that supports the floors and walls. This frame is like the bones of a skyscraper. The bones of a skyscraper are made of concrete, steel and other materials. The columns are like the backbone of a human body. The columns go up. The steel columns hold up each floor. There are also steel beams that go across each floor. The steel columns and beams must be strong to resist the force of gravity. The steel columns and beams must work together to form a strong backbone. 4)Second, engineers need to design a command center. The command center is a computer that sends signals through wires in a skyscraper. For example, it sends signals to help bring fresh air into rooms, just like your lungs. The command center also controls the heating and air conditioning. It helps the building cool down when it’s too hot and warm up when it’s too cold. 5)A skyscraper has many different parts that work together. The bones make the building tall and strong. The skin protects the inside of the building. The skin of a skyscraper can be made of metal, stone, or glass. The brain controls the building temperature. 6)The anatomy of a skyscraper is like a human body. All the parts have to work together. That's how a city skyscraper works properly.: 4. What does the author think is special about the beams and columns of a skyscraper?
c. They are made of many different materials
a. They are like the skeletal system of a human body
d. They can damage parts of the skyscraper
b. They are like the nervous system of a human body
The core task presented in this item is a reading comprehension question requiring the reader to use the provided text to identify the author's comparison between a skyscraper's beams and columns and the human skeletal system.
To identify the primary skill this item is attempting to measure and provide a concise justification:

**Primary Skill:** Reading Comprehension (Identifying Explicit Details and Understanding Analogies)

**Justification:** The question requires the reader to locate specific information within the passage and comprehend the author's explicit comparison between the structural beams and columns of a skyscraper and the bones or skeletal system of a human body.
In evaluating the cognitive demand, required reasoning level, and structural or semantic complexities of this reading comprehension item, the question requires synthesis and analogical reasoning. The reader must map specific architectural elements to their metaphorical biological counterparts. The cognitive load is increased by a semantic shift, as the text uses ""bones"" and ""backbone,"" while the correct answer requires synthesizing this into ""skeletal system."" Additionally, the item features a tricky distractor (option b, ""nervous system""), which plausibly connects to the text's ""brain"" analogy but incorrectly applies to beams and columns. Finally, the non-sequential ordering of the answer choices (c, a, d, b) introduces minor structural friction.
To successfully answer this item, the overall level of the underlying latent trait—specifically reading comprehension and basic cognitive ability—required from a respondent is low. The task demands only literal comprehension and simple synonym matching to connect the text's explicit references to ""bones"" and a ""backbone"" with the correct answer's ""skeletal system.""","Original Text: 1) In many ways, skyscrapers are like the human body. They have bones that keep it tall and strong and skin to protect the body. They have a command center that is like a brain. 2)How do engineers design and build strong and smart skyscrapers? It is very challenging to build a skyscraper because there are many parts that have to work together. If one part is broken, the skyscraper will not work properly. 3)First, engineers need a strong and tall frame that supports the floors and walls. This frame is like the bones of a skyscraper. The bones of a skyscraper are made of concrete, steel and other materials. The columns are like the backbone of a human body. The columns go up. The steel columns hold up each floor. There are also steel beams that go across each floor. The steel columns and beams must be strong to resist the force of gravity. The steel columns and beams must work together to form a strong backbone. 4)Second, engineers need to design a command center. The command center is a computer that sends signals through wires in a skyscraper. For example, it sends signals to help bring fresh air into rooms, just like your lungs. The command center also controls the heating and air conditioning. It helps the building cool down when it’s too hot and warm up when it’s too cold. 5)A skyscraper has many different parts that work together. The bones make the building tall and strong. The skin protects the inside of the building. The skin of a skyscraper can be made of metal, stone, or glass. The brain controls the building temperature. 6)The anatomy of a skyscraper is like a human body. All the parts have to work together. That's how a city skyscraper works properly.: 4. What does the author think is special about the beams and columns of a skyscraper?
c. They are made of many different materials
a. They are like the skeletal system of a human body
d. They can damage parts of the skyscraper
b. They are like the nervous system of a human body
The item presents a reading comprehension question asking the reader to identify the passage's specific analogy regarding the role and characteristics of a skyscraper's beams and columns compared to the human body.
**Target Construct:** Reading Comprehension (Informational Text Analysis and Analogy Recognition)

**Justification:** This assessment item evaluates a reader's ability to locate, interpret, and draw conclusions from explicitly stated details within an informational text, specifically requiring the examinee to understand the author's primary structural analogy comparing architectural components (beams and columns) to the human skeletal system.
**Cognitive Demand Evaluation:**

This cognitive item operates at the level of **direct recall with basic analogical mapping**. It does not require complex multi-step reasoning or high-level synthesis; rather, it assesses the reader's ability to locate a central metaphor in the passage and map a specific structural component to its anatomical counterpart.

**Structural and Semantic Load-Increasing Elements:**

*   **Synonym/Domain Mapping:** The text uses everyday terms (""bones,"" ""backbone""), whereas the correct option (a) uses formal biological terminology (""skeletal system""), requiring a minor lexical translation.
*   **Parallel Metaphor Distractors:** Distractor (b) leverages a competing analogy from the passage (the brain/nervous system command center), requiring the reader to differentiate between multiple simultaneously presented body-to-building comparisons.
*   **Text-True Detail Distractor:** Distractor (c) incorporates factual details mentioned in the text (materials like concrete and steel) that fail to address the core thematic focus of the question (""what is special"" / the framing metaphor).
The level of the underlying latent trait—specifically, reading comprehension and basic analogical reasoning ability—required to successfully answer this item is **low to low-moderate (elementary grade level)**. The passage presents explicit, simple analogies between skyscraper components and human anatomy (directly equating columns and beams to bones and the backbone), requiring only basic literal retrieval and minimal cognitive synthesis to identify the correct response.","Original Text: 1) In many ways, skyscrapers are like the human body. They have bones that keep it tall and strong and skin to protect the body. They have a command center that is like a brain. 2)How do engineers design and build strong and smart skyscrapers? It is very challenging to build a skyscraper because there are many parts that have to work together. If one part is broken, the skyscraper will not work properly. 3)First, engineers need a strong and tall frame that supports the floors and walls. This frame is like the bones of a skyscraper. The bones of a skyscraper are made of concrete, steel and other materials. The columns are like the backbone of a human body. The columns go up. The steel columns hold up each floor. There are also steel beams that go across each floor. The steel columns and beams must be strong to resist the force of gravity. The steel columns and beams must work together to form a strong backbone. 4)Second, engineers need to design a command center. The command center is a computer that sends signals through wires in a skyscraper. For example, it sends signals to help bring fresh air into rooms, just like your lungs. The command center also controls the heating and air conditioning. It helps the building cool down when it’s too hot and warm up when it’s too cold. 5)A skyscraper has many different parts that work together. The bones make the building tall and strong. The skin protects the inside of the building. The skin of a skyscraper can be made of metal, stone, or glass. The brain controls the building temperature. 6)The anatomy of a skyscraper is like a human body. All the parts have to work together. That's how a city skyscraper works properly.: 4. What does the author think is special about the beams and columns of a skyscraper?
c. They are made of many different materials
a. They are like the skeletal system of a human body
d. They can damage parts of the skyscraper
b. They are like the nervous system of a human body
The item asks which idea best describes the special role of a skyscraper’s beams and columns, emphasizing that they function like the skeletal system of a human body.
Reading comprehension of an informational analogy passage, specifically understanding the structural role of beams and columns. The item measures whether the reader can infer that these parts are like the skeletal system because they support the building’s frame.
This is a low-to-moderate demand reading item: it mainly requires recall and simple text-to-answer matching, not deep reasoning or synthesis. The correct choice is supported by an explicit analogy in the passage, so endorsement threshold is low. Structural load is modest, with one potentially tricky distractor (“nervous system”) and similar body/building metaphors, but no complex conditional logic or emotionally loaded wording.
A low latent trait level is required: the item can be answered by basic reading comprehension and simple analogy recognition, with no need for high cognitive ability or strong underlying attitude.","Original Text: 1) In many ways, skyscrapers are like the human body. They have bones that keep it tall and strong and skin to protect the body. They have a command center that is like a brain. 2)How do engineers design and build strong and smart skyscrapers? It is very challenging to build a skyscraper because there are many parts that have to work together. If one part is broken, the skyscraper will not work properly. 3)First, engineers need a strong and tall frame that supports the floors and walls. This frame is like the bones of a skyscraper. The bones of a skyscraper are made of concrete, steel and other materials. The columns are like the backbone of a human body. The columns go up. The steel columns hold up each floor. There are also steel beams that go across each floor. The steel columns and beams must be strong to resist the force of gravity. The steel columns and beams must work together to form a strong backbone. 4)Second, engineers need to design a command center. The command center is a computer that sends signals through wires in a skyscraper. For example, it sends signals to help bring fresh air into rooms, just like your lungs. The command center also controls the heating and air conditioning. It helps the building cool down when it’s too hot and warm up when it’s too cold. 5)A skyscraper has many different parts that work together. The bones make the building tall and strong. The skin protects the inside of the building. The skin of a skyscraper can be made of metal, stone, or glass. The brain controls the building temperature. 6)The anatomy of a skyscraper is like a human body. All the parts have to work together. That's how a city skyscraper works properly.: 4. What does the author think is special about the beams and columns of a skyscraper?
c. They are made of many different materials
a. They are like the skeletal system of a human body
d. They can damage parts of the skyscraper
b. They are like the nervous system of a human body
The item asks the reader to identify that the author describes a skyscraper’s beams and columns as special because they function like the human body’s skeletal system, supporting the building’s structure.
This item is measuring reading comprehension, specifically the skill of identifying an author’s main analogy/detail from an informational passage. The correct idea is that the beams and columns are compared to the human skeletal system, so the question assesses whether the reader can understand and recall that comparison from the text.
Core ask: assess the item’s cognitive demand and what in its wording/structure raises difficulty.

Low-to-moderate cognitive demand: mainly recall with light inference. The reader must retrieve the passage’s analogy that beams and columns form the building’s “bones/backbone,” then map that to “skeletal system.” No deep synthesis is required.

Load-increasing elements:
- Analogy-based wording: must translate “bones/backbone” into “skeletal system.”
- Multiple related body-system distractors: “nervous system” is plausible because the passage also mentions a “command center”/brain and wires.
- Detail competition: another option mentions “many different materials,” which echoes the text but does not answer what is “special.”
- Slightly broad phrasing: “beams and columns” requires integrating two structural parts discussed together.
The core ask is the latent trait level needed to answer this item correctly: it appears to require a low to moderately low level of the underlying trait, since the correct answer is explicitly stated and repeatedly reinforced through the passage’s central analogy that beams and columns are like the bones or skeletal system of a human body.","Original Text: 1) In many ways, skyscrapers are like the human body. They have bones that keep it tall and strong and skin to protect the body. They have a command center that is like a brain. 2)How do engineers design and build strong and smart skyscrapers? It is very challenging to build a skyscraper because there are many parts that have to work together. If one part is broken, the skyscraper will not work properly. 3)First, engineers need a strong and tall frame that supports the floors and walls. This frame is like the bones of a skyscraper. The bones of a skyscraper are made of concrete, steel and other materials. The columns are like the backbone of a human body. The columns go up. The steel columns hold up each floor. There are also steel beams that go across each floor. The steel columns and beams must be strong to resist the force of gravity. The steel columns and beams must work together to form a strong backbone. 4)Second, engineers need to design a command center. The command center is a computer that sends signals through wires in a skyscraper. For example, it sends signals to help bring fresh air into rooms, just like your lungs. The command center also controls the heating and air conditioning. It helps the building cool down when it’s too hot and warm up when it’s too cold. 5)A skyscraper has many different parts that work together. The bones make the building tall and strong. The skin protects the inside of the building. The skin of a skyscraper can be made of metal, stone, or glass. The brain controls the building temperature. 6)The anatomy of a skyscraper is like a human body. All the parts have to work together. That's how a city skyscraper works properly.: 4. What does the author think is special about the beams and columns of a skyscraper?
c. They are made of many different materials
a. They are like the skeletal system of a human body
d. They can damage parts of the skyscraper
b. They are like the nervous system of a human body
Identify what the author says is special about a skyscraper’s beams and columns: they function like the skeletal system of the human body.
The item measures **reading comprehension—identifying explicit text details and analogies**. It asks the reader to recognize that the beams and columns are compared to the **human skeletal system** because they form the skyscraper’s supportive “backbone.”
This is a low-demand reading-comprehension item requiring explicit recall and a simple analogy, not multi-step reasoning or synthesis. The correct answer is **a: They are like the skeletal system of a human body**.

Cognitive load is slightly increased by the indirect wording (“what…is special”) and by distractors drawn from nearby details: materials are mentioned, the command center/wires suggest the nervous system, and “damage” is unsupported. Mapping “beams and columns” to the passage’s “bones/backbone” requires a basic paraphrase.
This item requires a **low-to-moderate level of reading comprehension and verbal reasoning**: the respondent must identify the passage’s explicit analogy that beams and columns function like the human skeletal system.","Original Text: 1) In many ways, skyscrapers are like the human body. They have bones that keep it tall and strong and skin to protect the body. They have a command center that is like a brain. 2)How do engineers design and build strong and smart skyscrapers? It is very challenging to build a skyscraper because there are many parts that have to work together. If one part is broken, the skyscraper will not work properly. 3)First, engineers need a strong and tall frame that supports the floors and walls. This frame is like the bones of a skyscraper. The bones of a skyscraper are made of concrete, steel and other materials. The columns are like the backbone of a human body. The columns go up. The steel columns hold up each floor. There are also steel beams that go across each floor. The steel columns and beams must be strong to resist the force of gravity. The steel columns and beams must work together to form a strong backbone. 4)Second, engineers need to design a command center. The command center is a computer that sends signals through wires in a skyscraper. For example, it sends signals to help bring fresh air into rooms, just like your lungs. The command center also controls the heating and air conditioning. It helps the building cool down when it’s too hot and warm up when it’s too cold. 5)A skyscraper has many different parts that work together. The bones make the building tall and strong. The skin protects the inside of the building. The skin of a skyscraper can be made of metal, stone, or glass. The brain controls the building temperature. 6)The anatomy of a skyscraper is like a human body. All the parts have to work together. That's how a city skyscraper works properly.: 4. What does the author think is special about the beams and columns of a skyscraper?
c. They are made of many different materials
a. They are like the skeletal system of a human body
d. They can damage parts of the skyscraper
b. They are like the nervous system of a human body
Identify the author’s comparison of a skyscraper’s beams and columns to the human skeletal system.
**Primary skill: Reading comprehension—interpreting an analogy.** The item measures whether the reader understands that the author compares a skyscraper’s beams and columns to the human skeletal system because they support the structure (choice **a**).
Low-demand comprehension item requiring recall of an explicit analogy: beams and columns form the skyscraper’s “bones” or skeletal system. Minimal reasoning is needed. Cognitive load is slightly increased by the long passage, shuffled answer-label order, and plausible “nervous system” distractor, but the wording is straightforward and non-emotional.
A low level of reading comprehension is required. The passage explicitly compares the beams and columns to the human skeletal system, making option **a** readily identifiable.",1.7270658802621863,-0.0647342609986881,-0.016885777502574,0.0039605587127215,1.0039684120898775,892.0,gilbert_meta_103,-0.268058091543105,0.4280725934857485,-0.2077897863468138,0.33182774759487804,0.10009981382992883,0.45589121228122376,0.0730515521369383,0.3327035224992236,0.31163251385446206,0.4467756161827243,0.2338745993559244,0.33529706815357957,-0.4352402891240621,0.41809157975804895,-0.39132220755648134,0.37590389502075955,-0.6397097899882764,0.45241357794523296,-0.477585252077873,0.33775636397621206,0.19004763040721984,0.43556951768922386,0.14179394946518087,0.3249770704715542,-0.1274826407535118,0.4525199027533998,-0.09338188415027457,0.3314738452611434
cc_q21,"1) Some birds that are here today are smaller than they were many years ago. Why is this happening? It is a mystery. How do scientists study a mystery? 2) First, scientists try to understand the bird’s skeletal and muscular systems. Those systems help birds to fly. One thing scientists know is that birds’ bones are hollow inside. So, they don’t weigh much. Birds’ skeletons weigh less than their feathers. They have also learned that a bird wing works like a human arm. Birds contract their chest muscles to make their wings flap. 3) Second, scientists try to diagnose the reasons that the birds’ bodies might have changed over time. Some scientists thought that birds’ skeletal or muscular systems might have changed. So, they studied migratory birds in North America. Migratory birds fly long distances to warmer places for the winter. 4) Third, scientists measured the physical characteristics of the birds. They measured the size of the birds’ bones. They found some of the birds’ bones were shorter than they were 40 years ago. For example, the lower leg bone of many birds is smaller. 5) Fourth, scientists measured the migratory birds’ wings. They found the birds’ wings are longer than they used to be. 6) Many scientists asked, “Why are the birds’ bones smaller than they used be. But their wings are longer?” They thought about the long distance the birds fly in winter. They thought that the birds’ bodies changed to adapt to the long winter flight. They would need a lot of energy for the flight. A smaller body would have smaller muscles and less fat. But smaller bones and longer wings would make flying easier. 7) Over time, these characteristics of birds have become more common. The scientists came up with some very good ideas about why these skeletal changes might be occurring.",8. Paragraph 2 states that “scientists had to understand the bird’s skeletal and muscular systems.” What does the word systems mean?,"1) Some birds that are here today are smaller than they were many years ago. Why is this happening? It is a mystery. How do scientists study a mystery? 2) First, scientists try to understand the bird’s skeletal and muscular systems. Those systems help birds to fly. One thing scientists know is that birds’ bones are hollow inside. So, they don’t weigh much. Birds’ skeletons weigh less than their feathers. They have also learned that a bird wing works like a human arm. Birds contract their chest muscles to make their wings flap. 3) Second, scientists try to diagnose the reasons that the birds’ bodies might have changed over time. Some scientists thought that birds’ skeletal or muscular systems might have changed. So, they studied migratory birds in North America. Migratory birds fly long distances to warmer places for the winter. 4) Third, scientists measured the physical characteristics of the birds. They measured the size of the birds’ bones. They found some of the birds’ bones were shorter than they were 40 years ago. For example, the lower leg bone of many birds is smaller. 5) Fourth, scientists measured the migratory birds’ wings. They found the birds’ wings are longer than they used to be. 6) Many scientists asked, “Why are the birds’ bones smaller than they used be. But their wings are longer?” They thought about the long distance the birds fly in winter. They thought that the birds’ bodies changed to adapt to the long winter flight. They would need a lot of energy for the flight. A smaller body would have smaller muscles and less fat. But smaller bones and longer wings would make flying easier. 7) Over time, these characteristics of birds have become more common. The scientists came up with some very good ideas about why these skeletal changes might be occurring.: 8. Paragraph 2 states that “scientists had to understand the bird’s skeletal and muscular systems.” What does the word systems mean?
a. illnesses
d. bodies
b. mysteries
c. networks","Original Text: 1) Some birds that are here today are smaller than they were many years ago. Why is this happening? It is a mystery. How do scientists study a mystery? 2) First, scientists try to understand the bird’s skeletal and muscular systems. Those systems help birds to fly. One thing scientists know is that birds’ bones are hollow inside. So, they don’t weigh much. Birds’ skeletons weigh less than their feathers. They have also learned that a bird wing works like a human arm. Birds contract their chest muscles to make their wings flap. 3) Second, scientists try to diagnose the reasons that the birds’ bodies might have changed over time. Some scientists thought that birds’ skeletal or muscular systems might have changed. So, they studied migratory birds in North America. Migratory birds fly long distances to warmer places for the winter. 4) Third, scientists measured the physical characteristics of the birds. They measured the size of the birds’ bones. They found some of the birds’ bones were shorter than they were 40 years ago. For example, the lower leg bone of many birds is smaller. 5) Fourth, scientists measured the migratory birds’ wings. They found the birds’ wings are longer than they used to be. 6) Many scientists asked, “Why are the birds’ bones smaller than they used be. But their wings are longer?” They thought about the long distance the birds fly in winter. They thought that the birds’ bodies changed to adapt to the long winter flight. They would need a lot of energy for the flight. A smaller body would have smaller muscles and less fat. But smaller bones and longer wings would make flying easier. 7) Over time, these characteristics of birds have become more common. The scientists came up with some very good ideas about why these skeletal changes might be occurring.: 8. Paragraph 2 states that “scientists had to understand the bird’s skeletal and muscular systems.” What does the word systems mean?
a. illnesses
d. bodies
b. mysteries
c. networks
The core task of this item is to identify the contextual definition of the word ""systems"" as it pertains to biological structures described in a passage about scientific research on bird anatomy.
ERROR: 503 UNAVAILABLE. {'error': {'code': 503, 'message': 'The service is currently unavailable.', 'status': 'UNAVAILABLE'}}
This analysis evaluates the cognitive demand and structural complexity of the vocabulary-in-context item regarding the word ""systems.""

**Cognitive Demand:** This item requires **multi-step reasoning**. The reader must perform a contextual analysis, moving beyond simple recall to evaluate how the biological functions described in the text—specifically the interaction between bones and muscles—align with the provided definitions.

**Structural/Semantic Elements:** The item utilizes **thematic distractors** (""mysteries,"" ""illnesses"") that appear elsewhere in the passage to misdirect inattentive readers. The cognitive load is increased by the **semantic proximity** of the distractor ""bodies,"" which requires the reader to distinguish between a general physical entity and the specific functional ""networks"" implied by biological systems.
To describe the level of the latent trait required to correctly define ""systems"" in the provided context, a respondent must possess a **low-to-moderate level of reading comprehension and verbal ability**. This level entails the capacity to utilize local context clues—specifically the references to skeletal and muscular structures—to identify ""networks"" as the appropriate synonym. The item requires basic vocabulary knowledge and literal interpretation rather than high-level inferential reasoning or specialized scientific expertise.","Original Text: 1) Some birds that are here today are smaller than they were many years ago. Why is this happening? It is a mystery. How do scientists study a mystery? 2) First, scientists try to understand the bird’s skeletal and muscular systems. Those systems help birds to fly. One thing scientists know is that birds’ bones are hollow inside. So, they don’t weigh much. Birds’ skeletons weigh less than their feathers. They have also learned that a bird wing works like a human arm. Birds contract their chest muscles to make their wings flap. 3) Second, scientists try to diagnose the reasons that the birds’ bodies might have changed over time. Some scientists thought that birds’ skeletal or muscular systems might have changed. So, they studied migratory birds in North America. Migratory birds fly long distances to warmer places for the winter. 4) Third, scientists measured the physical characteristics of the birds. They measured the size of the birds’ bones. They found some of the birds’ bones were shorter than they were 40 years ago. For example, the lower leg bone of many birds is smaller. 5) Fourth, scientists measured the migratory birds’ wings. They found the birds’ wings are longer than they used to be. 6) Many scientists asked, “Why are the birds’ bones smaller than they used be. But their wings are longer?” They thought about the long distance the birds fly in winter. They thought that the birds’ bodies changed to adapt to the long winter flight. They would need a lot of energy for the flight. A smaller body would have smaller muscles and less fat. But smaller bones and longer wings would make flying easier. 7) Over time, these characteristics of birds have become more common. The scientists came up with some very good ideas about why these skeletal changes might be occurring.: 8. Paragraph 2 states that “scientists had to understand the bird’s skeletal and muscular systems.” What does the word systems mean?
a. illnesses
d. bodies
b. mysteries
c. networks
The core task presented in this item is to determine the contextual meaning of the vocabulary word ""systems"" based on a reading passage about the anatomical adaptations of migratory birds.
To identify the primary skill this item attempts to measure and provide a concise justification:

**Primary Skill:** Vocabulary in context (Reading Comprehension)

**Justification:** The question explicitly requires the reader to determine the meaning of the word ""systems"" by using context clues from its specific usage in paragraph 2 to select the correct synonym from the provided options.
In analyzing the cognitive demand and structural elements that influence the difficulty of this vocabulary-in-context question, the item requires contextual synthesis to deduce the meaning of the word ""systems."" The cognitive load is elevated by tricky distractors: ""bodies"" serves as a highly plausible semantic trap because skeletal and muscular systems are components of a body, while ""mysteries"" acts as a thematic distractor pulled directly from the preceding paragraph. Selecting the correct answer, ""networks,"" requires the reader to abstract a specific biological concept into a broader structural synonym. Additionally, the non-sequential lettering of the answer choices (a, d, b, c) introduces a minor visual processing hurdle.
The overall level of the underlying latent trait (reading comprehension and vocabulary knowledge) required for a respondent to successfully answer this item is low to moderate, as it relies on basic contextual deduction and familiarity with common biological terminology.","Original Text: 1) Some birds that are here today are smaller than they were many years ago. Why is this happening? It is a mystery. How do scientists study a mystery? 2) First, scientists try to understand the bird’s skeletal and muscular systems. Those systems help birds to fly. One thing scientists know is that birds’ bones are hollow inside. So, they don’t weigh much. Birds’ skeletons weigh less than their feathers. They have also learned that a bird wing works like a human arm. Birds contract their chest muscles to make their wings flap. 3) Second, scientists try to diagnose the reasons that the birds’ bodies might have changed over time. Some scientists thought that birds’ skeletal or muscular systems might have changed. So, they studied migratory birds in North America. Migratory birds fly long distances to warmer places for the winter. 4) Third, scientists measured the physical characteristics of the birds. They measured the size of the birds’ bones. They found some of the birds’ bones were shorter than they were 40 years ago. For example, the lower leg bone of many birds is smaller. 5) Fourth, scientists measured the migratory birds’ wings. They found the birds’ wings are longer than they used to be. 6) Many scientists asked, “Why are the birds’ bones smaller than they used be. But their wings are longer?” They thought about the long distance the birds fly in winter. They thought that the birds’ bodies changed to adapt to the long winter flight. They would need a lot of energy for the flight. A smaller body would have smaller muscles and less fat. But smaller bones and longer wings would make flying easier. 7) Over time, these characteristics of birds have become more common. The scientists came up with some very good ideas about why these skeletal changes might be occurring.: 8. Paragraph 2 states that “scientists had to understand the bird’s skeletal and muscular systems.” What does the word systems mean?
a. illnesses
d. bodies
b. mysteries
c. networks
The core task is a multiple-choice vocabulary-in-context question that requires defining the word ""systems"" as it relates to avian skeletal and muscular anatomy within an explanatory passage about scientists studying physical adaptations in migratory birds.
The primary skill this assessment item measures is **reading comprehension, specifically vocabulary in context**. 

**Justification:** The question requires the reader to infer the precise, domain-appropriate definition of the polysemous word ""systems"" based on its contextual usage within an informational science passage.
**Cognitive Demand:** Low-to-moderate multi-step reasoning. The item requires integrating contextual functional clues with abstract lexical definitions to interpret a vocabulary word in context rather than relying on direct recall.

**Elements Increasing Cognitive Load:**
* **Plausible Near-Synonym Distractor:** The option ""bodies"" acts as a strong distractor due to its close semantic association with biological and anatomical topics, requiring test-takers to differentiate between the overarching organism and organized, interconnected components (""networks"").
* **Conceptual Abstraction:** Defining biological ""systems"" as ""networks"" requires mapping concrete anatomical descriptions (muscles contracting, hollow bones) to an abstract structural concept. 
* **Indirect Contextual Clues:** The passage describes how components function together rather than explicitly defining the term, necessitating inferential synthesis across multiple sentences.
The underlying latent trait level—specifically reading comprehension and vocabulary-in-context ability—required to correctly answer this item is low to low-moderate. The item assesses basic contextual vocabulary interpretation within an accessible, elementary-level informational text.","Original Text: 1) Some birds that are here today are smaller than they were many years ago. Why is this happening? It is a mystery. How do scientists study a mystery? 2) First, scientists try to understand the bird’s skeletal and muscular systems. Those systems help birds to fly. One thing scientists know is that birds’ bones are hollow inside. So, they don’t weigh much. Birds’ skeletons weigh less than their feathers. They have also learned that a bird wing works like a human arm. Birds contract their chest muscles to make their wings flap. 3) Second, scientists try to diagnose the reasons that the birds’ bodies might have changed over time. Some scientists thought that birds’ skeletal or muscular systems might have changed. So, they studied migratory birds in North America. Migratory birds fly long distances to warmer places for the winter. 4) Third, scientists measured the physical characteristics of the birds. They measured the size of the birds’ bones. They found some of the birds’ bones were shorter than they were 40 years ago. For example, the lower leg bone of many birds is smaller. 5) Fourth, scientists measured the migratory birds’ wings. They found the birds’ wings are longer than they used to be. 6) Many scientists asked, “Why are the birds’ bones smaller than they used be. But their wings are longer?” They thought about the long distance the birds fly in winter. They thought that the birds’ bodies changed to adapt to the long winter flight. They would need a lot of energy for the flight. A smaller body would have smaller muscles and less fat. But smaller bones and longer wings would make flying easier. 7) Over time, these characteristics of birds have become more common. The scientists came up with some very good ideas about why these skeletal changes might be occurring.: 8. Paragraph 2 states that “scientists had to understand the bird’s skeletal and muscular systems.” What does the word systems mean?
a. illnesses
d. bodies
b. mysteries
c. networks
The item asks the reader to identify the meaning of “systems” in the context of birds’ skeletal and muscular structures, with the correct idea being body networks.
Primary construct: vocabulary-in-context / reading comprehension. The item measures whether the reader can infer the meaning of “systems” from surrounding science text; here it means body parts working together, i.e., networks.
This is a low-to-moderate demand vocabulary-in-context item. It mainly requires recall of the passage’s meaning and simple semantic inference, not multi-step reasoning or synthesis. The correct choice is supported by nearby context (“skeletal and muscular systems”), making “systems” mean body parts/structures rather than illnesses, mysteries, or networks. The phrasing is straightforward, with only a mild distractor set from abstract alternatives.
A low-to-moderate reading comprehension and vocabulary level is needed to answer this item successfully. The respondent must understand the passage context and infer that “systems” refers to connected body parts or structures, so the underlying trait is basic academic language comprehension rather than advanced reasoning.","Original Text: 1) Some birds that are here today are smaller than they were many years ago. Why is this happening? It is a mystery. How do scientists study a mystery? 2) First, scientists try to understand the bird’s skeletal and muscular systems. Those systems help birds to fly. One thing scientists know is that birds’ bones are hollow inside. So, they don’t weigh much. Birds’ skeletons weigh less than their feathers. They have also learned that a bird wing works like a human arm. Birds contract their chest muscles to make their wings flap. 3) Second, scientists try to diagnose the reasons that the birds’ bodies might have changed over time. Some scientists thought that birds’ skeletal or muscular systems might have changed. So, they studied migratory birds in North America. Migratory birds fly long distances to warmer places for the winter. 4) Third, scientists measured the physical characteristics of the birds. They measured the size of the birds’ bones. They found some of the birds’ bones were shorter than they were 40 years ago. For example, the lower leg bone of many birds is smaller. 5) Fourth, scientists measured the migratory birds’ wings. They found the birds’ wings are longer than they used to be. 6) Many scientists asked, “Why are the birds’ bones smaller than they used be. But their wings are longer?” They thought about the long distance the birds fly in winter. They thought that the birds’ bodies changed to adapt to the long winter flight. They would need a lot of energy for the flight. A smaller body would have smaller muscles and less fat. But smaller bones and longer wings would make flying easier. 7) Over time, these characteristics of birds have become more common. The scientists came up with some very good ideas about why these skeletal changes might be occurring.: 8. Paragraph 2 states that “scientists had to understand the bird’s skeletal and muscular systems.” What does the word systems mean?
a. illnesses
d. bodies
b. mysteries
c. networks
The item asks the reader to use the passage’s context about birds’ skeletal and muscular systems and scientific study of body changes to determine the meaning of the word “systems” in paragraph 2.
This item is primarily measuring vocabulary-in-context reading comprehension, specifically understanding the meaning of “systems” within an informational science passage. The correct sense is “networks” because skeletal and muscular systems are organized groups of body parts that work together.
Core ask: assess the item’s cognitive demand and note wording/features that raise difficulty.

This is a low-to-moderate cognitive-demand vocabulary-in-context item. It mainly requires recall/basic inference from the passage, not multi-step reasoning or synthesis. The reader must map “skeletal and muscular systems” to the idea of connected body parts, then choose “networks.”

Load-increasing elements:
- Long, multi-paragraph passage before a single word-meaning question
- Need to use local context rather than general passage theme
- “Systems” is somewhat abstract and domain-specific in a science context
- Distractors are semantically related or plausible from the passage (“bodies,” “mysteries,” “illnesses”)
- Minor formatting/labeling irregularity in answer choices may add slight confusion

Endorsement/severity: not applicable; this is a cognitive item, not an attitudinal one.
This item appears to require a low-to-moderate level of the underlying latent trait. In other words, successfully answering it likely reflects basic reading comprehension and vocabulary-in-context skill rather than especially advanced ability, because the respondent mainly needs to infer that “systems” means interconnected body parts working together, making “networks” the best answer.","Original Text: 1) Some birds that are here today are smaller than they were many years ago. Why is this happening? It is a mystery. How do scientists study a mystery? 2) First, scientists try to understand the bird’s skeletal and muscular systems. Those systems help birds to fly. One thing scientists know is that birds’ bones are hollow inside. So, they don’t weigh much. Birds’ skeletons weigh less than their feathers. They have also learned that a bird wing works like a human arm. Birds contract their chest muscles to make their wings flap. 3) Second, scientists try to diagnose the reasons that the birds’ bodies might have changed over time. Some scientists thought that birds’ skeletal or muscular systems might have changed. So, they studied migratory birds in North America. Migratory birds fly long distances to warmer places for the winter. 4) Third, scientists measured the physical characteristics of the birds. They measured the size of the birds’ bones. They found some of the birds’ bones were shorter than they were 40 years ago. For example, the lower leg bone of many birds is smaller. 5) Fourth, scientists measured the migratory birds’ wings. They found the birds’ wings are longer than they used to be. 6) Many scientists asked, “Why are the birds’ bones smaller than they used be. But their wings are longer?” They thought about the long distance the birds fly in winter. They thought that the birds’ bodies changed to adapt to the long winter flight. They would need a lot of energy for the flight. A smaller body would have smaller muscles and less fat. But smaller bones and longer wings would make flying easier. 7) Over time, these characteristics of birds have become more common. The scientists came up with some very good ideas about why these skeletal changes might be occurring.: 8. Paragraph 2 states that “scientists had to understand the bird’s skeletal and muscular systems.” What does the word systems mean?
a. illnesses
d. bodies
b. mysteries
c. networks
Identify the meaning of “systems” in paragraph 2; it means **networks (c)**.
**Primary skill:** Vocabulary comprehension in context.  
**Justification:** The item asks students to infer the meaning of “systems” from the passage; “networks” best matches organized, connected parts such as skeletal and muscular structures.
This is a **low-demand vocabulary-in-context item** requiring **recall and simple inference**, not multi-step reasoning or synthesis. The student must connect “skeletal and muscular systems” with the surrounding description of bones, muscles, and wings; the intended answer is **d. bodies**. Cognitive load is slightly increased by the scientific context and plausible but semantically mismatched distractors (“illnesses,” “mysteries,” “networks”), but there is no complex phrasing, conditional logic, or emotional wording.
The item requires a **low-to-moderate level of reading comprehension and vocabulary ability**: the respondent must infer that “systems” means interconnected **networks**, such as skeletal and muscular parts working together.","Original Text: 1) Some birds that are here today are smaller than they were many years ago. Why is this happening? It is a mystery. How do scientists study a mystery? 2) First, scientists try to understand the bird’s skeletal and muscular systems. Those systems help birds to fly. One thing scientists know is that birds’ bones are hollow inside. So, they don’t weigh much. Birds’ skeletons weigh less than their feathers. They have also learned that a bird wing works like a human arm. Birds contract their chest muscles to make their wings flap. 3) Second, scientists try to diagnose the reasons that the birds’ bodies might have changed over time. Some scientists thought that birds’ skeletal or muscular systems might have changed. So, they studied migratory birds in North America. Migratory birds fly long distances to warmer places for the winter. 4) Third, scientists measured the physical characteristics of the birds. They measured the size of the birds’ bones. They found some of the birds’ bones were shorter than they were 40 years ago. For example, the lower leg bone of many birds is smaller. 5) Fourth, scientists measured the migratory birds’ wings. They found the birds’ wings are longer than they used to be. 6) Many scientists asked, “Why are the birds’ bones smaller than they used be. But their wings are longer?” They thought about the long distance the birds fly in winter. They thought that the birds’ bodies changed to adapt to the long winter flight. They would need a lot of energy for the flight. A smaller body would have smaller muscles and less fat. But smaller bones and longer wings would make flying easier. 7) Over time, these characteristics of birds have become more common. The scientists came up with some very good ideas about why these skeletal changes might be occurring.: 8. Paragraph 2 states that “scientists had to understand the bird’s skeletal and muscular systems.” What does the word systems mean?
a. illnesses
d. bodies
b. mysteries
c. networks
Determine the meaning of “systems” in the context of birds’ skeletal and muscular structures.
**Primary skill: Vocabulary in context.** The item measures whether the reader can infer that **“systems” means interconnected networks of body parts**—the skeletal and muscular systems—using context from paragraph 2.
This is a low-demand vocabulary-in-context item requiring basic recall and contextual inference. “Skeletal and muscular” signals connected groups of body parts, making **c. networks** the best answer. Cognitive load is slightly increased by the abstract meaning of *systems* and the plausible distractor **bodies**, but there is no multi-step reasoning, conditional logic, or emotionally strong wording.
This item requires a **low-to-moderate level of reading comprehension and vocabulary knowledge**, as respondents must use context to recognize that “systems” means interconnected **networks**.",1.2400805283739498,0.2247518894587857,0.3186312672525254,0.3680977093009593,1.4449832203767596,1045.0,gilbert_meta_103,0.10151063455449838,0.36879211905956516,0.07868769394195615,0.2858754801417852,1.0228751709677961,0.37362667581413644,0.7464810974422843,0.272667925580364,0.9244583112935201,0.37457511452659004,0.6937893434187651,0.281111889626248,-1.055229214499661,0.3923973749770572,-0.9487509222253896,0.3528023734301423,-0.45022798909913964,0.3784592739391491,-0.33612467877092683,0.2825446328541411,0.14270301477967495,0.366098263376281,0.1064702781236545,0.273144782417107,0.3480035031806484,0.36681926320808844,0.2549148858685672,0.2686975555143823
cc_q28,"1) In many ways, skyscrapers are like the human body. They have bones that keep it tall and strong and skin to protect the body. They have a command center that is like a brain. 2)How do engineers design and build strong and smart skyscrapers? It is very challenging to build a skyscraper because there are many parts that have to work together. If one part is broken, the skyscraper will not work properly. 3)First, engineers need a strong and tall frame that supports the floors and walls. This frame is like the bones of a skyscraper. The bones of a skyscraper are made of concrete, steel and other materials. The columns are like the backbone of a human body. The columns go up. The steel columns hold up each floor. There are also steel beams that go across each floor. The steel columns and beams must be strong to resist the force of gravity. The steel columns and beams must work together to form a strong backbone. 4)Second, engineers need to design a command center. The command center is a computer that sends signals through wires in a skyscraper. For example, it sends signals to help bring fresh air into rooms, just like your lungs. The command center also controls the heating and air conditioning. It helps the building cool down when it’s too hot and warm up when it’s too cold. 5)A skyscraper has many different parts that work together. The bones make the building tall and strong. The skin protects the inside of the building. The skin of a skyscraper can be made of metal, stone, or glass. The brain controls the building temperature. 6)The anatomy of a skyscraper is like a human body. All the parts have to work together. That's how a city skyscraper works properly.",3. What part of the skyscraper helps control the room temperature?,"1) In many ways, skyscrapers are like the human body. They have bones that keep it tall and strong and skin to protect the body. They have a command center that is like a brain. 2)How do engineers design and build strong and smart skyscrapers? It is very challenging to build a skyscraper because there are many parts that have to work together. If one part is broken, the skyscraper will not work properly. 3)First, engineers need a strong and tall frame that supports the floors and walls. This frame is like the bones of a skyscraper. The bones of a skyscraper are made of concrete, steel and other materials. The columns are like the backbone of a human body. The columns go up. The steel columns hold up each floor. There are also steel beams that go across each floor. The steel columns and beams must be strong to resist the force of gravity. The steel columns and beams must work together to form a strong backbone. 4)Second, engineers need to design a command center. The command center is a computer that sends signals through wires in a skyscraper. For example, it sends signals to help bring fresh air into rooms, just like your lungs. The command center also controls the heating and air conditioning. It helps the building cool down when it’s too hot and warm up when it’s too cold. 5)A skyscraper has many different parts that work together. The bones make the building tall and strong. The skin protects the inside of the building. The skin of a skyscraper can be made of metal, stone, or glass. The brain controls the building temperature. 6)The anatomy of a skyscraper is like a human body. All the parts have to work together. That's how a city skyscraper works properly.: 3. What part of the skyscraper helps control the room temperature?
a. the skeletal frame
c. the skin covering the walls
b. the engineers’ design
d. the command center","Original Text: 1) In many ways, skyscrapers are like the human body. They have bones that keep it tall and strong and skin to protect the body. They have a command center that is like a brain. 2)How do engineers design and build strong and smart skyscrapers? It is very challenging to build a skyscraper because there are many parts that have to work together. If one part is broken, the skyscraper will not work properly. 3)First, engineers need a strong and tall frame that supports the floors and walls. This frame is like the bones of a skyscraper. The bones of a skyscraper are made of concrete, steel and other materials. The columns are like the backbone of a human body. The columns go up. The steel columns hold up each floor. There are also steel beams that go across each floor. The steel columns and beams must be strong to resist the force of gravity. The steel columns and beams must work together to form a strong backbone. 4)Second, engineers need to design a command center. The command center is a computer that sends signals through wires in a skyscraper. For example, it sends signals to help bring fresh air into rooms, just like your lungs. The command center also controls the heating and air conditioning. It helps the building cool down when it’s too hot and warm up when it’s too cold. 5)A skyscraper has many different parts that work together. The bones make the building tall and strong. The skin protects the inside of the building. The skin of a skyscraper can be made of metal, stone, or glass. The brain controls the building temperature. 6)The anatomy of a skyscraper is like a human body. All the parts have to work together. That's how a city skyscraper works properly.: 3. What part of the skyscraper helps control the room temperature?
a. the skeletal frame
c. the skin covering the walls
b. the engineers’ design
d. the command center
This item asks the reader to identify the specific component of a skyscraper responsible for regulating room temperature based on a text that uses human anatomy as an analogy for building systems.
This item measures the skill of **reading comprehension (literal retrieval)**. It requires the respondent to locate and extract a specific factual detail explicitly stated in the text—that the command center controls heating and air conditioning—to identify the component responsible for regulating room temperature.
This analysis evaluates the cognitive demand and structural complexity of the question identifying the skyscraper component responsible for temperature control.

**Demand:**
This cognitive item requires **recall** and direct information retrieval. The reader must locate the specific functional description provided in the text.

**Structural/Semantic Elements:**
*   **Metaphorical Mapping:** The item relies on the reader connecting the ""command center"" to the ""brain"" analogy used throughout the passage.
*   **Functional Distractors:** The options (skeletal frame, skin) are plausible components mentioned in the text, requiring the reader to differentiate between structural support, protection, and mechanical control.
*   **Explicit Textual Correspondence:** The phrasing in the question closely mirrors the language in paragraphs 4 and 5, lowering the cognitive load by allowing for literal keyword matching.
To identify the command center as the component controlling room temperature, a respondent requires a **low to moderate level of cognitive ability**, specifically in the domain of literal reading comprehension. This item necessitates basic information retrieval and the ability to map a specific function to its explicitly stated source within a text utilizing simple, direct analogies.","Original Text: 1) In many ways, skyscrapers are like the human body. They have bones that keep it tall and strong and skin to protect the body. They have a command center that is like a brain. 2)How do engineers design and build strong and smart skyscrapers? It is very challenging to build a skyscraper because there are many parts that have to work together. If one part is broken, the skyscraper will not work properly. 3)First, engineers need a strong and tall frame that supports the floors and walls. This frame is like the bones of a skyscraper. The bones of a skyscraper are made of concrete, steel and other materials. The columns are like the backbone of a human body. The columns go up. The steel columns hold up each floor. There are also steel beams that go across each floor. The steel columns and beams must be strong to resist the force of gravity. The steel columns and beams must work together to form a strong backbone. 4)Second, engineers need to design a command center. The command center is a computer that sends signals through wires in a skyscraper. For example, it sends signals to help bring fresh air into rooms, just like your lungs. The command center also controls the heating and air conditioning. It helps the building cool down when it’s too hot and warm up when it’s too cold. 5)A skyscraper has many different parts that work together. The bones make the building tall and strong. The skin protects the inside of the building. The skin of a skyscraper can be made of metal, stone, or glass. The brain controls the building temperature. 6)The anatomy of a skyscraper is like a human body. All the parts have to work together. That's how a city skyscraper works properly.: 3. What part of the skyscraper helps control the room temperature?
a. the skeletal frame
c. the skin covering the walls
b. the engineers’ design
d. the command center
The core task presented in this item is to read an informational passage comparing a skyscraper's structure to human anatomy and answer a multiple-choice reading comprehension question identifying which component of the building regulates room temperature.
To identify the primary skill or knowledge domain measured by the provided passage and question, along with a concise justification:

**Primary Skill:** Reading comprehension (literal information retrieval). 

**Justification:** The item requires the reader to locate and extract a specific, explicitly stated factual detail from the text (identifying the ""command center"" as the part that controls heating and air conditioning) to answer the question.
In evaluating the cognitive demand and structural elements that influence the difficulty of this reading comprehension item, the question primarily requires simple recall and basic synonym matching (connecting ""heating and air conditioning"" or ""building temperature"" from the text to ""room temperature"" in the prompt). The cognitive load is slightly elevated by the use of plausible distractors drawn directly from the passage's extended metaphor (skeletal frame, skin) and the non-sequential lettering of the multiple-choice options (a, c, b, d).
Assessing the overall level of the underlying latent trait required to successfully answer the item regarding which part of a skyscraper controls room temperature indicates that a low level of reading comprehension and cognitive ability is needed. The correct answer is explicitly stated in the text, requiring only basic information retrieval and literal comprehension.","Original Text: 1) In many ways, skyscrapers are like the human body. They have bones that keep it tall and strong and skin to protect the body. They have a command center that is like a brain. 2)How do engineers design and build strong and smart skyscrapers? It is very challenging to build a skyscraper because there are many parts that have to work together. If one part is broken, the skyscraper will not work properly. 3)First, engineers need a strong and tall frame that supports the floors and walls. This frame is like the bones of a skyscraper. The bones of a skyscraper are made of concrete, steel and other materials. The columns are like the backbone of a human body. The columns go up. The steel columns hold up each floor. There are also steel beams that go across each floor. The steel columns and beams must be strong to resist the force of gravity. The steel columns and beams must work together to form a strong backbone. 4)Second, engineers need to design a command center. The command center is a computer that sends signals through wires in a skyscraper. For example, it sends signals to help bring fresh air into rooms, just like your lungs. The command center also controls the heating and air conditioning. It helps the building cool down when it’s too hot and warm up when it’s too cold. 5)A skyscraper has many different parts that work together. The bones make the building tall and strong. The skin protects the inside of the building. The skin of a skyscraper can be made of metal, stone, or glass. The brain controls the building temperature. 6)The anatomy of a skyscraper is like a human body. All the parts have to work together. That's how a city skyscraper works properly.: 3. What part of the skyscraper helps control the room temperature?
a. the skeletal frame
c. the skin covering the walls
b. the engineers’ design
d. the command center
This item presents a multiple-choice reading comprehension task asking the reader to identify which skyscraper component regulates indoor temperature, based on an informational text that compares building systems to human anatomy.
**Target Construct:** Reading Comprehension (Literal Detail Retrieval / Informational Text Comprehension)

**Justification:** This assessment item measures the reader's ability to locate, extract, and recall explicitly stated factual details from an informational passage—specifically identifying from paragraphs 4 and 5 that the command center regulates heating, cooling, and overall building temperature.
**Cognitive Demand Assessment:**
This reading comprehension item primarily requires **direct literal recall** (explicit text retrieval) rather than multi-step reasoning or synthesis. 

**Structural and Semantic Load Elements:**
* **Low Processing Load:** Paragraph 4 provides a direct, explicit match between the ""command center"" and controlling heating, air conditioning, and temperature adjustments. 
* **Analogical Mapping:** A minimal degree of semantic abstraction is introduced by the human body metaphor (mapping the ""command center"" to the ""brain""), but this does not significantly raise cognitive complexity due to repeated, explicit definitions.
* **Distractor Differentiation:** Distractors (*skeletal frame*, *skin*, *engineers' design*) are unambiguous and clearly tied to distinct functional descriptions in the text (structure/support and protection), presenting low interference for the reader.
The degree of the underlying latent trait—basic reading comprehension and literal information retrieval ability—required to successfully answer this item is **low**. The text explicitly and repetitively states that the command center (or ""brain"") controls the building's temperature and climate, requiring only direct, literal recall without the need for complex inference or abstract reasoning.","Original Text: 1) In many ways, skyscrapers are like the human body. They have bones that keep it tall and strong and skin to protect the body. They have a command center that is like a brain. 2)How do engineers design and build strong and smart skyscrapers? It is very challenging to build a skyscraper because there are many parts that have to work together. If one part is broken, the skyscraper will not work properly. 3)First, engineers need a strong and tall frame that supports the floors and walls. This frame is like the bones of a skyscraper. The bones of a skyscraper are made of concrete, steel and other materials. The columns are like the backbone of a human body. The columns go up. The steel columns hold up each floor. There are also steel beams that go across each floor. The steel columns and beams must be strong to resist the force of gravity. The steel columns and beams must work together to form a strong backbone. 4)Second, engineers need to design a command center. The command center is a computer that sends signals through wires in a skyscraper. For example, it sends signals to help bring fresh air into rooms, just like your lungs. The command center also controls the heating and air conditioning. It helps the building cool down when it’s too hot and warm up when it’s too cold. 5)A skyscraper has many different parts that work together. The bones make the building tall and strong. The skin protects the inside of the building. The skin of a skyscraper can be made of metal, stone, or glass. The brain controls the building temperature. 6)The anatomy of a skyscraper is like a human body. All the parts have to work together. That's how a city skyscraper works properly.: 3. What part of the skyscraper helps control the room temperature?
a. the skeletal frame
c. the skin covering the walls
b. the engineers’ design
d. the command center
The item asks which skyscraper part controls room temperature, identifying the command center as the component that regulates heating and cooling.
Primary domain: reading comprehension with science/engineering analogy understanding. The item measures the ability to identify a detail from a passage and map the “command center” analogy to the function of temperature control.
This is a low-to-moderate demand recall item: it mainly requires locating a stated detail and matching it to the correct option. The wording is straightforward, with minimal multi-step reasoning or synthesis beyond mapping “controls temperature” to “command center.” The main structural element increasing load is the analogy across the passage, which requires tracking that the “brain/command center” corresponds to temperature control; the distractors are simple and semantically related but not especially tricky.
A low level of the underlying trait is needed; this is a straightforward reading-comprehension item that mainly requires basic understanding of the passage and identifying the command center as the part that controls temperature.","Original Text: 1) In many ways, skyscrapers are like the human body. They have bones that keep it tall and strong and skin to protect the body. They have a command center that is like a brain. 2)How do engineers design and build strong and smart skyscrapers? It is very challenging to build a skyscraper because there are many parts that have to work together. If one part is broken, the skyscraper will not work properly. 3)First, engineers need a strong and tall frame that supports the floors and walls. This frame is like the bones of a skyscraper. The bones of a skyscraper are made of concrete, steel and other materials. The columns are like the backbone of a human body. The columns go up. The steel columns hold up each floor. There are also steel beams that go across each floor. The steel columns and beams must be strong to resist the force of gravity. The steel columns and beams must work together to form a strong backbone. 4)Second, engineers need to design a command center. The command center is a computer that sends signals through wires in a skyscraper. For example, it sends signals to help bring fresh air into rooms, just like your lungs. The command center also controls the heating and air conditioning. It helps the building cool down when it’s too hot and warm up when it’s too cold. 5)A skyscraper has many different parts that work together. The bones make the building tall and strong. The skin protects the inside of the building. The skin of a skyscraper can be made of metal, stone, or glass. The brain controls the building temperature. 6)The anatomy of a skyscraper is like a human body. All the parts have to work together. That's how a city skyscraper works properly.: 3. What part of the skyscraper helps control the room temperature?
a. the skeletal frame
c. the skin covering the walls
b. the engineers’ design
d. the command center
The item asks which skyscraper part controls room temperature, based on the passage’s comparison of a building to a human body; the correct focus is the command center.
This item is primarily measuring reading comprehension of informational text, specifically the skill of identifying explicitly stated details. The correct answer is “the command center,” which is directly stated in the passage as controlling heating and air conditioning and helping regulate temperature.
Core ask: assess the item’s cognitive demand and note wording/features that raise load or endorsement threshold.

Low-to-moderate cognitive demand: mainly explicit recall with light analogy mapping, not multi-step reasoning or synthesis. The correct answer is directly stated (“The command center also controls the heating and air conditioning” / “The brain controls the building temperature”), so the task is to retrieve and match that detail.

Load-increasing elements:
- Long passage increases memory/search demands.
- Analogy structure (skyscraper parts ↔ human body parts) requires mapping “brain” to “command center.”
- Distractors are semantically related building components (“skeletal frame,” “skin,” “engineers’ design”), which can cause confusion.
- Slight paraphrase between passage and question (“room temperature” vs. “heating and air conditioning” / “building temperature”).
The core ask is the latent trait level needed to answer this item correctly: this item appears to require a relatively low to low-moderate level of the underlying trait, since the answer is stated directly in the passage and can be identified through straightforward recall of the detail that the command center controls heating and air conditioning.","Original Text: 1) In many ways, skyscrapers are like the human body. They have bones that keep it tall and strong and skin to protect the body. They have a command center that is like a brain. 2)How do engineers design and build strong and smart skyscrapers? It is very challenging to build a skyscraper because there are many parts that have to work together. If one part is broken, the skyscraper will not work properly. 3)First, engineers need a strong and tall frame that supports the floors and walls. This frame is like the bones of a skyscraper. The bones of a skyscraper are made of concrete, steel and other materials. The columns are like the backbone of a human body. The columns go up. The steel columns hold up each floor. There are also steel beams that go across each floor. The steel columns and beams must be strong to resist the force of gravity. The steel columns and beams must work together to form a strong backbone. 4)Second, engineers need to design a command center. The command center is a computer that sends signals through wires in a skyscraper. For example, it sends signals to help bring fresh air into rooms, just like your lungs. The command center also controls the heating and air conditioning. It helps the building cool down when it’s too hot and warm up when it’s too cold. 5)A skyscraper has many different parts that work together. The bones make the building tall and strong. The skin protects the inside of the building. The skin of a skyscraper can be made of metal, stone, or glass. The brain controls the building temperature. 6)The anatomy of a skyscraper is like a human body. All the parts have to work together. That's how a city skyscraper works properly.: 3. What part of the skyscraper helps control the room temperature?
a. the skeletal frame
c. the skin covering the walls
b. the engineers’ design
d. the command center
The question asks which part of a skyscraper controls the temperature inside its rooms.
**Primary domain:** Literal reading comprehension—identifying explicitly stated information.  

**Justification:** The text directly states that the **command center** controls heating and air conditioning, which regulates room temperature.
This is a low-demand recall item. It requires locating and matching the explicit statement that the **command center** controls heating and air conditioning; no multi-step reasoning or synthesis is needed. The distractors are related skyscraper parts but are not strong traps. Simple wording and direct passage-to-answer correspondence keep cognitive load low; “room temperature” is a slight paraphrase of “building temperature.”
This item requires a **low level of the underlying trait**—basic reading comprehension and recall. The respondent must identify that the **command center** controls room temperature; no advanced reasoning is needed.","Original Text: 1) In many ways, skyscrapers are like the human body. They have bones that keep it tall and strong and skin to protect the body. They have a command center that is like a brain. 2)How do engineers design and build strong and smart skyscrapers? It is very challenging to build a skyscraper because there are many parts that have to work together. If one part is broken, the skyscraper will not work properly. 3)First, engineers need a strong and tall frame that supports the floors and walls. This frame is like the bones of a skyscraper. The bones of a skyscraper are made of concrete, steel and other materials. The columns are like the backbone of a human body. The columns go up. The steel columns hold up each floor. There are also steel beams that go across each floor. The steel columns and beams must be strong to resist the force of gravity. The steel columns and beams must work together to form a strong backbone. 4)Second, engineers need to design a command center. The command center is a computer that sends signals through wires in a skyscraper. For example, it sends signals to help bring fresh air into rooms, just like your lungs. The command center also controls the heating and air conditioning. It helps the building cool down when it’s too hot and warm up when it’s too cold. 5)A skyscraper has many different parts that work together. The bones make the building tall and strong. The skin protects the inside of the building. The skin of a skyscraper can be made of metal, stone, or glass. The brain controls the building temperature. 6)The anatomy of a skyscraper is like a human body. All the parts have to work together. That's how a city skyscraper works properly.: 3. What part of the skyscraper helps control the room temperature?
a. the skeletal frame
c. the skin covering the walls
b. the engineers’ design
d. the command center
Identify which skyscraper component controls room temperature: the command center.
**Primary skill: Reading comprehension—retrieving explicit information.** The item asks the reader to identify a directly stated detail: the command center controls the skyscraper’s heating and air conditioning, and therefore its room temperature (answer **d**).
Low demand: requires direct recall of an explicitly stated detail—“the command center” controls heating and air conditioning (d). No multi-step reasoning or synthesis is needed. Cognitive load is slightly increased by the long passage, extended body/skyscraper analogy, and distractors using related passage terms, but the wording and answer mapping are straightforward.
This item requires a **low level of reading-comprehension ability**. The passage explicitly states that the command center controls heating and air conditioning, making **d. the command center** a directly stated answer.",1.427419696600726,0.2568018275882203,0.4038830953331465,0.4608922962497697,1.585488079072247,1053.0,gilbert_meta_103,-1.5138207322578938,0.4933372884160757,-1.173463873865799,0.38241878529680073,-1.1226932972362502,0.48520911330298766,-0.8193270776326218,0.35409934825646017,-1.8694013571980594,0.5498267327081933,-1.402952111904152,0.41263507853150294,-1.3956577052194503,0.47079987455571926,-1.254828350791789,0.4232936399321799,-1.8592340522154678,0.49655920994702896,-1.3880399790588827,0.37071396931175205,-2.2149146041228542,0.58483641694114,-1.6525409381518699,0.43634464250599286,-2.0808225769708764,0.5807155694233181,-1.5242164083788594,0.42537802564821114
cc_q8,"1) A human is a primate. In primates, the heart sends oxygen in the blood all around the body. The body must have oxygen to function properly. The strong heart muscle contracts to pump blood all around the body. A healthy heart never rests.2) But what happens when a person’s heart gets weaker? People with weak hearts need help. Scientists have to study a medical mystery. Then they might be able to help people. 3) First, scientists need to diagnose the reasons that a human heart gets weak. They need to do tests. But sometimes it would be hard on a sick person to have tests done. So, scientists study animals that have body systems like humans. Scientists knew that the macaque monkey’s heart is similar to the human heart. So, they did tests with macaque monkeys. The scientists learned what happens when a monkey has a heart attack. After a heart attack, the monkey’s heart muscle has scar tissue where it was damaged. The scar tissue cannot contract like a strong heart muscle can. Then the monkey’s heart cannot pump enough blood to give the body the oxygen it needs. Without enough oxygen, the monkey’s body cannot function properly. 4) Second, scientists wanted to try out new solutions that would keep the heart working. Sometimes the new solutions might fail. So, scientists didn’t want to try the solutions with people right away. They tried a solution with macaque monkeys. 5) Scientists developed an idea. Then, they tested an idea. They injected human stem cells from the human heart into the monkey’s heart. After four weeks the human heart cells grew where the monkey’s scar tissue was. After three months, the monkey’s heart got stronger. 6) Now scientists are using what they found in this experiment to help humans who have had heart attacks.",7. The author of this article mainly wants you to learn,"1) A human is a primate. In primates, the heart sends oxygen in the blood all around the body. The body must have oxygen to function properly. The strong heart muscle contracts to pump blood all around the body. A healthy heart never rests.2) But what happens when a person’s heart gets weaker? People with weak hearts need help. Scientists have to study a medical mystery. Then they might be able to help people. 3) First, scientists need to diagnose the reasons that a human heart gets weak. They need to do tests. But sometimes it would be hard on a sick person to have tests done. So, scientists study animals that have body systems like humans. Scientists knew that the macaque monkey’s heart is similar to the human heart. So, they did tests with macaque monkeys. The scientists learned what happens when a monkey has a heart attack. After a heart attack, the monkey’s heart muscle has scar tissue where it was damaged. The scar tissue cannot contract like a strong heart muscle can. Then the monkey’s heart cannot pump enough blood to give the body the oxygen it needs. Without enough oxygen, the monkey’s body cannot function properly. 4) Second, scientists wanted to try out new solutions that would keep the heart working. Sometimes the new solutions might fail. So, scientists didn’t want to try the solutions with people right away. They tried a solution with macaque monkeys. 5) Scientists developed an idea. Then, they tested an idea. They injected human stem cells from the human heart into the monkey’s heart. After four weeks the human heart cells grew where the monkey’s scar tissue was. After three months, the monkey’s heart got stronger. 6) Now scientists are using what they found in this experiment to help humans who have had heart attacks.: 7. The author of this article mainly wants you to learn
b. How scientists are learning to help humans with weak heart muscles
a. How difficult it is to find healthy macaque monkeys
d. How scientists work together to give tests to a sick person
c. How the scientists feel about injected human heart stem cells","Original Text: 1) A human is a primate. In primates, the heart sends oxygen in the blood all around the body. The body must have oxygen to function properly. The strong heart muscle contracts to pump blood all around the body. A healthy heart never rests.2) But what happens when a person’s heart gets weaker? People with weak hearts need help. Scientists have to study a medical mystery. Then they might be able to help people. 3) First, scientists need to diagnose the reasons that a human heart gets weak. They need to do tests. But sometimes it would be hard on a sick person to have tests done. So, scientists study animals that have body systems like humans. Scientists knew that the macaque monkey’s heart is similar to the human heart. So, they did tests with macaque monkeys. The scientists learned what happens when a monkey has a heart attack. After a heart attack, the monkey’s heart muscle has scar tissue where it was damaged. The scar tissue cannot contract like a strong heart muscle can. Then the monkey’s heart cannot pump enough blood to give the body the oxygen it needs. Without enough oxygen, the monkey’s body cannot function properly. 4) Second, scientists wanted to try out new solutions that would keep the heart working. Sometimes the new solutions might fail. So, scientists didn’t want to try the solutions with people right away. They tried a solution with macaque monkeys. 5) Scientists developed an idea. Then, they tested an idea. They injected human stem cells from the human heart into the monkey’s heart. After four weeks the human heart cells grew where the monkey’s scar tissue was. After three months, the monkey’s heart got stronger. 6) Now scientists are using what they found in this experiment to help humans who have had heart attacks.: 7. The author of this article mainly wants you to learn
b. How scientists are learning to help humans with weak heart muscles
a. How difficult it is to find healthy macaque monkeys
d. How scientists work together to give tests to a sick person
c. How the scientists feel about injected human heart stem cells
This item asks the reader to identify the primary purpose of a text describing how scientists use macaque monkeys as models to test stem cell treatments for repairing damaged heart muscle to help human patients.
This item measures the **Reading Comprehension** skill, specifically the ability to identify the **Main Idea** or central purpose of a text.

**Justification:** The question asks the reader to determine what the author ""mainly wants you to learn,"" requiring a synthesis of the entire passage to distinguish the primary theme—scientific methodology used to treat heart disease—from supporting details or irrelevant information.
This analysis evaluates the cognitive demand and structural complexity of the reading comprehension item regarding the author's primary purpose.

**Cognitive Demand**
This item requires **synthesis**. To identify the main idea, the reader must integrate information across the entire narrative arc—moving from the biological problem of heart weakness to the experimental methodology and the ultimate goal of human application—rather than relying on simple recall of a single fact.

**Structural and Semantic Elements**
*   **Semantic Distractors:** Options ""a"" and ""d"" utilize high-frequency keywords from the text (""macaque monkeys,"" ""tests,"" ""sick person"") to create plausible but incorrect choices, increasing cognitive load by requiring the reader to distinguish between supporting details and the central thesis.
*   **Narrative Integration:** The text follows a multi-step logical progression (problem → animal model → experimental solution → human application). The reader must recognize that the specific details regarding monkeys are subordinate to the broader objective of human medical advancement.
*   **Abstracting Purpose:** The item requires abstracting the ""why"" (helping humans) from the ""how"" (the stem cell experiment), which necessitates higher-order processing of the text's organizational structure.
To correctly identify the main purpose of this passage, a respondent requires a **moderate level of reading comprehension and global text integration**. This item necessitates the ability to synthesize information across multiple paragraphs—moving from the problem of heart damage to the use of animal models and the testing of stem cell solutions—to identify the overarching theme of medical advancement while rejecting distractors focused on isolated details or misinterpretations of the text's scope.","Original Text: 1) A human is a primate. In primates, the heart sends oxygen in the blood all around the body. The body must have oxygen to function properly. The strong heart muscle contracts to pump blood all around the body. A healthy heart never rests.2) But what happens when a person’s heart gets weaker? People with weak hearts need help. Scientists have to study a medical mystery. Then they might be able to help people. 3) First, scientists need to diagnose the reasons that a human heart gets weak. They need to do tests. But sometimes it would be hard on a sick person to have tests done. So, scientists study animals that have body systems like humans. Scientists knew that the macaque monkey’s heart is similar to the human heart. So, they did tests with macaque monkeys. The scientists learned what happens when a monkey has a heart attack. After a heart attack, the monkey’s heart muscle has scar tissue where it was damaged. The scar tissue cannot contract like a strong heart muscle can. Then the monkey’s heart cannot pump enough blood to give the body the oxygen it needs. Without enough oxygen, the monkey’s body cannot function properly. 4) Second, scientists wanted to try out new solutions that would keep the heart working. Sometimes the new solutions might fail. So, scientists didn’t want to try the solutions with people right away. They tried a solution with macaque monkeys. 5) Scientists developed an idea. Then, they tested an idea. They injected human stem cells from the human heart into the monkey’s heart. After four weeks the human heart cells grew where the monkey’s scar tissue was. After three months, the monkey’s heart got stronger. 6) Now scientists are using what they found in this experiment to help humans who have had heart attacks.: 7. The author of this article mainly wants you to learn
b. How scientists are learning to help humans with weak heart muscles
a. How difficult it is to find healthy macaque monkeys
d. How scientists work together to give tests to a sick person
c. How the scientists feel about injected human heart stem cells
The core request is to summarize the central task or scenario of the provided text. This item presents a reading comprehension task requiring the reader to identify the author's main purpose for writing an informational passage about scientists using macaque monkeys to test stem cell treatments for weakened human hearts.
To determine the primary skill this item attempts to measure and provide a concise justification:

**Primary Skill:** Reading Comprehension (Identifying the Main Idea / Author's Purpose)

**Justification:** The multiple-choice question requires the reader to synthesize the entire informational passage about stem cell research in monkeys to deduce the overarching message and primary reason the text was written.
In analyzing the cognitive demand and structural elements that influence the difficulty of this reading comprehension item, the question requires synthesis. The reader must integrate information across the entire passage to identify the author's primary purpose rather than recalling a single isolated fact. The cognitive load is increased by tricky distractors that recycle specific vocabulary from the text (""macaque monkeys,"" ""sick person,"" ""stem cells"") to present minor details or unsupported concepts—such as the scientists' feelings—as the central theme. Additionally, the non-sequential ordering of the answer choices (b, a, d, c) introduces a minor structural disruption.
The overall level of the underlying latent trait—specifically reading comprehension and basic cognitive ability—required for a respondent to successfully answer this main-idea item is low to moderate.","Original Text: 1) A human is a primate. In primates, the heart sends oxygen in the blood all around the body. The body must have oxygen to function properly. The strong heart muscle contracts to pump blood all around the body. A healthy heart never rests.2) But what happens when a person’s heart gets weaker? People with weak hearts need help. Scientists have to study a medical mystery. Then they might be able to help people. 3) First, scientists need to diagnose the reasons that a human heart gets weak. They need to do tests. But sometimes it would be hard on a sick person to have tests done. So, scientists study animals that have body systems like humans. Scientists knew that the macaque monkey’s heart is similar to the human heart. So, they did tests with macaque monkeys. The scientists learned what happens when a monkey has a heart attack. After a heart attack, the monkey’s heart muscle has scar tissue where it was damaged. The scar tissue cannot contract like a strong heart muscle can. Then the monkey’s heart cannot pump enough blood to give the body the oxygen it needs. Without enough oxygen, the monkey’s body cannot function properly. 4) Second, scientists wanted to try out new solutions that would keep the heart working. Sometimes the new solutions might fail. So, scientists didn’t want to try the solutions with people right away. They tried a solution with macaque monkeys. 5) Scientists developed an idea. Then, they tested an idea. They injected human stem cells from the human heart into the monkey’s heart. After four weeks the human heart cells grew where the monkey’s scar tissue was. After three months, the monkey’s heart got stronger. 6) Now scientists are using what they found in this experiment to help humans who have had heart attacks.: 7. The author of this article mainly wants you to learn
b. How scientists are learning to help humans with weak heart muscles
a. How difficult it is to find healthy macaque monkeys
d. How scientists work together to give tests to a sick person
c. How the scientists feel about injected human heart stem cells
The core task is a reading comprehension assessment requiring the identification of the author's primary purpose and main idea in an informational passage that details how researchers study macaque monkeys and use stem cell therapy to treat damaged, weakened hearts in humans.
**Primary Construct/Skill Measured:** Reading Comprehension: Identifying the Main Idea / Author's Purpose.

**Justification:** This assessment task evaluates a reader's ability to synthesize information across an informational passage and determine its central theme. The prompt asks what the author ""mainly wants you to learn,"" requiring the test-taker to distinguish the overarching message regarding how scientific research helps repair weak human hearts from supporting details and distractor concepts.
This analysis evaluates the cognitive demand and structural complexity of the provided reading comprehension item:

* **Cognitive Demand:** **Synthesis.** The item requires the reader to integrate information across a six-paragraph sequential narrative (identifying the problem, animal model testing, stem cell intervention, and clinical application) to determine the central idea rather than relying on simple factual recall.
* **Structural and Semantic Elements Affecting Load:**
  * **Low Semantic Complexity:** The passage employs short, repetitive sentence structures and explicit transition markers (""First,"" ""Second,"" ""Now""), which heavily scaffold the text and lower overall processing load.
  * **Weak Distractor Competition:** Distractors (a, c, and d) introduce fabricated or minor concepts (e.g., the difficulty of locating monkeys, emotional reactions of scientists, collaborative test administration) that are not supported by the text, minimizing cognitive interference. 
  * **Explicit Text-to-Option Alignment:** The correct option (b) directly maps to the explicit concluding statement in paragraph 6 (""using what they found... to help humans who have had heart attacks""), reducing the threshold of abstraction needed to synthesize the main idea.
The level of the underlying latent trait—specifically, reading comprehension and informational text processing ability—required to successfully answer this item is **low to moderate (basic-to-intermediate proficiency)**. 

To select the correct central idea, a respondent only needs foundational skills to synthesize explicitly stated information across short paragraphs (connecting heart failure, animal testing, and stem cell treatments) and rule out clearly implausible or overly narrow distractors, without needing advanced inference or complex vocabulary skills.","Original Text: 1) A human is a primate. In primates, the heart sends oxygen in the blood all around the body. The body must have oxygen to function properly. The strong heart muscle contracts to pump blood all around the body. A healthy heart never rests.2) But what happens when a person’s heart gets weaker? People with weak hearts need help. Scientists have to study a medical mystery. Then they might be able to help people. 3) First, scientists need to diagnose the reasons that a human heart gets weak. They need to do tests. But sometimes it would be hard on a sick person to have tests done. So, scientists study animals that have body systems like humans. Scientists knew that the macaque monkey’s heart is similar to the human heart. So, they did tests with macaque monkeys. The scientists learned what happens when a monkey has a heart attack. After a heart attack, the monkey’s heart muscle has scar tissue where it was damaged. The scar tissue cannot contract like a strong heart muscle can. Then the monkey’s heart cannot pump enough blood to give the body the oxygen it needs. Without enough oxygen, the monkey’s body cannot function properly. 4) Second, scientists wanted to try out new solutions that would keep the heart working. Sometimes the new solutions might fail. So, scientists didn’t want to try the solutions with people right away. They tried a solution with macaque monkeys. 5) Scientists developed an idea. Then, they tested an idea. They injected human stem cells from the human heart into the monkey’s heart. After four weeks the human heart cells grew where the monkey’s scar tissue was. After three months, the monkey’s heart got stronger. 6) Now scientists are using what they found in this experiment to help humans who have had heart attacks.: 7. The author of this article mainly wants you to learn
b. How scientists are learning to help humans with weak heart muscles
a. How difficult it is to find healthy macaque monkeys
d. How scientists work together to give tests to a sick person
c. How the scientists feel about injected human heart stem cells
The item asks for the main idea of an article about how scientists use macaque monkeys to study weak human heart muscles and test stem-cell treatments that may help people after heart attacks.
Primary construct: reading comprehension of main idea/purpose. The item asks the reader to identify what the article is mainly about, using details about macaque-monkey heart research and stem cells to infer the author’s central message.
This is a low-to-moderate demand reading-comprehension item that mainly requires synthesis across the passage. The correct choice depends on integrating the article’s purpose, not simple recall of one detail.

Structural elements increasing load:
- Multiple-step narrative with cause/effect chains
- Several scientific terms and repeated references to heart function
- Distractor answers that are plausible but off-topic
- One option with emotional/attitudinal wording, but the passage is informational rather than opinion-based

Endorsement threshold is low for attitude, but high for comprehension: it asks for the author’s main point, which requires identifying the central theme rather than a single fact.
A low-to-moderate reading comprehension level is sufficient; the item mainly requires understanding the article’s central scientific purpose rather than a high latent trait.","Original Text: 1) A human is a primate. In primates, the heart sends oxygen in the blood all around the body. The body must have oxygen to function properly. The strong heart muscle contracts to pump blood all around the body. A healthy heart never rests.2) But what happens when a person’s heart gets weaker? People with weak hearts need help. Scientists have to study a medical mystery. Then they might be able to help people. 3) First, scientists need to diagnose the reasons that a human heart gets weak. They need to do tests. But sometimes it would be hard on a sick person to have tests done. So, scientists study animals that have body systems like humans. Scientists knew that the macaque monkey’s heart is similar to the human heart. So, they did tests with macaque monkeys. The scientists learned what happens when a monkey has a heart attack. After a heart attack, the monkey’s heart muscle has scar tissue where it was damaged. The scar tissue cannot contract like a strong heart muscle can. Then the monkey’s heart cannot pump enough blood to give the body the oxygen it needs. Without enough oxygen, the monkey’s body cannot function properly. 4) Second, scientists wanted to try out new solutions that would keep the heart working. Sometimes the new solutions might fail. So, scientists didn’t want to try the solutions with people right away. They tried a solution with macaque monkeys. 5) Scientists developed an idea. Then, they tested an idea. They injected human stem cells from the human heart into the monkey’s heart. After four weeks the human heart cells grew where the monkey’s scar tissue was. After three months, the monkey’s heart got stronger. 6) Now scientists are using what they found in this experiment to help humans who have had heart attacks.: 7. The author of this article mainly wants you to learn
b. How scientists are learning to help humans with weak heart muscles
a. How difficult it is to find healthy macaque monkeys
d. How scientists work together to give tests to a sick person
c. How the scientists feel about injected human heart stem cells
The item asks for the main idea of a passage explaining how scientists study macaque monkeys and test stem-cell treatments to learn how to help humans with weak heart muscles after heart attacks.
Primary domain: Reading comprehension — identifying the main idea/author’s purpose.

Justification: The item asks what the author mainly wants the reader to learn from the passage, so it measures the ability to determine the central idea of an informational text rather than science knowledge itself.
Core ask: assess the item’s cognitive demand and note wording/features that raise difficulty.

This is a moderate-demand cognitive item requiring multi-step reasoning and synthesis, not mere recall. The reader must integrate the passage’s main idea across several paragraphs, distinguish central purpose from supporting details, and map that to the best answer choice.

Load-increasing elements:
- Long, multi-paragraph passage with sequential scientific explanation
- Main-idea question (“mainly wants you to learn”) requires global synthesis
- Several plausible distractors drawn from real passage details
- Technical vocabulary: primate, diagnose, scar tissue, stem cells
- Cause-and-effect chains across paragraphs
- Some irrelevant/detail-heavy setup that can distract from author’s purpose

Threshold for endorsement: not applicable; this is not a psychological/attitudinal item.
This item appears to require a moderately high level of the latent trait—here, reading comprehension/main-idea identification. A respondent would need to integrate information across the full passage, distinguish the central purpose from supporting details, and reject plausible but narrower distractors. Successful endorsement suggests solid overall comprehension rather than only basic recall.","Original Text: 1) A human is a primate. In primates, the heart sends oxygen in the blood all around the body. The body must have oxygen to function properly. The strong heart muscle contracts to pump blood all around the body. A healthy heart never rests.2) But what happens when a person’s heart gets weaker? People with weak hearts need help. Scientists have to study a medical mystery. Then they might be able to help people. 3) First, scientists need to diagnose the reasons that a human heart gets weak. They need to do tests. But sometimes it would be hard on a sick person to have tests done. So, scientists study animals that have body systems like humans. Scientists knew that the macaque monkey’s heart is similar to the human heart. So, they did tests with macaque monkeys. The scientists learned what happens when a monkey has a heart attack. After a heart attack, the monkey’s heart muscle has scar tissue where it was damaged. The scar tissue cannot contract like a strong heart muscle can. Then the monkey’s heart cannot pump enough blood to give the body the oxygen it needs. Without enough oxygen, the monkey’s body cannot function properly. 4) Second, scientists wanted to try out new solutions that would keep the heart working. Sometimes the new solutions might fail. So, scientists didn’t want to try the solutions with people right away. They tried a solution with macaque monkeys. 5) Scientists developed an idea. Then, they tested an idea. They injected human stem cells from the human heart into the monkey’s heart. After four weeks the human heart cells grew where the monkey’s scar tissue was. After three months, the monkey’s heart got stronger. 6) Now scientists are using what they found in this experiment to help humans who have had heart attacks.: 7. The author of this article mainly wants you to learn
b. How scientists are learning to help humans with weak heart muscles
a. How difficult it is to find healthy macaque monkeys
d. How scientists work together to give tests to a sick person
c. How the scientists feel about injected human heart stem cells
Identify the article’s main idea: how scientists are using macaque monkey research to develop treatments for humans with weakened heart muscles.
The item primarily measures **reading comprehension—identifying the main idea of an informational science text**. The correct answer is **b: How scientists are learning to help humans with weak heart muscles**, because the passage traces research using macaque monkeys and stem cells to develop treatments for weakened human hearts.
This is a **moderate-demand reading-comprehension item** requiring **synthesis**, not simple recall. The reader must integrate the passage’s sequence—heart weakness, monkey research, stem-cell testing, and possible human applications—to identify the main idea.

- **Cognitive demand:** Multi-step reasoning across several paragraphs; distinguish the overall purpose from supporting details.
- **Distractors:** Options focus on narrow or unsupported details (monkey availability, testing sick people, scientists’ feelings), creating plausible-but-incorrect alternatives.
- **Structural load:** Long informational passage, technical vocabulary, and a numbered sequence (“First,” “Second,” “Now”) increase memory and integration demands.
- **Semantic complexity:** The correct answer requires recognizing the broad connection between animal experiments and helping humans, rather than selecting a specific experimental detail.
- **Correct answer:** **b. How scientists are learning to help humans with weak heart muscles**
The item requires a **moderate level of reading-comprehension ability**: the respondent must identify the passage’s overarching purpose and integrate its details, recognizing that scientists use macaque research to develop treatments for humans with weak heart muscles. It does not require specialized science knowledge, but it does require distinguishing the main idea from specific or unsupported details.","Original Text: 1) A human is a primate. In primates, the heart sends oxygen in the blood all around the body. The body must have oxygen to function properly. The strong heart muscle contracts to pump blood all around the body. A healthy heart never rests.2) But what happens when a person’s heart gets weaker? People with weak hearts need help. Scientists have to study a medical mystery. Then they might be able to help people. 3) First, scientists need to diagnose the reasons that a human heart gets weak. They need to do tests. But sometimes it would be hard on a sick person to have tests done. So, scientists study animals that have body systems like humans. Scientists knew that the macaque monkey’s heart is similar to the human heart. So, they did tests with macaque monkeys. The scientists learned what happens when a monkey has a heart attack. After a heart attack, the monkey’s heart muscle has scar tissue where it was damaged. The scar tissue cannot contract like a strong heart muscle can. Then the monkey’s heart cannot pump enough blood to give the body the oxygen it needs. Without enough oxygen, the monkey’s body cannot function properly. 4) Second, scientists wanted to try out new solutions that would keep the heart working. Sometimes the new solutions might fail. So, scientists didn’t want to try the solutions with people right away. They tried a solution with macaque monkeys. 5) Scientists developed an idea. Then, they tested an idea. They injected human stem cells from the human heart into the monkey’s heart. After four weeks the human heart cells grew where the monkey’s scar tissue was. After three months, the monkey’s heart got stronger. 6) Now scientists are using what they found in this experiment to help humans who have had heart attacks.: 7. The author of this article mainly wants you to learn
b. How scientists are learning to help humans with weak heart muscles
a. How difficult it is to find healthy macaque monkeys
d. How scientists work together to give tests to a sick person
c. How the scientists feel about injected human heart stem cells
Identify the article’s main idea: how scientists use macaque monkey research and stem cells to learn how to help humans with weakened heart muscles.
**Reading comprehension—identifying the main idea:** The item measures whether the reader recognizes that the article primarily explains **how scientists use macaque research and stem cells to develop treatments for humans with weakened heart muscles** (choice **b**).
This is a **moderate-demand reading synthesis item**: the reader must integrate the passage’s sequence of problem, animal testing, stem-cell treatment, and human application to identify the main idea (**b**), rather than recall one fact. Cognitive load comes from the long passage, causal and chronological reasoning, and distractors that mention peripheral or unsupported ideas. The language is mostly simple, though the nonstandard answer-choice order may add minor difficulty.
This item requires a **low-to-moderate level of reading comprehension**. Respondents must identify the article’s clearly repeated main idea—that scientists use macaque research to develop treatments for humans with weakened heart muscles—while rejecting distractors based on minor or unsupported details.",1.9153031571416632,-0.2054886806720866,-0.238263332232915,-0.2359680354343958,0.7898059193324445,857.0,gilbert_meta_103,1.6290838665954512,0.4479589674901673,1.2628120517916788,0.34724300845047706,1.4198166339302167,0.4179621337250602,1.0361638537576807,0.30502337052252554,1.3567649790546432,0.4250602754208222,1.0182277258936614,0.3190000952936197,1.433582505787002,0.4304996895180359,1.2889263353995595,0.3870599598985153,1.6455555435955727,0.4586148077869955,1.2285149788166212,0.3423859881644323,1.7250621050799446,0.457942820537381,1.2870635031222766,0.34166972255368333,1.513782586640029,0.4350988050214175,1.108855835577191,0.3187127750435595
cc_q20,"1) Some birds that are here today are smaller than they were many years ago. Why is this happening? It is a mystery. How do scientists study a mystery? 2) First, scientists try to understand the bird’s skeletal and muscular systems. Those systems help birds to fly. One thing scientists know is that birds’ bones are hollow inside. So, they don’t weigh much. Birds’ skeletons weigh less than their feathers. They have also learned that a bird wing works like a human arm. Birds contract their chest muscles to make their wings flap. 3) Second, scientists try to diagnose the reasons that the birds’ bodies might have changed over time. Some scientists thought that birds’ skeletal or muscular systems might have changed. So, they studied migratory birds in North America. Migratory birds fly long distances to warmer places for the winter. 4) Third, scientists measured the physical characteristics of the birds. They measured the size of the birds’ bones. They found some of the birds’ bones were shorter than they were 40 years ago. For example, the lower leg bone of many birds is smaller. 5) Fourth, scientists measured the migratory birds’ wings. They found the birds’ wings are longer than they used to be. 6) Many scientists asked, “Why are the birds’ bones smaller than they used be. But their wings are longer?” They thought about the long distance the birds fly in winter. They thought that the birds’ bodies changed to adapt to the long winter flight. They would need a lot of energy for the flight. A smaller body would have smaller muscles and less fat. But smaller bones and longer wings would make flying easier. 7) Over time, these characteristics of birds have become more common. The scientists came up with some very good ideas about why these skeletal changes might be occurring.",7. The author of this article mainly wants you to learn that,"1) Some birds that are here today are smaller than they were many years ago. Why is this happening? It is a mystery. How do scientists study a mystery? 2) First, scientists try to understand the bird’s skeletal and muscular systems. Those systems help birds to fly. One thing scientists know is that birds’ bones are hollow inside. So, they don’t weigh much. Birds’ skeletons weigh less than their feathers. They have also learned that a bird wing works like a human arm. Birds contract their chest muscles to make their wings flap. 3) Second, scientists try to diagnose the reasons that the birds’ bodies might have changed over time. Some scientists thought that birds’ skeletal or muscular systems might have changed. So, they studied migratory birds in North America. Migratory birds fly long distances to warmer places for the winter. 4) Third, scientists measured the physical characteristics of the birds. They measured the size of the birds’ bones. They found some of the birds’ bones were shorter than they were 40 years ago. For example, the lower leg bone of many birds is smaller. 5) Fourth, scientists measured the migratory birds’ wings. They found the birds’ wings are longer than they used to be. 6) Many scientists asked, “Why are the birds’ bones smaller than they used be. But their wings are longer?” They thought about the long distance the birds fly in winter. They thought that the birds’ bodies changed to adapt to the long winter flight. They would need a lot of energy for the flight. A smaller body would have smaller muscles and less fat. But smaller bones and longer wings would make flying easier. 7) Over time, these characteristics of birds have become more common. The scientists came up with some very good ideas about why these skeletal changes might be occurring.: 7. The author of this article mainly wants you to learn that
a. All animals including humans change over time
d. Scientists study living things to see how they change over time
b. Birds migrate to a warmer climate every winter
c. Birds’ wings are getting smaller and their bodies are getting larger","Original Text: 1) Some birds that are here today are smaller than they were many years ago. Why is this happening? It is a mystery. How do scientists study a mystery? 2) First, scientists try to understand the bird’s skeletal and muscular systems. Those systems help birds to fly. One thing scientists know is that birds’ bones are hollow inside. So, they don’t weigh much. Birds’ skeletons weigh less than their feathers. They have also learned that a bird wing works like a human arm. Birds contract their chest muscles to make their wings flap. 3) Second, scientists try to diagnose the reasons that the birds’ bodies might have changed over time. Some scientists thought that birds’ skeletal or muscular systems might have changed. So, they studied migratory birds in North America. Migratory birds fly long distances to warmer places for the winter. 4) Third, scientists measured the physical characteristics of the birds. They measured the size of the birds’ bones. They found some of the birds’ bones were shorter than they were 40 years ago. For example, the lower leg bone of many birds is smaller. 5) Fourth, scientists measured the migratory birds’ wings. They found the birds’ wings are longer than they used to be. 6) Many scientists asked, “Why are the birds’ bones smaller than they used be. But their wings are longer?” They thought about the long distance the birds fly in winter. They thought that the birds’ bodies changed to adapt to the long winter flight. They would need a lot of energy for the flight. A smaller body would have smaller muscles and less fat. But smaller bones and longer wings would make flying easier. 7) Over time, these characteristics of birds have become more common. The scientists came up with some very good ideas about why these skeletal changes might be occurring.: 7. The author of this article mainly wants you to learn that
a. All animals including humans change over time
d. Scientists study living things to see how they change over time
b. Birds migrate to a warmer climate every winter
c. Birds’ wings are getting smaller and their bodies are getting larger
The core task of this item is to identify the primary purpose or main idea of a text describing the scientific process used to investigate why certain bird species have developed smaller bodies and longer wings over time.
This assessment identifies the primary skill measured by the provided reading comprehension item.

**Skill:** Identifying the main idea or central theme.

**Justification:** The question asks the reader to determine the author's primary objective, requiring the synthesis of specific details regarding bird physiology and scientific methodology into a generalized conclusion about the passage's overarching message.
This analysis evaluates the cognitive demand and structural complexity of the provided reading comprehension item.

**Cognitive Demand**
This item requires **synthesis**. To identify the author’s main goal, the reader must integrate information across the seven-step narrative—moving from the initial mystery through the scientific process to the specific findings—to determine the overarching theme rather than focusing on isolated facts.

**Structural and Semantic Elements**
*   **Tricky Distractors:** Option (c) employs a **reversal distractor**, swapping the text's actual findings (smaller bodies/longer wings) to test precise literal comprehension. Option (b) is a **detail distractor**, presenting a factual statement from the text that is too narrow to be the main idea. Option (a) is an **over-generalization**, extending the text's specific focus on birds to all animals and humans.
*   **Complex Phrasing:** The prompt ""mainly wants you to learn"" necessitates a hierarchical evaluation of information, forcing the reader to distinguish between the scientific method (the process) and the specific biological findings (the evidence).
*   **Logical Load:** The numbered, chronological structure of the text requires the reader to maintain a mental map of a multi-stage investigation to reach the concluding synthesis.
To identify the author's primary purpose in this passage, a respondent requires a **moderate level of reading comprehension and cognitive synthesis**. The item demands the ability to distinguish between specific supporting details (such as bird migration or skeletal mechanics) and the overarching thematic framework of the text. A successful respondent must integrate information across multiple paragraphs to recognize that the narrative structure follows a scientific investigation, thereby identifying the central theme of how scientists study biological change over time rather than focusing on isolated facts or unsupported generalizations.","Original Text: 1) Some birds that are here today are smaller than they were many years ago. Why is this happening? It is a mystery. How do scientists study a mystery? 2) First, scientists try to understand the bird’s skeletal and muscular systems. Those systems help birds to fly. One thing scientists know is that birds’ bones are hollow inside. So, they don’t weigh much. Birds’ skeletons weigh less than their feathers. They have also learned that a bird wing works like a human arm. Birds contract their chest muscles to make their wings flap. 3) Second, scientists try to diagnose the reasons that the birds’ bodies might have changed over time. Some scientists thought that birds’ skeletal or muscular systems might have changed. So, they studied migratory birds in North America. Migratory birds fly long distances to warmer places for the winter. 4) Third, scientists measured the physical characteristics of the birds. They measured the size of the birds’ bones. They found some of the birds’ bones were shorter than they were 40 years ago. For example, the lower leg bone of many birds is smaller. 5) Fourth, scientists measured the migratory birds’ wings. They found the birds’ wings are longer than they used to be. 6) Many scientists asked, “Why are the birds’ bones smaller than they used be. But their wings are longer?” They thought about the long distance the birds fly in winter. They thought that the birds’ bodies changed to adapt to the long winter flight. They would need a lot of energy for the flight. A smaller body would have smaller muscles and less fat. But smaller bones and longer wings would make flying easier. 7) Over time, these characteristics of birds have become more common. The scientists came up with some very good ideas about why these skeletal changes might be occurring.: 7. The author of this article mainly wants you to learn that
a. All animals including humans change over time
d. Scientists study living things to see how they change over time
b. Birds migrate to a warmer climate every winter
c. Birds’ wings are getting smaller and their bodies are getting larger
The core task presented in this item requires the reader to determine the author's main purpose for writing the passage about scientists investigating changes in bird anatomy by selecting the most accurate statement from four multiple-choice options.
The core request is to classify the primary domain or skill assessed by the provided reading passage and multiple-choice question, accompanied by a brief rationale.

**Primary Skill:** Reading Comprehension (Identifying Main Idea / Author's Purpose)

**Justification:** The question explicitly asks what the author ""mainly wants you to learn,"" requiring the reader to synthesize the entire text and distinguish the overarching theme from specific supporting details.
To evaluate the cognitive demand and identify structural or semantic elements that increase the difficulty of this reading comprehension item:

This cognitive item requires synthesis. The reader must move beyond recalling specific facts to abstract the overarching main idea from the sequential details provided in the text. The cognitive load is increased by tricky distractors: option (b) is a true supporting detail rather than the main idea, option (c) directly reverses the factual details presented in the text (stating wings are smaller rather than longer), and option (a) overgeneralizes the text's scope. Endorsing the correct option (d) requires synthesizing the specific passage about birds into a broader generalization about scientific study.
Assessing the overall level of the underlying latent trait required to successfully answer this item indicates that a low-to-moderate level of reading comprehension is necessary. The respondent must synthesize the text's explicit, sequentially structured focus on scientific methodology to identify the main idea and eliminate distractors that are factually inaccurate, overly broad, or minor details.","Original Text: 1) Some birds that are here today are smaller than they were many years ago. Why is this happening? It is a mystery. How do scientists study a mystery? 2) First, scientists try to understand the bird’s skeletal and muscular systems. Those systems help birds to fly. One thing scientists know is that birds’ bones are hollow inside. So, they don’t weigh much. Birds’ skeletons weigh less than their feathers. They have also learned that a bird wing works like a human arm. Birds contract their chest muscles to make their wings flap. 3) Second, scientists try to diagnose the reasons that the birds’ bodies might have changed over time. Some scientists thought that birds’ skeletal or muscular systems might have changed. So, they studied migratory birds in North America. Migratory birds fly long distances to warmer places for the winter. 4) Third, scientists measured the physical characteristics of the birds. They measured the size of the birds’ bones. They found some of the birds’ bones were shorter than they were 40 years ago. For example, the lower leg bone of many birds is smaller. 5) Fourth, scientists measured the migratory birds’ wings. They found the birds’ wings are longer than they used to be. 6) Many scientists asked, “Why are the birds’ bones smaller than they used be. But their wings are longer?” They thought about the long distance the birds fly in winter. They thought that the birds’ bodies changed to adapt to the long winter flight. They would need a lot of energy for the flight. A smaller body would have smaller muscles and less fat. But smaller bones and longer wings would make flying easier. 7) Over time, these characteristics of birds have become more common. The scientists came up with some very good ideas about why these skeletal changes might be occurring.: 7. The author of this article mainly wants you to learn that
a. All animals including humans change over time
d. Scientists study living things to see how they change over time
b. Birds migrate to a warmer climate every winter
c. Birds’ wings are getting smaller and their bodies are getting larger
The core task is a multiple-choice reading comprehension question requiring the reader to identify the author's primary purpose or main intended takeaway from an informational text detailing how researchers investigate evolutionary physical adaptations in migratory birds over time.
The underlying cognitive skill evaluated by this assessment item is **Reading Comprehension**, specifically the ability to **determine the main idea or author's primary purpose**. 

**Justification:** The question requires the reader to synthesize information across the entire informational text to identify the overarching central message and intent of the author, rather than merely recalling isolated factual details.
**Core Demand Analysis**
This evaluation assesses the cognitive processing level and structural complexity required to identify the author's primary communicative intent in the provided reading passage.

* **Cognitive Demand Level:** **Synthesis**  
  The item requires high-level synthesis rather than simple recall. The reader must integrate structural markers across all seven sequential paragraphs (outlining a scientific investigation) to extract the overarching thesis rather than fixating on discrete supporting details.

* **Structural and Semantic Elements Increasing Cognitive Load:**
  * **Scope Distractors (Overgeneralization vs. Narrow Detail):** Option (a) introduces an overgeneralized scope shift by seizing on a minor comparative mention of human arms, while Option (b) uses a true, text-supported detail (migration) that fails as a global main idea.
  * **Inverted Semantic Distractor:** Option (c) tests precise textual tracking by inverting the stated physical changes (claiming wings are smaller and bodies are larger, directly opposite to the text's premise of smaller bones and longer wings).
  * **Abstraction from Chronological Narrative:** The passage uses a step-by-step process structure (""First,"" ""Second,"" ""Third""), requiring the reader to translate a specific case study about avian anatomy into the broader conceptual framework represented in the correct option (d).
To successfully identify the central purpose of this passage, a respondent requires a **low-to-moderate level of reading comprehension ability**. The item demands fundamental analytical skills to synthesize a sequentially structured, elementary-level informational text and distinguish the overarching theme from specific supporting details and factually incorrect distractors.","Original Text: 1) Some birds that are here today are smaller than they were many years ago. Why is this happening? It is a mystery. How do scientists study a mystery? 2) First, scientists try to understand the bird’s skeletal and muscular systems. Those systems help birds to fly. One thing scientists know is that birds’ bones are hollow inside. So, they don’t weigh much. Birds’ skeletons weigh less than their feathers. They have also learned that a bird wing works like a human arm. Birds contract their chest muscles to make their wings flap. 3) Second, scientists try to diagnose the reasons that the birds’ bodies might have changed over time. Some scientists thought that birds’ skeletal or muscular systems might have changed. So, they studied migratory birds in North America. Migratory birds fly long distances to warmer places for the winter. 4) Third, scientists measured the physical characteristics of the birds. They measured the size of the birds’ bones. They found some of the birds’ bones were shorter than they were 40 years ago. For example, the lower leg bone of many birds is smaller. 5) Fourth, scientists measured the migratory birds’ wings. They found the birds’ wings are longer than they used to be. 6) Many scientists asked, “Why are the birds’ bones smaller than they used be. But their wings are longer?” They thought about the long distance the birds fly in winter. They thought that the birds’ bodies changed to adapt to the long winter flight. They would need a lot of energy for the flight. A smaller body would have smaller muscles and less fat. But smaller bones and longer wings would make flying easier. 7) Over time, these characteristics of birds have become more common. The scientists came up with some very good ideas about why these skeletal changes might be occurring.: 7. The author of this article mainly wants you to learn that
a. All animals including humans change over time
d. Scientists study living things to see how they change over time
b. Birds migrate to a warmer climate every winter
c. Birds’ wings are getting smaller and their bodies are getting larger
The item asks for the main idea of an article about scientists investigating why some birds have changed over time, especially smaller bones and longer wings, and what that shows about how scientists study living things.
Primary domain: science reading comprehension, specifically understanding how scientists investigate biological change and adaptation over time. The item mainly measures the ability to identify the author’s central idea from an informational passage about bird morphology and migration.
This is a moderate-demand reading comprehension item: it requires synthesis across the passage and elimination of distractors, not simple recall. The correct choice depends on integrating the article’s main idea about scientists studying how birds change over time. Structural load comes from multiple answer choices that are plausible but off-target, plus wording that mixes specific details (migration, wing size, body size) with the broader theme.
A moderate reading-comprehension and inference level is needed: the respondent must understand a short science passage, identify the main idea, and reject distractors.","Original Text: 1) Some birds that are here today are smaller than they were many years ago. Why is this happening? It is a mystery. How do scientists study a mystery? 2) First, scientists try to understand the bird’s skeletal and muscular systems. Those systems help birds to fly. One thing scientists know is that birds’ bones are hollow inside. So, they don’t weigh much. Birds’ skeletons weigh less than their feathers. They have also learned that a bird wing works like a human arm. Birds contract their chest muscles to make their wings flap. 3) Second, scientists try to diagnose the reasons that the birds’ bodies might have changed over time. Some scientists thought that birds’ skeletal or muscular systems might have changed. So, they studied migratory birds in North America. Migratory birds fly long distances to warmer places for the winter. 4) Third, scientists measured the physical characteristics of the birds. They measured the size of the birds’ bones. They found some of the birds’ bones were shorter than they were 40 years ago. For example, the lower leg bone of many birds is smaller. 5) Fourth, scientists measured the migratory birds’ wings. They found the birds’ wings are longer than they used to be. 6) Many scientists asked, “Why are the birds’ bones smaller than they used be. But their wings are longer?” They thought about the long distance the birds fly in winter. They thought that the birds’ bodies changed to adapt to the long winter flight. They would need a lot of energy for the flight. A smaller body would have smaller muscles and less fat. But smaller bones and longer wings would make flying easier. 7) Over time, these characteristics of birds have become more common. The scientists came up with some very good ideas about why these skeletal changes might be occurring.: 7. The author of this article mainly wants you to learn that
a. All animals including humans change over time
d. Scientists study living things to see how they change over time
b. Birds migrate to a warmer climate every winter
c. Birds’ wings are getting smaller and their bodies are getting larger
The core idea is identifying the main point of a passage explaining how scientists investigate why migratory birds have changed over time, especially becoming smaller with longer wings, showing that scientists study living things to understand how they change.
This item is primarily measuring **reading comprehension of main idea/author’s purpose**. The passage explains how scientists investigate changes in birds over time, and the correct choice depends on identifying that the central message is about **scientists studying living things to understand change over time**, not recalling a single detail.
Core ask: assess the item’s cognitive demand and what in its wording/structure raises difficulty.

Moderate cognitive demand: this is mainly reading comprehension with multi-step reasoning, not mere recall. The reader must synthesize the passage’s sequence about how scientists investigate bird changes and infer the author’s main idea, while rejecting detail-based distractors.

Load-increasing elements:
- Main-idea question requires integrating all paragraphs, not retrieving one fact.
- Numbered “First/Second/Third/Fourth” structure adds procedural detail that must be tracked.
- Contrast in findings: smaller bones/body but longer wings.
- Causal/speculative language (“might,” “they thought,” “adapt”) requires distinguishing evidence from explanation.
- Distractors are semantically close to passage details: migration, change over time, body-size trends.
- One distractor reverses the passage (“wings smaller,” “bodies larger”), making careful comparison necessary.
- Slightly awkward/erroneous phrasing and answer-order formatting may add minor processing burden.

Threshold for endorsement: not applicable; this is a cognitive item, not an attitudinal/psychological one.
This item appears to require a moderately high level of the latent trait. A respondent must integrate the passage’s overall purpose across multiple paragraphs, distinguish the main idea from specific details, and reject plausible but incorrect distractors. Successful endorsement reflects solid reading comprehension and inferential summarization rather than only literal recall.","Original Text: 1) Some birds that are here today are smaller than they were many years ago. Why is this happening? It is a mystery. How do scientists study a mystery? 2) First, scientists try to understand the bird’s skeletal and muscular systems. Those systems help birds to fly. One thing scientists know is that birds’ bones are hollow inside. So, they don’t weigh much. Birds’ skeletons weigh less than their feathers. They have also learned that a bird wing works like a human arm. Birds contract their chest muscles to make their wings flap. 3) Second, scientists try to diagnose the reasons that the birds’ bodies might have changed over time. Some scientists thought that birds’ skeletal or muscular systems might have changed. So, they studied migratory birds in North America. Migratory birds fly long distances to warmer places for the winter. 4) Third, scientists measured the physical characteristics of the birds. They measured the size of the birds’ bones. They found some of the birds’ bones were shorter than they were 40 years ago. For example, the lower leg bone of many birds is smaller. 5) Fourth, scientists measured the migratory birds’ wings. They found the birds’ wings are longer than they used to be. 6) Many scientists asked, “Why are the birds’ bones smaller than they used be. But their wings are longer?” They thought about the long distance the birds fly in winter. They thought that the birds’ bodies changed to adapt to the long winter flight. They would need a lot of energy for the flight. A smaller body would have smaller muscles and less fat. But smaller bones and longer wings would make flying easier. 7) Over time, these characteristics of birds have become more common. The scientists came up with some very good ideas about why these skeletal changes might be occurring.: 7. The author of this article mainly wants you to learn that
a. All animals including humans change over time
d. Scientists study living things to see how they change over time
b. Birds migrate to a warmer climate every winter
c. Birds’ wings are getting smaller and their bodies are getting larger
Identify the article’s main idea: scientists study birds to understand how their physical characteristics change over time.
**Primary domain:** Reading comprehension—identifying the main idea.  

**Justification:** The item asks learners to determine the author’s central message: scientists study living things to understand how they change over time (option **d**).
This is a **moderate-demand reading-comprehension item** requiring **synthesis**, not simple recall. The respondent must integrate the passage’s examples of scientists investigating bird changes and identify its overarching purpose: **scientists study living things to understand how they change over time**.

Cognitive load increases through:
- A long, sequential passage with multiple scientific steps.
- Need to distinguish the main idea from supporting details.
- Plausible distractors based on isolated information, especially migration and changes in wings/body size.
- Broad wording such as “mainly wants you to learn,” requiring attention to authorial purpose.
- Minor structural/typographical issues, including repeated numbering and a distractor order of a, d, b, c, which may add slight processing burden.
The item requires a **moderate level of reading comprehension and inferential reasoning**. The respondent must identify the passage’s central purpose—how scientists study changes in living things—rather than select a specific factual detail.","Original Text: 1) Some birds that are here today are smaller than they were many years ago. Why is this happening? It is a mystery. How do scientists study a mystery? 2) First, scientists try to understand the bird’s skeletal and muscular systems. Those systems help birds to fly. One thing scientists know is that birds’ bones are hollow inside. So, they don’t weigh much. Birds’ skeletons weigh less than their feathers. They have also learned that a bird wing works like a human arm. Birds contract their chest muscles to make their wings flap. 3) Second, scientists try to diagnose the reasons that the birds’ bodies might have changed over time. Some scientists thought that birds’ skeletal or muscular systems might have changed. So, they studied migratory birds in North America. Migratory birds fly long distances to warmer places for the winter. 4) Third, scientists measured the physical characteristics of the birds. They measured the size of the birds’ bones. They found some of the birds’ bones were shorter than they were 40 years ago. For example, the lower leg bone of many birds is smaller. 5) Fourth, scientists measured the migratory birds’ wings. They found the birds’ wings are longer than they used to be. 6) Many scientists asked, “Why are the birds’ bones smaller than they used be. But their wings are longer?” They thought about the long distance the birds fly in winter. They thought that the birds’ bodies changed to adapt to the long winter flight. They would need a lot of energy for the flight. A smaller body would have smaller muscles and less fat. But smaller bones and longer wings would make flying easier. 7) Over time, these characteristics of birds have become more common. The scientists came up with some very good ideas about why these skeletal changes might be occurring.: 7. The author of this article mainly wants you to learn that
a. All animals including humans change over time
d. Scientists study living things to see how they change over time
b. Birds migrate to a warmer climate every winter
c. Birds’ wings are getting smaller and their bodies are getting larger
Identify the article’s main idea: scientists study birds to understand how their bodies change over time.
**Primary skill: Reading comprehension—identifying the author’s main idea.** The item asks the reader to distinguish the passage’s central message—that scientists study how living things change over time—from supporting details about bird anatomy, migration, and adaptation.
**Moderate cognitive demand:** requires synthesizing the passage’s repeated examples to identify the main idea, not simple recall. The long passage, scientific vocabulary, and nonstandard option order add load. Distractors include an overgeneralization (a), a supporting detail with absolute wording (b), and a reversal of the findings (c). Correct answer: **d**.
This item requires a **moderate level of reading comprehension**. Respondents must identify the article’s main idea—that scientists study living things to understand changes over time—rather than select a specific detail or a statement contradicted by the passage.",0.584369373223152,1.9102553855586504,1.2493535667900553,1.39189753696212,4.022475611969055,1371.0,gilbert_meta_103,1.6908500319285191,0.5051559987595389,1.3106911448052032,0.39158025952436826,1.7157412214463679,0.5048754951922221,1.2521257982051197,0.3684516199236908,1.6987131602065504,0.5116571260047276,1.2748536885643542,0.38398947488465346,1.5137712560667205,0.4486748815359041,1.36102361031822,0.4034011774763021,1.6480234947075767,0.468848954526532,1.230357465944986,0.3500264489278873,1.6911875256063884,0.48829669965603034,1.2617897841091235,0.3643166579172008,1.73728059936221,0.5107957159416718,1.2725696197322651,0.37416126688768625
cc_q3,"1) A human is a primate. In primates, the heart sends oxygen in the blood all around the body. The body must have oxygen to function properly. The strong heart muscle contracts to pump blood all around the body. A healthy heart never rests.2) But what happens when a person’s heart gets weaker? People with weak hearts need help. Scientists have to study a medical mystery. Then they might be able to help people. 3) First, scientists need to diagnose the reasons that a human heart gets weak. They need to do tests. But sometimes it would be hard on a sick person to have tests done. So, scientists study animals that have body systems like humans. Scientists knew that the macaque monkey’s heart is similar to the human heart. So, they did tests with macaque monkeys. The scientists learned what happens when a monkey has a heart attack. After a heart attack, the monkey’s heart muscle has scar tissue where it was damaged. The scar tissue cannot contract like a strong heart muscle can. Then the monkey’s heart cannot pump enough blood to give the body the oxygen it needs. Without enough oxygen, the monkey’s body cannot function properly. 4) Second, scientists wanted to try out new solutions that would keep the heart working. Sometimes the new solutions might fail. So, scientists didn’t want to try the solutions with people right away. They tried a solution with macaque monkeys. 5) Scientists developed an idea. Then, they tested an idea. They injected human stem cells from the human heart into the monkey’s heart. After four weeks the human heart cells grew where the monkey’s scar tissue was. After three months, the monkey’s heart got stronger. 6) Now scientists are using what they found in this experiment to help humans who have had heart attacks.","2. According to paragraph 3, why do scientists study macaque monkeys?","1) A human is a primate. In primates, the heart sends oxygen in the blood all around the body. The body must have oxygen to function properly. The strong heart muscle contracts to pump blood all around the body. A healthy heart never rests.2) But what happens when a person’s heart gets weaker? People with weak hearts need help. Scientists have to study a medical mystery. Then they might be able to help people. 3) First, scientists need to diagnose the reasons that a human heart gets weak. They need to do tests. But sometimes it would be hard on a sick person to have tests done. So, scientists study animals that have body systems like humans. Scientists knew that the macaque monkey’s heart is similar to the human heart. So, they did tests with macaque monkeys. The scientists learned what happens when a monkey has a heart attack. After a heart attack, the monkey’s heart muscle has scar tissue where it was damaged. The scar tissue cannot contract like a strong heart muscle can. Then the monkey’s heart cannot pump enough blood to give the body the oxygen it needs. Without enough oxygen, the monkey’s body cannot function properly. 4) Second, scientists wanted to try out new solutions that would keep the heart working. Sometimes the new solutions might fail. So, scientists didn’t want to try the solutions with people right away. They tried a solution with macaque monkeys. 5) Scientists developed an idea. Then, they tested an idea. They injected human stem cells from the human heart into the monkey’s heart. After four weeks the human heart cells grew where the monkey’s scar tissue was. After three months, the monkey’s heart got stronger. 6) Now scientists are using what they found in this experiment to help humans who have had heart attacks.: 2. According to paragraph 3, why do scientists study macaque monkeys?
a. Their heart muscles are similar to humans
c. Their heart muscles pump blood
b. Their heart muscles are always strong
d. Their heart muscles have scar tissue","Original Text: 1) A human is a primate. In primates, the heart sends oxygen in the blood all around the body. The body must have oxygen to function properly. The strong heart muscle contracts to pump blood all around the body. A healthy heart never rests.2) But what happens when a person’s heart gets weaker? People with weak hearts need help. Scientists have to study a medical mystery. Then they might be able to help people. 3) First, scientists need to diagnose the reasons that a human heart gets weak. They need to do tests. But sometimes it would be hard on a sick person to have tests done. So, scientists study animals that have body systems like humans. Scientists knew that the macaque monkey’s heart is similar to the human heart. So, they did tests with macaque monkeys. The scientists learned what happens when a monkey has a heart attack. After a heart attack, the monkey’s heart muscle has scar tissue where it was damaged. The scar tissue cannot contract like a strong heart muscle can. Then the monkey’s heart cannot pump enough blood to give the body the oxygen it needs. Without enough oxygen, the monkey’s body cannot function properly. 4) Second, scientists wanted to try out new solutions that would keep the heart working. Sometimes the new solutions might fail. So, scientists didn’t want to try the solutions with people right away. They tried a solution with macaque monkeys. 5) Scientists developed an idea. Then, they tested an idea. They injected human stem cells from the human heart into the monkey’s heart. After four weeks the human heart cells grew where the monkey’s scar tissue was. After three months, the monkey’s heart got stronger. 6) Now scientists are using what they found in this experiment to help humans who have had heart attacks.: 2. According to paragraph 3, why do scientists study macaque monkeys?
a. Their heart muscles are similar to humans
c. Their heart muscles pump blood
b. Their heart muscles are always strong
d. Their heart muscles have scar tissue
Identify the specific justification provided in the text for utilizing macaque monkeys as research subjects in cardiac studies.
This item measures the skill of **Reading Comprehension (Literal Information Retrieval)**. It requires the respondent to locate and identify a specific, explicitly stated detail within a designated section of the text to explain the rationale for a scientific action.
This analysis evaluates the cognitive demand and structural complexity of the question regarding why scientists study macaque monkeys based on the provided text.

**Cognitive Demand**
This item requires **recall** and **locating specific information**. The reader must identify a literal statement within paragraph 3 and match it to the correct option. It does not require synthesis or multi-step reasoning, as the answer is explicitly stated in the text.

**Structural and Semantic Elements**
*   **Direct Referencing:** Explicitly pointing to ""paragraph 3"" narrows the search field, reducing cognitive load.
*   **Semantic Distractors:** Options (c) and (d) utilize keywords found in the same paragraph (pumping blood, scar tissue), which functions as a trap for readers who skim for familiar terms rather than identifying the specific causal relationship.
*   **Causal Logic:** The item requires the reader to distinguish between the *prerequisite* for the study (similarity to humans) and the *findings* of the study (scar tissue), testing the ability to isolate a specific reason from a sequence of events.
To describe the level of the latent trait—specifically literal reading comprehension and cognitive processing—required to correctly identify why scientists study macaque monkeys based on the provided text:

This item requires a **low to moderate level of cognitive ability**. A respondent must possess the foundational reading skills necessary to locate a specific paragraph, identify an explicit statement of rationale (""the macaque monkey’s heart is similar to the human heart""), and match that information to a direct paraphrase in the multiple-choice options. The task demands basic information retrieval and the ability to distinguish a primary cause from secondary details or distractors mentioned later in the passage.","Original Text: 1) A human is a primate. In primates, the heart sends oxygen in the blood all around the body. The body must have oxygen to function properly. The strong heart muscle contracts to pump blood all around the body. A healthy heart never rests.2) But what happens when a person’s heart gets weaker? People with weak hearts need help. Scientists have to study a medical mystery. Then they might be able to help people. 3) First, scientists need to diagnose the reasons that a human heart gets weak. They need to do tests. But sometimes it would be hard on a sick person to have tests done. So, scientists study animals that have body systems like humans. Scientists knew that the macaque monkey’s heart is similar to the human heart. So, they did tests with macaque monkeys. The scientists learned what happens when a monkey has a heart attack. After a heart attack, the monkey’s heart muscle has scar tissue where it was damaged. The scar tissue cannot contract like a strong heart muscle can. Then the monkey’s heart cannot pump enough blood to give the body the oxygen it needs. Without enough oxygen, the monkey’s body cannot function properly. 4) Second, scientists wanted to try out new solutions that would keep the heart working. Sometimes the new solutions might fail. So, scientists didn’t want to try the solutions with people right away. They tried a solution with macaque monkeys. 5) Scientists developed an idea. Then, they tested an idea. They injected human stem cells from the human heart into the monkey’s heart. After four weeks the human heart cells grew where the monkey’s scar tissue was. After three months, the monkey’s heart got stronger. 6) Now scientists are using what they found in this experiment to help humans who have had heart attacks.: 2. According to paragraph 3, why do scientists study macaque monkeys?
a. Their heart muscles are similar to humans
c. Their heart muscles pump blood
b. Their heart muscles are always strong
d. Their heart muscles have scar tissue
The core task of this item is a reading comprehension question requiring the reader to use the provided text to identify the specific reason scientists use macaque monkeys for heart research.
The objective is to identify the primary domain, skill, symptom, belief, or construct measured by the provided text and question, accompanied by a concise justification.

Primary Skill: Reading comprehension (specifically, information retrieval and literal comprehension).

Justification: The item requires the reader to locate and extract explicitly stated factual information from a designated section of the text (paragraph 3) to identify the reason scientists use macaque monkeys for cardiac research.
In analyzing the cognitive demand and structural elements of this reading comprehension item, the question primarily requires direct recall and information location. The cognitive load is minimized by explicitly directing the reader to a specific section (""paragraph 3""). The primary structural element increasing the threshold for the correct answer is the use of tricky distractors (e.g., pumping blood, having scar tissue); these options contain factually accurate details from the text but fail to answer the specific causal question of why the monkeys were chosen for the study.
Regarding the overall level of the underlying latent trait required for a respondent to successfully answer the item about why scientists study macaque monkeys, a low level of reading comprehension and cognitive ability is necessary, as the correct response requires only direct, literal retrieval of information explicitly stated in the text.","Original Text: 1) A human is a primate. In primates, the heart sends oxygen in the blood all around the body. The body must have oxygen to function properly. The strong heart muscle contracts to pump blood all around the body. A healthy heart never rests.2) But what happens when a person’s heart gets weaker? People with weak hearts need help. Scientists have to study a medical mystery. Then they might be able to help people. 3) First, scientists need to diagnose the reasons that a human heart gets weak. They need to do tests. But sometimes it would be hard on a sick person to have tests done. So, scientists study animals that have body systems like humans. Scientists knew that the macaque monkey’s heart is similar to the human heart. So, they did tests with macaque monkeys. The scientists learned what happens when a monkey has a heart attack. After a heart attack, the monkey’s heart muscle has scar tissue where it was damaged. The scar tissue cannot contract like a strong heart muscle can. Then the monkey’s heart cannot pump enough blood to give the body the oxygen it needs. Without enough oxygen, the monkey’s body cannot function properly. 4) Second, scientists wanted to try out new solutions that would keep the heart working. Sometimes the new solutions might fail. So, scientists didn’t want to try the solutions with people right away. They tried a solution with macaque monkeys. 5) Scientists developed an idea. Then, they tested an idea. They injected human stem cells from the human heart into the monkey’s heart. After four weeks the human heart cells grew where the monkey’s scar tissue was. After three months, the monkey’s heart got stronger. 6) Now scientists are using what they found in this experiment to help humans who have had heart attacks.: 2. According to paragraph 3, why do scientists study macaque monkeys?
a. Their heart muscles are similar to humans
c. Their heart muscles pump blood
b. Their heart muscles are always strong
d. Their heart muscles have scar tissue
The core task is a reading comprehension question requiring the selection of the correct reason, based on paragraph 3, explaining why researchers conduct heart studies on macaque monkeys instead of humans.
**Target Skill/Construct Measured:** Reading Comprehension (Explicit Detail Retrieval and Text-Based Fact Recall)

**Justification:** This item assesses the reader's ability to locate, understand, and extract directly stated factual information from an informational text, specifically requiring the identification of an explicitly provided reason in paragraph 3 for why researchers selected macaque monkeys as test subjects.
**Demand and Structural Analysis:**

* **Cognitive Demand Level:** **Direct Recall / Explicit Retrieval (Low Demand)**
  The item requires locating explicitly stated, literal information within the text rather than synthesis or multi-step inferential reasoning. The passage provides a direct causal statement (""Scientists knew that the macaque monkey’s heart is similar to the human heart. So, they did tests...""), which maps directly to the correct answer.

* **Structural and Semantic Elements Affecting Load:**
  * **Locational Scaffolding:** Explicitly referencing ""paragraph 3"" significantly reduces the search space and cognitive load.
  * **Lexical Matching:** The correct option relies on near-verbatim phrasing (""similar to"") found directly in the target sentence.
  * **Distractor Design:** Distractors (c) and (d) incorporate true details from the surrounding text (blood pumping and scar tissue), which introduces a minor need to differentiate between general textual facts and the specific causal rationale for the scientific choice.
The overall level of the underlying latent trait—basic reading comprehension and literal information retrieval ability—required to correctly answer this item is low to moderate (elementary cognitive level), as the task only necessitates locating and matching a directly stated fact from the designated paragraph with minimal inferential reasoning.","Original Text: 1) A human is a primate. In primates, the heart sends oxygen in the blood all around the body. The body must have oxygen to function properly. The strong heart muscle contracts to pump blood all around the body. A healthy heart never rests.2) But what happens when a person’s heart gets weaker? People with weak hearts need help. Scientists have to study a medical mystery. Then they might be able to help people. 3) First, scientists need to diagnose the reasons that a human heart gets weak. They need to do tests. But sometimes it would be hard on a sick person to have tests done. So, scientists study animals that have body systems like humans. Scientists knew that the macaque monkey’s heart is similar to the human heart. So, they did tests with macaque monkeys. The scientists learned what happens when a monkey has a heart attack. After a heart attack, the monkey’s heart muscle has scar tissue where it was damaged. The scar tissue cannot contract like a strong heart muscle can. Then the monkey’s heart cannot pump enough blood to give the body the oxygen it needs. Without enough oxygen, the monkey’s body cannot function properly. 4) Second, scientists wanted to try out new solutions that would keep the heart working. Sometimes the new solutions might fail. So, scientists didn’t want to try the solutions with people right away. They tried a solution with macaque monkeys. 5) Scientists developed an idea. Then, they tested an idea. They injected human stem cells from the human heart into the monkey’s heart. After four weeks the human heart cells grew where the monkey’s scar tissue was. After three months, the monkey’s heart got stronger. 6) Now scientists are using what they found in this experiment to help humans who have had heart attacks.: 2. According to paragraph 3, why do scientists study macaque monkeys?
a. Their heart muscles are similar to humans
c. Their heart muscles pump blood
b. Their heart muscles are always strong
d. Their heart muscles have scar tissue
The item asks for the main idea of a passage about scientists using macaque monkeys to study weak human hearts and test a stem-cell treatment, and it includes a multiple-choice question asking why scientists study macaque monkeys.
Primary domain: reading comprehension / science literacy. It assesses understanding of why macaque monkeys were used in the experiment—because their heart anatomy and function are similar to humans, making them a useful model for studying heart weakness and testing treatments.
This is a low-to-moderate demand reading-comprehension item. It mainly requires recall of a stated detail from paragraph 3, not multi-step reasoning or synthesis.

The correct choice hinges on a direct comparison: scientists study macaque monkeys because their heart muscles are similar to humans. The wording is straightforward, with no strong distractors or tricky conditional logic; the main load comes from locating the relevant sentence and distinguishing “similar to humans” from the more general or misleading options.
A low level of underlying reading comprehension is required to answer this item correctly, since it mainly asks the respondent to identify a directly stated reason from the passage.","Original Text: 1) A human is a primate. In primates, the heart sends oxygen in the blood all around the body. The body must have oxygen to function properly. The strong heart muscle contracts to pump blood all around the body. A healthy heart never rests.2) But what happens when a person’s heart gets weaker? People with weak hearts need help. Scientists have to study a medical mystery. Then they might be able to help people. 3) First, scientists need to diagnose the reasons that a human heart gets weak. They need to do tests. But sometimes it would be hard on a sick person to have tests done. So, scientists study animals that have body systems like humans. Scientists knew that the macaque monkey’s heart is similar to the human heart. So, they did tests with macaque monkeys. The scientists learned what happens when a monkey has a heart attack. After a heart attack, the monkey’s heart muscle has scar tissue where it was damaged. The scar tissue cannot contract like a strong heart muscle can. Then the monkey’s heart cannot pump enough blood to give the body the oxygen it needs. Without enough oxygen, the monkey’s body cannot function properly. 4) Second, scientists wanted to try out new solutions that would keep the heart working. Sometimes the new solutions might fail. So, scientists didn’t want to try the solutions with people right away. They tried a solution with macaque monkeys. 5) Scientists developed an idea. Then, they tested an idea. They injected human stem cells from the human heart into the monkey’s heart. After four weeks the human heart cells grew where the monkey’s scar tissue was. After three months, the monkey’s heart got stronger. 6) Now scientists are using what they found in this experiment to help humans who have had heart attacks.: 2. According to paragraph 3, why do scientists study macaque monkeys?
a. Their heart muscles are similar to humans
c. Their heart muscles pump blood
b. Their heart muscles are always strong
d. Their heart muscles have scar tissue
The item asks why, based on paragraph 3, scientists study macaque monkeys: because their hearts are similar to human hearts.
Primary domain: Reading comprehension / informational text interpretation.

Justification: The item asks the reader to identify the explicit reason stated in paragraph 3 for why scientists study macaque monkeys, so it measures ability to locate and understand a stated detail in a science passage rather than science knowledge itself.
Core ask: assess the item’s cognitive demand and note wording/features that raise difficulty.

This is a low-to-moderate cognitive-demand reading-comprehension item. It mainly requires recall/local inference from paragraph 3, not multi-step reasoning or synthesis. The test-taker must identify the stated reason scientists study macaque monkeys: their hearts are similar to human hearts.

Load-increasing elements:
- Long passage with substantial irrelevant detail before the target sentence.
- The stem restricts evidence to “According to paragraph 3,” requiring selective retrieval.
- Distractors reuse passage language, making them plausible:
  - “pump blood” is true but not the reason.
  - “have scar tissue” refers to what happens after heart attack, not why they were chosen.
  - “always strong” contradicts the passage but echoes earlier heart descriptions.
- Minor phrasing issue: choice “similar to humans” is slightly imprecise/elliptical for “similar to human hearts.”
This item appears to require a moderately high level of the underlying trait—here, reading comprehension/scientific reasoning. A respondent must integrate information from paragraph 3, identify the stated reason scientists chose macaque monkeys, and distinguish the correct causal explanation from plausible but text-based distractors. Successful responding reflects solid literal comprehension with some inference and careful discrimination, but not an exceptionally advanced level.","Original Text: 1) A human is a primate. In primates, the heart sends oxygen in the blood all around the body. The body must have oxygen to function properly. The strong heart muscle contracts to pump blood all around the body. A healthy heart never rests.2) But what happens when a person’s heart gets weaker? People with weak hearts need help. Scientists have to study a medical mystery. Then they might be able to help people. 3) First, scientists need to diagnose the reasons that a human heart gets weak. They need to do tests. But sometimes it would be hard on a sick person to have tests done. So, scientists study animals that have body systems like humans. Scientists knew that the macaque monkey’s heart is similar to the human heart. So, they did tests with macaque monkeys. The scientists learned what happens when a monkey has a heart attack. After a heart attack, the monkey’s heart muscle has scar tissue where it was damaged. The scar tissue cannot contract like a strong heart muscle can. Then the monkey’s heart cannot pump enough blood to give the body the oxygen it needs. Without enough oxygen, the monkey’s body cannot function properly. 4) Second, scientists wanted to try out new solutions that would keep the heart working. Sometimes the new solutions might fail. So, scientists didn’t want to try the solutions with people right away. They tried a solution with macaque monkeys. 5) Scientists developed an idea. Then, they tested an idea. They injected human stem cells from the human heart into the monkey’s heart. After four weeks the human heart cells grew where the monkey’s scar tissue was. After three months, the monkey’s heart got stronger. 6) Now scientists are using what they found in this experiment to help humans who have had heart attacks.: 2. According to paragraph 3, why do scientists study macaque monkeys?
a. Their heart muscles are similar to humans
c. Their heart muscles pump blood
b. Their heart muscles are always strong
d. Their heart muscles have scar tissue
The question asks why scientists study macaque monkeys, focusing on the similarity between macaque and human heart systems.
**Primary domain:** Reading comprehension—identifying explicitly stated supporting details and rationale.  

**Justification:** The item asks learners to locate paragraph 3’s reason for studying macaque monkeys: their hearts are similar to human hearts.
This is a **low-demand recall/comprehension item**: it requires locating and recalling the explicit reason in paragraph 3, not multi-step reasoning or synthesis. The distractors are related to heart function or damage but are unsupported, creating modest discrimination. Wording is simple, with no conditional logic, complex phrasing, or elevated emotional threshold.
This item requires a **low to moderate level of reading comprehension**: the respondent must identify an explicitly stated detail—that macaque monkeys’ hearts are similar to human hearts. It requires basic vocabulary and passage recall, but little inference or advanced scientific knowledge.","Original Text: 1) A human is a primate. In primates, the heart sends oxygen in the blood all around the body. The body must have oxygen to function properly. The strong heart muscle contracts to pump blood all around the body. A healthy heart never rests.2) But what happens when a person’s heart gets weaker? People with weak hearts need help. Scientists have to study a medical mystery. Then they might be able to help people. 3) First, scientists need to diagnose the reasons that a human heart gets weak. They need to do tests. But sometimes it would be hard on a sick person to have tests done. So, scientists study animals that have body systems like humans. Scientists knew that the macaque monkey’s heart is similar to the human heart. So, they did tests with macaque monkeys. The scientists learned what happens when a monkey has a heart attack. After a heart attack, the monkey’s heart muscle has scar tissue where it was damaged. The scar tissue cannot contract like a strong heart muscle can. Then the monkey’s heart cannot pump enough blood to give the body the oxygen it needs. Without enough oxygen, the monkey’s body cannot function properly. 4) Second, scientists wanted to try out new solutions that would keep the heart working. Sometimes the new solutions might fail. So, scientists didn’t want to try the solutions with people right away. They tried a solution with macaque monkeys. 5) Scientists developed an idea. Then, they tested an idea. They injected human stem cells from the human heart into the monkey’s heart. After four weeks the human heart cells grew where the monkey’s scar tissue was. After three months, the monkey’s heart got stronger. 6) Now scientists are using what they found in this experiment to help humans who have had heart attacks.: 2. According to paragraph 3, why do scientists study macaque monkeys?
a. Their heart muscles are similar to humans
c. Their heart muscles pump blood
b. Their heart muscles are always strong
d. Their heart muscles have scar tissue
Identify why scientists study macaque monkeys: their heart muscles are similar to those of humans.
**Primary skill: Reading comprehension—identifying an explicitly stated reason.** The item asks learners to locate the causal detail in paragraph 3 that scientists study macaque monkeys because their hearts are similar to human hearts (choice **a**).
Low-demand recall item requiring one-step identification of an explicitly stated reason: macaque hearts are similar to human hearts (a). Cognitive load is mildly increased by the long passage and plausible distractors drawn from nearby details; option (a) also shifts slightly from “heart” to “heart muscles.” No multi-step reasoning or synthesis is required.
This item requires a **low level of the underlying reading-comprehension trait**. The correct answer is stated explicitly in paragraph 3, so respondents mainly need to locate and match the detail that macaque hearts are similar to human hearts.",1.8257630056618397,-0.3440497832385031,-0.4560112521342946,-0.4726308528307185,0.6233601403416049,775.0,gilbert_meta_103,-1.3511075865857662,0.43458492819739103,-1.0473340130569058,0.33687589454900024,-1.4597634551375767,0.455676313693532,-1.0653165282780594,0.33254669228363903,-1.1945233749624267,0.42133686472271525,-0.8964683186783723,0.3162057425013305,-0.30623001340256595,0.3556416132553369,-0.2753297611898814,0.31975546537319144,0.45844088885223216,0.3637421750109015,0.3422561462898822,0.27155735469847786,-1.357255177012922,0.42808816218544654,-1.012643891262188,0.31939525426074106,-1.3932751323609764,0.4462913127308571,-1.0205833220159983,0.3269113615498964
cc_q16,"1) Some birds that are here today are smaller than they were many years ago. Why is this happening? It is a mystery. How do scientists study a mystery? 2) First, scientists try to understand the bird’s skeletal and muscular systems. Those systems help birds to fly. One thing scientists know is that birds’ bones are hollow inside. So, they don’t weigh much. Birds’ skeletons weigh less than their feathers. They have also learned that a bird wing works like a human arm. Birds contract their chest muscles to make their wings flap. 3) Second, scientists try to diagnose the reasons that the birds’ bodies might have changed over time. Some scientists thought that birds’ skeletal or muscular systems might have changed. So, they studied migratory birds in North America. Migratory birds fly long distances to warmer places for the winter. 4) Third, scientists measured the physical characteristics of the birds. They measured the size of the birds’ bones. They found some of the birds’ bones were shorter than they were 40 years ago. For example, the lower leg bone of many birds is smaller. 5) Fourth, scientists measured the migratory birds’ wings. They found the birds’ wings are longer than they used to be. 6) Many scientists asked, “Why are the birds’ bones smaller than they used be. But their wings are longer?” They thought about the long distance the birds fly in winter. They thought that the birds’ bodies changed to adapt to the long winter flight. They would need a lot of energy for the flight. A smaller body would have smaller muscles and less fat. But smaller bones and longer wings would make flying easier. 7) Over time, these characteristics of birds have become more common. The scientists came up with some very good ideas about why these skeletal changes might be occurring.","3. Scientists found that when one part of a bird became smaller, another part became?","1) Some birds that are here today are smaller than they were many years ago. Why is this happening? It is a mystery. How do scientists study a mystery? 2) First, scientists try to understand the bird’s skeletal and muscular systems. Those systems help birds to fly. One thing scientists know is that birds’ bones are hollow inside. So, they don’t weigh much. Birds’ skeletons weigh less than their feathers. They have also learned that a bird wing works like a human arm. Birds contract their chest muscles to make their wings flap. 3) Second, scientists try to diagnose the reasons that the birds’ bodies might have changed over time. Some scientists thought that birds’ skeletal or muscular systems might have changed. So, they studied migratory birds in North America. Migratory birds fly long distances to warmer places for the winter. 4) Third, scientists measured the physical characteristics of the birds. They measured the size of the birds’ bones. They found some of the birds’ bones were shorter than they were 40 years ago. For example, the lower leg bone of many birds is smaller. 5) Fourth, scientists measured the migratory birds’ wings. They found the birds’ wings are longer than they used to be. 6) Many scientists asked, “Why are the birds’ bones smaller than they used be. But their wings are longer?” They thought about the long distance the birds fly in winter. They thought that the birds’ bodies changed to adapt to the long winter flight. They would need a lot of energy for the flight. A smaller body would have smaller muscles and less fat. But smaller bones and longer wings would make flying easier. 7) Over time, these characteristics of birds have become more common. The scientists came up with some very good ideas about why these skeletal changes might be occurring.: 3. Scientists found that when one part of a bird became smaller, another part became?
c. heavier
b. larger
d. lighter
a. smaller","Original Text: 1) Some birds that are here today are smaller than they were many years ago. Why is this happening? It is a mystery. How do scientists study a mystery? 2) First, scientists try to understand the bird’s skeletal and muscular systems. Those systems help birds to fly. One thing scientists know is that birds’ bones are hollow inside. So, they don’t weigh much. Birds’ skeletons weigh less than their feathers. They have also learned that a bird wing works like a human arm. Birds contract their chest muscles to make their wings flap. 3) Second, scientists try to diagnose the reasons that the birds’ bodies might have changed over time. Some scientists thought that birds’ skeletal or muscular systems might have changed. So, they studied migratory birds in North America. Migratory birds fly long distances to warmer places for the winter. 4) Third, scientists measured the physical characteristics of the birds. They measured the size of the birds’ bones. They found some of the birds’ bones were shorter than they were 40 years ago. For example, the lower leg bone of many birds is smaller. 5) Fourth, scientists measured the migratory birds’ wings. They found the birds’ wings are longer than they used to be. 6) Many scientists asked, “Why are the birds’ bones smaller than they used be. But their wings are longer?” They thought about the long distance the birds fly in winter. They thought that the birds’ bodies changed to adapt to the long winter flight. They would need a lot of energy for the flight. A smaller body would have smaller muscles and less fat. But smaller bones and longer wings would make flying easier. 7) Over time, these characteristics of birds have become more common. The scientists came up with some very good ideas about why these skeletal changes might be occurring.: 3. Scientists found that when one part of a bird became smaller, another part became?
c. heavier
b. larger
d. lighter
a. smaller
This item requires identifying the specific anatomical change—increased wing size—that scientists observed in migratory birds as a counterpoint to their decreasing bone size.
This item measures the primary skill of **Reading Comprehension (Literal Retrieval)**.

**Justification:** The question requires the reader to locate and extract a specific detail explicitly stated in the text—that while birds' bones became smaller, their wings became longer (larger)—to identify the correct factual relationship.
This analysis evaluates the cognitive demand and structural complexity of the reading comprehension item regarding changes in bird physiology.

**Cognitive Demand**
The item requires **recall** and **synthesis**. The reader must locate specific details across two distinct paragraphs (Paragraph 4 regarding smaller bones and Paragraph 5 regarding longer wings) and synthesize them to identify the inverse relationship between the two physical traits.

**Structural and Semantic Elements**
*   **Synonym Substitution:** The text uses the specific descriptor ""longer"" to describe the wings, while the correct answer choice (b) uses the more general term ""larger,"" requiring a semantic leap.
*   **Cross-Paragraph Integration:** The information needed to answer the prompt is split between two sections, increasing the search time and cognitive load.
*   **Thematic Distractors:** Options ""heavier"" and ""lighter"" act as distractors by referencing the discussion of bone density and weight found in Paragraph 2, which is irrelevant to the specific findings mentioned in the question.
To determine the level of the underlying latent trait required for this item, the following analysis describes the cognitive ability and reading comprehension proficiency necessary for a correct response.

This item requires a **low to moderate** level of cognitive ability and literal reading comprehension. A respondent must be able to locate specific details within a multi-paragraph text and identify a comparative relationship—specifically, that while certain physical structures (bones) decreased in size, others (wings) increased. Success depends on the ability to retrieve information from paragraphs 4 and 5 and recognize ""larger"" as the functional synonym for the ""longer"" wings described in the text.","Original Text: 1) Some birds that are here today are smaller than they were many years ago. Why is this happening? It is a mystery. How do scientists study a mystery? 2) First, scientists try to understand the bird’s skeletal and muscular systems. Those systems help birds to fly. One thing scientists know is that birds’ bones are hollow inside. So, they don’t weigh much. Birds’ skeletons weigh less than their feathers. They have also learned that a bird wing works like a human arm. Birds contract their chest muscles to make their wings flap. 3) Second, scientists try to diagnose the reasons that the birds’ bodies might have changed over time. Some scientists thought that birds’ skeletal or muscular systems might have changed. So, they studied migratory birds in North America. Migratory birds fly long distances to warmer places for the winter. 4) Third, scientists measured the physical characteristics of the birds. They measured the size of the birds’ bones. They found some of the birds’ bones were shorter than they were 40 years ago. For example, the lower leg bone of many birds is smaller. 5) Fourth, scientists measured the migratory birds’ wings. They found the birds’ wings are longer than they used to be. 6) Many scientists asked, “Why are the birds’ bones smaller than they used be. But their wings are longer?” They thought about the long distance the birds fly in winter. They thought that the birds’ bodies changed to adapt to the long winter flight. They would need a lot of energy for the flight. A smaller body would have smaller muscles and less fat. But smaller bones and longer wings would make flying easier. 7) Over time, these characteristics of birds have become more common. The scientists came up with some very good ideas about why these skeletal changes might be occurring.: 3. Scientists found that when one part of a bird became smaller, another part became?
c. heavier
b. larger
d. lighter
a. smaller
The objective is to summarize the central scenario and question of the provided text. The item presents a reading comprehension task where the reader must use a passage about scientists studying the physical adaptations of migratory birds to answer a multiple-choice question about how one part of the bird's body changed in response to another part becoming smaller.
To identify the primary skill this item attempts to measure and provide a concise justification:

**Primary Skill:** Reading comprehension (explicit detail retrieval). 

**Justification:** The question requires the reader to locate and extract explicitly stated information from the passage—specifically that as the birds' bones became smaller, their wings became longer (larger)—to select the correct answer.
Assessing the cognitive requirements and structural complexity of a reading comprehension question regarding inverse physical adaptations in birds.

This cognitive item requires multi-step reasoning and synthesis. The reader must locate distinct physical changes across different paragraphs (smaller bones in paragraph 4, longer wings in paragraph 5) and synthesize them to understand the inverse relationship described in paragraph 6. 

Structural and semantic elements increasing the cognitive load include:
*   **Semantic substitution:** The text explicitly states the wings became ""longer,"" but the correct answer choice requires mapping this to the synonym ""larger.""
*   **Abstract phrasing:** The question uses generalized terms (""one part,"" ""another part"") instead of explicitly naming the bones and wings, forcing the reader to map abstract concepts to specific textual details.
*   **Formatting friction:** The multiple-choice options are presented in a non-alphabetical, randomized order (c, b, d, a), slightly increasing the visual and cognitive threshold for selection.
To successfully answer the item asking what happens to another part of a bird when one part becomes smaller, a low level of the underlying latent trait (reading comprehension) is required.","Original Text: 1) Some birds that are here today are smaller than they were many years ago. Why is this happening? It is a mystery. How do scientists study a mystery? 2) First, scientists try to understand the bird’s skeletal and muscular systems. Those systems help birds to fly. One thing scientists know is that birds’ bones are hollow inside. So, they don’t weigh much. Birds’ skeletons weigh less than their feathers. They have also learned that a bird wing works like a human arm. Birds contract their chest muscles to make their wings flap. 3) Second, scientists try to diagnose the reasons that the birds’ bodies might have changed over time. Some scientists thought that birds’ skeletal or muscular systems might have changed. So, they studied migratory birds in North America. Migratory birds fly long distances to warmer places for the winter. 4) Third, scientists measured the physical characteristics of the birds. They measured the size of the birds’ bones. They found some of the birds’ bones were shorter than they were 40 years ago. For example, the lower leg bone of many birds is smaller. 5) Fourth, scientists measured the migratory birds’ wings. They found the birds’ wings are longer than they used to be. 6) Many scientists asked, “Why are the birds’ bones smaller than they used be. But their wings are longer?” They thought about the long distance the birds fly in winter. They thought that the birds’ bodies changed to adapt to the long winter flight. They would need a lot of energy for the flight. A smaller body would have smaller muscles and less fat. But smaller bones and longer wings would make flying easier. 7) Over time, these characteristics of birds have become more common. The scientists came up with some very good ideas about why these skeletal changes might be occurring.: 3. Scientists found that when one part of a bird became smaller, another part became?
c. heavier
b. larger
d. lighter
a. smaller
The provided item presents an informational passage detailing scientific research on modern bird adaptations and asks a reading comprehension question to identify how another specific body part changed in size as certain bird bones became smaller over time.
**Construct Measured:** Reading Comprehension (Literal Comprehension / Retrieval of Explicit Details).

**Justification:** The question evaluates a reader's ability to locate and recall directly stated informational facts within an expository science text, specifically identifying the inverse relationship mentioned between decreasing bone size and increasing wing length.
An analysis of the cognitive demand and structural complexity of this reading comprehension item indicates that it requires **low-level synthesis and basic inference**. 

* **Cognitive Demand:** The item requires the reader to synthesize information across paragraphs 4, 5, and 6—recognizing the inverse relationship between bone size (shorter/smaller) and wing size (longer)—and translate the text's specific concept of ""longer"" into the generalized answer choice ""larger.""
* **Structural and Semantic Elements:** 
  * **Semantic Generalization:** The correct option replaces the passage’s explicit term (""longer"") with a categorical antonym to ""smaller"" (""larger""), preventing direct keyword matching.
  * **Plausible Distractors:** The options ""lighter"" and ""heavier"" act as strong conceptual distractors because paragraph 2 heavily discusses bone weight and hollow structures, creating potential interference for readers who rely on superficial keyword association rather than relational comprehension.
The level of the underlying cognitive trait—specifically literal reading comprehension and basic textual retrieval ability—required to answer this item successfully is low to basic, as it requires only direct recall and elementary synonym association (""longer"" to ""larger"") explicitly stated within the text.","Original Text: 1) Some birds that are here today are smaller than they were many years ago. Why is this happening? It is a mystery. How do scientists study a mystery? 2) First, scientists try to understand the bird’s skeletal and muscular systems. Those systems help birds to fly. One thing scientists know is that birds’ bones are hollow inside. So, they don’t weigh much. Birds’ skeletons weigh less than their feathers. They have also learned that a bird wing works like a human arm. Birds contract their chest muscles to make their wings flap. 3) Second, scientists try to diagnose the reasons that the birds’ bodies might have changed over time. Some scientists thought that birds’ skeletal or muscular systems might have changed. So, they studied migratory birds in North America. Migratory birds fly long distances to warmer places for the winter. 4) Third, scientists measured the physical characteristics of the birds. They measured the size of the birds’ bones. They found some of the birds’ bones were shorter than they were 40 years ago. For example, the lower leg bone of many birds is smaller. 5) Fourth, scientists measured the migratory birds’ wings. They found the birds’ wings are longer than they used to be. 6) Many scientists asked, “Why are the birds’ bones smaller than they used be. But their wings are longer?” They thought about the long distance the birds fly in winter. They thought that the birds’ bodies changed to adapt to the long winter flight. They would need a lot of energy for the flight. A smaller body would have smaller muscles and less fat. But smaller bones and longer wings would make flying easier. 7) Over time, these characteristics of birds have become more common. The scientists came up with some very good ideas about why these skeletal changes might be occurring.: 3. Scientists found that when one part of a bird became smaller, another part became?
c. heavier
b. larger
d. lighter
a. smaller
The item asks for the main idea of a passage about scientists investigating why some birds have changed over time, and it specifically asks which body part became bigger when another part became smaller. The correct choice is **b. larger**.
Primary domain: science reading comprehension, specifically understanding an explanatory passage about biological adaptation and inference. The item mainly measures the ability to identify a stated relationship from the text: if one bird body part became smaller, another became larger. The correct choice is **b. larger**.
This is a low-to-moderate demand recall item with a simple inference. It mainly requires reading comprehension and matching the passage’s cause-effect pattern: if one bird part became smaller, another became larger. The wording is straightforward, with only mild complexity from the comparative relationship and the distractors. The correct choice is **larger**.
A low-to-moderate level of the underlying trait is needed: the item mainly requires basic reading comprehension and simple inference, not advanced reasoning.","Original Text: 1) Some birds that are here today are smaller than they were many years ago. Why is this happening? It is a mystery. How do scientists study a mystery? 2) First, scientists try to understand the bird’s skeletal and muscular systems. Those systems help birds to fly. One thing scientists know is that birds’ bones are hollow inside. So, they don’t weigh much. Birds’ skeletons weigh less than their feathers. They have also learned that a bird wing works like a human arm. Birds contract their chest muscles to make their wings flap. 3) Second, scientists try to diagnose the reasons that the birds’ bodies might have changed over time. Some scientists thought that birds’ skeletal or muscular systems might have changed. So, they studied migratory birds in North America. Migratory birds fly long distances to warmer places for the winter. 4) Third, scientists measured the physical characteristics of the birds. They measured the size of the birds’ bones. They found some of the birds’ bones were shorter than they were 40 years ago. For example, the lower leg bone of many birds is smaller. 5) Fourth, scientists measured the migratory birds’ wings. They found the birds’ wings are longer than they used to be. 6) Many scientists asked, “Why are the birds’ bones smaller than they used be. But their wings are longer?” They thought about the long distance the birds fly in winter. They thought that the birds’ bodies changed to adapt to the long winter flight. They would need a lot of energy for the flight. A smaller body would have smaller muscles and less fat. But smaller bones and longer wings would make flying easier. 7) Over time, these characteristics of birds have become more common. The scientists came up with some very good ideas about why these skeletal changes might be occurring.: 3. Scientists found that when one part of a bird became smaller, another part became?
c. heavier
b. larger
d. lighter
a. smaller
The item asks about the main idea of a passage explaining how scientists investigated changes in birds’ bodies over time and identified that when birds’ bones became smaller, their wings became larger.
This item is primarily measuring reading comprehension of scientific informational text, specifically the skill of integrating details to infer a comparative relationship. The correct idea is that as one bird part became smaller, another became larger, requiring the reader to connect the passage’s finding that bones were shorter while wings were longer.
Core ask: assess the item’s cognitive demand and note wording/structure that raises difficulty.

This is a moderate cognitive-demand reading-comprehension item requiring recall plus simple synthesis across sentences. The test-taker must connect “bones were smaller” with “wings are longer” to infer that when one part became smaller, another became larger. Endorsing the correct answer does not require deep reasoning or introspection, just integration of two findings.

Load-increasing elements:
- Long, multi-paragraph passage before the question
- Need to track contrast across body parts over time
- Question stem uses indirect phrasing: “one part... another part...”
- Distractors are semantically close opposites/comparatives: “smaller,” “larger,” “lighter,” “heavier”
- Minor wording/grammar issues may add friction, but no complex conditional logic or strong emotional language
This item appears to require a moderately low to moderate level of the underlying latent trait, since successfully answering it depends mainly on locating and integrating an explicitly stated comparison in the passage—that birds’ bones became smaller while their wings became longer, so another part became larger.","Original Text: 1) Some birds that are here today are smaller than they were many years ago. Why is this happening? It is a mystery. How do scientists study a mystery? 2) First, scientists try to understand the bird’s skeletal and muscular systems. Those systems help birds to fly. One thing scientists know is that birds’ bones are hollow inside. So, they don’t weigh much. Birds’ skeletons weigh less than their feathers. They have also learned that a bird wing works like a human arm. Birds contract their chest muscles to make their wings flap. 3) Second, scientists try to diagnose the reasons that the birds’ bodies might have changed over time. Some scientists thought that birds’ skeletal or muscular systems might have changed. So, they studied migratory birds in North America. Migratory birds fly long distances to warmer places for the winter. 4) Third, scientists measured the physical characteristics of the birds. They measured the size of the birds’ bones. They found some of the birds’ bones were shorter than they were 40 years ago. For example, the lower leg bone of many birds is smaller. 5) Fourth, scientists measured the migratory birds’ wings. They found the birds’ wings are longer than they used to be. 6) Many scientists asked, “Why are the birds’ bones smaller than they used be. But their wings are longer?” They thought about the long distance the birds fly in winter. They thought that the birds’ bodies changed to adapt to the long winter flight. They would need a lot of energy for the flight. A smaller body would have smaller muscles and less fat. But smaller bones and longer wings would make flying easier. 7) Over time, these characteristics of birds have become more common. The scientists came up with some very good ideas about why these skeletal changes might be occurring.: 3. Scientists found that when one part of a bird became smaller, another part became?
c. heavier
b. larger
d. lighter
a. smaller
Identify whether another part of the bird became heavier, larger, lighter, or smaller when one part became smaller.
**Primary domain:** Reading comprehension—understanding relationships among scientific details.  
**Justification:** The item requires identifying from the passage that as one bird part became smaller, another part—the wings—became **larger/longer**.
This is a **low-demand recall/comprehension item**: it requires locating and connecting stated information that smaller bones accompanied **larger/longer wings**, not multi-step reasoning or synthesis. The distractors are simple opposites and size alternatives, with minimal ambiguity. Slightly awkward wording (“became?”) and the passage’s bone/wing comparison add minor cognitive load, but endorsement does not require complex reasoning.
The item requires a **low-to-moderate level of cognitive ability**, primarily basic reading comprehension and recall. The correct response is **“larger,”** identifying that birds’ wings became longer as their bones became smaller.","Original Text: 1) Some birds that are here today are smaller than they were many years ago. Why is this happening? It is a mystery. How do scientists study a mystery? 2) First, scientists try to understand the bird’s skeletal and muscular systems. Those systems help birds to fly. One thing scientists know is that birds’ bones are hollow inside. So, they don’t weigh much. Birds’ skeletons weigh less than their feathers. They have also learned that a bird wing works like a human arm. Birds contract their chest muscles to make their wings flap. 3) Second, scientists try to diagnose the reasons that the birds’ bodies might have changed over time. Some scientists thought that birds’ skeletal or muscular systems might have changed. So, they studied migratory birds in North America. Migratory birds fly long distances to warmer places for the winter. 4) Third, scientists measured the physical characteristics of the birds. They measured the size of the birds’ bones. They found some of the birds’ bones were shorter than they were 40 years ago. For example, the lower leg bone of many birds is smaller. 5) Fourth, scientists measured the migratory birds’ wings. They found the birds’ wings are longer than they used to be. 6) Many scientists asked, “Why are the birds’ bones smaller than they used be. But their wings are longer?” They thought about the long distance the birds fly in winter. They thought that the birds’ bodies changed to adapt to the long winter flight. They would need a lot of energy for the flight. A smaller body would have smaller muscles and less fat. But smaller bones and longer wings would make flying easier. 7) Over time, these characteristics of birds have become more common. The scientists came up with some very good ideas about why these skeletal changes might be occurring.: 3. Scientists found that when one part of a bird became smaller, another part became?
c. heavier
b. larger
d. lighter
a. smaller
Scientists found that as birds’ bodies and bones became smaller, their wings became **larger (b)**.
**Primary skill: Reading comprehension—identifying an explicit comparison.** The item asks students to connect the finding that birds’ bones became smaller with the stated result that their wings became **larger/longer (b)**.
Low demand: requires straightforward recall/comparison from the passage—birds’ bones became smaller while wings became longer/larger. Minimal inference; distractors are simple opposites or unrelated traits, though shuffled answer-letter order adds slight visual load.
This item requires a **low level of the underlying reading-comprehension trait**. The respondent only needs to identify the explicitly stated contrast: as one body part became smaller, another became **larger (b)**.",0.9990963583065916,0.1313003544236212,0.1644306501508385,0.1987845395216562,1.2199190932301858,998.0,gilbert_meta_103,-0.21338505301047905,0.41816393540459584,-0.1654090511478592,0.3241468828471886,-0.27922290820362083,0.43319590366246147,-0.20377327445503846,0.3161407791993782,-0.5895389323888879,0.4338047891243513,-0.4424383704762017,0.32556269562591483,-0.3594635993802887,0.4241074045043471,-0.3231917925814936,0.38131269075686214,-0.38583758241301447,0.4441851497539555,-0.28805302332673954,0.3316133034612121,-0.32199480895956856,0.4385085713585788,-0.24023933143409032,0.3271698893274116,-0.4578135628897422,0.4492521081722164,-0.3353514865985129,0.3290801639473323
cc_q14,"1) Some birds that are here today are smaller than they were many years ago. Why is this happening? It is a mystery. How do scientists study a mystery? 2) First, scientists try to understand the bird’s skeletal and muscular systems. Those systems help birds to fly. One thing scientists know is that birds’ bones are hollow inside. So, they don’t weigh much. Birds’ skeletons weigh less than their feathers. They have also learned that a bird wing works like a human arm. Birds contract their chest muscles to make their wings flap. 3) Second, scientists try to diagnose the reasons that the birds’ bodies might have changed over time. Some scientists thought that birds’ skeletal or muscular systems might have changed. So, they studied migratory birds in North America. Migratory birds fly long distances to warmer places for the winter. 4) Third, scientists measured the physical characteristics of the birds. They measured the size of the birds’ bones. They found some of the birds’ bones were shorter than they were 40 years ago. For example, the lower leg bone of many birds is smaller. 5) Fourth, scientists measured the migratory birds’ wings. They found the birds’ wings are longer than they used to be. 6) Many scientists asked, “Why are the birds’ bones smaller than they used be. But their wings are longer?” They thought about the long distance the birds fly in winter. They thought that the birds’ bodies changed to adapt to the long winter flight. They would need a lot of energy for the flight. A smaller body would have smaller muscles and less fat. But smaller bones and longer wings would make flying easier. 7) Over time, these characteristics of birds have become more common. The scientists came up with some very good ideas about why these skeletal changes might be occurring.",1. What is the main question that scientists are trying to answer in this passage?,"1) Some birds that are here today are smaller than they were many years ago. Why is this happening? It is a mystery. How do scientists study a mystery? 2) First, scientists try to understand the bird’s skeletal and muscular systems. Those systems help birds to fly. One thing scientists know is that birds’ bones are hollow inside. So, they don’t weigh much. Birds’ skeletons weigh less than their feathers. They have also learned that a bird wing works like a human arm. Birds contract their chest muscles to make their wings flap. 3) Second, scientists try to diagnose the reasons that the birds’ bodies might have changed over time. Some scientists thought that birds’ skeletal or muscular systems might have changed. So, they studied migratory birds in North America. Migratory birds fly long distances to warmer places for the winter. 4) Third, scientists measured the physical characteristics of the birds. They measured the size of the birds’ bones. They found some of the birds’ bones were shorter than they were 40 years ago. For example, the lower leg bone of many birds is smaller. 5) Fourth, scientists measured the migratory birds’ wings. They found the birds’ wings are longer than they used to be. 6) Many scientists asked, “Why are the birds’ bones smaller than they used be. But their wings are longer?” They thought about the long distance the birds fly in winter. They thought that the birds’ bodies changed to adapt to the long winter flight. They would need a lot of energy for the flight. A smaller body would have smaller muscles and less fat. But smaller bones and longer wings would make flying easier. 7) Over time, these characteristics of birds have become more common. The scientists came up with some very good ideas about why these skeletal changes might be occurring.: 1. What is the main question that scientists are trying to answer in this passage?
c. Where do birds find food in the winter?
a. Why are birds getting smaller?
b. How do birds fly long distances?
d. Why are birds dying in Chicago?","Original Text: 1) Some birds that are here today are smaller than they were many years ago. Why is this happening? It is a mystery. How do scientists study a mystery? 2) First, scientists try to understand the bird’s skeletal and muscular systems. Those systems help birds to fly. One thing scientists know is that birds’ bones are hollow inside. So, they don’t weigh much. Birds’ skeletons weigh less than their feathers. They have also learned that a bird wing works like a human arm. Birds contract their chest muscles to make their wings flap. 3) Second, scientists try to diagnose the reasons that the birds’ bodies might have changed over time. Some scientists thought that birds’ skeletal or muscular systems might have changed. So, they studied migratory birds in North America. Migratory birds fly long distances to warmer places for the winter. 4) Third, scientists measured the physical characteristics of the birds. They measured the size of the birds’ bones. They found some of the birds’ bones were shorter than they were 40 years ago. For example, the lower leg bone of many birds is smaller. 5) Fourth, scientists measured the migratory birds’ wings. They found the birds’ wings are longer than they used to be. 6) Many scientists asked, “Why are the birds’ bones smaller than they used be. But their wings are longer?” They thought about the long distance the birds fly in winter. They thought that the birds’ bodies changed to adapt to the long winter flight. They would need a lot of energy for the flight. A smaller body would have smaller muscles and less fat. But smaller bones and longer wings would make flying easier. 7) Over time, these characteristics of birds have become more common. The scientists came up with some very good ideas about why these skeletal changes might be occurring.: 1. What is the main question that scientists are trying to answer in this passage?
c. Where do birds find food in the winter?
a. Why are birds getting smaller?
b. How do birds fly long distances?
d. Why are birds dying in Chicago?
This item presents a scenario describing the scientific process used to investigate physiological changes in migratory birds over time. The core task is to identify the primary research question scientists are attempting to answer regarding the observed reduction in bird size and increase in wing length.
This item measures the **Reading Comprehension skill of identifying the main idea**.

**Justification:** The question requires the reader to synthesize information across the entire passage to determine the central research objective—the decrease in bird size—while distinguishing it from supporting details such as skeletal mechanics or migratory patterns.
This analysis evaluates the cognitive demand and structural complexity of the provided reading comprehension item. The item requires **synthesis** of the entire passage to identify the central research question rather than simple recall of isolated facts. Structurally, the passage uses a **sequential narrative** (""First,"" ""Second,"" etc.) that requires the reader to maintain the primary theme across multiple procedural steps. The cognitive load is increased by **plausible distractors** (e.g., option b) that reference supporting details—such as flight mechanics—which the reader must distinguish from the overarching ""mystery"" introduced in the opening paragraph.
To describe the level of the underlying latent trait—specifically reading comprehension and cognitive processing—required to correctly identify the main question of the provided passage:

The item requires a **low to moderate level** of reading comprehension. A respondent must possess the ability to identify a central theme explicitly stated in the introductory paragraph and distinguish it from supporting details or irrelevant distractors. Because the answer is directly mapped to the opening ""mystery"" described in the text, the cognitive load is relatively low, requiring basic literal synthesis rather than complex inference.","Original Text: 1) Some birds that are here today are smaller than they were many years ago. Why is this happening? It is a mystery. How do scientists study a mystery? 2) First, scientists try to understand the bird’s skeletal and muscular systems. Those systems help birds to fly. One thing scientists know is that birds’ bones are hollow inside. So, they don’t weigh much. Birds’ skeletons weigh less than their feathers. They have also learned that a bird wing works like a human arm. Birds contract their chest muscles to make their wings flap. 3) Second, scientists try to diagnose the reasons that the birds’ bodies might have changed over time. Some scientists thought that birds’ skeletal or muscular systems might have changed. So, they studied migratory birds in North America. Migratory birds fly long distances to warmer places for the winter. 4) Third, scientists measured the physical characteristics of the birds. They measured the size of the birds’ bones. They found some of the birds’ bones were shorter than they were 40 years ago. For example, the lower leg bone of many birds is smaller. 5) Fourth, scientists measured the migratory birds’ wings. They found the birds’ wings are longer than they used to be. 6) Many scientists asked, “Why are the birds’ bones smaller than they used be. But their wings are longer?” They thought about the long distance the birds fly in winter. They thought that the birds’ bodies changed to adapt to the long winter flight. They would need a lot of energy for the flight. A smaller body would have smaller muscles and less fat. But smaller bones and longer wings would make flying easier. 7) Over time, these characteristics of birds have become more common. The scientists came up with some very good ideas about why these skeletal changes might be occurring.: 1. What is the main question that scientists are trying to answer in this passage?
c. Where do birds find food in the winter?
a. Why are birds getting smaller?
b. How do birds fly long distances?
d. Why are birds dying in Chicago?
The core objective of this prompt is to summarize the primary scenario of the provided item. The item presents a reading comprehension task requiring the reader to identify the main research question investigated by scientists in the passage, which is why birds are becoming smaller over time.
The objective of this analysis is to determine the primary construct or skill evaluated by the provided text and question, accompanied by a brief rationale.

**Primary Skill:** Reading Comprehension (Identifying the Main Idea)

**Justification:** The item requires the reader to synthesize the entire passage to identify the central inquiry driving the scientists' research, distinguishing the overarching theme of the text from supporting details or irrelevant information.
In evaluating the cognitive demand and structural complexity of this reading comprehension item regarding the passage's primary scientific inquiry, the question requires a combination of direct recall and basic synthesis. 

The cognitive demand is relatively low because the correct answer (Option a) is explicitly introduced in the first paragraph. However, the cognitive load is slightly elevated by a tricky distractor (Option b: ""How do birds fly long distances?""). Because paragraphs two, three, and six heavily discuss flight mechanics, wing length, and migration, the reader must synthesize the text to distinguish the overarching research question from the supporting details and methodological focus. The remaining distractors (Options c and d) are structurally weak and easily eliminated, as they introduce concepts entirely absent from the text.
The overall level of the underlying latent trait of reading comprehension required for a respondent to successfully answer this item is low, as the correct answer is explicitly stated in the first two sentences of the text.","Original Text: 1) Some birds that are here today are smaller than they were many years ago. Why is this happening? It is a mystery. How do scientists study a mystery? 2) First, scientists try to understand the bird’s skeletal and muscular systems. Those systems help birds to fly. One thing scientists know is that birds’ bones are hollow inside. So, they don’t weigh much. Birds’ skeletons weigh less than their feathers. They have also learned that a bird wing works like a human arm. Birds contract their chest muscles to make their wings flap. 3) Second, scientists try to diagnose the reasons that the birds’ bodies might have changed over time. Some scientists thought that birds’ skeletal or muscular systems might have changed. So, they studied migratory birds in North America. Migratory birds fly long distances to warmer places for the winter. 4) Third, scientists measured the physical characteristics of the birds. They measured the size of the birds’ bones. They found some of the birds’ bones were shorter than they were 40 years ago. For example, the lower leg bone of many birds is smaller. 5) Fourth, scientists measured the migratory birds’ wings. They found the birds’ wings are longer than they used to be. 6) Many scientists asked, “Why are the birds’ bones smaller than they used be. But their wings are longer?” They thought about the long distance the birds fly in winter. They thought that the birds’ bodies changed to adapt to the long winter flight. They would need a lot of energy for the flight. A smaller body would have smaller muscles and less fat. But smaller bones and longer wings would make flying easier. 7) Over time, these characteristics of birds have become more common. The scientists came up with some very good ideas about why these skeletal changes might be occurring.: 1. What is the main question that scientists are trying to answer in this passage?
c. Where do birds find food in the winter?
a. Why are birds getting smaller?
b. How do birds fly long distances?
d. Why are birds dying in Chicago?
The core task is a multiple-choice reading comprehension exercise requiring the reader to identify the central scientific question investigated throughout the passage concerning evolutionary changes in bird anatomy and body size over time.
**Primary Skill Measured:** Reading Comprehension: Identifying the Central Idea / Core Scientific Inquiry

**Justification:** This assessment item evaluates a reader's ability to extract the overarching thesis or primary research question driving an informational text. Rather than focusing on minor supporting details, it tests whether the reader can synthesize the passage's full narrative arc—which investigates the mystery of shrinking bird body sizes over time—to determine the main focus of the scientific study described.
**Demand and Structural Analysis:**

* **Cognitive Demand:** This item requires **low-level synthesis and main-idea identification**, with an accessible pathway via **direct recall/matching** from the opening paragraph (""Some birds... are smaller... Why is this happening?""). 

* **Structural and Semantic Elements Affecting Cognitive Load:**
  * **Low Semantic Complexity:** The passage utilizes straightforward vocabulary, short sentences, and explicit organizational signposts (""First,"" ""Second,"" ""Third""), minimizing processing effort.
  * **Weak Distractor Competition:** Options (c) and (d) introduce completely extraneous information not found in the text, allowing for rapid elimination. 
  * **Partial Distractor (Option b):** Option (b) presents the only minor cognitive hurdle by referencing a supporting detail (how birds adapt for long-distance flight), but it is easily differentiated from the overarching central question targeted in option (a).
To successfully identify the central inquiry of this passage, a respondent requires a **low to low-moderate level of reading comprehension ability**. The text utilizes basic vocabulary, simple sentence structures, and explicitly states the core research question within the opening sentences, allowing a reader with foundational reading skills to determine the correct main idea without requiring advanced analytical or inferential reasoning.","Original Text: 1) Some birds that are here today are smaller than they were many years ago. Why is this happening? It is a mystery. How do scientists study a mystery? 2) First, scientists try to understand the bird’s skeletal and muscular systems. Those systems help birds to fly. One thing scientists know is that birds’ bones are hollow inside. So, they don’t weigh much. Birds’ skeletons weigh less than their feathers. They have also learned that a bird wing works like a human arm. Birds contract their chest muscles to make their wings flap. 3) Second, scientists try to diagnose the reasons that the birds’ bodies might have changed over time. Some scientists thought that birds’ skeletal or muscular systems might have changed. So, they studied migratory birds in North America. Migratory birds fly long distances to warmer places for the winter. 4) Third, scientists measured the physical characteristics of the birds. They measured the size of the birds’ bones. They found some of the birds’ bones were shorter than they were 40 years ago. For example, the lower leg bone of many birds is smaller. 5) Fourth, scientists measured the migratory birds’ wings. They found the birds’ wings are longer than they used to be. 6) Many scientists asked, “Why are the birds’ bones smaller than they used be. But their wings are longer?” They thought about the long distance the birds fly in winter. They thought that the birds’ bodies changed to adapt to the long winter flight. They would need a lot of energy for the flight. A smaller body would have smaller muscles and less fat. But smaller bones and longer wings would make flying easier. 7) Over time, these characteristics of birds have become more common. The scientists came up with some very good ideas about why these skeletal changes might be occurring.: 1. What is the main question that scientists are trying to answer in this passage?
c. Where do birds find food in the winter?
a. Why are birds getting smaller?
b. How do birds fly long distances?
d. Why are birds dying in Chicago?
The item asks for the main scientific question being investigated: why some birds are getting smaller over time.
Primary domain: reading comprehension / science literacy. The item measures the ability to identify the central research question in an informational passage about bird body changes and adaptation. The correct focus is why birds are getting smaller, since the passage explains scientists investigating changes in bird size, bones, and wings over time.
This is a low-to-moderate demand reading item: it mainly requires recall and basic synthesis of the passage’s central idea, not deep reasoning. The correct choice is supported by repeated clues about birds becoming smaller and skeletal changes over time. Structural load is modest, but there is some complexity from the multi-paragraph explanation and distractors that mention flight, winter, and death, which can pull attention away from the main question.
A low-to-moderate reading comprehension and inference level is needed: the respondent must identify the passage’s central scientific question about why birds are becoming smaller, rather than just recalling details.","Original Text: 1) Some birds that are here today are smaller than they were many years ago. Why is this happening? It is a mystery. How do scientists study a mystery? 2) First, scientists try to understand the bird’s skeletal and muscular systems. Those systems help birds to fly. One thing scientists know is that birds’ bones are hollow inside. So, they don’t weigh much. Birds’ skeletons weigh less than their feathers. They have also learned that a bird wing works like a human arm. Birds contract their chest muscles to make their wings flap. 3) Second, scientists try to diagnose the reasons that the birds’ bodies might have changed over time. Some scientists thought that birds’ skeletal or muscular systems might have changed. So, they studied migratory birds in North America. Migratory birds fly long distances to warmer places for the winter. 4) Third, scientists measured the physical characteristics of the birds. They measured the size of the birds’ bones. They found some of the birds’ bones were shorter than they were 40 years ago. For example, the lower leg bone of many birds is smaller. 5) Fourth, scientists measured the migratory birds’ wings. They found the birds’ wings are longer than they used to be. 6) Many scientists asked, “Why are the birds’ bones smaller than they used be. But their wings are longer?” They thought about the long distance the birds fly in winter. They thought that the birds’ bodies changed to adapt to the long winter flight. They would need a lot of energy for the flight. A smaller body would have smaller muscles and less fat. But smaller bones and longer wings would make flying easier. 7) Over time, these characteristics of birds have become more common. The scientists came up with some very good ideas about why these skeletal changes might be occurring.: 1. What is the main question that scientists are trying to answer in this passage?
c. Where do birds find food in the winter?
a. Why are birds getting smaller?
b. How do birds fly long distances?
d. Why are birds dying in Chicago?
The item asks for the main question scientists are investigating in the passage: why some birds are becoming smaller over time.
This item is primarily measuring **reading comprehension of main idea/central question identification in informational science text**. The student must determine the passage’s overarching research question—why some birds are getting smaller—by integrating details across the passage rather than recalling an isolated fact.
Core ask: assess the item’s cognitive demand and note features that raise difficulty.

This is a moderate cognitive-demand reading-comprehension item. It primarily requires multi-step reasoning and synthesis, not mere recall: the reader must integrate the passage’s opening problem (“birds are smaller”) with the scientists’ investigation and select the main question among distractors.

Load-increasing elements:
- Long, multi-paragraph passage with sequential structure (“First… Second… Third…”), requiring tracking across sections.
- Main-idea framing rather than a directly stated answer choice match.
- Distractors are plausible because they reflect discussed details: migration, flight, winter, and bird deaths.
- Some wording inconsistency/awkwardness (“used be,” “It is a mystery”) may slightly increase processing burden.
- The correct answer depends on distinguishing the central research question from supporting evidence and hypotheses.
This item appears to require a moderately high level of the latent trait—specifically, solid reading comprehension and main-idea identification. A respondent must integrate information across the passage and recognize that the central problem is explaining why some birds are becoming smaller over time, rather than selecting a related but more specific or irrelevant detail.","Original Text: 1) Some birds that are here today are smaller than they were many years ago. Why is this happening? It is a mystery. How do scientists study a mystery? 2) First, scientists try to understand the bird’s skeletal and muscular systems. Those systems help birds to fly. One thing scientists know is that birds’ bones are hollow inside. So, they don’t weigh much. Birds’ skeletons weigh less than their feathers. They have also learned that a bird wing works like a human arm. Birds contract their chest muscles to make their wings flap. 3) Second, scientists try to diagnose the reasons that the birds’ bodies might have changed over time. Some scientists thought that birds’ skeletal or muscular systems might have changed. So, they studied migratory birds in North America. Migratory birds fly long distances to warmer places for the winter. 4) Third, scientists measured the physical characteristics of the birds. They measured the size of the birds’ bones. They found some of the birds’ bones were shorter than they were 40 years ago. For example, the lower leg bone of many birds is smaller. 5) Fourth, scientists measured the migratory birds’ wings. They found the birds’ wings are longer than they used to be. 6) Many scientists asked, “Why are the birds’ bones smaller than they used be. But their wings are longer?” They thought about the long distance the birds fly in winter. They thought that the birds’ bodies changed to adapt to the long winter flight. They would need a lot of energy for the flight. A smaller body would have smaller muscles and less fat. But smaller bones and longer wings would make flying easier. 7) Over time, these characteristics of birds have become more common. The scientists came up with some very good ideas about why these skeletal changes might be occurring.: 1. What is the main question that scientists are trying to answer in this passage?
c. Where do birds find food in the winter?
a. Why are birds getting smaller?
b. How do birds fly long distances?
d. Why are birds dying in Chicago?
The core task is to identify the main question scientists are investigating: **Why are birds getting smaller?**
**Primary skill:** Reading comprehension—identifying the central question or main idea.  

**Justification:** The passage focuses on scientists investigating why some birds’ bodies, especially their bones, have become smaller over time. Therefore, the correct answer is **a. Why are birds getting smaller?**
This is a **low-to-moderate recall/comprehension item**. It requires identifying the passage’s central question, mainly by recalling the opening statement and connecting it to the later discussion of birds becoming smaller. It does **not** require multi-step reasoning or synthesis.

Cognitive load is slightly increased by the passage’s length, scientific vocabulary, and competing details about flight, food, migration, and bird deaths. The distractors are straightforward and represent secondary topics rather than tricky alternatives.
The item requires a **low-to-moderate level of reading comprehension and attention**. Respondents must identify the passage’s central problem—why birds are getting smaller—rather than recall a minor detail or infer a complex explanation.","Original Text: 1) Some birds that are here today are smaller than they were many years ago. Why is this happening? It is a mystery. How do scientists study a mystery? 2) First, scientists try to understand the bird’s skeletal and muscular systems. Those systems help birds to fly. One thing scientists know is that birds’ bones are hollow inside. So, they don’t weigh much. Birds’ skeletons weigh less than their feathers. They have also learned that a bird wing works like a human arm. Birds contract their chest muscles to make their wings flap. 3) Second, scientists try to diagnose the reasons that the birds’ bodies might have changed over time. Some scientists thought that birds’ skeletal or muscular systems might have changed. So, they studied migratory birds in North America. Migratory birds fly long distances to warmer places for the winter. 4) Third, scientists measured the physical characteristics of the birds. They measured the size of the birds’ bones. They found some of the birds’ bones were shorter than they were 40 years ago. For example, the lower leg bone of many birds is smaller. 5) Fourth, scientists measured the migratory birds’ wings. They found the birds’ wings are longer than they used to be. 6) Many scientists asked, “Why are the birds’ bones smaller than they used be. But their wings are longer?” They thought about the long distance the birds fly in winter. They thought that the birds’ bodies changed to adapt to the long winter flight. They would need a lot of energy for the flight. A smaller body would have smaller muscles and less fat. But smaller bones and longer wings would make flying easier. 7) Over time, these characteristics of birds have become more common. The scientists came up with some very good ideas about why these skeletal changes might be occurring.: 1. What is the main question that scientists are trying to answer in this passage?
c. Where do birds find food in the winter?
a. Why are birds getting smaller?
b. How do birds fly long distances?
d. Why are birds dying in Chicago?
The task is to identify the main question scientists are investigating: **Why are birds getting smaller?**
**Reading comprehension—identifying the central research question.** The item measures whether the respondent recognizes that the passage primarily investigates **why birds are becoming smaller over time** (answer **a**), rather than recalling secondary details about migration or flight.
Low-demand cognitive item requiring recall and basic main-idea identification, not multi-step reasoning or synthesis. The repeated focus on birds becoming smaller clearly supports **“Why are birds getting smaller?”** Load is modestly increased by the long passage, scientific vocabulary, supporting details that resemble distractors, awkward phrasing, and nonstandard option order.
This item requires a **low level of the underlying reading-comprehension trait**. The central question—**why birds are getting smaller**—is stated explicitly and reinforced throughout the passage, making the correct answer easy to identify.",1.437163026237101,-0.0829178830323713,-0.053558661751975,-0.0372946070200024,0.9633922714107784,916.0,gilbert_meta_103,-0.271940046508924,0.40539206107671283,-0.21079894972745278,0.3142465473543784,-1.0660876155704968,0.44874334575339214,-0.7780169817669255,0.32748710176528567,-0.2394466232709238,0.4072772857719483,-0.1797003861759094,0.30565428125117594,0.8175684586456817,0.38956506607144864,0.7350714124137153,0.35025585969710715,1.3598010430026872,0.4304889603134532,1.0151805303934684,0.32138820109632804,0.180002254826305,0.39668792475460807,0.1342991258021499,0.2959676341955879,-0.14791908359729555,0.4065047322888137,-0.10835171476252091,0.2977674261590528
cc_q26,"1) In many ways, skyscrapers are like the human body. They have bones that keep it tall and strong and skin to protect the body. They have a command center that is like a brain. 2)How do engineers design and build strong and smart skyscrapers? It is very challenging to build a skyscraper because there are many parts that have to work together. If one part is broken, the skyscraper will not work properly. 3)First, engineers need a strong and tall frame that supports the floors and walls. This frame is like the bones of a skyscraper. The bones of a skyscraper are made of concrete, steel and other materials. The columns are like the backbone of a human body. The columns go up. The steel columns hold up each floor. There are also steel beams that go across each floor. The steel columns and beams must be strong to resist the force of gravity. The steel columns and beams must work together to form a strong backbone. 4)Second, engineers need to design a command center. The command center is a computer that sends signals through wires in a skyscraper. For example, it sends signals to help bring fresh air into rooms, just like your lungs. The command center also controls the heating and air conditioning. It helps the building cool down when it’s too hot and warm up when it’s too cold. 5)A skyscraper has many different parts that work together. The bones make the building tall and strong. The skin protects the inside of the building. The skin of a skyscraper can be made of metal, stone, or glass. The brain controls the building temperature. 6)The anatomy of a skyscraper is like a human body. All the parts have to work together. That's how a city skyscraper works properly.","1. According to the passage, why does the author think that skyscrapers are like the human body?","1) In many ways, skyscrapers are like the human body. They have bones that keep it tall and strong and skin to protect the body. They have a command center that is like a brain. 2)How do engineers design and build strong and smart skyscrapers? It is very challenging to build a skyscraper because there are many parts that have to work together. If one part is broken, the skyscraper will not work properly. 3)First, engineers need a strong and tall frame that supports the floors and walls. This frame is like the bones of a skyscraper. The bones of a skyscraper are made of concrete, steel and other materials. The columns are like the backbone of a human body. The columns go up. The steel columns hold up each floor. There are also steel beams that go across each floor. The steel columns and beams must be strong to resist the force of gravity. The steel columns and beams must work together to form a strong backbone. 4)Second, engineers need to design a command center. The command center is a computer that sends signals through wires in a skyscraper. For example, it sends signals to help bring fresh air into rooms, just like your lungs. The command center also controls the heating and air conditioning. It helps the building cool down when it’s too hot and warm up when it’s too cold. 5)A skyscraper has many different parts that work together. The bones make the building tall and strong. The skin protects the inside of the building. The skin of a skyscraper can be made of metal, stone, or glass. The brain controls the building temperature. 6)The anatomy of a skyscraper is like a human body. All the parts have to work together. That's how a city skyscraper works properly.: 1. According to the passage, why does the author think that skyscrapers are like the human body?
d. The skyscraper has parts that need regular check-ups
a. A skyscraper has parts that can get old
b. The skyscraper has parts that are like strong legs
c. A skyscraper has parts that are like skin, bones, and brain","Original Text: 1) In many ways, skyscrapers are like the human body. They have bones that keep it tall and strong and skin to protect the body. They have a command center that is like a brain. 2)How do engineers design and build strong and smart skyscrapers? It is very challenging to build a skyscraper because there are many parts that have to work together. If one part is broken, the skyscraper will not work properly. 3)First, engineers need a strong and tall frame that supports the floors and walls. This frame is like the bones of a skyscraper. The bones of a skyscraper are made of concrete, steel and other materials. The columns are like the backbone of a human body. The columns go up. The steel columns hold up each floor. There are also steel beams that go across each floor. The steel columns and beams must be strong to resist the force of gravity. The steel columns and beams must work together to form a strong backbone. 4)Second, engineers need to design a command center. The command center is a computer that sends signals through wires in a skyscraper. For example, it sends signals to help bring fresh air into rooms, just like your lungs. The command center also controls the heating and air conditioning. It helps the building cool down when it’s too hot and warm up when it’s too cold. 5)A skyscraper has many different parts that work together. The bones make the building tall and strong. The skin protects the inside of the building. The skin of a skyscraper can be made of metal, stone, or glass. The brain controls the building temperature. 6)The anatomy of a skyscraper is like a human body. All the parts have to work together. That's how a city skyscraper works properly.: 1. According to the passage, why does the author think that skyscrapers are like the human body?
d. The skyscraper has parts that need regular check-ups
a. A skyscraper has parts that can get old
b. The skyscraper has parts that are like strong legs
c. A skyscraper has parts that are like skin, bones, and brain
The core task of this item is to identify the specific anatomical components—skin, bones, and brain—that the author uses to draw an analogy between the structural systems of a skyscraper and the human body.
This item measures the skill of **literal reading comprehension**, specifically the ability to **retrieve explicitly stated information**.

**Justification:** The question requires the reader to identify the specific analogies (skin, bones, and brain) used by the author to compare a skyscraper to the human body, all of which are directly stated in the text.
This analysis evaluates the cognitive demand and structural elements of the reading comprehension item regarding the analogy between skyscrapers and the human body.

**Cognitive Demand**
This item requires **recall** and **literal comprehension**. The reader must identify specific analogies explicitly stated in the text (bones, skin, and brain) to select the correct response. It does not require synthesis or multi-step reasoning, as the answer is directly mapped from the introductory and concluding paragraphs.

**Structural and Semantic Elements**
*   **Analogical Mapping:** The item relies on the reader's ability to map biological functions onto mechanical structures, though the text provides these links directly.
*   **Plausible Distractors:** Options A, B, and D use ""common sense"" or real-world logic (maintenance, aging, structural support) that is not present in the text, testing the respondent's ability to rely strictly on provided evidence rather than external knowledge.
*   **Keyword Matching:** The correct option (C) uses high-identity vocabulary (""skin, bones, and brain"") found throughout the passage, lowering the cognitive load for readers who utilize scanning strategies.
To describe the level of the latent trait—specifically reading comprehension and literal retrieval—required to correctly identify why the author compares skyscrapers to the human body:

The item requires a **low level** of the underlying latent trait. Success depends on basic literal comprehension and the ability to match explicit keywords (""skin,"" ""bones,"" and ""brain"") found directly in the text to the correct response option. Because the analogy is explicitly stated in the opening paragraph and summarized in the conclusion, the respondent needs minimal inferential reasoning or synthesis to arrive at the correct answer.","Original Text: 1) In many ways, skyscrapers are like the human body. They have bones that keep it tall and strong and skin to protect the body. They have a command center that is like a brain. 2)How do engineers design and build strong and smart skyscrapers? It is very challenging to build a skyscraper because there are many parts that have to work together. If one part is broken, the skyscraper will not work properly. 3)First, engineers need a strong and tall frame that supports the floors and walls. This frame is like the bones of a skyscraper. The bones of a skyscraper are made of concrete, steel and other materials. The columns are like the backbone of a human body. The columns go up. The steel columns hold up each floor. There are also steel beams that go across each floor. The steel columns and beams must be strong to resist the force of gravity. The steel columns and beams must work together to form a strong backbone. 4)Second, engineers need to design a command center. The command center is a computer that sends signals through wires in a skyscraper. For example, it sends signals to help bring fresh air into rooms, just like your lungs. The command center also controls the heating and air conditioning. It helps the building cool down when it’s too hot and warm up when it’s too cold. 5)A skyscraper has many different parts that work together. The bones make the building tall and strong. The skin protects the inside of the building. The skin of a skyscraper can be made of metal, stone, or glass. The brain controls the building temperature. 6)The anatomy of a skyscraper is like a human body. All the parts have to work together. That's how a city skyscraper works properly.: 1. According to the passage, why does the author think that skyscrapers are like the human body?
d. The skyscraper has parts that need regular check-ups
a. A skyscraper has parts that can get old
b. The skyscraper has parts that are like strong legs
c. A skyscraper has parts that are like skin, bones, and brain
The objective is to provide a brief overview of the primary activity or inquiry contained within the provided text. The core task of the item is a reading comprehension question requiring the reader to determine, based on the passage, which multiple-choice option correctly explains the author's comparison between the anatomy of a skyscraper and the human body.
In determining the primary skill measured by the provided passage and question, along with a brief rationale:

**Primary Skill:** Reading Comprehension (Literal Comprehension / Detail Retrieval)

**Justification:** The item requires the reader to locate and extract explicitly stated information directly from the text to identify the specific anatomical comparisons (skin, bones, and brain) the author makes between a skyscraper and a human body.
In analyzing the cognitive demand and structural elements affecting the difficulty of this reading comprehension item, this cognitive task requires simple recall and literal comprehension. The correct answer is explicitly stated in the first and fifth paragraphs of the text. The cognitive load is low due to straightforward phrasing and the use of weak, easily eliminated distractors that are not mentioned in the passage. The non-sequential ordering of the answer choices (d, a, b, c) is a minor structural anomaly but does not significantly increase the threshold for a correct response.
The overall level of the underlying latent trait of reading comprehension required for a respondent to successfully answer this item is very low, as the correct option relies on basic, literal information retrieval directly stated in the text.","Original Text: 1) In many ways, skyscrapers are like the human body. They have bones that keep it tall and strong and skin to protect the body. They have a command center that is like a brain. 2)How do engineers design and build strong and smart skyscrapers? It is very challenging to build a skyscraper because there are many parts that have to work together. If one part is broken, the skyscraper will not work properly. 3)First, engineers need a strong and tall frame that supports the floors and walls. This frame is like the bones of a skyscraper. The bones of a skyscraper are made of concrete, steel and other materials. The columns are like the backbone of a human body. The columns go up. The steel columns hold up each floor. There are also steel beams that go across each floor. The steel columns and beams must be strong to resist the force of gravity. The steel columns and beams must work together to form a strong backbone. 4)Second, engineers need to design a command center. The command center is a computer that sends signals through wires in a skyscraper. For example, it sends signals to help bring fresh air into rooms, just like your lungs. The command center also controls the heating and air conditioning. It helps the building cool down when it’s too hot and warm up when it’s too cold. 5)A skyscraper has many different parts that work together. The bones make the building tall and strong. The skin protects the inside of the building. The skin of a skyscraper can be made of metal, stone, or glass. The brain controls the building temperature. 6)The anatomy of a skyscraper is like a human body. All the parts have to work together. That's how a city skyscraper works properly.: 1. According to the passage, why does the author think that skyscrapers are like the human body?
d. The skyscraper has parts that need regular check-ups
a. A skyscraper has parts that can get old
b. The skyscraper has parts that are like strong legs
c. A skyscraper has parts that are like skin, bones, and brain
The core task is a reading comprehension exercise requiring the selection of the correct reason the author compares a skyscraper to the human body, specifically by identifying the structural and functional parallels drawn between building components (frame, exterior, and command center) and human anatomical features (bones, skin, and brain).
**Construct Measured:** Reading Comprehension (Explicit Information Retrieval / Detail Recognition)

**Justification:** This item evaluates a reader's ability to locate and extract directly stated facts and central analogies from an informational text, specifically assessing whether the reader can identify the author's explicit comparison between the structural components of a skyscraper and human anatomical features (skin, bones, and brain).
**Cognitive Demand Evaluation:**
This item has a low cognitive demand, requiring simple **recall and direct text-matching** rather than multi-step reasoning or synthesis. 

**Structural and Semantic Analysis:**
* **Low Cognitive Load:** The phrasing in both the prompt and the correct option (c) directly mirrors explicit statements in paragraphs 1 and 5 (""skin,"" ""bones,"" and ""brain"").
* **Distractor Plausibility:** Distractors (a, b, and d) feature rudimentary, non-competitive options that do not appear in the text, introducing minimal interference or misdirection.
* **Semantic Simplicity:** The passage and question utilize straightforward vocabulary and simple analogical mapping without conditional logic or complex syntactical structures.
To successfully answer this reading comprehension item, a respondent requires a **low to basic level of the underlying cognitive ability trait**, as the task only necessitates literal fact retrieval and direct recognition of explicitly stated analogies within an elementary-level text.","Original Text: 1) In many ways, skyscrapers are like the human body. They have bones that keep it tall and strong and skin to protect the body. They have a command center that is like a brain. 2)How do engineers design and build strong and smart skyscrapers? It is very challenging to build a skyscraper because there are many parts that have to work together. If one part is broken, the skyscraper will not work properly. 3)First, engineers need a strong and tall frame that supports the floors and walls. This frame is like the bones of a skyscraper. The bones of a skyscraper are made of concrete, steel and other materials. The columns are like the backbone of a human body. The columns go up. The steel columns hold up each floor. There are also steel beams that go across each floor. The steel columns and beams must be strong to resist the force of gravity. The steel columns and beams must work together to form a strong backbone. 4)Second, engineers need to design a command center. The command center is a computer that sends signals through wires in a skyscraper. For example, it sends signals to help bring fresh air into rooms, just like your lungs. The command center also controls the heating and air conditioning. It helps the building cool down when it’s too hot and warm up when it’s too cold. 5)A skyscraper has many different parts that work together. The bones make the building tall and strong. The skin protects the inside of the building. The skin of a skyscraper can be made of metal, stone, or glass. The brain controls the building temperature. 6)The anatomy of a skyscraper is like a human body. All the parts have to work together. That's how a city skyscraper works properly.: 1. According to the passage, why does the author think that skyscrapers are like the human body?
d. The skyscraper has parts that need regular check-ups
a. A skyscraper has parts that can get old
b. The skyscraper has parts that are like strong legs
c. A skyscraper has parts that are like skin, bones, and brain
The item asks why the passage compares skyscrapers to the human body, focusing on the idea that a skyscraper has parts like skin, bones, and a brain.
Primary domain: reading comprehension / science analogy understanding. It measures the ability to identify the main idea of a passage and map structural similarities in an analogy, specifically that a skyscraper has parts like skin, bones, and a brain.
This is a low-to-moderate demand reading-comprehension item: it mainly requires recall and straightforward matching of details from the passage, not deep inference or multi-step synthesis. The correct choice is made easier by explicit analogies repeated throughout the text. Structural load is low, though the wording includes a few distractors with plausible but unsupported body-part comparisons and a general “why” question that still stays direct.
A low latent trait is required: the item mainly calls for basic reading comprehension and recognizing an explicit analogy between a skyscraper and the human body.","Original Text: 1) In many ways, skyscrapers are like the human body. They have bones that keep it tall and strong and skin to protect the body. They have a command center that is like a brain. 2)How do engineers design and build strong and smart skyscrapers? It is very challenging to build a skyscraper because there are many parts that have to work together. If one part is broken, the skyscraper will not work properly. 3)First, engineers need a strong and tall frame that supports the floors and walls. This frame is like the bones of a skyscraper. The bones of a skyscraper are made of concrete, steel and other materials. The columns are like the backbone of a human body. The columns go up. The steel columns hold up each floor. There are also steel beams that go across each floor. The steel columns and beams must be strong to resist the force of gravity. The steel columns and beams must work together to form a strong backbone. 4)Second, engineers need to design a command center. The command center is a computer that sends signals through wires in a skyscraper. For example, it sends signals to help bring fresh air into rooms, just like your lungs. The command center also controls the heating and air conditioning. It helps the building cool down when it’s too hot and warm up when it’s too cold. 5)A skyscraper has many different parts that work together. The bones make the building tall and strong. The skin protects the inside of the building. The skin of a skyscraper can be made of metal, stone, or glass. The brain controls the building temperature. 6)The anatomy of a skyscraper is like a human body. All the parts have to work together. That's how a city skyscraper works properly.: 1. According to the passage, why does the author think that skyscrapers are like the human body?
d. The skyscraper has parts that need regular check-ups
a. A skyscraper has parts that can get old
b. The skyscraper has parts that are like strong legs
c. A skyscraper has parts that are like skin, bones, and brain
The item asks why the passage compares skyscrapers to the human body, with the key idea that skyscrapers have parts like skin, bones, and a brain that work together.
This item is primarily measuring **reading comprehension of an informational passage, specifically identifying a stated main analogy/detail**. The correct choice depends on recognizing that the passage explicitly compares skyscraper parts to **skin, bones, and a brain/command center**, so it assesses the ability to extract and match directly stated information.
Core ask: assess the item’s demand/severity and note features that raise cognitive load or endorsement threshold.

This is a low-demand cognitive item. It mainly requires explicit recall/paraphrase from the passage, not multi-step reasoning or synthesis. The correct choice is directly supported by repeated body-part analogies (“skin, bones, and brain/command center”).

Load-increasing elements:
- Long passage increases reading/attention demand.
- Some analogy mapping across paragraphs (“command center” = “brain”) requires light integration.
- Distractors are mostly simple and weak; only one matches the passage closely.
- No tricky conditional logic or emotionally loaded wording.
The core ask is the latent trait level needed to answer this item correctly: it appears to require a low to moderately low level of the underlying trait, since the correct answer is explicitly stated and repeated in the passage, making the item relatively easy and accessible to respondents with below-average to average reading comprehension or passage-based inference skill.","Original Text: 1) In many ways, skyscrapers are like the human body. They have bones that keep it tall and strong and skin to protect the body. They have a command center that is like a brain. 2)How do engineers design and build strong and smart skyscrapers? It is very challenging to build a skyscraper because there are many parts that have to work together. If one part is broken, the skyscraper will not work properly. 3)First, engineers need a strong and tall frame that supports the floors and walls. This frame is like the bones of a skyscraper. The bones of a skyscraper are made of concrete, steel and other materials. The columns are like the backbone of a human body. The columns go up. The steel columns hold up each floor. There are also steel beams that go across each floor. The steel columns and beams must be strong to resist the force of gravity. The steel columns and beams must work together to form a strong backbone. 4)Second, engineers need to design a command center. The command center is a computer that sends signals through wires in a skyscraper. For example, it sends signals to help bring fresh air into rooms, just like your lungs. The command center also controls the heating and air conditioning. It helps the building cool down when it’s too hot and warm up when it’s too cold. 5)A skyscraper has many different parts that work together. The bones make the building tall and strong. The skin protects the inside of the building. The skin of a skyscraper can be made of metal, stone, or glass. The brain controls the building temperature. 6)The anatomy of a skyscraper is like a human body. All the parts have to work together. That's how a city skyscraper works properly.: 1. According to the passage, why does the author think that skyscrapers are like the human body?
d. The skyscraper has parts that need regular check-ups
a. A skyscraper has parts that can get old
b. The skyscraper has parts that are like strong legs
c. A skyscraper has parts that are like skin, bones, and brain
The task is to identify why the author compares skyscrapers to human bodies: skyscrapers have parts analogous to skin, bones, and the brain.
**Primary construct:** Reading comprehension—identifying an explicit comparison and supporting details.

**Justification:** The item asks students to understand why the author compares skyscraper components to human-body parts, selecting the stated correspondence of skin, bones, and brain (choice **c**).
This is a **low-demand recall/comprehension item**. It requires identifying the passage’s explicit analogy between skyscraper parts and **skin, bones, and brain**, with minimal reasoning and no synthesis.

- **Cognitive demand:** Simple retrieval and matching; not multi-step reasoning.
- **Structural features:** Direct “According to the passage” wording; the correct answer closely paraphrases repeated text.
- **Distractors:** Plausible but unsupported alternatives (“get old,” “regular check-ups”) and a partial/misaligned analogy (“strong legs”) create only modest discrimination.
- **Overall severity/load:** Low.
This item requires a **low-to-moderate level of cognitive ability**, primarily basic reading comprehension and literal identification of the passage’s central analogy between skyscraper parts and the human body.","Original Text: 1) In many ways, skyscrapers are like the human body. They have bones that keep it tall and strong and skin to protect the body. They have a command center that is like a brain. 2)How do engineers design and build strong and smart skyscrapers? It is very challenging to build a skyscraper because there are many parts that have to work together. If one part is broken, the skyscraper will not work properly. 3)First, engineers need a strong and tall frame that supports the floors and walls. This frame is like the bones of a skyscraper. The bones of a skyscraper are made of concrete, steel and other materials. The columns are like the backbone of a human body. The columns go up. The steel columns hold up each floor. There are also steel beams that go across each floor. The steel columns and beams must be strong to resist the force of gravity. The steel columns and beams must work together to form a strong backbone. 4)Second, engineers need to design a command center. The command center is a computer that sends signals through wires in a skyscraper. For example, it sends signals to help bring fresh air into rooms, just like your lungs. The command center also controls the heating and air conditioning. It helps the building cool down when it’s too hot and warm up when it’s too cold. 5)A skyscraper has many different parts that work together. The bones make the building tall and strong. The skin protects the inside of the building. The skin of a skyscraper can be made of metal, stone, or glass. The brain controls the building temperature. 6)The anatomy of a skyscraper is like a human body. All the parts have to work together. That's how a city skyscraper works properly.: 1. According to the passage, why does the author think that skyscrapers are like the human body?
d. The skyscraper has parts that need regular check-ups
a. A skyscraper has parts that can get old
b. The skyscraper has parts that are like strong legs
c. A skyscraper has parts that are like skin, bones, and brain
Identify why the author compares skyscrapers to the human body: both have parts like skin, bones, and a brain that work together.
**Primary skill: Reading comprehension—identifying an author’s stated comparison.** The item asks the reader to recognize that the passage compares skyscraper components to human skin, bones, and a brain, making **option c** correct.
Low demand: requires straightforward recall and matching an explicitly repeated analogy from the passage. No multi-step reasoning or synthesis is needed. The passage is moderately long, but the question is direct; distractors use related body/building ideas not stated in the text. Correct answer: **c**, with no severe emotional or introspective threshold.
This item requires a **low level of reading-comprehension ability**, because the correct answer—**c. parts like skin, bones, and a brain**—is stated explicitly and repeatedly in the passage.",1.912421385847566,0.1328710497138237,0.3071082838896005,0.3552756414472925,1.42657382296543,1022.0,gilbert_meta_103,-2.226292456515926,0.6507594885169091,-1.725748442145344,0.5044472797059595,-2.486621335126059,0.6791734831896459,-1.8147041553585028,0.49565204188641665,-1.9658410726325601,0.6073391677029106,-1.475328384618034,0.4557971270803103,-0.1337656011706987,0.4115836232402897,-0.12026793395111664,0.37005262625072793,-1.792078865046665,0.5728916304216262,-1.3379042339221119,0.42770112011765543,-0.8146623992313524,0.4511361138027828,-0.6078170973259605,0.3365912597037026,-1.7275500586607624,0.5575121257371968,-1.2654419338047433,0.40838134847414564
