id,BT_Score_Bipartite,BT_Strength_Bipartite,BT_Total_Wins,theta_2PL,se_2PL,theta_1PL,se_1PL
1,-0.8485198717568719,0.4280480292780761,3.0,-0.7791892651773428,0.4225850153833113,-0.6205895147075339,0.5675546973003969
2,0.1005321740700056,1.105759217906245,14.0,-0.05336671632221345,0.194740219274488,0.050617912972529426,0.3464598698075552
3,0.8557255448767115,2.3530810272594707,19.0,0.4560975150359373,0.3265638745029774,0.7172820800681697,0.3586300856373971
4,-0.5054257061982242,0.6032487140405396,10.0,-0.27032013697008767,0.33310643829536446,-0.4834949476206467,0.37936021615311066
5,0.1005321740700056,1.105759217906245,14.0,0.00503110215761156,0.1413090724737579,0.050617912972529426,0.3464598698075553
6,1.1979716485120138,3.3133893838493247,21.0,0.7226108267353939,0.24547205079781398,1.0004734715720964,0.3949532474452674
7,-0.6701157583529836,0.5116493466726845,9.0,-0.4183126571758451,0.33162935941104116,-0.6241837048022527,0.3717898087762332
8,-0.6701157583529836,0.5116493466726845,9.0,-0.5442648994240079,0.2770116654798685,-0.6241837048022527,0.3717898087762336
9,1.3878764204451364,4.006333245765282,22.0,1.0066881942425019,0.36890701067416004,1.1599576324588678,0.40162678067885116
10,-0.1955401687311226,0.822390308525518,12.0,-0.1522790227658013,0.28524400354835194,-0.1965410864564176,0.36729278966916784
11,-0.34792658275517807,0.7061507179514633,11.0,-0.1311676613278849,0.27077041270777147,-0.337726521909919,0.38171359397803306
12,-0.34792658275517807,0.7061507179514633,11.0,-0.3749279293530708,0.33860751441487796,-0.33772652190991903,0.38171359397803317
13,-1.7433883578649005,0.1749266811222151,4.0,-1.0831617475534079,0.36126170805904345,-1.4462843505856477,0.44100321381049695
14,1.1979716485120138,3.3133893838493247,21.0,0.7273452180591868,0.24773259235261122,1.0004734715720973,0.3949532474452676
15,-0.34792658275517807,0.7061507179514633,11.0,-0.3439211204216378,0.3402587719242782,-0.3377265219099179,0.38171359397803334
16,0.8557255448767115,2.3530810272594707,19.0,0.5548122463113018,0.28533822666445374,0.7172820800681681,0.3586300856373962
17,-0.34792658275517807,0.7061507179514633,11.0,-0.35378854082959765,0.3400312450100616,-0.33772652190991903,0.38171359397803345
18,1.1979716485120138,3.3133893838493247,21.0,0.6578287542538572,0.23568619895585013,1.0004734715720953,0.3949532474452672
19,-0.6701157583529836,0.5116493466726845,9.0,-0.6773657996935207,0.17826035047405114,-0.6241837048022533,0.3717898087762335
20,2.8990334680463326,18.156587963476664,27.0,2.082067565670433,0.5397298994264597,2.1036505236890664,0.4875326841563211
21,-0.844648657419226,0.42970830651729436,8.0,-0.6742684556082371,0.17843707128167366,-0.7636638742321779,0.3782965523904098
22,0.8557255448767115,2.3530810272594707,19.0,0.6883010327381964,0.23455496115782165,0.7172820800681681,0.3586300856373959
23,1.8318596976398491,6.245490589387757,24.0,1.1362031891237725,0.3829974400763736,1.4892107299974238,0.4171914036194642
24,1.3878764204451364,4.006333245765282,22.0,0.97937188366022,0.3631017591849599,1.1599576324588683,0.40162678067885144
25,-0.04655133361753223,0.9545155605755924,13.0,-0.047523646643061926,0.18739218899941648,-0.06883643813201734,0.3485716342208257
26,2.8990334680463326,18.156587963476664,27.0,1.765138658060017,0.47585245146526156,2.1036505236890672,0.4875326841563212
27,-0.6701157583529836,0.5116493466726845,9.0,-0.5788829383254325,0.2514104881470487,-0.6241837048022533,0.37178980877623424
28,0.24708180121096487,1.2802838372631835,15.0,0.04840211014275701,0.18856163302239443,0.17573330478309723,0.3626230618781605
29,2.444445163431118,11.524153802736965,26.0,1.7589132115287416,0.47447679222876993,1.8778916573562545,0.46367877935192
30,-0.844648657419226,0.42970830651729436,8.0,-0.6482852872339419,0.19057355983457835,-0.7636638742321787,0.3782965523904105
31,-1.4716871349111675,0.22953789692248078,5.0,-0.9644227705195259,0.3480852544252307,-1.2589236990619126,0.4265034313091043
32,0.5439537029205247,1.7228048733303707,17.0,0.17247239096112432,0.29757309108550356,0.4550948431776727,0.37323084079277086
33,-0.04655133361753223,0.9545155605755924,13.0,-0.04838597451023612,0.18848793716968298,-0.06883643813201734,0.3485716342208257
34,-2.528865166631705,0.07974947131391928,2.0,-1.4016669330415605,0.35278908795769137,-1.8835758263635156,0.4968647279963658
35,1.3878764204451364,4.006333245765282,22.0,0.8812088603753613,0.3310652343309828,1.1599576324588687,0.40162678067885155
36,-0.844648657419226,0.42970830651729436,8.0,-0.7200574166404852,0.20169760695554864,-0.7636638742321779,0.3782965523904098
37,-0.17214146827172366,0.8418600682550261,5.0,-0.10522244402397515,0.36182176694465246,-0.14545686353664666,0.5330833325629015
38,1.596588969320385,4.936166260692625,23.0,1.0885701224078694,0.3799305329689221,1.3217599893207335,0.4036782459266954
39,1.1979716485120138,3.3133893838493247,21.0,0.8216777593029572,0.3020379518428716,1.0004734715720984,0.39495324744526766
40,-0.04655133361753223,0.9545155605755924,13.0,-0.0411232629042136,0.17916768506553113,-0.06883643813201758,0.3485716342208263
41,1.596588969320385,4.936166260692625,23.0,1.0074596414763093,0.36905373251739054,1.3217599893207337,0.4036782459266953
42,0.8557255448767115,2.3530810272594707,19.0,0.6001258990668047,0.26033359771406145,0.7172820800681681,0.3586300856373959
43,7.923463089655935,2761.3171956198867,29.0,2.340861361926489,0.588325689208178,2.649706640075528,0.5626038899439663
44,-1.032591748752255,0.3560828862260718,7.0,-0.8889952043408077,0.32331946953293667,-0.9142302856711233,0.39869362049526547
45,-0.5054257061982242,0.6032487140405396,10.0,-0.5921149148623905,0.24031535721874836,-0.48349494762064527,0.3793602161531109
46,-0.5054257061982242,0.6032487140405396,10.0,-0.32890984759818837,0.34007216191696127,-0.4834949476206455,0.3793602161531111
47,1.596588969320385,4.936166260692625,23.0,1.1170631818748962,0.3819891190973301,1.3217599893207337,0.4036782459266955
48,2.1065186961962965,8.219576575099879,25.0,1.3028860604675765,0.38830281416835866,1.6730619110909013,0.4408789365994646
49,-0.5054257061982242,0.6032487140405396,10.0,-0.5654032142535763,0.26198048362773824,-0.4834949476206457,0.37936021615311166
50,-0.5054257061982242,0.6032487140405396,10.0,-0.5956919564311614,0.23720299055472968,-0.48349494762064654,0.3793602161531108
51,-0.6701157583529836,0.5116493466726845,9.0,-0.657109528822609,0.18464658861029615,-0.6241837048022522,0.37178980877623297
52,1.3878764204451364,4.006333245765282,22.0,0.829488677899831,0.30625895317090585,1.1599576324588683,0.40162678067885144
53,-0.5054257061982242,0.6032487140405396,10.0,-0.31003497245878425,0.3389215249169726,-0.48349494762064693,0.3793602161531112
54,-0.844648657419226,0.42970830651729436,8.0,-0.6559270456561402,0.1853545605168449,-0.7636638742321793,0.3782965523904096
55,0.8557255448767115,2.3530810272594707,19.0,0.6047310644213049,0.2578193357609654,0.7172820800681681,0.3586300856373959
56,-0.844648657419226,0.42970830651729436,8.0,-0.6814118389454712,0.17849987557278355,-0.7636638742321779,0.3782965523904101
57,-1.4716871349111675,0.22953789692248078,5.0,-1.1241370118933716,0.3602648339415083,-1.2589236990619097,0.4265034313091043
58,-0.1955401687311226,0.822390308525518,12.0,-0.33149423538299655,0.34015015427891837,-0.1965410864564169,0.36729278966916745
59,0.5439537029205247,1.7228048733303707,17.0,0.0912539971127411,0.23690170742023664,0.45509484317767396,0.37323084079277047
60,-1.032591748752255,0.3560828862260718,7.0,-0.7357145929491379,0.2162044574020057,-0.9142302856711219,0.3986936204952649
61,-0.1955401687311226,0.822390308525518,12.0,-0.24766391667759283,0.32765315548395796,-0.19654108645641674,0.36729278966916773
62,3.6403281455438465,38.10433844295665,28.0,2.0950821760636917,0.5421999122313567,2.3569395325946263,0.5205817041225441
63,0.24708180121096487,1.2802838372631835,15.0,0.03961048605098416,0.177249362975178,0.17573330478309723,0.3626230618781604
64,0.5439537029205247,1.7228048733303707,17.0,0.5549049955580219,0.285288993602706,0.45509484317767107,0.3732308407927706
65,1.0217807831352292,2.7781376222037397,20.0,0.7455281871301592,0.2574357886072414,0.851372075491174,0.3758119246812152
66,0.5693701235390005,1.7671536123426255,8.0,0.5277825128589136,0.40915809771768225,0.4222410340527283,0.506218908575806
67,1.596588969320385,4.936166260692625,23.0,0.7719821471997033,0.2730670702255313,1.3217599893207355,0.4036782459266959
68,1.1979716485120138,3.3133893838493247,21.0,0.875821447987783,0.32874505710299784,1.000473471572095,0.39495324744526716
69,-0.5054257061982242,0.6032487140405396,10.0,-0.304025801423695,0.3383394752877744,-0.4834949476206467,0.37936021615311105
70,0.24708180121096487,1.2802838372631835,15.0,0.055489199743733064,0.19742414964722158,0.17573330478309807,0.36262306187816057
71,-0.6701157583529836,0.5116493466726845,9.0,-0.6688477078908813,0.17948382203578478,-0.6241837048022527,0.3717898087762332
72,-0.6701157583529836,0.5116493466726845,9.0,-0.6575552236591994,0.18438759437640032,-0.6241837048022533,0.37178980877623424
73,-0.04655133361753223,0.9545155605755924,13.0,-0.0004827777992236094,0.1404077780204287,-0.06883643813201734,0.3485716342208257
74,-0.5054257061982242,0.6032487140405396,10.0,-0.6425939286068508,0.1950385591241854,-0.48349494762064693,0.3793602161531112
75,1.3878764204451364,4.006333245765282,22.0,0.81936077495069,0.30076396535709826,1.1599576324588687,0.40162678067885166
76,-1.7433883578649005,0.1749266811222151,4.0,-1.0598496915531332,0.3607304989169798,-1.4462843505856484,0.4410032138104968
77,-0.844648657419226,0.42970830651729436,8.0,-0.6790238591614426,0.1782941096052331,-0.7636638742321779,0.3782965523904101
78,-0.5054257061982242,0.6032487140405396,10.0,-0.24420019305828403,0.32667709578293613,-0.4834949476206465,0.37936021615311083
79,-0.1955401687311226,0.822390308525518,12.0,-0.487354403790548,0.3085765665261826,-0.1965410864564154,0.3672927896691668
80,0.39443124038873717,1.4835401731898719,16.0,0.1052283848627908,0.24993237278220318,0.3132836350983428,0.37684500028327883
81,-1.4716871349111675,0.22953789692248078,5.0,-1.208169934359941,0.35308119100206287,-1.2589236990619104,0.426503431309104
82,1.596588969320385,4.936166260692625,23.0,0.8139809540885828,0.29776897424837245,1.3217599893207321,0.4036782459266957
83,0.5439537029205247,1.7228048733303707,17.0,0.2341897333104255,0.3244232437114607,0.4550948431776727,0.37323084079277086
84,2.444445163431118,11.524153802736965,26.0,1.8980711551679732,0.5038832437002431,1.8778916573562556,0.4636787793519202
85,-0.5825412721845993,0.5584773188195695,7.0,-0.3403550241721942,0.3452185747910187,-0.5293953880090712,0.42665946867536086
86,-0.844648657419226,0.42970830651729436,8.0,-0.6488154374461508,0.19017973732001084,-0.7636638742321767,0.3782965523904095
87,1.1979716485120138,3.3133893838493247,21.0,0.8819060081944072,0.33136097041672563,1.0004734715720973,0.3949532474452676
88,-1.032591748752255,0.3560828862260718,7.0,-0.6228852623744201,0.2124885521448424,-0.9142302856711225,0.39869362049526497
89,-1.2390260417132501,0.2896662033949119,6.0,-0.827077425160614,0.2904173368523237,-1.0810281051270711,0.4164958662326629
90,-0.04655133361753223,0.9545155605755924,13.0,-0.16242242085189054,0.2914520276350785,-0.06883643813201798,0.3485716342208258
91,-0.844648657419226,0.42970830651729436,8.0,-0.613385483071244,0.22125397499962712,-0.7636638742321787,0.3782965523904107
92,3.6403281455438465,38.10433844295665,28.0,1.8395241209315054,0.4918391304175335,2.356939532594627,0.5205817041225445
93,-0.844648657419226,0.42970830651729436,8.0,-0.581245658014531,0.24948007105076675,-0.7636638742321779,0.3782965523904101
94,7.544816070798309,1890.9149109608866,1.0,0.33389889989866295,0.9384361559063431,0.4005495442437142,0.9113380403246992
95,-0.844648657419226,0.42970830651729436,8.0,-0.665385396265023,0.18062042779932894,-0.7636638742321787,0.37829655239041043
96,-0.30625879235136,0.7361960728884016,9.0,-0.3438586453051653,0.3441461086146573,-0.2986695373672169,0.4051164907609725
97,0.1005321740700056,1.105759217906245,14.0,-0.05051708471536903,0.19117987724105043,0.05061791297252881,0.34645986980755517
98,-1.2390260417132501,0.2896662033949119,6.0,-0.8224647221304383,0.2874296576272553,-1.0810281051270711,0.416495866232663
99,-0.04655133361753223,0.9545155605755924,13.0,-0.0029085268797077613,0.14070346005873405,-0.06883643813201758,0.3485716342208263
100,-0.6701157583529836,0.5116493466726845,9.0,-0.5515212363863257,0.27206378364946476,-0.6241837048022527,0.37178980877623397
101,0.8557255448767115,2.3530810272594707,19.0,0.571616509670151,0.2762136087655952,0.717282080068169,0.3586300856373965
102,0.24708180121096487,1.2802838372631835,15.0,0.0685633992446992,0.21291374516801306,0.17573330478309865,0.362623061878161
103,-0.015441334554458687,0.9846772715881685,4.0,-0.12708297128216267,0.41990667416622157,-0.02094649043466673,0.5971325757965856
104,2.8990334680463326,18.156587963476664,27.0,2.055602695226715,0.5346908045850719,2.103650523689067,0.48753268415632106
105,-0.844648657419226,0.42970830651729436,8.0,-0.6698318256579898,0.17922579841183203,-0.7636638742321777,0.37829655239040977
106,-2.07799009533395,0.12518156252549306,3.0,-1.24524249436551,0.3493350951221291,-1.6516055408649777,0.4665742612836278
107,0.39443124038873717,1.4835401731898719,16.0,0.2638381939422183,0.3327455159960251,0.3132836350983427,0.3768450002832787
108,0.24708180121096487,1.2802838372631835,15.0,0.029822874669907663,0.16463435948756222,0.17573330478309807,0.36262306187816057
109,-0.844648657419226,0.42970830651729436,8.0,-0.6704214066761092,0.17908541833520328,-0.7636638742321779,0.3782965523904101
110,-1.032591748752255,0.3560828862260718,7.0,-0.6954865633723778,0.18325524598937773,-0.9142302856711216,0.3986936204952648
111,0.697144981035748,2.008011604679713,18.0,0.619086335086263,0.25031292202552013,0.589413198069576,0.3599273855408778
112,-1.032591748752255,0.3560828862260718,7.0,-0.8091407257544766,0.27834150199887864,-0.9142302856711221,0.39869362049526524
113,0.8557255448767115,2.3530810272594707,19.0,0.6288207095799111,0.2456715299791218,0.7172820800681698,0.3586300856373959
114,0.1005321740700056,1.105759217906245,14.0,0.008622023320745995,0.1430148326383426,0.050617912972529426,0.3464598698075552
115,1.596588969320385,4.936166260692625,23.0,1.2505238175858961,0.38616357141251406,1.321759989320734,0.4036782459266956
116,-1.4716871349111675,0.22953789692248078,5.0,-0.794157124092226,0.2672841591800183,-1.258923699061912,0.42650343130910395
117,-1.2390260417132501,0.2896662033949119,6.0,-0.7071873844005294,0.19092811946527233,-1.081028105127073,0.41649586623266327
118,1.3878764204451364,4.006333245765282,22.0,0.8320649657557162,0.3076254408687524,1.1599576324588683,0.40162678067885144
119,0.5439537029205247,1.7228048733303707,17.0,0.18791186741240495,0.30560804832610944,0.4550948431776725,0.37323084079277036
120,1.3878764204451364,4.006333245765282,22.0,0.7515169860600901,0.26087917842768726,1.1599576324588656,0.4016267806788514
121,-0.1955401687311226,0.822390308525518,12.0,-0.0225358236752081,0.15574132703528307,-0.1965410864564169,0.36729278966916734
122,-27.63102212771614,9.999989882129212e-13,0.0,-0.8850427290554115,0.7751089029250863,-0.7815706839247876,0.8422263439658354
123,-1.4716871349111675,0.22953789692248078,5.0,-0.7730532213700153,0.2501792454131535,-1.2589236990619115,0.4265034313091038
124,2.444445163431118,11.524153802736965,26.0,1.7772439264153923,0.4785105508076358,1.8778916573562525,0.46367877935191976
125,2.8990334680463326,18.156587963476664,27.0,1.693915523504187,0.4597796708076404,2.1036505236890664,0.4875326841563209
126,-1.4716871349111675,0.22953789692248078,5.0,-0.9808566955867305,0.3516090812927753,-1.258923699061912,0.42650343130910395
127,1.8318596976398491,6.245490589387757,24.0,1.3792980701809288,0.3949711223332424,1.4892107299974238,0.41719140361946416
128,-0.844648657419226,0.42970830651729436,8.0,-0.5960760948829429,0.23686612040129304,-0.7636638742321779,0.3782965523904101
129,0.697144981035748,2.008011604679713,18.0,0.30654697374720175,0.34011338854340256,0.5894131980695756,0.35992738554087716
130,-0.34792658275517807,0.7061507179514633,11.0,-0.11471345506282137,0.25789070854328683,-0.3377265219099189,0.38171359397803356
131,-0.6701157583529836,0.5116493466726845,9.0,-0.5895977416298639,0.24247798143970628,-0.6241837048022533,0.37178980877623424
132,-1.032591748752255,0.3560828862260718,7.0,-0.7290698387898921,0.2099627833261982,-0.9142302856711214,0.39869362049526447
133,-1.7433883578649005,0.1749266811222151,4.0,-1.1669143152391177,0.3571828755568273,-1.4462843505856475,0.44100321381049656
134,0.697144981035748,2.008011604679713,18.0,0.5259181404204961,0.29985772459397086,0.5894131980695756,0.3599273855408768
135,-1.4716871349111675,0.22953789692248078,5.0,-0.7750016858366997,0.25183248251558654,-1.258923699061911,0.4265034313091043
136,-1.032591748752255,0.3560828862260718,7.0,-0.6784615831929905,0.1782726163884248,-0.9142302856711233,0.39869362049526547
137,-0.1955401687311226,0.822390308525518,12.0,-0.15775822468653705,0.2886546435621375,-0.19654108645641627,0.367292789669167
138,1.1979716485120138,3.3133893838493247,21.0,0.756082868721506,0.2635557038329428,1.0004734715720964,0.3949532474452674
139,0.5693701235390005,1.7671536123426255,8.0,0.34303409457511996,0.3956875581726704,0.42224103405272867,0.5062189085758064
140,1.0217807831352292,2.7781376222037397,20.0,0.6327326696914919,0.24394919900622392,0.851372075491174,0.375811924681215
141,-0.04655133361753223,0.9545155605755924,13.0,-0.046181447207614405,0.18567988969892407,-0.06883643813201734,0.34857163422082577
142,-0.34792658275517807,0.7061507179514633,11.0,-0.19413107754486325,0.3080582422308642,-0.33772652190991787,0.3817135939780331
143,-0.5054257061982242,0.6032487140405396,10.0,-0.6566816067569737,0.1848993380891672,-0.48349494762064693,0.3793602161531112
144,1.1979716485120138,3.3133893838493247,21.0,0.7245847672164384,0.24639802121580956,1.0004734715720984,0.3949532474452676
145,1.8318596976398491,6.245490589387757,24.0,1.3990019950515504,0.39751836938528384,1.4892107299974258,0.41719140361946466
146,1.8318596976398491,6.245490589387757,24.0,1.3495383405283712,0.3917808546716708,1.4892107299974249,0.41719140361946455
147,-0.1955401687311226,0.822390308525518,12.0,-0.02515128657828133,0.15882735065098594,-0.19654108645641627,0.367292789669167
148,1.8318596976398491,6.245490589387757,24.0,1.3059932347505974,0.3884816609764256,1.4892107299974247,0.41719140361946433
149,-0.5054257061982242,0.6032487140405396,10.0,-0.6001228362299733,0.23328802654685674,-0.48349494762064577,0.3793602161531112
150,0.8557255448767115,2.3530810272594707,19.0,0.6156094515759765,0.2520715141068799,0.7172820800681681,0.3586300856373959
151,0.24708180121096487,1.2802838372631835,15.0,0.137308363982623,0.27547598762058806,0.17573330478309723,0.3626230618781605
152,-0.34792658275517807,0.7061507179514633,11.0,-0.3356798727865679,0.3402359735550986,-0.33772652190991914,0.38171359397803356
153,-0.5054257061982242,0.6032487140405396,10.0,-0.4246868236646331,0.3301334506726403,-0.48349494762064527,0.3793602161531109
154,0.24708180121096487,1.2802838372631835,15.0,0.01234363479190577,0.14559711383045154,0.17573330478309865,0.362623061878161
155,-1.032591748752255,0.3560828862260718,7.0,-0.7186334258823389,0.20043051345600316,-0.9142302856711214,0.39869362049526463
156,-0.844648657419226,0.42970830651729436,8.0,-0.7090010221051651,0.19233181442214892,-0.7636638742321779,0.3782965523904098
157,-1.2390260417132501,0.2896662033949119,6.0,-0.8069882226351417,0.2768081918141273,-1.081028105127074,0.41649586623266327
158,-0.6701157583529836,0.5116493466726845,9.0,-0.6656666167030254,0.18051517123411126,-0.6241837048022533,0.3717898087762343
159,-1.2390260417132501,0.2896662033949119,6.0,-0.750043976502846,0.22964532585835706,-1.0810281051270723,0.416495866232663
160,0.1005321740700056,1.105759217906245,14.0,0.03798943959425305,0.1751451957344823,0.050617912972529426,0.3464598698075552
161,-0.6701157583529836,0.5116493466726845,9.0,-0.6208332043275984,0.21438149793368377,-0.6241837048022533,0.37178980877623385
162,-0.9879041082247529,0.37235629224714656,3.0,-0.7323506701164418,0.3987125503341345,-0.7314167202532001,0.5540457249776569
163,-0.6701157583529836,0.5116493466726845,9.0,-0.6409233820660256,0.19641989656253506,-0.6241837048022527,0.371789808776234
164,-0.04655133361753223,0.9545155605755924,13.0,-0.034707837618725895,0.17085606978024057,-0.06883643813201734,0.3485716342208257
165,-0.1955401687311226,0.822390308525518,12.0,-0.031155476442739666,0.16629519762213324,-0.19654108645641685,0.3672927896691673
166,1.0217807831352292,2.7781376222037397,20.0,0.651418080694442,0.23725935694214667,0.8513720754911727,0.3758119246812145
167,-1.5596923715151552,0.21020072498612263,4.0,-0.8597622439382503,0.3170360446567462,-1.2942954165758926,0.4533126794039795
168,0.519326049094359,1.680894427551998,9.0,0.23495171262463135,0.35970136826651256,0.3930912255980445,0.4792241238687649
169,0.39443124038873717,1.4835401731898719,16.0,0.10682872801091982,0.2513459501365957,0.31328363509834267,0.3768450002832785
170,2.1065186961962965,8.219576575099879,25.0,1.4220839882828544,0.40093044389747334,1.6730619110909026,0.4408789365994647
171,1.0217807831352292,2.7781376222037397,20.0,0.6597539051078243,0.23529731927207548,0.851372075491174,0.3758119246812152
172,-0.844648657419226,0.42970830651729436,8.0,-0.6120793959361612,0.22245470822633617,-0.7636638742321779,0.3782965523904098
173,2.444445163431118,11.524153802736965,26.0,1.8613445846721821,0.49637856614932496,1.877891657356253,0.4636787793519199
174,0.24708180121096487,1.2802838372631835,15.0,0.03322963451112007,0.16898438523850204,0.17573330478309865,0.36262306187816107
175,2.444445163431118,11.524153802736965,26.0,1.6152834087470607,0.4414166118669468,1.877891657356256,0.46367877935191976
176,-1.2390260417132501,0.2896662033949119,6.0,-0.8335904963315285,0.2945006088084593,-1.0810281051270711,0.41649586623266294
177,-0.5054257061982242,0.6032487140405396,10.0,-0.5242230832501218,0.2895559696488014,-0.48349494762064654,0.37936021615311044
178,1.596588969320385,4.936166260692625,23.0,1.3720655602960377,0.39412295432500527,1.3217599893207335,0.4036782459266954
179,-0.844648657419226,0.42970830651729436,8.0,-0.706224583824609,0.19020251534412227,-0.7636638742321779,0.3782965523904098
180,-0.03491101031054431,0.9656913490072035,10.0,-0.03291511795680793,0.2205860218038724,-0.06672689627496682,0.39511211587544676
181,-0.34792658275517807,0.7061507179514633,11.0,-0.5146946101172527,0.29496065457009285,-0.3377265219099178,0.3817135939780335
182,0.1005321740700056,1.105759217906245,14.0,-0.03959596750522859,0.17718915488458653,0.050617912972529266,0.34645986980755467
183,-0.6701157583529836,0.5116493466726845,9.0,-0.6474301347760725,0.19121745811215277,-0.6241837048022527,0.37178980877623324
184,0.8557255448767115,2.3530810272594707,19.0,0.4806884221267005,0.31861343192433755,0.717282080068169,0.3586300856373968
185,1.0158386531331371,2.7616785167903375,3.0,0.7111798732160051,0.645902749872139,0.4854107910440598,0.7411557996071811
186,-1.4716871349111675,0.22953789692248078,5.0,-0.8300547245746109,0.2923033940120447,-1.2589236990619121,0.42650343130910406
187,0.24708180121096487,1.2802838372631835,15.0,-0.013181945854204465,0.14626652221060196,0.17573330478309862,0.362623061878161
188,0.697144981035748,2.008011604679713,18.0,0.5643037978042913,0.28023031755233524,0.5894131980695747,0.359927385540878
189,-0.6701157583529836,0.5116493466726845,9.0,-0.5808769230786172,0.2497828336613288,-0.6241837048022522,0.37178980877623446
190,2.1579518208670994,8.653395790716845,8.0,1.0072965174816533,0.5348228334782245,1.2323798366779546,0.6323009455727372
191,0.1005321740700056,1.105759217906245,14.0,-0.01770331733592133,0.1504722657928662,0.050617912972529426,0.3464598698075552
192,-0.34792658275517807,0.7061507179514633,11.0,-0.5977689606956345,0.23537570735986513,-0.33772652190991787,0.3817135939780331
193,0.7710988050371888,2.1621407201226046,12.0,0.6068514266713445,0.347371904661021,0.6084659118049652,0.4377206018989026
194,-0.34792658275517807,0.7061507179514633,11.0,-0.13209759087452796,0.2714547670791147,-0.33772652190991914,0.38171359397803356
195,-0.6701157583529836,0.5116493466726845,9.0,-0.6983717013045726,0.18488821532258556,-0.624183704802251,0.37178980877623397
196,0.8557255448767115,2.3530810272594707,19.0,0.5068540120931289,0.308398298720761,0.717282080068169,0.35863008563739657
197,0.5439537029205247,1.7228048733303707,17.0,0.2684522697077834,0.333798016421916,0.45509484317767257,0.3732308407927703
198,-1.7433883578649005,0.1749266811222151,4.0,-1.4807243502884324,0.3716731587355454,-1.4462843505856466,0.44100321381049673
199,-0.844648657419226,0.42970830651729436,8.0,-0.7014119473644429,0.1868066015094694,-0.7636638742321767,0.3782965523904095
200,-0.844648657419226,0.42970830651729436,8.0,-0.6713651795094555,0.17888312969238987,-0.7636638742321794,0.3782965523904099
201,0.5439537029205247,1.7228048733303707,17.0,0.0936156137811668,0.23919289865264745,0.45509484317767235,0.37323084079277014
202,-2.07799009533395,0.12518156252549306,3.0,-1.3017974782261912,0.3456607075371698,-1.6516055408649768,0.466574261283628
203,-0.34792658275517807,0.7061507179514633,11.0,-0.296206331464304,0.33742467999180253,-0.3377265219099191,0.38171359397803306
204,1.0217807831352292,2.7781376222037397,20.0,0.6584335889075854,0.2355597371853538,0.8513720754911741,0.37581192468121466
205,-0.7867706538898348,0.45531278625632365,8.0,-0.6173336816985515,0.22250802785376908,-0.7151106431840504,0.3818692551914303
206,1.1979716485120138,3.3133893838493247,21.0,0.750101241414421,0.26005749557110314,1.0004734715720973,0.3949532474452676
207,0.5439537029205247,1.7228048733303707,17.0,0.16173751213016072,0.2914120846915284,0.45509484317767274,0.37323084079277047
208,-0.5054257061982242,0.6032487140405396,10.0,-0.597882439738985,0.2352754638247246,-0.48349494762064693,0.3793602161531112
209,1.1979716485120138,3.3133893838493247,21.0,0.8010343291065553,0.29036697877226303,1.0004734715720984,0.3949532474452675
210,0.5439537029205247,1.7228048733303707,17.0,0.5408868148595872,0.2925518864879887,0.45509484317767124,0.3732308407927707
211,1.8318596976398491,6.245490589387757,24.0,1.2140318790743434,0.38528555067528253,1.4892107299974264,0.41719140361946466
212,-0.34792658275517807,0.7061507179514633,11.0,-0.3593058323255948,0.33978293709711677,-0.337726521909919,0.38171359397803306
213,-0.844648657419226,0.42970830651729436,8.0,-0.7246058792717086,0.20582535728263876,-0.7636638742321767,0.3782965523904095
214,0.24708180121096487,1.2802838372631835,15.0,0.07442457867868647,0.21946168571482827,0.17573330478309865,0.36262306187816107
215,-0.5054257061982242,0.6032487140405396,10.0,-0.4589679076648825,0.31992709135595643,-0.4834949476206452,0.37936021615311094
216,-0.6701157583529836,0.5116493466726845,9.0,-0.5558517206784592,0.26900576072039056,-0.6241837048022527,0.3717898087762336
217,-0.04655133361753223,0.9545155605755924,13.0,-0.03341126947847161,0.16918437199393974,-0.06883643813201755,0.3485716342208263
218,-0.844648657419226,0.42970830651729436,8.0,-0.5946669144628255,0.23809944192110463,-0.7636638742321779,0.3782965523904101
219,-1.2390260417132501,0.2896662033949119,6.0,-0.9181579361546715,0.3346825642610222,-1.0810281051270707,0.41649586623266255
220,-0.844648657419226,0.42970830651729436,8.0,-0.667017681579894,0.18004097253244777,-0.7636638742321779,0.3782965523904098
221,1.3878764204451364,4.006333245765282,22.0,0.6986374183116718,0.23663800310822666,1.1599576324588663,0.4016267806788516
222,-0.844648657419226,0.42970830651729436,8.0,-0.6875315282473129,0.17985489204525656,-0.7636638742321779,0.3782965523904103
223,1.8318596976398491,6.245490589387757,24.0,1.3924347216384638,0.3966312111668981,1.4892107299974255,0.4171914036194645
224,0.18809034354015472,1.2069425498869681,9.0,-0.10091362700344471,0.29882743012419993,0.12263452376221219,0.44069090794542215
225,-0.844648657419226,0.42970830651729436,8.0,-0.6402770458584902,0.1969615960495321,-0.7636638742321779,0.3782965523904101
226,1.0217807831352292,2.7781376222037397,20.0,0.6689704141969895,0.23400720891550925,0.8513720754911756,0.3758119246812156
227,1.331416402795356,3.7864026625423417,15.0,0.9939724229789526,0.4059975105267015,1.0502227650577522,0.455624555078407
228,1.0217807831352292,2.7781376222037397,20.0,0.6877610757649223,0.2344793262952797,0.851372075491174,0.37581192468121477
229,0.1005321740700056,1.105759217906245,14.0,-0.13684188599880387,0.2748769678886702,0.05061791297252926,0.34645986980755467
230,-0.5054257061982242,0.6032487140405396,10.0,-0.5418652232691741,0.27859977010538245,-0.48349494762064527,0.3793602161531109
231,1.3878764204451364,4.006333245765282,22.0,0.9911241810274352,0.36574761866529704,1.1599576324588656,0.4016267806788513
232,0.24708180121096487,1.2802838372631835,15.0,0.018644290881935525,0.1514627234279673,0.17573330478309807,0.36262306187816057
233,0.39443124038873717,1.4835401731898719,16.0,0.07220775221471007,0.21701437527915773,0.31328363509834156,0.3768450002832786
234,-0.1955401687311226,0.822390308525518,12.0,-0.16464489987385394,0.29275143555718114,-0.19654108645641627,0.367292789669167
235,1.8318596976398491,6.245490589387757,24.0,1.5459645601387313,0.4253688178416046,1.4892107299974258,0.41719140361946466
236,-0.1955401687311226,0.822390308525518,12.0,-0.01730029006331024,0.15006498809004923,-0.19654108645641694,0.36729278966916734
237,-0.5054257061982242,0.6032487140405396,10.0,-0.25294291556374043,0.3290672043594128,-0.48349494762064693,0.3793602161531112
238,-0.04655133361753223,0.9545155605755924,13.0,0.006396060114249428,0.14185922910015025,-0.06883643813201734,0.34857163422082577
239,-0.34792658275517807,0.7061507179514633,11.0,-0.153912117930137,0.28627483523137587,-0.33772652190991903,0.38171359397803345
240,1.0217807831352292,2.7781376222037397,20.0,0.7072440098154998,0.23923020523039054,0.8513720754911741,0.3758119246812152
241,-0.5054257061982242,0.6032487140405396,10.0,-0.5942740329280414,0.23844207704519904,-0.4834949476206465,0.37936021615311083
242,1.596588969320385,4.936166260692625,23.0,1.1680106376871007,0.3841782039724238,1.3217599893207337,0.4036782459266954
243,-0.34792658275517807,0.7061507179514633,11.0,-0.14175991889987247,0.2783048899811342,-0.33772652190991886,0.381713593978033
244,1.0217807831352292,2.7781376222037397,20.0,0.6132674292625698,0.2532803621506174,0.8513720754911741,0.3758119246812145
245,-0.04655133361753223,0.9545155605755924,13.0,-0.02979093763544889,0.16456422726939288,-0.06883643813201734,0.3485716342208257
246,0.24708180121096487,1.2802838372631835,15.0,0.02451843634233847,0.15809285931793654,0.17573330478309723,0.36262306187816035
247,-1.2390260417132501,0.2896662033949119,6.0,-1.219036411151637,0.3519467543777593,-1.081028105127072,0.41649586623266316
248,0.6341278655040008,1.885377121797923,2.0,0.030453727956982174,0.6741459103232137,0.2693643447394416,0.7823113802501072
249,-1.032591748752255,0.3560828862260718,7.0,-0.693006704573853,0.18201262785885858,-0.9142302856711233,0.3986936204952653
250,-0.6701157583529836,0.5116493466726845,9.0,-0.5524260532956522,0.2714313629600767,-0.6241837048022533,0.37178980877623424
251,0.39443124038873717,1.4835401731898719,16.0,0.19322709043568634,0.30815939676526605,0.31328363509834156,0.3768450002832783
252,-1.032591748752255,0.3560828862260718,7.0,-0.7947794312392565,0.2677613606152958,-0.9142302856711233,0.39869362049526547
253,-0.1955401687311226,0.822390308525518,12.0,-0.22146249605777552,0.31929462974653205,-0.19654108645641707,0.3672927896691672
254,-1.032591748752255,0.3560828862260718,7.0,-0.6599475692340553,0.18307457311728528,-0.9142302856711234,0.3986936204952654
255,-0.1955401687311226,0.822390308525518,12.0,-0.03256025839422989,0.16809105540273342,-0.1965410864564169,0.36729278966916734
256,-0.04655133361753223,0.9545155605755924,13.0,-0.017504606390131475,0.15027075006790996,-0.06883643813201734,0.34857163422082577
257,-1.4716871349111675,0.22953789692248078,5.0,-1.0433999616745817,0.3598090686427528,-1.2589236990619126,0.4265034313091043
258,1.1979716485120138,3.3133893838493247,21.0,0.9399426672180318,0.3524649367702678,1.0004734715720953,0.3949532474452672
259,0.39443124038873717,1.4835401731898719,16.0,0.021983494826638354,0.15512925131568855,0.31328363509834156,0.37684500028327883
260,1.1979716485120138,3.3133893838493247,21.0,0.8917441529166891,0.335424893097014,1.0004734715720953,0.3949532474452672
261,-0.6701157583529836,0.5116493466726845,9.0,-0.5038871297519153,0.3006714928982376,-0.6241837048022533,0.3717898087762343
262,-0.04655133361753223,0.9545155605755924,13.0,-0.018352724063302572,0.15114019284468555,-0.06883643813201758,0.3485716342208263
263,-0.844648657419226,0.42970830651729436,8.0,-0.6437429532604894,0.19410538992236395,-0.7636638742321767,0.3782965523904095
264,-0.8485198717568719,0.4280480292780761,3.0,-0.43781454461648805,0.4033146906209959,-0.620589514707534,0.5675546973003969
265,0.8557255448767115,2.3530810272594707,19.0,0.4653258608180977,0.32376949237947084,0.7172820800681681,0.35863008563739557
266,-1.032591748752255,0.3560828862260718,7.0,-0.6711824695611599,0.1789201237502152,-0.9142302856711216,0.3986936204952648
267,-0.04655133361753223,0.9545155605755924,13.0,-0.09865211548897071,0.24380477759241995,-0.06883643813201734,0.3485716342208257
268,-0.5054257061982242,0.6032487140405396,10.0,-0.3104856857195911,0.33896096167436407,-0.48349494762064504,0.3793602161531107
269,0.1005321740700056,1.105759217906245,14.0,-0.004452764257855735,0.14110954670678338,0.050617912972529426,0.3464598698075553
270,-0.2666327132250849,0.7659543447092411,1.0,-0.4244092746635555,0.7569111486297286,-0.07964905940680483,0.837055592333887
271,-0.1955401687311226,0.822390308525518,12.0,-0.11627281602401351,0.25917605118405096,-0.19654108645641627,0.367292789669167
272,1.596588969320385,4.936166260692625,23.0,1.020642083959929,0.3714220325324512,1.3217599893207317,0.4036782459266955
273,-0.844648657419226,0.42970830651729436,8.0,-0.4959014353854289,0.304612983438232,-0.7636638742321779,0.3782965523904101
274,1.1979716485120138,3.3133893838493247,21.0,0.7562453777491231,0.26365162326745156,1.000473471572097,0.39495324744526733
275,-0.1955401687311226,0.822390308525518,12.0,-0.09708073997801074,0.2423401896318884,-0.19654108645641674,0.36729278966916773
276,7.923463089655935,2761.3171956198867,29.0,2.340861361926489,0.588325689208178,2.649706640075528,0.5626038899439663
277,0.8557255448767115,2.3530810272594707,19.0,0.6348539684344308,0.24305544375287028,0.7172820800681696,0.3586300856373971
278,-0.34792658275517807,0.7061507179514633,11.0,-0.41782002074830127,0.3317398554645442,-0.33772652190991886,0.3817135939780333
279,-2.07799009533395,0.12518156252549306,3.0,-1.2010018378532334,0.35382911723864957,-1.6516055408649777,0.4665742612836278
280,1.1979716485120138,3.3133893838493247,21.0,0.8354829960595902,0.3094181553791769,1.0004734715720973,0.3949532474452676
281,-0.5054257061982242,0.6032487140405396,10.0,-0.3787299806341804,0.33821542448128594,-0.4834949476206472,0.37936021615311144
282,-0.5054257061982242,0.6032487140405396,10.0,-0.4321168307461705,0.3282333702103625,-0.4834949476206467,0.37936021615311105
283,-0.1955401687311226,0.822390308525518,12.0,-0.14010223030547228,0.27716284865175955,-0.19654108645641685,0.3672927896691673
284,-0.04655133361753223,0.9545155605755924,13.0,-0.009117842172682368,0.14330492481043616,-0.06883643813201798,0.3485716342208258
285,-0.6701157583529836,0.5116493466726845,9.0,-0.5339823241858412,0.28365037557147726,-0.6241837048022527,0.3717898087762336
286,0.1005321740700056,1.105759217906245,14.0,0.02741264887422443,0.1616166664966629,0.05061791297252862,0.34645986980755455
287,0.09253284520473905,1.0969491704887049,9.0,-0.03906787986645106,0.2677075057807146,0.0424107549235664,0.42929476752233775
288,-0.04655133361753223,0.9545155605755924,13.0,-0.03484023057449274,0.17102709687388162,-0.06883643813201734,0.34857163422082577
289,-1.2390260417132501,0.2896662033949119,6.0,-0.6987530832236701,0.18511819345508618,-1.0810281051270716,0.41649586623266305
290,-0.1955401687311226,0.822390308525518,12.0,-0.06495043025630132,0.2086739821502207,-0.1965410864564161,0.3672927896691673
291,0.8557255448767115,2.3530810272594707,19.0,0.5984299512830756,0.2612678358861313,0.7172820800681688,0.3586300856373962
292,-0.34792658275517807,0.7061507179514633,11.0,-0.2795246381320542,0.3348713958425637,-0.33772652190991914,0.38171359397803356
293,-2.07799009533395,0.12518156252549306,3.0,-1.477125116008739,0.3706379242310602,-1.6516055408649781,0.4665742612836279
294,-1.2390260417132501,0.2896662033949119,6.0,-0.7301463569794356,0.21096919372449394,-1.0810281051270711,0.4164958662326629
295,1.8318596976398491,6.245490589387757,24.0,0.9818440472039749,0.363677464695072,1.4892107299974255,0.4171914036194645
296,-0.844648657419226,0.42970830651729436,8.0,-0.6642887326571264,0.1810520174163574,-0.7636638742321787,0.37829655239041055
297,-0.5054257061982242,0.6032487140405396,10.0,-0.351448417216629,0.34011032454542506,-0.4834949476206467,0.37936021615311105
298,-0.5054257061982242,0.6032487140405396,10.0,-0.20543514670255908,0.31303173594587685,-0.4834949476206465,0.3793602161531105
299,0.39443124038873717,1.4835401731898719,16.0,0.311841164775453,0.3406646775415037,0.3132836350983427,0.3768450002832787
300,-0.6701157583529836,0.5116493466726845,9.0,-0.6513614513925824,0.18834960113940863,-0.6241837048022533,0.37178980877623424
301,-1.032591748752255,0.3560828862260718,7.0,-0.6745757060203904,0.17840564526721756,-0.9142302856711214,0.39869362049526463
302,-0.34792658275517807,0.7061507179514633,11.0,-0.23242826999894955,0.32306916483430226,-0.337726521909919,0.38171359397803334
303,-0.17214146827172366,0.8418600682550261,5.0,-0.014173936164993073,0.35542542661879817,-0.14545686353664722,0.5330833325629015
304,0.5439537029205247,1.7228048733303707,17.0,0.22906267358469537,0.32270106084614997,0.4550948431776725,0.3732308407927707
305,1.1979716485120138,3.3133893838493247,21.0,0.6794904550900339,0.23375080764157757,1.0004734715720973,0.3949532474452676
306,1.1979716485120138,3.3133893838493247,21.0,0.7178134339343287,0.24332926989588877,1.0004734715720938,0.3949532474452667
307,-0.34792658275517807,0.7061507179514633,11.0,-0.5964555225205229,0.23653289428724186,-0.337726521909918,0.38171359397803367
308,2.1065186961962965,8.219576575099879,25.0,1.6930562397710054,0.4595816392615574,1.673061911090903,0.44087893659946503
309,0.1005321740700056,1.105759217906245,14.0,-0.03904198901112383,0.17647087863979108,0.05061791297252943,0.3464598698075553
310,0.697144981035748,2.008011604679713,18.0,0.49587908587861357,0.312900249990269,0.5894131980695739,0.3599273855408775
311,-0.1955401687311226,0.822390308525518,12.0,-0.012553012089896275,0.1457521143863169,-0.1965410864564171,0.3672927896691671
312,-1.032591748752255,0.3560828862260718,7.0,-0.8255098338388804,0.2894109909278157,-0.9142302856711216,0.39869362049526463
313,-0.6701157583529836,0.5116493466726845,9.0,-0.6041476303177447,0.2296802060593838,-0.624183704802251,0.37178980877623397
314,1.1979716485120138,3.3133893838493247,21.0,0.7003688662958657,0.23710011037838732,1.0004734715720953,0.3949532474452673
315,1.3878764204451364,4.006333245765282,22.0,0.7017575574608976,0.23749294944298063,1.159957632458866,0.40162678067885144
316,-0.844648657419226,0.42970830651729436,8.0,-0.698380602676527,0.1848935466894103,-0.7636638742321779,0.3782965523904098
317,-0.5054257061982242,0.6032487140405396,10.0,-0.5167517135905169,0.29382353958614404,-0.48349494762064693,0.3793602161531112
318,-0.5054257061982242,0.6032487140405396,10.0,-0.529350930414667,0.2865003107697676,-0.4834949476206467,0.37936021615311105
319,0.8557255448767115,2.3530810272594707,19.0,0.2887149680609865,0.3376766796760994,0.7172820800681681,0.3586300856373954
320,-1.4716871349111675,0.22953789692248078,5.0,-0.8226010754700364,0.28751912828324383,-1.2589236990619113,0.42650343130910356
321,-1.032591748752255,0.3560828862260718,7.0,-0.7532841358497975,0.23263577585392756,-0.9142302856711233,0.39869362049526536
322,0.8557255448767115,2.3530810272594707,19.0,0.6183378387958886,0.25068760618146874,0.717282080068169,0.3586300856373965
323,-0.5054257061982242,0.6032487140405396,10.0,-0.4589366174203168,0.31993811486891005,-0.4834949476206465,0.37936021615311083
324,1.0217807831352292,2.7781376222037397,20.0,0.6349594175859935,0.24301179630616557,0.851372075491174,0.3758119246812153
325,-0.04655133361753223,0.9545155605755924,13.0,-0.0975104129649581,0.24274225140879818,-0.06883643813201758,0.3485716342208263
326,-1.2390260417132501,0.2896662033949119,6.0,-0.7105798682481376,0.19359007604400252,-1.0810281051270723,0.4164958662326629
327,-0.1955401687311226,0.822390308525518,12.0,-0.12754285346600483,0.26805956334649594,-0.19654108645641696,0.3672927896691675
328,1.331416402795356,3.7864026625423417,15.0,0.7864361060028096,0.35079346341823825,1.050222765057752,0.4556245550784067
329,-0.6701157583529836,0.5116493466726845,9.0,-0.6255949368939984,0.20999666741635298,-0.6241837048022527,0.3717898087762336
330,1.0217807831352292,2.7781376222037397,20.0,0.6688882621724848,0.23401439513219177,0.8513720754911727,0.37581192468121455
331,-0.5054257061982242,0.6032487140405396,10.0,-0.6795505203188706,0.17832358097915557,-0.4834949476206467,0.37936021615311105
332,0.1005321740700056,1.105759217906245,14.0,0.0037698687997321755,0.14091306252828828,0.05061791297252943,0.3464598698075553
333,0.24708180121096487,1.2802838372631835,15.0,0.004760101577556727,0.1412147555522951,0.1757333047830974,0.36262306187815996
334,-0.1955401687311226,0.822390308525518,12.0,-0.060632033760005206,0.20358679952840564,-0.19654108645641694,0.3672927896691675
335,-0.6701157583529836,0.5116493466726845,9.0,-0.6009016558465318,0.23259352718292356,-0.6241837048022527,0.3717898087762336
336,2.444445163431118,11.524153802736965,26.0,1.4785702461902193,0.4110093528441657,1.8778916573562563,0.46367877935192037
337,1.0217807831352292,2.7781376222037397,20.0,0.6420544901156885,0.24025934590039397,0.8513720754911754,0.3758119246812155
338,-1.2390260417132501,0.2896662033949119,6.0,-0.77939523319707,0.25550604247104675,-1.0810281051270711,0.416495866232663
339,-0.5054257061982242,0.6032487140405396,10.0,-0.655379326826679,0.18569245727586833,-0.4834949476206467,0.37936021615311105
340,-0.34792658275517807,0.7061507179514633,11.0,-0.14306579105432984,0.27919508461191245,-0.33772652190991903,0.38171359397803345
341,-0.5054257061982242,0.6032487140405396,10.0,-0.40255508173568044,0.33480383251019746,-0.48349494762064554,0.3793602161531114
342,1.8318596976398491,6.245490589387757,24.0,1.3258335221901982,0.38979398120744957,1.4892107299974255,0.41719140361946455
343,0.1005321740700056,1.105759217906245,14.0,0.010913651990165387,0.14451521406169918,0.05061791297252943,0.3464598698075553
344,-0.34792658275517807,0.7061507179514633,11.0,-0.20379368168085285,0.3123386990822534,-0.3377265219099192,0.3817135939780336
345,-0.844648657419226,0.42970830651729436,8.0,-0.7257565924144993,0.2068852875978974,-0.7636638742321773,0.37829655239040916
346,2.1065186961962965,8.219576575099879,25.0,1.599241126632842,0.4376546308004399,1.6730619110909026,0.44087893659946475
347,-1.2390260417132501,0.2896662033949119,6.0,-0.7598238703354875,0.23858338069808055,-1.0810281051270734,0.4164958662326628
348,-0.844648657419226,0.42970830651729436,8.0,-0.7406998771640912,0.220904250565576,-0.7636638742321767,0.3782965523904095
349,-0.6701157583529836,0.5116493466726845,9.0,-0.6697874293999736,0.1792368021078239,-0.6241837048022533,0.37178980877623424
350,-0.39942527201598765,0.6707054084530155,5.0,-0.10593405349485444,0.3518372507487095,-0.3341867085970362,0.5068372386752308
351,-0.04655133361753223,0.9545155605755924,13.0,-0.05560840757418738,0.19750660208059578,-0.06883643813201758,0.3485716342208263
352,-0.6701157583529836,0.5116493466726845,9.0,-0.558780261388089,0.26689286071702145,-0.6241837048022522,0.37178980877623263
353,-0.5054257061982242,0.6032487140405396,10.0,-0.5010794369066661,0.30208387222682603,-0.4834949476206465,0.3793602161531105
354,-1.7433883578649005,0.1749266811222151,4.0,-1.1279315655555833,0.36006451261334416,-1.446284350585648,0.44100321381049684
355,0.8557255448767115,2.3530810272594707,19.0,0.6557002632217438,0.2361619356247277,0.7172820800681681,0.3586300856373962
356,0.1005321740700056,1.105759217906245,14.0,-0.022051491903766318,0.15518538401337698,0.05061791297252926,0.34645986980755467
357,-0.6701157583529836,0.5116493466726845,9.0,-0.6183672511197505,0.21665894329353172,-0.6241837048022527,0.3717898087762336
358,-0.6701157583529836,0.5116493466726845,9.0,-0.5522946147364105,0.2715234454659689,-0.6241837048022527,0.3717898087762336
359,0.43716254274872896,1.5483077227973325,6.0,0.29413892397992886,0.40989069967650543,0.3057853499185047,0.5558831647238015
360,0.5439537029205247,1.7228048733303707,17.0,0.4715440666441487,0.3217582619389816,0.45509484317767257,0.3732308407927707
361,1.8318596976398491,6.245490589387757,24.0,1.1723077648220188,0.3843022879990388,1.4892107299974258,0.41719140361946466
362,2.444445163431118,11.524153802736965,26.0,1.6699318542836905,0.454222902482625,1.8778916573562559,0.46367877935191976
363,1.1979716485120138,3.3133893838493247,21.0,0.7164598304341436,0.24275427905336283,1.0004734715720973,0.3949532474452676
364,0.8557255448767115,2.3530810272594707,19.0,0.6211140169178776,0.24930947388223001,0.7172820800681681,0.3586300856373962
365,-0.1955401687311226,0.822390308525518,12.0,-0.04676520694224886,0.18642559155956714,-0.1965410864564154,0.3672927896691668
366,-0.844648657419226,0.42970830651729436,8.0,-0.7057425159165063,0.18984460139434792,-0.7636638742321779,0.3782965523904101
367,0.17448573076805912,1.190633752834625,10.0,0.030203755159074155,0.24772569278363385,0.11382614335622196,0.42060130816566055
368,-0.04655133361753223,0.9545155605755924,13.0,-0.018948623786973477,0.1517652048190448,-0.06883643813201734,0.3485716342208257
369,-1.2390260417132501,0.2896662033949119,6.0,-0.7844558740261443,0.25964257010682956,-1.0810281051270714,0.4164958662326631
370,-0.34792658275517807,0.7061507179514633,11.0,-0.5100749005639382,0.29745554330340335,-0.3377265219099178,0.3817135939780333
371,0.24708180121096487,1.2802838372631835,15.0,0.08617152579034472,0.23184310616833767,0.17573330478309865,0.36262306187816107
372,-0.6701157583529836,0.5116493466726845,9.0,-0.6184430480371191,0.2165889328660981,-0.6241837048022522,0.3717898087762345
373,-0.34792658275517807,0.7061507179514633,11.0,-0.39413149570602596,0.3361992658020995,-0.33772652190991787,0.3817135939780331
374,1.3878764204451364,4.006333245765282,22.0,1.0655146362974561,0.3776724775764621,1.1599576324588676,0.40162678067885116
375,-0.844648657419226,0.42970830651729436,8.0,-0.616146173787463,0.21870968969156887,-0.7636638742321779,0.3782965523904101
376,-0.04655133361753223,0.9545155605755924,13.0,-0.10181760699087712,0.24670703579726108,-0.06883643813201734,0.34857163422082577
377,-0.7131535890141639,0.49009619588427983,6.0,-0.48070823307799543,0.3323075464390278,-0.6234142231238439,0.44263494375178586
378,2.444445163431118,11.524153802736965,26.0,1.6582918308973418,0.45150709028367997,1.8778916573562543,0.4636787793519198
379,-0.844648657419226,0.42970830651729436,8.0,-0.5814903977544149,0.2492788153937168,-0.7636638742321787,0.37829655239041077
380,-1.2390260417132501,0.2896662033949119,6.0,-0.7589160636342114,0.23776550568604646,-1.081028105127073,0.416495866232663
381,1.1979716485120138,3.3133893838493247,21.0,0.6626194151441566,0.23479333449905102,1.0004734715720984,0.3949532474452676
382,0.39443124038873717,1.4835401731898719,16.0,0.08460053152831372,0.23024361520872139,0.31328363509834156,0.3768450002832783
383,-0.6701157583529836,0.5116493466726845,9.0,-0.674944165957836,0.17837197844732214,-0.6241837048022522,0.3717898087762333
384,-0.1955401687311226,0.822390308525518,12.0,-0.27192587060846063,0.3334328024090842,-0.19654108645641696,0.3672927896691675
385,-1.4716871349111675,0.22953789692248078,5.0,-0.9794583610880288,0.3513329170913507,-1.258923699061912,0.42650343130910395
386,0.5439537029205247,1.7228048733303707,17.0,0.1850606336344343,0.304194942933984,0.45509484317767257,0.3732308407927707
387,-0.1955401687311226,0.822390308525518,12.0,-0.29642181057014655,0.33745228474583805,-0.19654108645641627,0.367292789669167
388,-0.5054257061982242,0.6032487140405396,10.0,-0.3227871129487624,0.3398110805856501,-0.48349494762064693,0.3793602161531112
389,1.596588969320385,4.936166260692625,23.0,1.1772814961107403,0.3844380963732714,1.3217599893207344,0.40367824592669516
390,0.1005321740700056,1.105759217906245,14.0,-0.009088321187771689,0.14328674652314202,0.05061791297252881,0.34645986980755517
391,-0.1955401687311226,0.822390308525518,12.0,-0.1494864903609615,0.28345279908284354,-0.19654108645641677,0.36729278966916784
392,-1.032591748752255,0.3560828862260718,7.0,-0.7130068899504616,0.1955833235083641,-0.9142302856711233,0.39869362049526547
393,-0.844648657419226,0.42970830651729436,8.0,-0.6561066172819856,0.1852451355949039,-0.7636638742321779,0.3782965523904101
394,-0.6701157583529836,0.5116493466726845,9.0,-0.6965051753453967,0.1838096498155521,-0.6241837048022533,0.37178980877623397
395,-1.032591748752255,0.3560828862260718,7.0,-0.6944653809672996,0.18272476438188237,-0.9142302856711233,0.39869362049526536
396,-1.2390260417132501,0.2896662033949119,6.0,-0.7567771246543138,0.23582828754886584,-1.0810281051270723,0.41649586623266294
397,-0.8290871562337674,0.4364475129260081,7.0,-0.6201746001592936,0.2378193720560685,-0.7441700950268026,0.40103038490571336
398,-0.844648657419226,0.42970830651729436,8.0,-0.5401772414696753,0.2797026495830404,-0.7636638742321779,0.3782965523904098
399,2.1065186961962965,8.219576575099879,25.0,1.26023203506238,0.38645696606492536,1.6730619110909009,0.4408789365994644
400,0.8557255448767115,2.3530810272594707,19.0,0.6812848755798735,0.23383962900578015,0.7172820800681681,0.3586300856373962
401,0.39443124038873717,1.4835401731898719,16.0,0.007371801744011194,0.1423273866138793,0.3132836350983437,0.37684500028327883
402,0.8913010370510713,2.4382999070532794,7.0,0.39274286932836067,0.42272730639891976,0.6208173720240033,0.5679874269200395
403,1.1979716485120138,3.3133893838493247,21.0,0.810248822318264,0.2956621884258522,1.0004734715720953,0.3949532474452672
404,0.1005321740700056,1.105759217906245,14.0,-0.08883085592277237,0.2343838191416926,0.050617912972529266,0.34645986980755467
405,0.8557255448767115,2.3530810272594707,19.0,0.5439507943153528,0.29099683357588774,0.7172820800681681,0.3586300856373959
406,1.1979716485120138,3.3133893838493247,21.0,0.796612408621072,0.2877833932958012,1.0004734715720973,0.39495324744526744
407,0.24708180121096487,1.2802838372631835,15.0,0.005535582267329097,0.14149790907699147,0.17573330478309823,0.3626230618781603
408,7.690774157156568,2188.0678150798676,10.0,1.5650984804764705,0.6245817734992102,1.7296272157702077,0.6629745478810253
409,-0.844648657419226,0.42970830651729436,8.0,-0.6757619585603417,0.17831296247420905,-0.7636638742321779,0.37829655239041016
410,2.444445163431118,11.524153802736965,26.0,1.6885257477406161,0.45853615261211794,1.8778916573562543,0.4636787793519198
411,-0.844648657419226,0.42970830651729436,8.0,-0.7311027576844407,0.21186535140806093,-0.7636638742321779,0.3782965523904101
412,-1.4716871349111675,0.22953789692248078,5.0,-0.8454833988094991,0.3015588512647777,-1.258923699061912,0.42650343130910395
413,-0.04655133361753223,0.9545155605755924,13.0,-0.0033019208066433735,0.14079103562565792,-0.06883643813201692,0.3485716342208262
414,-0.844648657419226,0.42970830651729436,8.0,-0.7468488222298609,0.2266729314976886,-0.7636638742321779,0.3782965523904098
415,-1.120123899926044,0.3262393710849044,4.0,-0.92815212497551,0.37994107726171805,-0.9133319328906322,0.4834916589019987
416,-0.34792658275517807,0.7061507179514633,11.0,-0.061652407125655964,0.20480070669848024,-0.33772652190991787,0.3817135939780331
417,-0.844648657419226,0.42970830651729436,8.0,-0.6590520916696757,0.1835504605821673,-0.7636638742321783,0.37829655239040977
418,-0.1955401687311226,0.822390308525518,12.0,-0.16390086754763442,0.29231881039412605,-0.1965410864564169,0.36729278966916734
419,-0.844648657419226,0.42970830651729436,8.0,-0.6289459725298736,0.20693620487655334,-0.7636638742321779,0.3782965523904101
420,-1.7433883578649005,0.1749266811222151,4.0,-1.1739435490498904,0.3565353104776829,-1.4462843505856477,0.44100321381049695
421,-0.6701157583529836,0.5116493466726845,9.0,-0.5468101269703369,0.2753011573907319,-0.6241837048022527,0.37178980877623324
422,1.8318596976398491,6.245490589387757,24.0,1.279497905726886,0.38716278846497915,1.4892107299974264,0.41719140361946466
423,0.24708180121096487,1.2802838372631835,15.0,0.01983420631053727,0.15273355207923156,0.17573330478309868,0.3626230618781611
424,-0.1955401687311226,0.822390308525518,12.0,-0.29164997858026975,0.3368090310009746,-0.19654108645641605,0.36729278966916723
425,-0.844648657419226,0.42970830651729436,8.0,-0.5349297418487615,0.28305673820495936,-0.7636638742321777,0.37829655239041
426,-0.34792658275517807,0.7061507179514633,11.0,-0.13361356991636558,0.272560809453045,-0.33772652190991886,0.381713593978033
427,-0.9772797156819697,0.37633344164908766,7.0,-0.6848759733190773,0.18193194901785872,-0.8663509255151878,0.3985392163441561
428,-0.5054257061982242,0.6032487140405396,10.0,-0.6200691146635969,0.21508703014461847,-0.4834949476206465,0.3793602161531112
429,-1.032591748752255,0.3560828862260718,7.0,-0.7578086706773904,0.23676430339521343,-0.9142302856711219,0.3986936204952651
430,1.8318596976398491,6.245490589387757,24.0,1.4160452952074787,0.39999452827890264,1.4892107299974258,0.41719140361946483
431,-1.032591748752255,0.3560828862260718,7.0,-0.7019564064474753,0.18716983736949083,-0.9142302856711214,0.3986936204952648
432,-0.34792658275517807,0.7061507179514633,11.0,-0.12363406597308556,0.26505775962798256,-0.337726521909919,0.38171359397803306
433,0.697144981035748,2.008011604679713,18.0,0.5710559726902189,0.2765235164738069,0.589413198069576,0.3599273855408778
434,2.1065186961962965,8.219576575099879,25.0,1.4722677565613809,0.4097783298706521,1.6730619110909029,0.440878936599465
435,-1.032591748752255,0.3560828862260718,7.0,-0.7928286558270234,0.2662602163677026,-0.9142302856711233,0.39869362049526536
436,-1.032591748752255,0.3560828862260718,7.0,-0.8070862329037177,0.27687840706233885,-0.9142302856711214,0.39869362049526463
437,0.8557255448767115,2.3530810272594707,19.0,0.5954136844817874,0.262937950531456,0.717282080068169,0.3586300856373965
438,0.697144981035748,2.008011604679713,18.0,0.5801207981828723,0.2714822303080637,0.589413198069576,0.3599273855408778
439,1.8318596976398491,6.245490589387757,24.0,1.2304903263863554,0.3856513826637291,1.4892107299974238,0.41719140361946416
440,1.0217807831352292,2.7781376222037397,20.0,0.770058469939894,0.27190828061235994,0.851372075491174,0.3758119246812152
441,1.8318596976398491,6.245490589387757,24.0,1.2605979748633538,0.3864687523987716,1.4892107299974238,0.4171914036194642
442,-1.032591748752255,0.3560828862260718,7.0,-0.7009790641120505,0.18652191893691444,-0.9142302856711233,0.3986936204952652
443,0.24708180121096487,1.2802838372631835,15.0,0.00605849871696933,0.14171164770132869,0.17573330478309726,0.36262306187816046
444,0.1005321740700056,1.105759217906245,14.0,-0.015161700143067645,0.1480047467536629,0.050617912972529426,0.3464598698075552
445,-0.8485198717568719,0.4280480292780761,3.0,-0.6491155868579955,0.408288461765185,-0.6205895147075337,0.5675546973003968
446,-1.2390260417132501,0.2896662033949119,6.0,-0.8616826100660674,0.31037993935093294,-1.081028105127072,0.41649586623266316
447,1.596588969320385,4.936166260692625,23.0,0.7245794159461534,0.2463954781379169,1.3217599893207321,0.40367824592669577
448,1.596588969320385,4.936166260692625,23.0,1.135461212423901,0.38296312759583967,1.321759989320734,0.4036782459266956
449,1.8318596976398491,6.245490589387757,24.0,1.4714073168632198,0.4096121144662681,1.4892107299974244,0.41719140361946416
450,-0.34792658275517807,0.7061507179514633,11.0,-0.6310858409959546,0.20500017325004327,-0.33772652190991787,0.3817135939780334
451,-0.6701157583529836,0.5116493466726845,9.0,-0.6607174953151761,0.18268086253859514,-0.6241837048022533,0.37178980877623385
452,-0.34792658275517807,0.7061507179514633,11.0,-0.2792604674080479,0.33482430115665457,-0.337726521909919,0.38171359397803306
453,-1.4716871349111675,0.22953789692248078,5.0,-1.0184340383295447,0.3574700306485603,-1.258923699061912,0.42650343130910395
454,-2.07799009533395,0.12518156252549306,3.0,-1.3990502647861205,0.3523392387688925,-1.6516055408649761,0.46657426128362756
455,-1.2390260417132501,0.2896662033949119,6.0,-0.8883744053332837,0.3230509193221865,-1.0810281051270714,0.416495866232663
456,1.1979716485120138,3.3133893838493247,21.0,0.7498077298073573,0.2598876942292857,1.0004734715720973,0.39495324744526744
457,-0.04655133361753223,0.9545155605755924,13.0,-0.05666302024685898,0.19879698665199913,-0.06883643813201758,0.3485716342208263
458,-0.04655133361753223,0.9545155605755924,13.0,-0.1764546096482697,0.2993041751632016,-0.06883643813201731,0.3485716342208257
459,0.39443124038873717,1.4835401731898719,16.0,0.19688799179899186,0.30985490719631803,0.31328363509834267,0.3768450002832785
460,-0.844648657419226,0.42970830651729436,8.0,-0.503889388170774,0.30067034512581303,-0.7636638742321767,0.3782965523904095
461,1.0217807831352292,2.7781376222037397,20.0,0.5476380839199115,0.28910056509445003,0.8513720754911756,0.37581192468121477
462,-1.032591748752255,0.3560828862260718,7.0,-0.8303885325945878,0.2925128011312456,-0.9142302856711233,0.3986936204952652
463,-0.34792658275517807,0.7061507179514633,11.0,-0.09153978010657036,0.23704656923748452,-0.3377265219099177,0.38171359397803317
464,-0.34792658275517807,0.7061507179514633,11.0,-0.08229673938932817,0.22775335769121569,-0.3377265219099201,0.38171359397803345
465,0.24708180121096487,1.2802838372631835,15.0,-0.014815685089392492,0.1476885480675272,0.17573330478309868,0.3626230618781611
466,1.0217807831352292,2.7781376222037397,20.0,0.7232561099628106,0.24577204787125423,0.851372075491174,0.375811924681215
467,1.0217807831352292,2.7781376222037397,20.0,0.47575352147532096,0.3203382185142459,0.8513720754911742,0.3758119246812151
468,0.697144981035748,2.008011604679713,18.0,0.5293289585799126,0.2982373392451032,0.5894131980695756,0.35992738554087716
469,0.39443124038873717,1.4835401731898719,16.0,0.01707409960955402,0.14985550541819342,0.3132836350983427,0.37684500028327894
470,-0.6701157583529836,0.5116493466726845,9.0,-0.6899703528156235,0.18071169205160642,-0.6241837048022527,0.3717898087762336
471,1.8318596976398491,6.245490589387757,24.0,1.3397219806320881,0.39090015916372883,1.4892107299974247,0.41719140361946444
472,-0.39629499794273054,0.6728081896275571,4.0,-0.2087249283048494,0.3882766479705161,-0.30593506606288073,0.5556528053103515
473,-0.5054257061982242,0.6032487140405396,10.0,-0.514781645549228,0.29491287182940135,-0.4834949476206465,0.3793602161531105
474,-0.1955401687311226,0.822390308525518,12.0,-0.34503341832385137,0.34024701024131715,-0.19654108645641685,0.3672927896691673
475,-0.04655133361753223,0.9545155605755924,13.0,-0.053969821682408624,0.19548756810572693,-0.06883643813201758,0.3485716342208263
476,1.8318596976398491,6.245490589387757,24.0,0.9269609013793452,0.34833127071260356,1.4892107299974242,0.4171914036194645
477,-0.17214146827172366,0.8418600682550261,5.0,-0.19761498976303077,0.37452118084589864,-0.14545686353664672,0.5330833325629015
478,-1.032591748752255,0.3560828862260718,7.0,-0.6554452506692598,0.18565146094803248,-0.9142302856711233,0.3986936204952653
479,1.0217807831352292,2.7781376222037397,20.0,0.6313217646287618,0.24455967389045266,0.851372075491174,0.37581192468121477
480,1.8318596976398491,6.245490589387757,24.0,1.1980065771440405,0.384937179804049,1.4892107299974247,0.41719140361946433
481,-0.1955401687311226,0.822390308525518,12.0,-0.04617305078460582,0.18566915344324567,-0.19654108645641627,0.367292789669167
482,-0.844648657419226,0.42970830651729436,8.0,-0.6328516457684334,0.20341678116208678,-0.7636638742321767,0.3782965523904095
483,2.1065186961962965,8.219576575099879,25.0,1.420295930881814,0.40065019975633553,1.673061911090901,0.4408789365994645
484,-0.1955401687311226,0.822390308525518,12.0,-0.04674548982359644,0.18640042867290343,-0.19654108645641694,0.3672927896691675
485,0.39443124038873717,1.4835401731898719,16.0,0.23848069325952007,0.3257989368123569,0.3132836350983437,0.37684500028327883
486,1.0217807831352292,2.7781376222037397,20.0,0.7858523923615561,0.2814047119024785,0.851372075491174,0.375811924681215
487,-2.07799009533395,0.12518156252549306,3.0,-1.308088077206114,0.34552452146272816,-1.6516055408649777,0.4665742612836276
488,-0.34792658275517807,0.7061507179514633,11.0,-0.3111637820347962,0.3390191870586217,-0.33772652190991903,0.38171359397803345
489,-0.04655133361753223,0.9545155605755924,13.0,-0.011707426762075007,0.14509133148269956,-0.06883643813201731,0.3485716342208257
490,-0.04655133361753223,0.9545155605755924,13.0,-0.104208716741713,0.24885732338696223,-0.06883643813201731,0.3485716342208257
491,-0.844648657419226,0.42970830651729436,8.0,-0.6259119752992787,0.20970594325181705,-0.7636638742321787,0.3782965523904107
492,-0.844648657419226,0.42970830651729436,8.0,-0.6722607874708292,0.17871696560518616,-0.7636638742321779,0.3782965523904101
493,-0.04655133361753223,0.9545155605755924,13.0,-0.1283240405632739,0.2686496511144914,-0.06883643813201755,0.3485716342208263
494,-0.844648657419226,0.42970830651729436,8.0,-0.6775889408721579,0.17825967279572483,-0.7636638742321779,0.37829655239041043
495,-0.844648657419226,0.42970830651729436,8.0,-0.6533684167600786,0.18698449138265694,-0.7636638742321767,0.3782965523904095
496,-1.032591748752255,0.3560828862260718,7.0,-0.7176695456667749,0.19958104321703565,-0.9142302856711233,0.3986936204952653
497,1.596588969320385,4.936166260692625,23.0,1.164854689408719,0.3840826625661973,1.3217599893207348,0.4036782459266955
498,-0.5054257061982242,0.6032487140405396,10.0,-0.5533583159799202,0.27077615704574887,-0.4834949476206467,0.37936021615311105
499,0.24708180121096487,1.2802838372631835,15.0,0.013689107339012178,0.14670829100273938,0.17573330478309804,0.36262306187816057
500,0.1005321740700056,1.105759217906245,14.0,-0.03488994285539451,0.17109132943143132,0.05061791297252942,0.3464598698075553
501,-0.1955401687311226,0.822390308525518,12.0,-0.07752889359466755,0.22272556078863937,-0.19654108645641621,0.36729278966916695
502,2.8990334680463326,18.156587963476664,27.0,1.7381737339688867,0.4698519758105007,2.1036505236890664,0.487532684156321
503,1.9943105274083903,7.3471356325309625,17.0,1.514823959995758,0.49249074991250213,1.4939381379025667,0.48916171097275085
504,2.444445163431118,11.524153802736965,26.0,1.8980711551679732,0.5038832437002431,1.8778916573562556,0.4636787793519202
505,-1.2390260417132501,0.2896662033949119,6.0,-0.9070908281212743,0.3306528469611172,-1.0810281051270714,0.4164958662326631
506,-0.34792658275517807,0.7061507179514633,11.0,-0.28278092850692493,0.335434740746622,-0.3377265219099192,0.3817135939780334
507,-0.844648657419226,0.42970830651729436,8.0,-0.5966653482744768,0.2363484118340388,-0.7636638742321779,0.3782965523904104
508,1.596588969320385,4.936166260692625,23.0,1.1888354594723487,0.38472704050496576,1.3217599893207352,0.40367824592669543
509,-0.6701157583529836,0.5116493466726845,9.0,-0.5207140063095115,0.291587351325052,-0.6241837048022533,0.37178980877623424
510,-0.5054257061982242,0.6032487140405396,10.0,-0.5778248242757423,0.25226760294007095,-0.48349494762064504,0.3793602161531107
511,1.8318596976398491,6.245490589387757,24.0,1.0489100443349635,0.37566566933278145,1.4892107299974264,0.41719140361946455
512,1.1979716485120138,3.3133893838493247,21.0,0.8996234238582406,0.33853319656839315,1.000473471572096,0.39495324744526716
513,0.24708180121096487,1.2802838372631835,15.0,0.014131226258571526,0.14709191150282758,0.17573330478309807,0.36262306187816057
514,-0.6701157583529836,0.5116493466726845,9.0,-0.5975203165950748,0.2355952053706574,-0.6241837048022527,0.37178980877623397
515,-0.04655133361753223,0.9545155605755924,13.0,-0.10171897880341736,0.24661757021029473,-0.06883643813201798,0.3485716342208258
516,0.8557255448767115,2.3530810272594707,19.0,0.1889639805533917,0.3061215932137475,0.7172820800681681,0.3586300856373959
517,1.8800808532789601,6.554034755969474,15.0,1.434528989668337,0.502852755870537,1.3935257660622322,0.499287100702449
518,-0.5054257061982242,0.6032487140405396,10.0,-0.5860886806699257,0.2454530408718631,-0.4834949476206467,0.37936021615311066
519,-0.34792658275517807,0.7061507179514633,11.0,-0.4713131838362954,0.3153256842534679,-0.3377265219099178,0.3817135939780335
520,1.3878764204451364,4.006333245765282,22.0,0.9205714265328733,0.34617585531003936,1.1599576324588683,0.40162678067885144
521,-0.34792658275517807,0.7061507179514633,11.0,-0.4769038182022395,0.31307388592917534,-0.3377265219099178,0.3817135939780333
522,1.1979716485120138,3.3133893838493247,21.0,0.8141073786319735,0.29783993245088103,1.0004734715720984,0.39495324744526766
523,1.3878764204451364,4.006333245765282,22.0,1.203732664904582,0.3850631026169112,1.1599576324588663,0.4016267806788516
524,-0.6701157583529836,0.5116493466726845,9.0,-0.5836352523674206,0.24750474597369093,-0.624183704802251,0.37178980877623397
525,-0.34792658275517807,0.7061507179514633,11.0,-0.318513062519066,0.3395650970239579,-0.3377265219099201,0.38171359397803345
526,-0.844648657419226,0.42970830651729436,8.0,-0.6925577946821826,0.18180458222406848,-0.7636638742321779,0.37829655239041043
527,0.39443124038873717,1.4835401731898719,16.0,0.08013180818806476,0.22559944224339154,0.3132836350983427,0.37684500028327894
528,2.1065186961962965,8.219576575099879,25.0,1.3965694951140977,0.39718535907944613,1.6730619110909013,0.4408789365994646
529,1.596588969320385,4.936166260692625,23.0,1.0966144739995116,0.380587544805568,1.3217599893207335,0.4036782459266954
530,-1.032591748752255,0.3560828862260718,7.0,-0.7641858954705066,0.2424754235123574,-0.9142302856711216,0.3986936204952648
531,1.3878764204451364,4.006333245765282,22.0,0.6975602447644745,0.236366321423218,1.1599576324588687,0.4016267806788516
532,-0.1955401687311226,0.822390308525518,12.0,-0.043655919118482024,0.1824383332320422,-0.19654108645641694,0.36729278966916734
533,0.28372891502581493,1.328072861352962,11.0,0.03468581504636392,0.23104564612182302,0.20646485957452212,0.41520125210878983
534,-0.46100318167976423,0.6306506708663843,6.0,-0.4169915700756948,0.35723247453052087,-0.4061438402054773,0.46500198546674404
535,0.1005321740700056,1.105759217906245,14.0,0.009955655159342006,0.14385161102977195,0.05061791297252943,0.3464598698075553
536,-0.1955401687311226,0.822390308525518,12.0,-0.28131671857115165,0.3351853545739334,-0.1965410864564169,0.36729278966916734
537,-0.844648657419226,0.42970830651729436,8.0,-0.6499494521045749,0.18935172371627096,-0.7636638742321787,0.37829655239041043
538,0.5439537029205247,1.7228048733303707,17.0,0.21984021291636074,0.31938416858411695,0.4550948431776727,0.37323084079277047
539,0.1005321740700056,1.105759217906245,14.0,0.08125295062934805,0.22677782740254146,0.050617912972529426,0.3464598698075552
540,1.3878764204451364,4.006333245765282,22.0,0.8187049806235891,0.3004016137915751,1.1599576324588687,0.4016267806788516
541,-1.032591748752255,0.3560828862260718,7.0,-0.8032038796419444,0.27406783825752434,-0.9142302856711216,0.39869362049526497
542,1.3878764204451364,4.006333245765282,22.0,0.9794368565418492,0.36311702189493594,1.1599576324588676,0.4016267806788517
543,1.596588969320385,4.936166260692625,23.0,1.3394375375572865,0.3908758778857962,1.3217599893207335,0.4036782459266954
544,2.1065186961962965,8.219576575099879,25.0,1.0885381908656535,0.3799277971305307,1.6730619110909035,0.4408789365994652
545,-1.4716871349111675,0.22953789692248078,5.0,-0.948725573044549,0.34413326152662665,-1.258923699061912,0.42650343130910395
546,-1.4716871349111675,0.22953789692248078,5.0,-0.9863468624492513,0.35265172773137604,-1.258923699061912,0.42650343130910395
547,-0.5054257061982242,0.6032487140405396,10.0,-0.4622325506190282,0.318759334421148,-0.48349494762064693,0.3793602161531112
548,-0.7131535890141639,0.49009619588427983,6.0,-0.7246510065142142,0.2907326326405634,-0.6234142231238451,0.4426349437517861
549,-0.5054257061982242,0.6032487140405396,10.0,-0.5003476643978976,0.30244722433178717,-0.4834949476206465,0.37936021615311083
550,-1.032591748752255,0.3560828862260718,7.0,-0.6816229678004709,0.1785269432508441,-0.9142302856711219,0.3986936204952649
551,0.39443124038873717,1.4835401731898719,16.0,0.15962749265575596,0.29014306609813134,0.31328363509834267,0.3768450002832785
552,-0.5054257061982242,0.6032487140405396,10.0,-0.5390463531899339,0.28043499406932976,-0.4834949476206467,0.37936021615311105
553,0.697144981035748,2.008011604679713,18.0,0.6069571432755344,0.2566183897931472,0.5894131980695756,0.35992738554087716
554,-0.6701157583529836,0.5116493466726845,9.0,-0.5212672894934629,0.2912702531713965,-0.6241837048022533,0.37178980877623385
555,-0.1955401687311226,0.822390308525518,12.0,-0.03255182830593743,0.1680802434171054,-0.19654108645641685,0.3672927896691673
556,0.1005321740700056,1.105759217906245,14.0,0.006252717671982912,0.1417956459900536,0.05061791297252942,0.3464598698075553
557,0.020116217034203143,1.0203199116906738,5.0,-0.12883125126122172,0.37953238901684994,-0.00013896144000402622,0.551667049072264
558,-1.032591748752255,0.3560828862260718,7.0,-0.7722983014143042,0.24953478945173227,-0.9142302856711233,0.39869362049526536
559,0.5439537029205247,1.7228048733303707,17.0,0.2611633594494574,0.33210607454374874,0.455094843177674,0.3732308407927704
560,0.39443124038873717,1.4835401731898719,16.0,0.03590776539284665,0.1724446790088392,0.31328363509834267,0.3768450002832785
561,-0.34792658275517807,0.7061507179514633,11.0,-0.20938332822003472,0.3146588592967059,-0.337726521909919,0.38171359397803306
562,-0.1955401687311226,0.822390308525518,12.0,-0.3445222473382604,0.3402528536196459,-0.19654108645641685,0.3672927896691673
563,1.0217807831352292,2.7781376222037397,20.0,0.67653216812239,0.23368886505962155,0.851372075491174,0.3758119246812155
564,-0.5054257061982242,0.6032487140405396,10.0,-0.5360123941495972,0.28237391288423724,-0.4834949476206467,0.37936021615311105
565,-0.34792658275517807,0.7061507179514633,11.0,-0.3910336101621091,0.3366601848955677,-0.33772652190991803,0.3817135939780333
566,-0.6701157583529836,0.5116493466726845,9.0,-0.6582349337400647,0.18400113061311504,-0.6241837048022527,0.3717898087762336
567,-0.844648657419226,0.42970830651729436,8.0,-0.6680793628819943,0.17970562133677506,-0.7636638742321783,0.37829655239040977
568,-0.844648657419226,0.42970830651729436,8.0,-0.6909812230466399,0.1811167348946991,-0.7636638742321779,0.3782965523904103
569,-1.2390260417132501,0.2896662033949119,6.0,-0.715673844283178,0.19784574208675323,-1.0810281051270736,0.41649586623266316
570,-1.032591748752255,0.3560828862260718,7.0,-0.7431781532465753,0.22323523398112677,-0.9142302856711216,0.39869362049526513
571,-0.1955401687311226,0.822390308525518,12.0,-0.24237781785907137,0.32614807900726117,-0.19654108645641696,0.3672927896691675
572,-1.1747709620716251,0.30888971904805945,4.0,-0.8503233937787331,0.3494408183864219,-0.9620148777682034,0.478737386326001
573,-0.6701157583529836,0.5116493466726845,9.0,-0.6627967845444431,0.18169189282217305,-0.6241837048022533,0.37178980877623424
574,-1.2390260417132501,0.2896662033949119,6.0,-0.873688043774279,0.3163561543849291,-1.0810281051270714,0.4164958662326631
575,-1.1510070321479349,0.3163180664720402,3.0,-0.7721941804270961,0.3926113620761396,-0.8726516445401019,0.535072703364467
576,-0.844648657419226,0.42970830651729436,8.0,-0.6072774346809815,0.22684507983019134,-0.7636638742321779,0.3782965523904101
577,-1.032591748752255,0.3560828862260718,7.0,-0.692682331976754,0.18186176528952372,-0.9142302856711233,0.39869362049526536
578,1.0217807831352292,2.7781376222037397,20.0,0.6471595248169961,0.23852673218729442,0.8513720754911727,0.3758119246812145
579,1.8318596976398491,6.245490589387757,24.0,1.4880317497764928,0.41290018124760824,1.4892107299974247,0.4171914036194644
580,-1.032591748752255,0.3560828862260718,7.0,-0.739711043796902,0.21997269926595622,-0.9142302856711216,0.39869362049526497
581,0.8557255448767115,2.3530810272594707,19.0,0.6449943290395068,0.239234353452407,0.717282080068169,0.3586300856373965
582,0.1005321740700056,1.105759217906245,14.0,-0.010824812436062899,0.14444105993090361,0.05061791297252943,0.3464598698075553
583,-0.04655133361753223,0.9545155605755924,13.0,-0.03624254971418406,0.17284138854244757,-0.06883643813201781,0.34857163422082693
584,0.5439537029205247,1.7228048733303707,17.0,0.24827105201616054,0.3287178574630213,0.45509484317767257,0.3732308407927703
585,2.444445163431118,11.524153802736965,26.0,1.8187094435264586,0.48744783435182126,1.8778916573562563,0.46367877935191987
586,-0.5054257061982242,0.6032487140405396,10.0,-0.5185802901369672,0.29279909415290556,-0.48349494762064676,0.37936021615311105
587,-1.4716871349111675,0.22953789692248078,5.0,-0.805298215869571,0.27559145736103113,-1.2589236990619108,0.42650343130910406
588,2.444445163431118,11.524153802736965,26.0,1.614786396047828,0.44129990594415086,1.8778916573562543,0.46367877935191987
589,-0.34792658275517807,0.7061507179514633,11.0,-0.16584509882035184,0.2934442727092559,-0.33772652190991903,0.38171359397803317
590,0.5439537029205247,1.7228048733303707,17.0,0.5150721031467383,0.3048264285097813,0.45509484317767274,0.37323084079277047
591,1.596588969320385,4.936166260692625,23.0,1.0566270394705986,0.37664041943337334,1.3217599893207337,0.4036782459266954
592,-0.5054257061982242,0.6032487140405396,10.0,-0.6001667782512247,0.23324889051835507,-0.48349494762064527,0.3793602161531109
593,2.1065186961962965,8.219576575099879,25.0,1.621029720161559,0.4427662942587558,1.6730619110909013,0.4408789365994647
594,-0.6701157583529836,0.5116493466726845,9.0,-0.4505095861125406,0.32279124623051264,-0.6241837048022522,0.37178980877623297
595,-1.032591748752255,0.3560828862260718,7.0,-0.6865165963414768,0.17955006274848287,-0.9142302856711231,0.39869362049526524
596,0.5439537029205247,1.7228048733303707,17.0,0.3792253402068088,0.3410030008054327,0.45509484317767146,0.37323084079277113
597,-0.04655133361753223,0.9545155605755924,13.0,-0.04558674632219875,0.18491874786075424,-0.06883643813201734,0.3485716342208257
598,-0.5081916188439718,0.6015824861764619,9.0,-0.48630884186791995,0.31288978666314415,-0.4835815508701055,0.391553772522169
599,1.1979716485120138,3.3133893838493247,21.0,0.8512214278527084,0.31736584409110363,1.0004734715720969,0.39495324744526744
600,0.5439537029205247,1.7228048733303707,17.0,0.1934584998884965,0.3082680516507603,0.4550948431776727,0.37323084079277086
601,-0.34792658275517807,0.7061507179514633,11.0,-0.5736633522572858,0.25559364902953957,-0.33772652190991903,0.38171359397803345
602,-0.6701157583529836,0.5116493466726845,9.0,-0.7680207886714603,0.24584257990651606,-0.6241837048022533,0.37178980877623424
603,-0.5054257061982242,0.6032487140405396,10.0,-0.42696728265561135,0.32956826084324203,-0.48349494762064527,0.3793602161531109
604,-0.1955401687311226,0.822390308525518,12.0,-0.30410147455140646,0.3383474569257407,-0.1965410864564163,0.36729278966916706
605,-1.032591748752255,0.3560828862260718,7.0,-0.685490126424825,0.17927354204990867,-0.9142302856711231,0.3986936204952651
606,-0.844648657419226,0.42970830651729436,8.0,-0.6813237370587262,0.178489004982714,-0.7636638742321799,0.37829655239041104
607,-1.7433883578649005,0.1749266811222151,4.0,-1.116809517093033,0.3606041114952817,-1.4462843505856482,0.4410032138104965
608,1.1979716485120138,3.3133893838493247,21.0,0.8282412299662242,0.3055926439457194,1.0004734715720975,0.39495324744526766
609,-0.5054257061982242,0.6032487140405396,10.0,-0.6020348880312372,0.2315797944036822,-0.48349494762064504,0.3793602161531107
610,-0.04655133361753223,0.9545155605755924,13.0,-0.008675384897079922,0.14303788570700932,-0.06883643813201734,0.3485716342208257
611,-0.34792658275517807,0.7061507179514633,11.0,-0.31148887175566253,0.33904662970216204,-0.33772652190991903,0.38171359397803345
612,-0.6701157583529836,0.5116493466726845,9.0,-0.5298505992400546,0.28619697644567205,-0.6241837048022533,0.37178980877623424
613,-0.6701157583529836,0.5116493466726845,9.0,-0.593686999408844,0.23895302995433806,-0.6241837048022527,0.37178980877623397
614,1.0217807831352292,2.7781376222037397,20.0,0.5042736445690964,0.30948460719636267,0.851372075491174,0.375811924681215
615,-2.4485408425187742,0.08641959434197863,1.0,-1.2494718974420966,0.4872754466747862,-1.504795874558678,0.5945793909059413
616,-1.032591748752255,0.3560828862260718,7.0,-0.6496966076501829,0.1895346010456092,-0.9142302856711215,0.39869362049526474
617,-1.032591748752255,0.3560828862260718,7.0,-0.6983966826273896,0.1849031819916647,-0.914230285671123,0.398693620495265
618,2.444445163431118,11.524153802736965,26.0,1.5854622363246307,0.43443751196074915,1.8778916573562554,0.46367877935192015
619,-0.844648657419226,0.42970830651729436,8.0,-0.6975137151096155,0.18438259787009495,-0.7636638742321767,0.3782965523904095
620,-1.7433883578649005,0.1749266811222151,4.0,-1.1750531985550794,0.3564304269861828,-1.4462843505856484,0.4410032138104968
621,-0.844648657419226,0.42970830651729436,8.0,-0.7189979741281395,0.2007535650411517,-0.7636638742321787,0.3782965523904107
622,0.24708180121096487,1.2802838372631835,15.0,0.06528404287634514,0.20914169926214188,0.17573330478309743,0.3626230618781601
623,-1.032591748752255,0.3560828862260718,7.0,-0.7126409418284311,0.19527852108663818,-0.9142302856711219,0.3986936204952651
624,-1.4716871349111675,0.22953789692248078,5.0,-1.1596971712111477,0.3578139189912372,-1.2589236990619097,0.4265034313091043
625,-0.5582650847248729,0.5722009233262706,4.0,-0.3659879036871974,0.39044358800686674,-0.43281127902155075,0.5401099058740051
626,0.697144981035748,2.008011604679713,18.0,0.4657659571858818,0.32363054153308535,0.589413198069576,0.3599273855408778
627,0.697144981035748,2.008011604679713,18.0,0.5131246254148834,0.30568816032325136,0.5894131980695756,0.3599273855408768
628,-0.844648657419226,0.42970830651729436,8.0,-0.6009968696557859,0.2325084978716192,-0.7636638742321767,0.37829655239040977
629,0.15052546486755036,1.1624449062318112,11.0,0.0788517835041738,0.24958821766595723,0.0882764565338809,0.3947120256271835
630,-0.1955401687311226,0.822390308525518,12.0,-0.062185402107271505,0.20543189294108918,-0.19654108645641696,0.3672927896691675
631,3.6403281455438465,38.10433844295665,28.0,2.1508093476709385,0.5527311815985383,2.3569395325946254,0.5205817041225442
632,-0.844648657419226,0.42970830651729436,8.0,-0.5772698209264236,0.2527153359116834,-0.7636638742321779,0.3782965523904101
633,0.697144981035748,2.008011604679713,18.0,0.5558342229682576,0.28479495032384955,0.5894131980695756,0.35992738554087716
634,-1.2390260417132501,0.2896662033949119,6.0,-0.7528457082364741,0.2322326866176915,-1.0810281051270723,0.4164958662326632
635,-0.5054257061982242,0.6032487140405396,10.0,-0.5598336833802899,0.26612395313804954,-0.4834949476206452,0.37936021615311094
636,0.24708180121096487,1.2802838372631835,15.0,0.004127960981067094,0.1410143267874578,0.17573330478309804,0.36262306187816057
637,-0.7422073152443036,0.4760619361542066,5.0,-0.7902292713509685,0.34430335339567664,-0.6264507778140921,0.4741756514841738
638,-0.1955401687311226,0.822390308525518,12.0,-0.03417490638176782,0.1701681933561951,-0.1965410864564154,0.3672927896691668
639,1.1979716485120138,3.3133893838493247,21.0,0.7276769685626165,0.2478959423984575,1.0004734715720967,0.3949532474452672
640,-1.032591748752255,0.3560828862260718,7.0,-0.6866763607778298,0.17959598906184063,-0.9142302856711219,0.3986936204952651
641,1.7331233843610014,5.658299381083318,10.0,0.9758012630853486,0.47918930735910553,1.1713379440112284,0.5668837181692437
642,-0.5054257061982242,0.6032487140405396,10.0,-0.35869255296014574,0.3398148318608732,-0.483494947620645,0.3793602161531108
643,-0.04655133361753223,0.9545155605755924,13.0,-0.1774475549772117,0.29982876528616,-0.06883643813201734,0.3485716342208257
644,-0.34792658275517807,0.7061507179514633,11.0,-0.2759166089233782,0.33421004915987346,-0.3377265219099191,0.3817135939780338
645,-0.5054257061982242,0.6032487140405396,10.0,-0.5876073324035598,0.24417127789542623,-0.4834949476206452,0.3793602161531113
646,2.8990334680463326,18.156587963476664,27.0,1.711503094330069,0.46381332797768654,2.1036505236890677,0.487532684156321
647,-0.5054257061982242,0.6032487140405396,10.0,-0.49727129835111356,0.30395337413475476,-0.4834949476206452,0.37936021615311094
648,-0.844648657419226,0.42970830651729436,8.0,-0.6437824357120572,0.19407358497891164,-0.7636638742321779,0.3782965523904101
649,0.697144981035748,2.008011604679713,18.0,0.5438009775801067,0.29107331283210053,0.5894131980695739,0.3599273855408775
650,-0.844648657419226,0.42970830651729436,8.0,-0.59905663155836,0.23423580671996633,-0.7636638742321779,0.3782965523904098
651,-0.1955401687311226,0.822390308525518,12.0,-0.06227771711365748,0.20554101142872436,-0.1965410864564169,0.36729278966916734
652,0.8557255448767115,2.3530810272594707,19.0,0.6113306586876509,0.2542931845304947,0.717282080068169,0.3586300856373968
653,1.1979716485120138,3.3133893838493247,21.0,0.7508780191434185,0.2605077959687343,1.0004734715720984,0.39495324744526766
654,-0.844648657419226,0.42970830651729436,8.0,-0.7644752505705805,0.24273130887663685,-0.7636638742321767,0.3782965523904095
655,0.5439537029205247,1.7228048733303707,17.0,0.2392465941082709,0.32603825730151353,0.4550948431776725,0.37323084079277036
656,-1.2390260417132501,0.2896662033949119,6.0,-0.7502945424900543,0.2298774904068529,-1.0810281051270725,0.41649586623266277
657,1.596588969320385,4.936166260692625,23.0,1.1000315385725927,0.3808477543761886,1.3217599893207321,0.4036782459266959
658,0.39443124038873717,1.4835401731898719,16.0,0.1147375315583338,0.2581062892566583,0.3132836350983427,0.3768450002832785
659,-0.844648657419226,0.42970830651729436,8.0,-0.6083593703150186,0.22585975601024028,-0.7636638742321766,0.3782965523904095
660,-0.5054257061982242,0.6032487140405396,10.0,-0.5182868928860916,0.29296433632724384,-0.4834949476206467,0.37936021615311105
661,-1.2390260417132501,0.2896662033949119,6.0,-0.807309345674777,0.27703810453434996,-1.0810281051270711,0.41649586623266294
662,-0.9739107428350618,0.37760343688391645,5.0,-0.8710728285847426,0.3455151202014628,-0.8240975120226015,0.4548773097945326
663,-0.1955401687311226,0.822390308525518,12.0,-0.10383115346876516,0.24852016207399574,-0.1965410864564169,0.36729278966916745
664,-1.4716871349111675,0.22953789692248078,5.0,-0.8288391483459221,0.29153733724228154,-1.258923699061912,0.4265034313091039
665,-0.6701157583529836,0.5116493466726845,9.0,-0.5818906874665084,0.2489491260838161,-0.6241837048022516,0.37178980877623263
666,-0.5054257061982242,0.6032487140405396,10.0,-0.35538203457160356,0.3399684537636315,-0.48349494762064654,0.37936021615311044
667,-0.6701157583529836,0.5116493466726845,9.0,-0.6805379744776503,0.17840313466321117,-0.624183704802251,0.37178980877623397
668,1.8318596976398491,6.245490589387757,24.0,1.0461983206163563,0.37530519882349017,1.489210729997424,0.41719140361946444
669,0.39443124038873717,1.4835401731898719,16.0,0.052877530013233136,0.19419223460822588,0.3132836350983427,0.3768450002832785
670,-1.2390260417132501,0.2896662033949119,6.0,-0.9104434133866502,0.33190917201303427,-1.081028105127072,0.41649586623266316
671,0.39443124038873717,1.4835401731898719,16.0,0.14017516467917063,0.27749240640186185,0.31328363509834156,0.3768450002832786
672,-0.34792658275517807,0.7061507179514633,11.0,-0.44729668672659845,0.32381886597818227,-0.33772652190991914,0.38171359397803356
673,1.8318596976398491,6.245490589387757,24.0,1.282390924659791,0.3872854955009331,1.4892107299974255,0.41719140361946455
674,-1.032591748752255,0.3560828862260718,7.0,-0.6943296028621665,0.18265618492785876,-0.9142302856711219,0.3986936204952649
675,-1.032591748752255,0.3560828862260718,7.0,-0.6832594582272015,0.1787851855681964,-0.9142302856711215,0.39869362049526474
676,-1.2390260417132501,0.2896662033949119,6.0,-0.7360502589064091,0.21652093486507437,-1.081028105127074,0.4164958662326634
677,-0.1955401687311226,0.822390308525518,12.0,-0.24904934307696758,0.3280328234149326,-0.19654108645641707,0.36729278966916706
678,0.24708180121096487,1.2802838372631835,15.0,0.12297885562487475,0.26476714972392995,0.17573330478309807,0.36262306187816057
679,0.8557255448767115,2.3530810272594707,19.0,0.5696511901140061,0.27729884593092075,0.7172820800681678,0.3586300856373971
680,-0.6701157583529836,0.5116493466726845,9.0,-0.6249192779247058,0.21061690480192702,-0.6241837048022533,0.37178980877623424
681,0.42351881187023865,1.5273264855604436,10.0,0.30624876170375975,0.36207356642754,0.3187309614722991,0.44500520233600077
682,0.39443124038873717,1.4835401731898719,16.0,0.04901108257490294,0.18933408415970976,0.31328363509834267,0.3768450002832789
683,-1.2390260417132501,0.2896662033949119,6.0,-0.7516742077014861,0.2311531746450965,-1.0810281051270723,0.416495866232663
684,-0.4711592403990092,0.6242781601926011,9.0,-0.4859901682552947,0.31199007216436403,-0.4465608492606104,0.39779192503340366
685,-1.2390260417132501,0.2896662033949119,6.0,-0.7273242848625112,0.20833718699519116,-1.0810281051270725,0.41649586623266294
686,1.0217807831352292,2.7781376222037397,20.0,0.6263588466188987,0.24680073169785005,0.851372075491174,0.3758119246812149
687,1.2735876851976484,3.5736507245454048,16.0,1.1059744595876373,0.4168577482154009,1.0202136334249468,0.4348486487747761
688,-0.1955401687311226,0.822390308525518,12.0,-0.05991336049100958,0.2027274678245924,-0.19654108645641696,0.3672927896691675
689,-0.5054257061982242,0.6032487140405396,10.0,-0.6441622840131471,0.19376851201800113,-0.483494947620645,0.3793602161531108
690,-0.04655133361753223,0.9545155605755924,13.0,-0.10396684007403631,0.24864143131260238,-0.06883643813201734,0.34857163422082577
691,-0.34792658275517807,0.7061507179514633,11.0,-0.10205746552242356,0.24692435532767462,-0.3377265219099178,0.3817135939780333
692,0.5439537029205247,1.7228048733303707,17.0,0.10960101425564665,0.2537579427405869,0.45509484317767257,0.3732308407927707
693,7.544816070798309,1890.9149109608866,1.0,0.33389889989866295,0.9384361559063431,0.4005495442437142,0.9113380403246992
694,2.444445163431118,11.524153802736965,26.0,1.8743719702168398,0.49905922353994137,1.8778916573562545,0.4636787793519198
695,-0.34792658275517807,0.7061507179514633,11.0,-0.27438542874411237,0.33391753016382797,-0.33772652190991914,0.38171359397803356
696,-0.5054257061982242,0.6032487140405396,10.0,-0.239614550132492,0.3253254317006722,-0.4834949476206467,0.37936021615311105
697,-0.844648657419226,0.42970830651729436,8.0,-0.7065498707603778,0.19044608091314028,-0.7636638742321783,0.37829655239040977
698,0.8557255448767115,2.3530810272594707,19.0,0.2818248215847767,0.33649210011530317,0.7172820800681698,0.3586300856373959
699,-0.6701157583529836,0.5116493466726845,9.0,-0.7075798488325019,0.19122788654114742,-0.6241837048022516,0.3717898087762342
700,-0.844648657419226,0.42970830651729436,8.0,-0.7484255150911354,0.2281423507528344,-0.7636638742321767,0.3782965523904095
701,-0.1955401687311226,0.822390308525518,12.0,-0.06749421796109978,0.21160824021514346,-0.19654108645641696,0.3672927896691675
702,1.3878764204451364,4.006333245765282,22.0,1.0641254511991305,0.3775173780022859,1.1599576324588678,0.40162678067885116
703,1.4434252313278688,4.235177463871137,8.0,0.7389190104763875,0.4614857956907149,0.9545612740083461,0.5889848061612732
704,1.1979716485120138,3.3133893838493247,21.0,0.7574636028273832,0.26437192266233367,1.0004734715720984,0.39495324744526766
705,-0.34792658275517807,0.7061507179514633,11.0,-0.4415539147104707,0.32557394810739726,-0.33772652190991903,0.38171359397803295
706,-0.34792658275517807,0.7061507179514633,11.0,-0.16975953952809356,0.2956612108904342,-0.33772652190991903,0.38171359397803345
707,0.0364120500538635,1.0370830886048312,11.0,-0.04512051351504046,0.20580433431964237,0.0026497513085188135,0.3904564790568126
708,-1.4716871349111675,0.22953789692248078,5.0,-0.8011309370718592,0.27254251398260254,-1.2589236990619117,0.42650343130910373
709,-1.7433883578649005,0.1749266811222151,4.0,-1.0047940050244961,0.3556813752448242,-1.4462843505856484,0.44100321381049684
710,-0.1955401687311226,0.822390308525518,12.0,-0.15236452558170854,0.28529827783152895,-0.19654108645641627,0.367292789669167
711,-0.844648657419226,0.42970830651729436,8.0,-0.6793572652956908,0.17831171812894284,-0.7636638742321767,0.3782965523904095
712,-0.34792658275517807,0.7061507179514633,11.0,-0.22210916161132202,0.3195285256611586,-0.3377265219099191,0.38171359397803306
713,-0.1955401687311226,0.822390308525518,12.0,-0.2184536324561106,0.31818743432531643,-0.19654108645641696,0.3672927896691675
714,-1.032591748752255,0.3560828862260718,7.0,-0.7715298665208895,0.24887656631316143,-0.9142302856711216,0.39869362049526497
715,-0.844648657419226,0.42970830651729436,8.0,-0.7947634589617374,0.2677491322242842,-0.7636638742321779,0.3782965523904101
716,-0.34792658275517807,0.7061507179514633,11.0,-0.33444387583284885,0.34021583876510947,-0.33772652190991903,0.3817135939780332
717,-1.032591748752255,0.3560828862260718,7.0,-0.7480007887150644,0.2277470068283439,-0.9142302856711219,0.3986936204952649
718,-0.5054257061982242,0.6032487140405396,10.0,-0.6002354139491505,0.23318774989755306,-0.4834949476206467,0.37936021615311105
719,1.8318596976398491,6.245490589387757,24.0,1.0908570924999332,0.38012381026246944,1.4892107299974244,0.41719140361946416
720,-0.04655133361753223,0.9545155605755924,13.0,-0.011418181012705576,0.14487369588988763,-0.06883643813201734,0.34857163422082577
721,1.0217807831352292,2.7781376222037397,20.0,0.744924229745588,0.25709368676729955,0.851372075491174,0.375811924681215
722,0.1005321740700056,1.105759217906245,14.0,0.0069777534331291,0.14213096457598537,0.05061791297252943,0.3464598698075553
723,-0.1955401687311226,0.822390308525518,12.0,-0.11827202495787109,0.26080356425560847,-0.19654108645641627,0.367292789669167
724,1.0217807831352292,2.7781376222037397,20.0,0.7934696992444897,0.285932636503132,0.851372075491174,0.375811924681215
725,1.596588969320385,4.936166260692625,23.0,1.2458448815226664,0.3860341226020741,1.3217599893207337,0.4036782459266954
726,-0.6701157583529836,0.5116493466726845,9.0,-0.4855674173618155,0.3093725302571898,-0.6241837048022533,0.37178980877623385
727,0.8557255448767115,2.3530810272594707,19.0,0.5647424515441383,0.2799911437648424,0.7172820800681698,0.3586300856373959
728,-0.04655133361753223,0.9545155605755924,13.0,-0.06193067214159632,0.20513048461256483,-0.06883643813201734,0.3485716342208257
729,-1.2390260417132501,0.2896662033949119,6.0,-0.8419046697470323,0.29948804974062687,-1.0810281051270711,0.4164958662326629
730,-0.844648657419226,0.42970830651729436,8.0,-0.5806484573430162,0.24997014700419368,-0.7636638742321779,0.3782965523904098
731,-0.844648657419226,0.42970830651729436,8.0,-0.7012621202095117,0.18670765217808202,-0.7636638742321779,0.3782965523904101
732,-0.844648657419226,0.42970830651729436,8.0,-0.7055521322759946,0.1897042682696175,-0.7636638742321793,0.3782965523904098
733,-0.34792658275517807,0.7061507179514633,11.0,-0.37073032176878307,0.33899209241651085,-0.337726521909919,0.38171359397803306
734,-1.032591748752255,0.3560828862260718,7.0,-0.7712576082628395,0.24864281913265854,-0.9142302856711233,0.39869362049526536
735,-0.6701157583529836,0.5116493466726845,9.0,-0.6817599606137659,0.17854527341921256,-0.6241837048022537,0.3717898087762345
736,-0.04655133361753223,0.9545155605755924,13.0,-0.030043902429796765,0.16488396733068858,-0.06883643813201758,0.3485716342208263
737,-0.04655133361753223,0.9545155605755924,13.0,-0.09659730154760816,0.2418863818024335,-0.06883643813201731,0.3485716342208257
738,-0.04655133361753223,0.9545155605755924,13.0,-0.08631627115095625,0.23186724281349916,-0.06883643813201734,0.3485716342208257
739,-1.032591748752255,0.3560828862260718,7.0,-0.598397673976187,0.23481980285245627,-0.9142302856711233,0.3986936204952652
740,1.3878764204451364,4.006333245765282,22.0,0.7578381642327056,0.2645938154279678,1.1599576324588683,0.40162678067885144
741,-0.844648657419226,0.42970830651729436,8.0,-0.6357621072565688,0.20084218094615494,-0.7636638742321779,0.3782965523904101
742,0.24708180121096487,1.2802838372631835,15.0,-0.006751249731988101,0.14201600050058086,0.17573330478309862,0.362623061878161
743,-0.1955401687311226,0.822390308525518,12.0,-0.06365886831989566,0.20716635977165096,-0.19654108645641694,0.36729278966916734
744,0.5439537029205247,1.7228048733303707,17.0,0.5208329424512502,0.30222268786945367,0.45509484317767257,0.3732308407927703
745,-1.7433883578649005,0.1749266811222151,4.0,-1.1794396970953076,0.3560094298585659,-1.4462843505856462,0.4410032138104966
746,0.697144981035748,2.008011604679713,18.0,0.2828761658288585,0.33668172223065485,0.5894131980695756,0.35992738554087716
747,-0.5054257061982242,0.6032487140405396,10.0,-0.49661601578473047,0.3042697494072098,-0.4834949476206467,0.37936021615311105
748,-1.2390260417132501,0.2896662033949119,6.0,-0.6851705767224726,0.17919406300472437,-1.0810281051270727,0.41649586623266316
749,-1.7433883578649005,0.1749266811222151,4.0,-1.0819300319140661,0.36125510385846665,-1.4462843505856482,0.44100321381049656
750,-1.032591748752255,0.3560828862260718,7.0,-0.6426788016806539,0.19496914053400546,-0.9142302856711233,0.39869362049526536
751,-1.032591748752255,0.3560828862260718,7.0,-0.7721368334118205,0.2493966660337888,-0.914230285671123,0.398693620495265
752,-1.032591748752255,0.3560828862260718,7.0,-0.71431600221839,0.1966851584469737,-0.9142302856711216,0.3986936204952648
753,-1.4716871349111675,0.22953789692248078,5.0,-0.815141387645137,0.28251974375600986,-1.2589236990619115,0.42650343130910373
754,-1.032591748752255,0.3560828862260718,7.0,-0.6912350965208298,0.1812229259659316,-0.9142302856711219,0.3986936204952649
755,-0.5054257061982242,0.6032487140405396,10.0,-0.42295782648518804,0.33055139999274574,-0.48349494762064527,0.3793602161531109
756,-0.844648657419226,0.42970830651729436,8.0,-0.6769913416036162,0.17826513621759,-0.7636638742321779,0.3782965523904101
757,0.8557255448767115,2.3530810272594707,19.0,0.6064041854024467,0.2569157067241342,0.7172820800681688,0.35863008563739646
758,1.596588969320385,4.936166260692625,23.0,0.9237667134806689,0.3472638420634719,1.3217599893207346,0.40367824592669566
759,0.1005321740700056,1.105759217906245,14.0,0.00428747406035165,0.1410623027017117,0.050617912972529426,0.3464598698075552
760,-0.6701157583529836,0.5116493466726845,9.0,-0.6318069784471473,0.20435181964781607,-0.6241837048022533,0.3717898087762339
761,-1.4716871349111675,0.22953789692248078,5.0,-1.1083386091480913,0.3609140056028358,-1.2589236990619104,0.42650343130910323
762,-0.5054257061982242,0.6032487140405396,10.0,-0.23228934064737922,0.32302386714745196,-0.4834949476206452,0.37936021615311094
763,-0.34792658275517807,0.7061507179514633,11.0,-0.24299572234954123,0.3263286509207615,-0.33772652190991903,0.38171359397803345
764,-0.34792658275517807,0.7061507179514633,11.0,-0.10931747988694102,0.25333325924083633,-0.33772652190991903,0.38171359397803317
765,-0.844648657419226,0.42970830651729436,8.0,-0.6446365499663793,0.19338997073610434,-0.7636638742321779,0.3782965523904101
766,1.1979716485120138,3.3133893838493247,21.0,1.0211828709987387,0.3715136916320798,1.0004734715720969,0.39495324744526755
767,-1.032591748752255,0.3560828862260718,7.0,-0.7341033734028819,0.214686147950364,-0.9142302856711216,0.3986936204952648
768,-0.6701157583529836,0.5116493466726845,9.0,-0.38663259911537806,0.3372669199460944,-0.6241837048022533,0.37178980877623385
769,-0.7857869815576147,0.4557608852018053,1.0,-0.6546185359972697,0.6893103055027494,-0.33844099430191443,0.7804493938358226
770,0.697144981035748,2.008011604679713,18.0,0.458951397992901,0.32572403365008357,0.5894131980695752,0.35992738554087655
771,-0.844648657419226,0.42970830651729436,8.0,-0.5799311715088634,0.2505568540072937,-0.7636638742321779,0.3782965523904104
772,0.6020127334313894,1.8257899330824254,12.0,0.468098987465009,0.3534539243333624,0.4766842645043205,0.428727702031002
773,-0.34792658275517807,0.7061507179514633,11.0,-0.1996283806950249,0.3105359161537193,-0.33772652190991903,0.38171359397803317
774,0.39443124038873717,1.4835401731898719,16.0,0.1860793126556529,0.3047034161634858,0.31328363509834267,0.3768450002832785
775,0.9184437950003456,2.505388456577461,19.0,0.6097140003953876,0.2563746198509941,0.7689792076027948,0.3711336331685196
776,-0.5054257061982242,0.6032487140405396,10.0,-0.463498248282485,0.31829716833282207,-0.4834949476206465,0.3793602161531105
777,0.5120394706776104,1.6686909732032629,5.0,0.2321967768294758,0.4398439078039804,0.3380479878775873,0.6029480493230464
778,-1.032591748752255,0.3560828862260718,7.0,-0.8277614853671904,0.29085359779641096,-0.9142302856711233,0.39869362049526536
779,-0.34792658275517807,0.7061507179514633,11.0,-0.5890913995903704,0.24291016237093288,-0.3377265219099189,0.38171359397803284
780,-1.4716871349111675,0.22953789692248078,5.0,-1.1232842689994424,0.36030758185691825,-1.2589236990619113,0.4265034313091043
781,0.24708180121096487,1.2802838372631835,15.0,0.04695595484116844,0.18672011342807593,0.17573330478309804,0.36262306187816057
782,-0.6701157583529836,0.5116493466726845,9.0,-0.6224811114669481,0.21286107573695706,-0.6241837048022533,0.3717898087762343
783,-0.34792658275517807,0.7061507179514633,11.0,-0.2186576773769045,0.31826350553812427,-0.3377265219099178,0.3817135939780333
784,-1.2390260417132501,0.2896662033949119,6.0,-0.7355479764034485,0.21604738159198544,-1.0810281051270723,0.416495866232663
785,1.8318596976398491,6.245490589387757,24.0,1.1736748262326944,0.3843404105682404,1.4892107299974238,0.41719140361946416
786,-1.4716871349111675,0.22953789692248078,5.0,-1.0367151185561898,0.3592970663100507,-1.258923699061912,0.426503431309104
787,-1.2390260417132501,0.2896662033949119,6.0,-0.9066113419968506,0.3304706056755757,-1.081028105127072,0.41649586623266327
788,0.697144981035748,2.008011604679713,18.0,0.5173732672595668,0.30379610656282746,0.5894131980695756,0.35992738554087716
789,1.0217807831352292,2.7781376222037397,20.0,0.6084029536806153,0.25584434707179576,0.8513720754911754,0.3758119246812154
790,0.24708180121096487,1.2802838372631835,15.0,0.19304349153020436,0.3080730477812937,0.17573330478309743,0.36262306187816
791,1.596588969320385,4.936166260692625,23.0,1.219334698156916,0.3854006710295417,1.3217599893207348,0.40367824592669527
792,-0.5054257061982242,0.6032487140405396,10.0,-0.47340084094200363,0.3144972237952461,-0.4834949476206467,0.37936021615311105
793,-1.4716871349111675,0.22953789692248078,5.0,-0.8649606915428641,0.3120580112680863,-1.258923699061912,0.4265034313091039
794,0.697144981035748,2.008011604679713,18.0,0.2781377031508563,0.33580167975774555,0.5894131980695752,0.35992738554087655
795,-1.2390260417132501,0.2896662033949119,6.0,-0.6848426634766555,0.17911579062190902,-1.0810281051270725,0.41649586623266305
796,-1.2390260417132501,0.2896662033949119,6.0,-0.796324411898214,0.26893932821042144,-1.0810281051270711,0.4164958662326629
797,2.1065186961962965,8.219576575099879,25.0,1.1238150966208547,0.38237537750458556,1.6730619110909013,0.4408789365994646
798,0.05037185857723065,1.05166209324347,3.0,0.2250905991967816,0.5286380604891782,0.016152391143379352,0.6552695256822705
799,0.697144981035748,2.008011604679713,18.0,0.5602619985103989,0.28242184539582066,0.5894131980695735,0.3599273855408776
800,-0.1955401687311226,0.822390308525518,12.0,-0.1747102025707061,0.2983728314786893,-0.19654108645641694,0.36729278966916734
801,-0.2871520615566821,0.7503976135317681,7.0,-0.08732595697350952,0.2939352662338519,-0.26916415051347375,0.4492166562623721
802,-0.844648657419226,0.42970830651729436,8.0,-0.6554205867205474,0.18566678841777678,-0.7636638742321779,0.3782965523904101
803,-1.2390260417132501,0.2896662033949119,6.0,-0.8128664295389176,0.2809522901803508,-1.0810281051270714,0.41649586623266316
804,0.24708180121096487,1.2802838372631835,15.0,0.05004783710050694,0.19064479836832887,0.17573330478309787,0.36262306187816096
805,-0.34792658275517807,0.7061507179514633,11.0,-0.5763335095553869,0.25346779447209267,-0.33772652190991903,0.38171359397803345
806,2.1065186961962965,8.219576575099879,25.0,1.3746952203460487,0.3944259130272225,1.673061911090903,0.4408789365994649
807,-0.34792658275517807,0.7061507179514633,11.0,-0.22764981966117004,0.3214741924652962,-0.337726521909919,0.38171359397803334
808,0.697144981035748,2.008011604679713,18.0,0.2408483647674996,0.3265326998698213,0.5894131980695756,0.3599273855408779
809,-0.6701157583529836,0.5116493466726845,9.0,-0.6033302248524719,0.23041658567877174,-0.6241837048022522,0.3717898087762329
810,0.1005321740700056,1.105759217906245,14.0,-0.08405925818699096,0.2295711688157972,0.05061791297252943,0.3464598698075553
811,-0.5054257061982242,0.6032487140405396,10.0,-0.3651147141529918,0.3394275169971709,-0.4834949476206452,0.3793602161531113
812,-1.166885079937232,0.31133521674510245,6.0,-0.6865474431028179,0.19828390574067295,-1.0186701080336353,0.4177990215559594
813,-1.2390260417132501,0.2896662033949119,6.0,-0.7723447822111347,0.24957453177977768,-1.0810281051270711,0.416495866232663
814,-0.6701157583529836,0.5116493466726845,9.0,-0.4501032390784554,0.32292303574088116,-0.6241837048022533,0.37178980877623424
815,-0.1955401687311226,0.822390308525518,12.0,-0.22179636083996512,0.3194155659393656,-0.19654108645641707,0.3672927896691672
816,-0.844648657419226,0.42970830651729436,8.0,-0.6813124113381275,0.17848762568525683,-0.7636638742321767,0.37829655239040977
817,2.1065186961962965,8.219576575099879,25.0,1.329166651382467,0.3900448584134703,1.6730619110909013,0.4408789365994646
818,0.8557255448767115,2.3530810272594707,19.0,0.5788527909080049,0.27219046108849465,0.717282080068169,0.3586300856373965
819,1.1979716485120138,3.3133893838493247,21.0,0.6859677695337064,0.23425255926949215,1.0004734715720964,0.3949532474452673
820,-1.2390260417132501,0.2896662033949119,6.0,-0.742750300028554,0.22283327774195996,-1.0810281051270736,0.4164958662326631
821,0.5439537029205247,1.7228048733303707,17.0,0.48417322586862127,0.31735655387563366,0.45509484317767257,0.3732308407927703
822,-0.34792658275517807,0.7061507179514633,11.0,-0.5157688176478432,0.294368883002262,-0.33772652190991903,0.38171359397803345
823,-0.10236797691332578,0.9026973187725784,2.0,-0.35000891411851204,0.577400047395347,-0.052917659578224335,0.7294158533354511
824,-0.844648657419226,0.42970830651729436,8.0,-0.6541654259538301,0.1864629596192585,-0.7636638742321779,0.3782965523904101
825,-0.04655133361753223,0.9545155605755924,13.0,-0.006224286768708233,0.1417771524971525,-0.06883643813201758,0.3485716342208263
826,-0.34792658275517807,0.7061507179514633,11.0,-0.5545103577976388,0.26996143028742775,-0.33772652190991775,0.38171359397803306
827,-0.04655133361753223,0.9545155605755924,13.0,-0.05549861508844617,0.19737185038121793,-0.06883643813201758,0.3485716342208263
828,-0.7492980817871276,0.4726982318197105,4.0,-0.6241864574816165,0.3794479663541407,-0.5962234352059795,0.5177317326239582
829,-1.032591748752255,0.3560828862260718,7.0,-0.6478355002629677,0.19091092475407925,-0.9142302856711225,0.39869362049526524
830,-1.032591748752255,0.3560828862260718,7.0,-0.7483489246305144,0.2280710861823916,-0.9142302856711216,0.39869362049526497
831,2.8990334680463326,18.156587963476664,27.0,2.055602695226715,0.5346908045850719,2.103650523689067,0.48753268415632106
832,-2.07799009533395,0.12518156252549306,3.0,-1.3447636505911877,0.34620386448471957,-1.6516055408649768,0.4665742612836279
833,0.24708180121096487,1.2802838372631835,15.0,-0.0039723847479059445,0.14096537604192125,0.17573330478309804,0.36262306187816057
834,0.697144981035748,2.008011604679713,18.0,0.5998061755685871,0.26050942179838216,0.5894131980695739,0.3599273855408775
835,-0.34792658275517807,0.7061507179514633,11.0,-0.3456712929064781,0.3402386733923981,-0.33772652190991775,0.38171359397803306
836,1.1979716485120138,3.3133893838493247,21.0,0.6995937806630668,0.23688940937132313,1.0004734715720973,0.3949532474452676
837,1.554967908707936,4.734934572552987,9.0,0.8118849627902681,0.4545267609311498,1.0445942378262252,0.5774912443523953
838,-0.04655133361753223,0.9545155605755924,13.0,0.007840252943312417,0.1425736485552263,-0.06883643813201734,0.34857163422082577
839,0.020116217034203143,1.0203199116906738,5.0,-0.05787572089278925,0.37402519245195465,-0.00013896144000374866,0.5516670490722638
840,0.697144981035748,2.008011604679713,18.0,0.5678280363099636,0.27830202257030756,0.5894131980695756,0.35992738554087716
841,2.1065186961962965,8.219576575099879,25.0,1.6152284689437326,0.4414037108820494,1.6730619110909026,0.44087893659946475
842,-1.032591748752255,0.3560828862260718,7.0,-0.8973166705716775,0.3268093254769919,-0.9142302856711214,0.39869362049526463
843,-0.844648657419226,0.42970830651729436,8.0,-0.6905397821441597,0.18093633828610178,-0.7636638742321779,0.3782965523904101
844,2.2684105076121512,9.664027701119608,9.0,1.2912951875442014,0.5688427925716415,1.3191172058751728,0.6202419971421574
845,-1.2390260417132501,0.2896662033949119,6.0,-0.9074950623505886,0.33080598702831576,-1.0810281051270714,0.4164958662326631
846,-0.4710953333406999,0.6243180572482239,5.0,-0.2619447984992838,0.3743503920172428,-0.3984576672630937,0.4975640159125754
847,-1.2390260417132501,0.2896662033949119,6.0,-0.7743207584976789,0.25125639323318694,-1.0810281051270736,0.41649586623266316
848,1.596588969320385,4.936166260692625,23.0,1.0293024478031263,0.37283935631335835,1.3217599893207337,0.4036782459266954
849,-0.1955401687311226,0.822390308525518,12.0,-0.12598531833930604,0.2668733136342981,-0.19654108645641696,0.3672927896691675
850,-0.1955401687311226,0.822390308525518,12.0,-0.055469304419620266,0.19733586341026937,-0.19654108645641707,0.36729278966916706
851,1.0217807831352292,2.7781376222037397,20.0,0.6237550504849111,0.24802965749607112,0.8513720754911742,0.37581192468121544
852,-1.4716871349111675,0.22953789692248078,5.0,-1.2070886520644168,0.3531942578524585,-1.2589236990619126,0.42650343130910434
853,1.0217807831352292,2.7781376222037397,20.0,0.6641167658054107,0.23456638860784612,0.8513720754911754,0.3758119246812154
854,2.444445163431118,11.524153802736965,26.0,1.548283391583435,0.42589221276850303,1.8778916573562563,0.46367877935191987
855,-1.2390260417132501,0.2896662033949119,6.0,-1.02086965615762,0.3577504909595488,-1.0810281051270714,0.416495866232663
856,0.39443124038873717,1.4835401731898719,16.0,0.05854277727592342,0.20114754011486718,0.31328363509834267,0.3768450002832785
857,-0.6701157583529836,0.5116493466726845,9.0,-0.4823667825456478,0.3107702349151509,-0.6241837048022533,0.37178980877623385
858,-0.6701157583529836,0.5116493466726845,9.0,-0.6565605103885924,0.18497157995806252,-0.6241837048022522,0.37178980877623324
859,0.697144981035748,2.008011604679713,18.0,0.4486125548952959,0.32866301524597197,0.5894131980695756,0.3599273855408768
860,1.3878764204451364,4.006333245765282,22.0,1.0552295748988438,0.37646942104711084,1.159957632458867,0.4016267806788514
861,-0.844648657419226,0.42970830651729436,8.0,-0.7089857125149956,0.19231977335993036,-0.7636638742321799,0.3782965523904109
862,-1.032591748752255,0.3560828862260718,7.0,-0.6963557684331592,0.18372678528574793,-0.9142302856711214,0.39869362049526463
863,-0.844648657419226,0.42970830651729436,8.0,-0.6739760347862215,0.17846980577713656,-0.7636638742321793,0.3782965523904098
864,-1.5192295705390197,0.21888045395954572,2.0,-0.8400326868426204,0.4162855660247806,-1.0502074835522046,0.5766662365768854
865,1.8318596976398491,6.245490589387757,24.0,1.3405685728169134,0.3909728370796111,1.4892107299974255,0.4171914036194645
866,0.8557255448767115,2.3530810272594707,19.0,0.5836910800524298,0.2694852357430587,0.7172820800681681,0.3586300856373959
867,0.8557255448767115,2.3530810272594707,19.0,0.6020522689859527,0.25927748929028105,0.7172820800681698,0.35863008563739585
868,-1.4716871349111675,0.22953789692248078,5.0,-0.8794856921235311,0.3190782250469913,-1.2589236990619121,0.42650343130910406
869,1.8318596976398491,6.245490589387757,24.0,1.2835981370713705,0.3873381254975352,1.4892107299974255,0.4171914036194645
870,7.360237414032921,1572.2097833173475,2.0,0.6659064684488312,0.8083375547841065,0.6319937529029254,0.8534799536186083
871,-27.63102212771614,9.999989882129212e-13,0.0,-0.3597252509303836,0.9375787758835414,-0.4260252608068984,0.9099996695244833
872,0.1005321740700056,1.105759217906245,14.0,0.011641485888947794,0.14505261751354034,0.05061791297252862,0.34645986980755455
873,1.8318596976398491,6.245490589387757,24.0,1.4460030606529934,0.40492141192845393,1.4892107299974247,0.41719140361946433
874,-1.3974276892377442,0.24723210450513108,2.0,-0.996953260503552,0.4641440647053468,-0.9537533218345601,0.5884305479094919
875,-0.844648657419226,0.42970830651729436,8.0,-0.701838909720815,0.18709096734328476,-0.7636638742321767,0.37829655239040977
876,1.8318596976398491,6.245490589387757,24.0,1.2850874554400993,0.3874042364528026,1.4892107299974244,0.41719140361946405
877,0.697144981035748,2.008011604679713,18.0,0.4440269086259898,0.3298749938730064,0.5894131980695752,0.35992738554087733
878,0.8557255448767115,2.3530810272594707,19.0,0.4731292476337611,0.32122904771462263,0.7172820800681696,0.35863008563739684
879,0.5439537029205247,1.7228048733303707,17.0,0.13764160160595587,0.27571247002837584,0.4550948431776727,0.37323084079277086
880,2.444445163431118,11.524153802736965,26.0,1.5267942144563045,0.42110143200149824,1.8778916573562552,0.4636787793519196
881,-0.34792658275517807,0.7061507179514633,11.0,-0.293633015762472,0.3370844814126814,-0.33772652190991914,0.38171359397803356
882,0.1005321740700056,1.105759217906245,14.0,-0.05552099555710588,0.19739932490020548,0.050617912972529426,0.3464598698075552
883,1.1979716485120138,3.3133893838493247,21.0,0.8017995248997809,0.290811432698051,1.0004734715720964,0.3949532474452673
884,1.596588969320385,4.936166260692625,23.0,0.8582850094825758,0.32076481438201365,1.3217599893207357,0.4036782459266955
885,1.3878764204451364,4.006333245765282,22.0,0.8868894657243774,0.3334450390736337,1.1599576324588683,0.40162678067885144
886,0.8557255448767115,2.3530810272594707,19.0,0.4755674723441439,0.32040197802443854,0.717282080068169,0.3586300856373965
887,1.3878764204451364,4.006333245765282,22.0,1.0807129575321397,0.3792256914368341,1.1599576324588678,0.40162678067885127
888,0.5439537029205247,1.7228048733303707,17.0,0.36667667884803123,0.3418654917585711,0.45509484317767257,0.3732308407927703
889,-0.1955401687311226,0.822390308525518,12.0,-0.08162006517111328,0.22704963751433524,-0.1965410864564169,0.36729278966916734
890,-0.844648657419226,0.42970830651729436,8.0,-0.5858974528413847,0.24561380602275215,-0.7636638742321779,0.3782965523904098
891,-0.34792658275517807,0.7061507179514633,11.0,-0.2917252578702856,0.3368196991333105,-0.337726521909919,0.38171359397803306
892,0.43716254274872896,1.5483077227973325,6.0,0.3998796520732376,0.4235436296532298,0.3057853499185053,0.5558831647238015
893,-1.2390260417132501,0.2896662033949119,6.0,-0.7342789343503101,0.21485150032819436,-1.0810281051270725,0.41649586623266344
894,-1.032591748752255,0.3560828862260718,7.0,-0.6906241284436877,0.18097038753632702,-0.9142302856711233,0.3986936204952652
895,-0.04655133361753223,0.9545155605755924,13.0,-0.020932231174906363,0.1539220150066349,-0.06883643813201755,0.3485716342208263
896,1.3878764204451364,4.006333245765282,22.0,0.9546331271986308,0.35675677136868256,1.159957632458867,0.4016267806788513
897,-0.844648657419226,0.42970830651729436,8.0,-0.6566328797712105,0.18492836910680877,-0.7636638742321767,0.3782965523904095
898,-1.032591748752255,0.3560828862260718,7.0,-0.6864852672125278,0.17954114751516584,-0.9142302856711233,0.39869362049526536
899,1.596588969320385,4.936166260692625,23.0,0.9058329826322957,0.3408920565793839,1.3217599893207337,0.4036782459266954
900,0.8557255448767115,2.3530810272594707,19.0,0.6014252644443173,0.25962059909109436,0.717282080068169,0.3586300856373968
901,-0.6701157583529836,0.5116493466726845,9.0,-0.5997019895180591,0.23366254712636572,-0.6241837048022533,0.37178980877623385
902,0.24708180121096487,1.2802838372631835,15.0,0.015417771308921557,0.1482569204824757,0.17573330478309865,0.36262306187816107
903,-1.2390260417132501,0.2896662033949119,6.0,-0.8061429242826902,0.2762010313609709,-1.0810281051270707,0.41649586623266266
904,-0.1955401687311226,0.822390308525518,12.0,0.0018339944248482315,0.14052211426129554,-0.19654108645641624,0.367292789669167
905,0.39443124038873717,1.4835401731898719,16.0,0.06278520082704492,0.206215663291986,0.3132836350983427,0.3768450002832785
906,-0.5054257061982242,0.6032487140405396,10.0,-0.34846189066016053,0.3401885593486399,-0.4834949476206467,0.37936021615311066
907,-0.844648657419226,0.42970830651729436,8.0,-0.6646185597795167,0.1809187084900451,-0.7636638742321779,0.3782965523904101
908,1.5299509672905673,4.617950386128979,17.0,1.3219094406102745,0.4465389280570436,1.214417922259503,0.4459510986072178
909,-0.6701157583529836,0.5116493466726845,9.0,-0.5125472417728397,0.2961304202950653,-0.6241837048022533,0.37178980877623385
910,2.444445163431118,11.524153802736965,26.0,1.7363757161102404,0.4694480344749862,1.8778916573562554,0.4636787793519201
911,1.596588969320385,4.936166260692625,23.0,1.1179969407049248,0.3820446517590199,1.3217599893207337,0.4036782459266954
912,-0.844648657419226,0.42970830651729436,8.0,-0.7648536395447414,0.24306548718149676,-0.7636638742321779,0.3782965523904101
913,1.0217807831352292,2.7781376222037397,20.0,0.7498128734551418,0.2598906682385048,0.8513720754911756,0.3758119246812156
914,0.5439537029205247,1.7228048733303707,17.0,0.243295410589055,0.3272723007884206,0.45509484317767396,0.37323084079277047
915,0.39443124038873717,1.4835401731898719,16.0,0.16103623764913005,0.2909924776188353,0.31328363509834267,0.3768450002832785
916,0.697144981035748,2.008011604679713,18.0,0.19197523147334306,0.30756811894626573,0.5894131980695739,0.3599273855408775
917,-0.5054257061982242,0.6032487140405396,10.0,-0.4649215978686755,0.3177711120773409,-0.48349494762064527,0.3793602161531112
918,-1.4716871349111675,0.22953789692248078,5.0,-1.0271162221264352,0.3584171637638426,-1.2589236990619113,0.4265034313091043
919,-0.04655133361753223,0.9545155605755924,13.0,-0.018600401381035213,0.15139859659474003,-0.06883643813201755,0.3485716342208263
920,2.1065186961962965,8.219576575099879,25.0,1.7172437952397699,0.4651213907019965,1.6730619110909026,0.44087893659946487
921,2.444445163431118,11.524153802736965,26.0,1.721658376012953,0.4661242701488276,1.8778916573562536,0.46367877935191965
922,-0.6701157583529836,0.5116493466726845,9.0,-0.6066399534886565,0.2274244336192941,-0.6241837048022533,0.37178980877623424
923,-0.04655133361753223,0.9545155605755924,13.0,0.031647295507010766,0.1669543567703702,-0.06883643813201734,0.34857163422082577
924,-0.34792658275517807,0.7061507179514633,11.0,-0.4958139526593153,0.3046548772296711,-0.33772652190991914,0.38171359397803356
925,-1.2390260417132501,0.2896662033949119,6.0,-0.7287199110823427,0.20963623828813394,-1.0810281051270734,0.41649586623266316
926,0.39443124038873717,1.4835401731898719,16.0,0.18301808813160475,0.3031632494468532,0.3132836350983427,0.3768450002832787
927,-0.5054257061982242,0.6032487140405396,10.0,-0.36496711413697225,0.3394377431207289,-0.4834949476206467,0.37936021615311066
928,-0.5054257061982242,0.6032487140405396,10.0,-0.5903091659053415,0.24186913441146052,-0.48349494762064527,0.3793602161531109
929,-0.6701157583529836,0.5116493466726845,9.0,-0.6694770666987585,0.1793154113840688,-0.6241837048022527,0.37178980877623397
930,2.8990334680463326,18.156587963476664,27.0,1.8807558796719965,0.5003651849657365,2.1036505236890672,0.48753268415632117
931,-0.5054257061982242,0.6032487140405396,10.0,-0.5342073649068784,0.2835096972760289,-0.4834949476206465,0.37936021615311083
932,-0.844648657419226,0.42970830651729436,8.0,-0.6383373842512174,0.19860931271970886,-0.7636638742321767,0.3782965523904095
933,-0.844648657419226,0.42970830651729436,8.0,-0.8268767232825796,0.2902890066960585,-0.7636638742321779,0.3782965523904103
934,-0.1955401687311226,0.822390308525518,12.0,-0.3139469052973862,0.33924424456185914,-0.1965410864564169,0.36729278966916745
935,-1.2390260417132501,0.2896662033949119,6.0,-0.8756488314365939,0.31728851467851854,-1.081028105127074,0.4164958662326634
936,0.8557255448767115,2.3530810272594707,19.0,0.4349555792744341,0.3321068550893891,0.7172820800681681,0.3586300856373959
937,1.0217807831352292,2.7781376222037397,20.0,0.3348798040230186,0.3421628447920714,0.8513720754911727,0.3758119246812145
938,-0.5054257061982242,0.6032487140405396,10.0,-0.580651947455722,0.24996728714046829,-0.4834949476206467,0.37936021615311066
939,2.1065186961962965,8.219576575099879,25.0,1.578728448572233,0.4328726765657771,1.6730619110909013,0.4408789365994647
940,0.8557255448767115,2.3530810272594707,19.0,0.571562867427034,0.2762432790346208,0.7172820800681698,0.3586300856373956
941,-0.4496840221470882,0.6378296598304678,9.0,-0.4472488578747646,0.327129738510462,-0.4287746232004762,0.3981072024172265
942,-0.34792658275517807,0.7061507179514633,11.0,-0.1609781460750994,0.2905960687329903,-0.33772652190991903,0.38171359397803345
943,1.596588969320385,4.936166260692625,23.0,1.0399579845645366,0.37443921954793036,1.3217599893207344,0.40367824592669577
944,-0.6701157583529836,0.5116493466726845,9.0,-0.21605626891762778,0.31728283904641186,-0.6241837048022533,0.3717898087762339
945,0.24708180121096487,1.2802838372631835,15.0,0.06741751399679324,0.21160451871829447,0.17573330478309807,0.36262306187816057
946,-0.844648657419226,0.42970830651729436,8.0,-0.726601991430792,0.2076671975369447,-0.7636638742321784,0.37829655239040977
947,0.39443124038873717,1.4835401731898719,16.0,0.09030678899736994,0.23597225199192265,0.3132836350983427,0.3768450002832787
948,0.24708180121096487,1.2802838372631835,15.0,0.01812878969502981,0.15092590105214138,0.17573330478309865,0.36262306187816107
949,-1.2390260417132501,0.2896662033949119,6.0,-0.837959172571761,0.29715230867277115,-1.081028105127072,0.4164958662326631
950,0.8557255448767115,2.3530810272594707,19.0,0.5955869725015199,0.26284174387740206,0.7172820800681681,0.3586300856373959
951,1.0217807831352292,2.7781376222037397,20.0,0.5061600598567348,0.3086921140176742,0.851372075491174,0.37581192468121477
952,-0.6701157583529836,0.5116493466726845,9.0,-0.6725375227383107,0.17867074615021272,-0.6241837048022533,0.37178980877623385
953,-0.844648657419226,0.42970830651729436,8.0,-0.6982443566355532,0.18481213482585906,-0.7636638742321784,0.37829655239040977
954,-1.032591748752255,0.3560828862260718,7.0,-0.9391782780041871,0.34143719239821807,-0.9142302856711216,0.39869362049526497
955,0.39443124038873717,1.4835401731898719,16.0,0.09303796368633974,0.23863590630571846,0.3132836350983426,0.3768450002832784
956,-27.63102212771614,9.999989882129212e-13,0.0,-1.5586022743296222,0.5918265415808233,-1.6491762102049023,0.6740928788141457
957,0.5439537029205247,1.7228048733303707,17.0,0.18963628314039843,0.3064475354657139,0.4550948431776725,0.37323084079277036
958,0.8557255448767115,2.3530810272594707,19.0,0.6017677186183491,0.25943312172442884,0.7172820800681688,0.3586300856373959
959,1.8318596976398491,6.245490589387757,24.0,1.2881973631900683,0.38754658677474413,1.4892107299974253,0.4171914036194642
960,-1.032591748752255,0.3560828862260718,7.0,-0.8186441137864948,0.2848938621738611,-0.9142302856711233,0.3986936204952652
961,-1.032591748752255,0.3560828862260718,7.0,-0.6952253419707323,0.1831171007025886,-0.9142302856711233,0.39869362049526536
962,-1.2390260417132501,0.2896662033949119,6.0,-0.9058784272062079,0.3301907967487808,-1.081028105127072,0.41649586623266327
963,-1.032591748752255,0.3560828862260718,7.0,-0.7321881380487273,0.21288430403631692,-0.9142302856711231,0.39869362049526524
964,1.4434252313278688,4.235177463871137,8.0,0.8785242577116312,0.48494267704252836,0.9545612740083469,0.5889848061612734
965,1.596588969320385,4.936166260692625,23.0,1.0490170756185477,0.3756797031111918,1.321759989320735,0.4036782459266955
966,-0.10236797691332578,0.9026973187725784,2.0,-0.24196841371902308,0.5743539583059392,-0.052917659578224224,0.7294158533354511
967,-1.7433883578649005,0.1749266811222151,4.0,-1.3248740825364962,0.34550892578638104,-1.4462843505856477,0.4410032138104967
968,-0.1955401687311226,0.822390308525518,12.0,-0.07380145474104802,0.2186812368281027,-0.19654108645641694,0.3672927896691675
969,-0.844648657419226,0.42970830651729436,8.0,-0.67638654249155,0.17828251664460817,-0.7636638742321779,0.3782965523904101
970,-0.2318670874932919,0.7930515227679149,7.0,-0.1829727878866928,0.337029259983724,-0.22860554248306786,0.44814966971359127
971,0.697144981035748,2.008011604679713,18.0,0.5341354902230416,0.2959086764188125,0.5894131980695756,0.3599273855408779
972,-0.34792658275517807,0.7061507179514633,11.0,-0.6013669622742581,0.23217773888767504,-0.337726521909919,0.38171359397803334
973,0.24708180121096487,1.2802838372631835,15.0,0.0181119485644515,0.1509085102691889,0.17573330478309807,0.36262306187816057
974,-1.2390260417132501,0.2896662033949119,6.0,-0.7039404813592838,0.18854028458935954,-1.081028105127072,0.41649586623266277
975,-0.542315722366395,0.5814003305207418,7.0,-0.5258895073519885,0.31255462072064294,-0.4906323538797759,0.4303978718564026
976,2.8990334680463326,18.156587963476664,27.0,1.6294232086165874,0.44473820985898294,2.103650523689066,0.48753268415632084
977,0.1005321740700056,1.105759217906245,14.0,0.0715416004805783,0.2162720101814725,0.050617912972529426,0.3464598698075552
978,7.923463089655935,2761.3171956198867,29.0,2.340861361926489,0.588325689208178,2.649706640075528,0.5626038899439663
979,-0.844648657419226,0.42970830651729436,8.0,-0.6350538201655856,0.20146419073313185,-0.7636638742321767,0.37829655239040977
980,1.8318596976398491,6.245490589387757,24.0,1.3806947055521905,0.39514030664461786,1.4892107299974253,0.4171914036194644
981,0.5439537029205247,1.7228048733303707,17.0,0.1068382298155532,0.25135429637930407,0.45509484317767257,0.37323084079276997
982,1.1979716485120138,3.3133893838493247,21.0,0.6788420065624338,0.23372822295761456,1.0004734715720973,0.3949532474452675
983,1.596588969320385,4.936166260692625,23.0,1.1566335650205812,0.38381413196163894,1.3217599893207346,0.40367824592669505
984,-0.844648657419226,0.42970830651729436,8.0,-0.5749853741745121,0.2545448274975889,-0.7636638742321779,0.3782965523904098
985,1.596588969320385,4.936166260692625,23.0,1.0195062283206027,0.37122812647845704,1.3217599893207344,0.40367824592669516
986,1.8318596976398491,6.245490589387757,24.0,1.4693760584701607,0.409221530085355,1.4892107299974258,0.41719140361946483
987,1.596588969320385,4.936166260692625,23.0,0.9807307964314611,0.36341949254445366,1.3217599893207337,0.4036782459266954
988,-0.6701157583529836,0.5116493466726845,9.0,-0.7116099204384678,0.1944277343736955,-0.6241837048022522,0.37178980877623413
989,-1.032591748752255,0.3560828862260718,7.0,-0.6910612984784122,0.18115003721085426,-0.9142302856711233,0.39869362049526536
990,-0.6701157583529836,0.5116493466726845,9.0,-0.8322899156407589,0.29369774418684563,-0.6241837048022527,0.3717898087762336
991,-27.63102212771614,9.999989882129212e-13,0.0,-1.3727073109718473,0.6489182770690282,-1.3600804244178812,0.7206661910397563
992,-0.04655133361753223,0.9545155605755924,13.0,-0.022379319700950702,0.15556110049580385,-0.06883643813201734,0.3485716342208257
993,-0.6701157583529836,0.5116493466726845,9.0,-0.6139535825266899,0.22073102826238078,-0.6241837048022527,0.3717898087762336
994,-1.2390260417132501,0.2896662033949119,6.0,-1.0474422588516608,0.3600795017055898,-1.081028105127074,0.41649586623266327
995,-0.6701157583529836,0.5116493466726845,9.0,-0.5741889287791584,0.25517755824137506,-0.6241837048022533,0.37178980877623397
996,-0.34792658275517807,0.7061507179514633,11.0,-0.14614754028962454,0.2812631770195555,-0.33772652190991914,0.38171359397803356
997,1.3878764204451364,4.006333245765282,22.0,0.7033783801835893,0.23797589330737087,1.1599576324588683,0.40162678067885144
998,-1.4716871349111675,0.22953789692248078,5.0,-0.9685484607421587,0.3490277163565099,-1.2589236990619104,0.42650343130910395
999,-0.844648657419226,0.42970830651729436,8.0,-0.6286713736485846,0.2071858134961928,-0.7636638742321766,0.37829655239040944
1000,2.8990334680463326,18.156587963476664,27.0,1.6967610272978675,0.460434836513589,2.1036505236890677,0.4875326841563214
1001,-0.1955401687311226,0.822390308525518,12.0,-0.19641396036207148,0.30910087482211596,-0.19654108645641633,0.3672927896691671
1002,0.1005321740700056,1.105759217906245,14.0,-0.004077917161300331,0.14099567738015578,0.050617912972529426,0.3464598698075552
1003,-0.6701157583529836,0.5116493466726845,9.0,-0.5113283350407113,0.296786617566055,-0.6241837048022533,0.37178980877623424
1004,1.0217807831352292,2.7781376222037397,20.0,0.72933218338634,0.2487199978023468,0.8513720754911753,0.3758119246812155
1005,1.3878764204451364,4.006333245765282,22.0,0.908819337323444,0.3419982773437165,1.1599576324588676,0.40162678067885166
1006,-0.5054257061982242,0.6032487140405396,10.0,-0.21367744070343986,0.3163654189485204,-0.4834949476206467,0.37936021615311105
1007,-0.844648657419226,0.42970830651729436,8.0,-0.7812859497411546,0.25706346339490616,-0.7636638742321779,0.3782965523904101
1008,-0.5054257061982242,0.6032487140405396,10.0,-0.25739013955811846,0.3301902139723692,-0.4834949476206465,0.3793602161531105
1009,0.1005321740700056,1.105759217906245,14.0,0.023128606874690566,0.15645148473221054,0.050617912972529426,0.3464598698075553
1010,-1.270816859049571,0.2806023155948905,4.0,-0.8034478774986973,0.3187513428043403,-1.0396844574557584,0.4743310680436578
1011,-1.4716871349111675,0.22953789692248078,5.0,-0.9290366208223817,0.33832185636126094,-1.258923699061912,0.4265034313091039
1012,1.596588969320385,4.936166260692625,23.0,1.2077137588473668,0.38514934235755344,1.3217599893207352,0.40367824592669543
1013,0.1005321740700056,1.105759217906245,14.0,-0.011336032766983254,0.14481268372985115,0.05061791297252943,0.3464598698075553
1014,1.3878764204451364,4.006333245765282,22.0,0.9825283976444938,0.3638350140516626,1.1599576324588685,0.40162678067885155
1015,0.5439537029205247,1.7228048733303707,17.0,0.07094611651596743,0.21560567517618104,0.45509484317767396,0.37323084079277047
1016,0.8557255448767115,2.3530810272594707,19.0,0.5444871987891022,0.2907226387000679,0.7172820800681681,0.3586300856373959
1017,0.39443124038873717,1.4835401731898719,16.0,0.04107664075778414,0.17915060266200922,0.31328363509834267,0.3768450002832785
1018,0.1005321740700056,1.105759217906245,14.0,0.023304958251342534,0.15665763459336032,0.05061791297252926,0.34645986980755467
1019,-0.844648657419226,0.42970830651729436,8.0,-0.6348604480700623,0.20163454553771382,-0.7636638742321779,0.3782965523904101
1020,-1.4716871349111675,0.22953789692248078,5.0,-1.1591101299467772,0.35786359044587984,-1.2589236990619097,0.4265034313091043
1021,1.3878764204451364,4.006333245765282,22.0,0.8806729502619411,0.3308371961364293,1.1599576324588687,0.40162678067885166
1022,0.010692259812277552,1.0107496262990439,13.0,-0.03994419939194222,0.18137594248141273,-0.021385235679974815,0.35261279668909873
1023,-1.2390260417132501,0.2896662033949119,6.0,-0.8174088212134489,0.28406200261608816,-1.0810281051270707,0.4164958662326626
1024,0.39443124038873717,1.4835401731898719,16.0,0.04675255079065548,0.1864603340724382,0.3132836350983416,0.37684500028327833
1025,1.596588969320385,4.936166260692625,23.0,1.0799683613281232,0.379155533936187,1.3217599893207337,0.4036782459266954
1026,-0.5054257061982242,0.6032487140405396,10.0,-0.3168597346260484,0.33945585701985864,-0.48349494762064693,0.3793602161531112
1027,-0.844648657419226,0.42970830651729436,8.0,-0.7467131691441395,0.2265462846114185,-0.7636638742321787,0.37829655239041043
1028,1.8318596976398491,6.245490589387757,24.0,0.9772391308093213,0.3625967765164802,1.489210729997425,0.4171914036194648
1029,0.8557255448767115,2.3530810272594707,19.0,0.4108966135599022,0.33696199934390864,0.717282080068169,0.3586300856373965
1030,0.39443124038873717,1.4835401731898719,16.0,0.18880074275660927,0.30604219296689766,0.31328363509834267,0.3768450002832783
1031,0.8913010370510713,2.4382999070532794,7.0,0.7451807812443361,0.4624157786111844,0.6208173720240027,0.5679874269200396
1032,-0.34792658275517807,0.7061507179514633,11.0,-0.28263525555903074,0.33541021641349916,-0.337726521909919,0.38171359397803334
1033,-1.3221945265883641,0.2665497092274281,4.0,-0.8869351963291273,0.34542758879677943,-1.0856063421834417,0.4704943814333529
1034,-1.2390260417132501,0.2896662033949119,6.0,-0.8624368616607726,0.310769167709748,-1.081028105127072,0.41649586623266316
1035,1.3878764204451364,4.006333245765282,22.0,1.1606183745462246,0.38394801494948116,1.159957632458868,0.4016267806788513
1036,2.8990334680463326,18.156587963476664,27.0,1.8617478331149593,0.49646186533936587,2.1036505236890677,0.48753268415632134
1037,2.1065186961962965,8.219576575099879,25.0,1.5469792898921089,0.4255976851070881,1.6730619110909013,0.44087893659946475
1038,1.3878764204451364,4.006333245765282,22.0,0.9370235505510796,0.35156373708785627,1.159957632458868,0.4016267806788519
1039,-0.34792658275517807,0.7061507179514633,11.0,-0.5954011911610558,0.2374576447090271,-0.33772652190991787,0.3817135939780334
1040,-1.032591748752255,0.3560828862260718,7.0,-0.8426729723064772,0.2999364333783408,-0.9142302856711214,0.39869362049526463
1041,-0.5054257061982242,0.6032487140405396,10.0,-0.4915107786141198,0.30668162741013233,-0.48349494762064693,0.3793602161531113
1042,-0.844648657419226,0.42970830651729436,8.0,-0.8385178900382312,0.29748645902856535,-0.7636638742321779,0.3782965523904098
1043,-0.04655133361753223,0.9545155605755924,13.0,-0.10870372963834739,0.25280392447834926,-0.06883643813201781,0.34857163422082693
1044,-0.1955401687311226,0.822390308525518,12.0,-0.06930347102283282,0.21366671854458166,-0.19654108645641627,0.367292789669167
1045,-0.34792658275517807,0.7061507179514633,11.0,-0.4460927317540641,0.32419546680040057,-0.33772652190991903,0.38171359397803345
1046,2.444445163431118,11.524153802736965,26.0,1.4811921928732337,0.4115283179280312,1.8778916573562539,0.4636787793519198
1047,2.8990334680463326,18.156587963476664,27.0,2.0668303864867723,0.5368315534220313,2.1036505236890677,0.4875326841563214
1048,0.5439537029205247,1.7228048733303707,17.0,0.08561935061055867,0.23128286505389703,0.45509484317767396,0.37323084079277047
1049,0.1005321740700056,1.105759217906245,14.0,-0.0015571971904353912,0.14048655162680737,0.05061791297252925,0.34645986980755467
1050,2.1065186961962965,8.219576575099879,25.0,1.5886114146498929,0.43517118094090046,1.6730619110909029,0.4408789365994648
1051,-0.1955401687311226,0.822390308525518,12.0,-0.21702777594520892,0.31765182449518603,-0.1965410864564169,0.36729278966916745
1052,-0.844648657419226,0.42970830651729436,8.0,-0.688836475167709,0.18029183570951995,-0.7636638742321784,0.37829655239040955
1053,-1.4716871349111675,0.22953789692248078,5.0,-1.102887839907832,0.36106423140703325,-1.2589236990619126,0.42650343130910434
1054,-1.032591748752255,0.3560828862260718,7.0,-0.8415505177691691,0.29928066044165075,-0.914230285671123,0.398693620495265
1055,0.8557255448767115,2.3530810272594707,19.0,0.45001212326149026,0.3282819048853643,0.7172820800681681,0.3586300856373962
1056,-0.6701157583529836,0.5116493466726845,9.0,-0.5992839579392261,0.23403402423618588,-0.6241837048022527,0.3717898087762336
1057,1.1979716485120138,3.3133893838493247,21.0,0.6271172516543496,0.24644935138541407,1.0004734715720984,0.3949532474452675
1058,0.697144981035748,2.008011604679713,18.0,0.5963573434043274,0.2624143989204058,0.5894131980695743,0.3599273855408778
1059,-1.032591748752255,0.3560828862260718,7.0,-0.8384206626610688,0.29742839125807063,-0.9142302856711234,0.39869362049526524
1060,-0.6701157583529836,0.5116493466726845,9.0,-0.5446551331644043,0.2767511566649752,-0.6241837048022527,0.3717898087762336
1061,1.0217807831352292,2.7781376222037397,20.0,0.7040108740094617,0.2381713615572186,0.8513720754911727,0.3758119246812146
1062,2.8990334680463326,18.156587963476664,27.0,1.7445275430796168,0.47127563267962547,2.1036505236890664,0.48753268415632106
1063,2.444445163431118,11.524153802736965,26.0,1.8980711551679732,0.5038832437002431,1.8778916573562556,0.4636787793519202
1064,0.24708180121096487,1.2802838372631835,15.0,0.0699750950299174,0.2145136076928321,0.17573330478309745,0.3626230618781602
1065,0.697144981035748,2.008011604679713,18.0,0.5663400653546256,0.27911800324445574,0.5894131980695747,0.35992738554087794
1066,1.3878764204451364,4.006333245765282,22.0,0.8911573705662443,0.3351882212968015,1.1599576324588656,0.4016267806788514
1067,-0.5054257061982242,0.6032487140405396,10.0,-0.4818626088662989,0.3109871543810845,-0.4834949476206452,0.37936021615311094
1068,-1.1510070321479349,0.3163180664720402,3.0,-0.9882793104720745,0.43658983794756206,-0.8726516445401017,0.5350727033644671
1069,0.5439537029205247,1.7228048733303707,17.0,0.09598287944964037,0.24145251260289288,0.45509484317767396,0.37323084079277047
1070,-0.6701157583529836,0.5116493466726845,9.0,-0.4580445069295098,0.320251059219561,-0.6241837048022533,0.37178980877623424
1071,0.697144981035748,2.008011604679713,18.0,0.5952704570901983,0.26301748913942613,0.5894131980695752,0.3599273855408769
1072,1.1979716485120138,3.3133893838493247,21.0,0.6695595367330373,0.23395800013493626,1.0004734715720964,0.3949532474452673
1073,0.39443124038873717,1.4835401731898719,16.0,0.1688891711900859,0.2955706013284851,0.31328363509834267,0.3768450002832785
1074,-0.1955401687311226,0.822390308525518,12.0,-0.017630432559127676,0.15039819347450809,-0.1965410864564171,0.36729278966916723
1075,1.3878764204451364,4.006333245765282,22.0,0.8171222563426056,0.2995239362130817,1.1599576324588656,0.4016267806788513
1076,-1.032591748752255,0.3560828862260718,7.0,-0.7135454655601237,0.19603449668449593,-0.9142302856711233,0.3986936204952653
1077,-1.2390260417132501,0.2896662033949119,6.0,-0.7878077428941043,0.26232578811103385,-1.0810281051270714,0.41649586623266316
1078,0.5439537029205247,1.7228048733303707,17.0,0.22076214179331402,0.3197285911622545,0.45509484317767396,0.37323084079277047
1079,0.24708180121096487,1.2802838372631835,15.0,0.04092159028157713,0.17894968854177484,0.17573330478309865,0.36262306187816107
1080,1.0217807831352292,2.7781376222037397,20.0,0.6744816602465584,0.23370767334132858,0.8513720754911754,0.3758119246812155
1081,0.697144981035748,2.008011604679713,18.0,0.3970027804606536,0.33906332338727374,0.5894131980695752,0.35992738554087733
1082,-1.2390260417132501,0.2896662033949119,6.0,-1.0527867396496606,0.36039263372276387,-1.0810281051270714,0.4164958662326631
1083,-0.5054257061982242,0.6032487140405396,10.0,-0.5953839375697391,0.23747274647385075,-0.4834949476206457,0.37936021615311166
1084,-0.6701157583529836,0.5116493466726845,9.0,-0.6550688361594598,0.18588673215100993,-0.6241837048022522,0.37178980877623324
1085,-0.1955401687311226,0.822390308525518,12.0,-0.14306100040656125,0.2791918340553915,-0.19654108645641674,0.36729278966916773
1086,2.444445163431118,11.524153802736965,26.0,1.5241956250961726,0.42053216918734776,1.8778916573562547,0.46367877935192
1087,-0.936314544502682,0.39207013299110777,2.0,-0.633186803967139,0.49091403428390007,-0.599360386655867,0.6376527388157708
1088,-0.04655133361753223,0.9545155605755924,13.0,-0.059681885847155586,0.202449929319661,-0.06883643813201758,0.3485716342208263
1089,1.0217807831352292,2.7781376222037397,20.0,0.6733135254861468,0.23374094035248716,0.8513720754911754,0.3758119246812155
1090,1.3878764204451364,4.006333245765282,22.0,0.8410337619942294,0.31227939151258305,1.1599576324588656,0.4016267806788513
1091,-0.5054257061982242,0.6032487140405396,10.0,-0.31193548730968423,0.33908383292714794,-0.4834949476206467,0.37936021615311105
1092,-0.6701157583529836,0.5116493466726845,9.0,-0.6760073878868635,0.1782994858154401,-0.6241837048022527,0.3717898087762336
1093,0.1005321740700056,1.105759217906245,14.0,-0.01272574252730131,0.14589148227760723,0.05061791297252943,0.3464598698075553
1094,1.596588969320385,4.936166260692625,23.0,1.0656491821469811,0.37768737902916644,1.3217599893207361,0.40367824592669577
1095,-0.1955401687311226,0.822390308525518,12.0,-0.328690277924838,0.3400646551537217,-0.19654108645641627,0.367292789669167
1096,-0.844648657419226,0.42970830651729436,8.0,-0.7386306014024877,0.21895422727304797,-0.7636638742321766,0.37829655239040944
1097,-1.032591748752255,0.3560828862260718,7.0,-0.6945631390461084,0.18277442723998033,-0.9142302856711233,0.39869362049526536
1098,0.1005321740700056,1.105759217906245,14.0,-0.36551828301079664,0.3393992382816994,0.05061791297252926,0.34645986980755467
1099,-1.2390260417132501,0.2896662033949119,6.0,-0.7884832503606771,0.26286105439271845,-1.0810281051270714,0.41649586623266316
1100,-1.4716871349111675,0.22953789692248078,5.0,-0.8472559433959451,0.3025678689905059,-1.258923699061912,0.42650343130910395
1101,-0.5054257061982242,0.6032487140405396,10.0,-0.5838251372162285,0.24734680121362906,-0.4834949476206467,0.37936021615311105
1102,0.5439537029205247,1.7228048733303707,17.0,0.1594716702275547,0.2900485775813529,0.45509484317767257,0.3732308407927703
1103,-0.844648657419226,0.42970830651729436,8.0,-0.7911402194699647,0.26494852060364865,-0.7636638742321794,0.3782965523904099
1104,-0.6701157583529836,0.5116493466726845,9.0,-0.5242658563241949,0.28953091101755807,-0.6241837048022533,0.37178980877623424
1105,-0.6701157583529836,0.5116493466726845,9.0,-0.5852903522907345,0.24612324877707698,-0.6241837048022533,0.37178980877623385
1106,-0.6701157583529836,0.5116493466726845,9.0,-0.6478072093345588,0.19093224218792187,-0.6241837048022533,0.37178980877623385
1107,-0.34792658275517807,0.7061507179514633,11.0,-0.2550395877957044,0.32960438692873895,-0.33772652190991903,0.38171359397803345
1108,1.1979716485120138,3.3133893838493247,21.0,0.7971180164415034,0.2880800609761697,1.0004734715720953,0.3949532474452672
1109,-1.2390260417132501,0.2896662033949119,6.0,-0.7716071725223518,0.24894288619813867,-1.0810281051270711,0.41649586623266294
1110,0.8557255448767115,2.3530810272594707,19.0,0.6646678946240671,0.23448924609612526,0.717282080068169,0.3586300856373965
1111,2.8990334680463326,18.156587963476664,27.0,2.0668303864867723,0.5368315534220313,2.1036505236890677,0.4875326841563214
1112,-0.5054257061982242,0.6032487140405396,10.0,-0.45544473006645614,0.32114825620458887,-0.4834949476206467,0.37936021615311105
1113,0.020116217034203143,1.0203199116906738,5.0,0.03571470920056764,0.3744897479833145,-0.0001389614400039707,0.551667049072264
1114,1.0217807831352292,2.7781376222037397,20.0,0.49841523002433297,0.311887532725638,0.851372075491174,0.37581192468121494
1115,0.8557255448767115,2.3530810272594707,19.0,0.6981973131279933,0.23652552231646218,0.7172820800681688,0.3586300856373968
1116,-1.032591748752255,0.3560828862260718,7.0,-0.685841943708394,0.17936468592194402,-0.9142302856711232,0.3986936204952652
1117,1.596588969320385,4.936166260692625,23.0,1.1081101001200235,0.38142040681561673,1.3217599893207337,0.4036782459266954
1118,-0.34792658275517807,0.7061507179514633,11.0,-0.20460916598318077,0.31268422415216546,-0.33772652190991903,0.38171359397803345
1119,-0.5054257061982242,0.6032487140405396,10.0,-0.3742165196920521,0.3386762569592522,-0.483494947620645,0.3793602161531108
1120,-0.04655133361753223,0.9545155605755924,13.0,-0.059771191385486255,0.2025570505301991,-0.06883643813201731,0.3485716342208257
1121,-1.4716871349111675,0.22953789692248078,5.0,-1.009629229744068,0.35635827601225456,-1.258923699061912,0.42650343130910395
1122,1.1979716485120138,3.3133893838493247,21.0,0.9010591456973474,0.3390856675045518,1.0004734715720969,0.39495324744526766
1123,0.24708180121096487,1.2802838372631835,15.0,0.10572133767780037,0.2503694657861963,0.17573330478309804,0.36262306187816057
1124,0.39443124038873717,1.4835401731898719,16.0,0.22519280640937364,0.32134385900951956,0.31328363509834267,0.3768450002832787
1125,-1.032591748752255,0.3560828862260718,7.0,-0.8700861145727481,0.31461178191593264,-0.9142302856711233,0.39869362049526536
1126,0.5439537029205247,1.7228048733303707,17.0,0.1932952286631767,0.3081914109095277,0.45509484317767396,0.37323084079277047
1127,2.444445163431118,11.524153802736965,26.0,1.748029711072919,0.47205779584833296,1.877891657356254,0.46367877935191976
1128,-1.032591748752255,0.3560828862260718,7.0,-0.6636568382322887,0.18131571906273666,-0.9142302856711233,0.39869362049526536
1129,-0.8485198717568719,0.4280480292780761,3.0,-0.5087731689623091,0.4041130208769487,-0.6205895147075342,0.5675546973003969
1130,-0.6701157583529836,0.5116493466726845,9.0,-0.46129473242996466,0.3190983719236132,-0.6241837048022533,0.37178980877623424
1131,-0.04655133361753223,0.9545155605755924,13.0,-0.039592891444266406,0.17718516717378077,-0.06883643813201734,0.3485716342208257
1132,2.444445163431118,11.524153802736965,26.0,1.9080421843353175,0.5058938901373126,1.877891657356253,0.46367877935192
1133,-1.032591748752255,0.3560828862260718,7.0,-0.6248871103401274,0.21064645481584018,-0.9142302856711225,0.39869362049526513
1134,-1.7433883578649005,0.1749266811222151,4.0,-0.8918514559487987,0.32454028554053915,-1.4462843505856462,0.4410032138104966
1135,-1.2390260417132501,0.2896662033949119,6.0,-0.7819006263286393,0.257566717966555,-1.081028105127074,0.4164958662326634
1136,0.24708180121096487,1.2802838372631835,15.0,0.1394106849688751,0.2769586658653185,0.17573330478309787,0.36262306187816096
1137,-1.032591748752255,0.3560828862260718,7.0,-0.6821146472302564,0.1785955318963583,-0.9142302856711232,0.398693620495265
1138,-1.032591748752255,0.3560828862260718,7.0,-0.6856554325281494,0.1793158933354779,-0.9142302856711214,0.39869362049526463
1139,1.596588969320385,4.936166260692625,23.0,0.9444171186421804,0.3538148895419315,1.3217599893207341,0.40367824592669577
1140,1.8318596976398491,6.245490589387757,24.0,1.1318419110985778,0.382790543595338,1.4892107299974247,0.41719140361946433
1141,1.596588969320385,4.936166260692625,23.0,0.988868699928885,0.3652575534703033,1.3217599893207328,0.40367824592669577
1142,-1.4716871349111675,0.22953789692248078,5.0,-0.8154355447279279,0.2827209479503655,-1.258923699061912,0.42650343130910395
1143,-0.1955401687311226,0.822390308525518,12.0,-0.35292279065840165,0.3400623220048348,-0.19654108645641696,0.3672927896691674
1144,-0.6701157583529836,0.5116493466726845,9.0,-0.5925187523002682,0.23996624622065948,-0.6241837048022527,0.37178980877623397
1145,-1.032591748752255,0.3560828862260718,7.0,-0.6998542637829328,0.18579975078600233,-0.9142302856711214,0.39869362049526463
1146,2.444445163431118,11.524153802736965,26.0,1.5459253678830738,0.42535998367280786,1.8778916573562547,0.46367877935192003
1147,-2.07799009533395,0.12518156252549306,3.0,-1.7173756963728992,0.44556601930735645,-1.6516055408649781,0.4665742612836278
1148,0.39443124038873717,1.4835401731898719,16.0,0.23586014283569087,0.32496584468442213,0.31328363509834267,0.3768450002832787
1149,0.24708180121096487,1.2802838372631835,15.0,0.09429920960053911,0.23984919432137233,0.17573330478309807,0.36262306187816057
1150,-0.1955401687311226,0.822390308525518,12.0,-0.058248669458857885,0.20072333850126975,-0.1965410864564169,0.36729278966916734
1151,0.24708180121096487,1.2802838372631835,15.0,0.023996643859194356,0.15747225197805786,0.17573330478309865,0.36262306187816107
1152,-1.4164823029692748,0.24256579083955968,5.0,-0.9021683765083637,0.3308100910312085,-1.2105243730289754,0.4311350835493184
1153,1.3878764204451364,4.006333245765282,22.0,0.8235137786567062,0.3030404784026919,1.1599576324588656,0.4016267806788514
1154,-0.5054257061982242,0.6032487140405396,10.0,-0.481311539841016,0.3112232422815842,-0.48349494762064654,0.3793602161531108
1155,-1.4716871349111675,0.22953789692248078,5.0,-1.0221918990678618,0.35789789959881224,-1.2589236990619121,0.4265034313091039
1156,-2.528865166631705,0.07974947131391928,2.0,-1.502214745490641,0.3780784285883891,-1.8835758263635136,0.4968647279963652
1157,0.24708180121096487,1.2802838372631835,15.0,-0.019060955912915182,0.1518842757177824,0.17573330478309723,0.3626230618781605
1158,0.39443124038873717,1.4835401731898719,16.0,0.2158107497765927,0.317844819915655,0.31328363509834267,0.3768450002832785
1159,-1.7433883578649005,0.1749266811222151,4.0,-0.976623929571402,0.3507597909033904,-1.4462843505856489,0.44100321381049695
1160,-0.844648657419226,0.42970830651729436,8.0,-0.6094478337642982,0.22486605226763454,-0.7636638742321779,0.3782965523904101
1161,-0.04655133361753223,0.9545155605755924,13.0,-0.01631676382239534,0.14909566165508512,-0.06883643813201734,0.34857163422082577
1162,-0.6701157583529836,0.5116493466726845,9.0,-0.7050711567565844,0.18935235509800727,-0.624183704802251,0.37178980877623397
1163,2.1065186961962965,8.219576575099879,25.0,1.7257410714910733,0.467049367667722,1.6730619110909026,0.44087893659946487
1164,-1.032591748752255,0.3560828862260718,7.0,-0.7102366388492567,0.19331382494525046,-0.9142302856711214,0.3986936204952648
1165,-0.34792658275517807,0.7061507179514633,11.0,-0.23138132159307848,0.32272622948042057,-0.3377265219099201,0.38171359397803345
1166,-0.6701157583529836,0.5116493466726845,9.0,-0.5965907753172521,0.23641399445042216,-0.6241837048022533,0.3717898087762343
1167,2.1065186961962965,8.219576575099879,25.0,1.4915639543868795,0.4136185308364228,1.6730619110909024,0.4408789365994646
1168,0.1005321740700056,1.105759217906245,14.0,0.010778262535515658,0.14441836827078552,0.05061791297252943,0.3464598698075553
1169,1.1979716485120138,3.3133893838493247,21.0,0.7728759782231329,0.2736056667429682,1.0004734715720953,0.3949532474452673
1170,1.3878764204451364,4.006333245765282,22.0,0.7665390677324675,0.2697910916698645,1.1599576324588687,0.4016267806788516
1171,1.0217807831352292,2.7781376222037397,20.0,0.6878474778222814,0.23449120119458108,0.851372075491174,0.375811924681215
1172,2.8990334680463326,18.156587963476664,27.0,1.8617478331149593,0.49646186533936587,2.1036505236890677,0.48753268415632134
1173,0.39443124038873717,1.4835401731898719,16.0,0.09418764322395631,0.2397422942020859,0.3132836350983415,0.3768450002832785
1174,-0.6701157583529836,0.5116493466726845,9.0,-0.6373873736039191,0.19942743657296874,-0.6241837048022533,0.3717898087762339
1175,-1.032591748752255,0.3560828862260718,7.0,-0.7431323714235272,0.22319223389639997,-0.9142302856711219,0.3986936204952651
1176,-0.844648657419226,0.42970830651729436,8.0,-0.611805089506112,0.22270658546930522,-0.7636638742321779,0.3782965523904103
1177,-2.07799009533395,0.12518156252549306,3.0,-1.4135997618676015,0.35500662075326783,-1.6516055408649781,0.46657426128362794
1178,0.8557255448767115,2.3530810272594707,19.0,0.6586191548895581,0.23552172167364122,0.717282080068169,0.3586300856373965
1179,0.020116217034203143,1.0203199116906738,5.0,-0.32389908335147244,0.39881229821269026,-0.00013896144000402622,0.5516670490722642
1180,-0.34792658275517807,0.7061507179514633,11.0,-0.24288968139646971,0.3262977499396359,-0.3377265219099189,0.38171359397803356
1181,0.24708180121096487,1.2802838372631835,15.0,0.07647143691656687,0.22168983643009732,0.17573330478309807,0.36262306187816057
1182,1.0217807831352292,2.7781376222037397,20.0,0.526791314188573,0.29944548249600944,0.8513720754911754,0.3758119246812154
1183,-0.34792658275517807,0.7061507179514633,11.0,-0.3111327901496142,0.3390165549080728,-0.3377265219099192,0.3817135939780331
1184,1.1979716485120138,3.3133893838493247,21.0,0.8704510802043299,0.3263707705160956,1.0004734715720953,0.3949532474452673
1185,-0.844648657419226,0.42970830651729436,8.0,-0.641817147048843,0.19567738174464724,-0.7636638742321799,0.37829655239041077
1186,-1.032591748752255,0.3560828862260718,7.0,-0.7049996059122909,0.18930032813377562,-0.9142302856711233,0.39869362049526536
1187,1.3878764204451364,4.006333245765282,22.0,0.7932451037209574,0.2857999440892804,1.1599576324588656,0.4016267806788513
1188,1.8318596976398491,6.245490589387757,24.0,1.4475392487283467,0.40519247326545627,1.4892107299974249,0.41719140361946444
1189,0.1005321740700056,1.105759217906245,14.0,-0.003031197959818226,0.14072959444789285,0.050617912972529426,0.3464598698075552
1190,1.3878764204451364,4.006333245765282,22.0,0.8638163139621808,0.32335262636428996,1.1599576324588678,0.40162678067885116
1191,0.1005321740700056,1.105759217906245,14.0,-0.022396855774542,0.15558126730173696,0.05061791297252925,0.34645986980755467
1192,1.0217807831352292,2.7781376222037397,20.0,0.7592106109564031,0.2654084506299602,0.851372075491174,0.37581192468121516
1193,0.24708180121096487,1.2802838372631835,15.0,0.0701897427840064,0.21475560151559248,0.17573330478309787,0.36262306187816096
1194,-0.39942527201598765,0.6707054084530155,5.0,-0.3565977326211199,0.38362618583823943,-0.3341867085970362,0.5068372386752308
1195,1.596588969320385,4.936166260692625,23.0,1.3680414016065512,0.3936713439452734,1.3217599893207337,0.4036782459266954
1196,0.5439537029205247,1.7228048733303707,17.0,0.371257608048138,0.3415993001753075,0.4550948431776725,0.37323084079277036
1197,-0.7102771339645331,0.4915079650335713,5.0,-0.3194437349541463,0.35865300005893574,-0.5942479949054222,0.4792083558429174
1198,-0.04655133361753223,0.9545155605755924,13.0,-0.04404667969408549,0.18294136596837954,-0.06883643813201795,0.3485716342208258
1199,-0.5054257061982242,0.6032487140405396,10.0,-0.5487647833628602,0.27396922793684164,-0.4834949476206467,0.37936021615311105
1200,2.1065186961962965,8.219576575099879,25.0,1.4725572507665097,0.4098343543134929,1.6730619110909026,0.4408789365994647
1201,0.39443124038873717,1.4835401731898719,16.0,0.1352293845240936,0.2739880778208237,0.3132836350983427,0.3768450002832787
1202,-1.029449212869872,0.3572036495703078,4.0,-0.7963742220514679,0.3474179043508636,-0.8300268613850326,0.49317606258362384
1203,1.8318596976398491,6.245490589387757,24.0,1.5883015857368612,0.43509895218926503,1.4892107299974247,0.4171914036194644
1204,0.39443124038873717,1.4835401731898719,16.0,0.12572573656337108,0.26690378940823245,0.3132836350983427,0.37684500028327894
1205,-0.844648657419226,0.42970830651729436,8.0,-0.7120794361141639,0.1948136878680573,-0.7636638742321779,0.3782965523904101
1206,1.8318596976398491,6.245490589387757,24.0,1.4475392487283467,0.40519247326545627,1.4892107299974249,0.41719140361946444
1207,0.24708180121096487,1.2802838372631835,15.0,0.04237213126403837,0.18082742360984788,0.17573330478309865,0.36262306187816107
1208,-1.2390260417132501,0.2896662033949119,6.0,-0.718654658020261,0.2004493026944082,-1.0810281051270711,0.416495866232663
1209,0.697144981035748,2.008011604679713,18.0,0.39953616827769295,0.3387184618785018,0.5894131980695756,0.35992738554087716
1210,1.8318596976398491,6.245490589387757,24.0,1.2401653280704132,0.3858858309173575,1.4892107299974244,0.4171914036194642
1211,0.1005321740700056,1.105759217906245,14.0,-0.014806667305235801,0.14768037502925846,0.050617912972529426,0.3464598698075552
1212,-1.4716871349111675,0.22953789692248078,5.0,-0.7642564770106298,0.24253786783366027,-1.258923699061912,0.42650343130910395
1213,1.067531763829665,2.908192528065613,14.0,0.8790129630663744,0.3763204111013827,0.8495266760020346,0.4403720506087354
1214,2.1065186961962965,8.219576575099879,25.0,1.4441120666275518,0.40459009545625785,1.673061911090903,0.4408789365994649
1215,-0.844648657419226,0.42970830651729436,8.0,-0.6850034769438064,0.179153759589741,-0.7636638742321779,0.3782965523904101
1216,-0.844648657419226,0.42970830651729436,8.0,-0.5997372395423716,0.23363119813751593,-0.7636638742321773,0.37829655239040916
1217,0.5439537029205247,1.7228048733303707,17.0,0.28271084601347773,0.3366521173038799,0.4550948431776725,0.3732308407927707
1218,-0.6701157583529836,0.5116493466726845,9.0,-0.613496507118083,0.2211518049445682,-0.6241837048022533,0.3717898087762339
1219,2.1065186961962965,8.219576575099879,25.0,1.5559725230010721,0.42763730929678156,1.6730619110909029,0.44087893659946503
1220,1.3878764204451364,4.006333245765282,22.0,1.0285235404997242,0.3727162496104843,1.1599576324588687,0.4016267806788516
1221,1.7857535966514682,5.964072759746718,23.0,0.9640332540755085,0.36273267813043997,1.4486418392810758,0.4201293771149634
1222,-1.7433883578649005,0.1749266811222151,4.0,-1.2715353730715941,0.3471629989747211,-1.4462843505856462,0.4410032138104966
1223,1.8318596976398491,6.245490589387757,24.0,1.125007630639128,0.3824399976841908,1.4892107299974247,0.41719140361946444
1224,-0.1955401687311226,0.822390308525518,12.0,-0.1967734947398464,0.3092632974761663,-0.19654108645641694,0.36729278966916734
1225,-0.39629499794273054,0.6728081896275571,4.0,-0.37444251815063084,0.40151716005830174,-0.3059350660628806,0.5556528053103515
1226,0.697144981035748,2.008011604679713,18.0,0.6889085644992657,0.23464410687561366,0.5894131980695756,0.35992738554087755
1227,0.24708180121096487,1.2802838372631835,15.0,0.059745462481998066,0.20259692618919978,0.17573330478309807,0.36262306187816057
1228,-0.1955401687311226,0.822390308525518,12.0,-0.38267504844734046,0.33776450523194657,-0.1965410864564169,0.36729278966916745
1229,-1.032591748752255,0.3560828862260718,7.0,-0.6995602629042788,0.1856152741038776,-0.9142302856711216,0.39869362049526463
1230,-0.844648657419226,0.42970830651729436,8.0,-0.5862168127379157,0.24534524062387225,-0.7636638742321766,0.37829655239040944
1231,-0.5054257061982242,0.6032487140405396,10.0,-0.631288669168316,0.2048175899789412,-0.4834949476206452,0.37936021615311094
1232,-0.6701157583529836,0.5116493466726845,9.0,-0.5700813300746529,0.2583986388224687,-0.6241837048022533,0.37178980877623424
1233,1.1558999819705855,3.17688126719128,20.0,0.5824016718461344,0.27520329304748115,0.9597326054392428,0.3954383556354658
1234,2.1065186961962965,8.219576575099879,25.0,1.400266239846751,0.39769348333805943,1.673061911090903,0.4408789365994649
1235,1.9943105274083903,7.3471356325309625,17.0,1.5243440301087523,0.49419102868891635,1.4939381379025667,0.48916171097275063
1236,0.24708180121096487,1.2802838372631835,15.0,0.07208193889408777,0.21687441417728592,0.17573330478309743,0.36262306187816
1237,1.596588969320385,4.936166260692625,23.0,1.0066338183219126,0.3688966343769773,1.321759989320735,0.4036782459266961
1238,-1.032591748752255,0.3560828862260718,7.0,-0.7262833692801582,0.20737220440824286,-0.9142302856711221,0.39869362049526524
1239,0.24708180121096487,1.2802838372631835,15.0,0.04083336547816882,0.17883534874090903,0.17573330478309865,0.36262306187816107
1240,1.1979716485120138,3.3133893838493247,21.0,0.7315978906758653,0.24987136015132846,1.0004734715720978,0.3949532474452679
1241,1.8318596976398491,6.245490589387757,24.0,1.1583122948299507,0.3838714249597503,1.4892107299974255,0.4171914036194645
1242,0.36763974929194393,1.4443216273512656,9.0,0.19537169340197663,0.34091632424530616,0.27455809758729804,0.4640325200131862
1243,-0.6701157583529836,0.5116493466726845,9.0,-0.5370076151437996,0.28174203025822636,-0.6241837048022527,0.37178980877623397
1244,1.8318596976398491,6.245490589387757,24.0,1.1616000124155357,0.38397989781374825,1.4892107299974247,0.4171914036194644
1245,0.9206298499486814,2.5108713641956375,9.0,0.5731868981690458,0.41157141623206167,0.6831141593357138,0.5162286659592195
1246,-0.844648657419226,0.42970830651729436,8.0,-0.7507428809674306,0.2302925385336381,-0.7636638742321766,0.37829655239040966
1247,1.8318596976398491,6.245490589387757,24.0,1.0568175782818439,0.3766635479274075,1.4892107299974247,0.41719140361946444
1248,2.8990334680463326,18.156587963476664,27.0,1.9469387427489275,0.513641776598977,2.1036505236890672,0.4875326841563213
1249,0.5439537029205247,1.7228048733303707,17.0,0.32023209505238165,0.3413791304131791,0.4550948431776725,0.37323084079277036
1250,-1.032591748752255,0.3560828862260718,7.0,-0.7705939504979259,0.2480718639654758,-0.9142302856711216,0.3986936204952648
1251,-1.032591748752255,0.3560828862260718,7.0,-0.860590778786474,0.3098131807300058,-0.9142302856711216,0.39869362049526497
1252,-0.34792658275517807,0.7061507179514633,11.0,-0.46170239957062953,0.31895134871535513,-0.33772652190991914,0.38171359397803356
1253,-0.5054257061982242,0.6032487140405396,10.0,-0.5926643961679221,0.23984019547355825,-0.4834949476206465,0.3793602161531105
1254,-1.032591748752255,0.3560828862260718,7.0,-0.6738613431911392,0.1784833957393504,-0.9142302856711214,0.39869362049526463
1255,-0.6701157583529836,0.5116493466726845,9.0,-0.625653195881327,0.20994322849949754,-0.6241837048022527,0.37178980877623324
1256,-0.6701157583529836,0.5116493466726845,9.0,-0.5039108968194391,0.30065941306677363,-0.6241837048022527,0.3717898087762332
1257,-0.04655133361753223,0.9545155605755924,13.0,0.003226419651688078,0.14077651520155313,-0.06883643813201734,0.3485716342208257
1258,-1.032591748752255,0.3560828862260718,7.0,-0.8887196699759952,0.3232004186246628,-0.9142302856711219,0.3986936204952651
1259,0.39443124038873717,1.4835401731898719,16.0,0.10648005441194543,0.2510393005206476,0.31328363509834267,0.3768450002832789
1260,-0.1955401687311226,0.822390308525518,12.0,-0.06498609007105932,0.2087154378666605,-0.19654108645641694,0.36729278966916734
1261,-0.6701157583529836,0.5116493466726845,9.0,-0.5341571154998935,0.28354112712353075,-0.6241837048022527,0.37178980877623397
1262,-0.844648657419226,0.42970830651729436,8.0,-0.5632222698025774,0.2636186728577752,-0.7636638742321787,0.37829655239041055
1263,0.24708180121096487,1.2802838372631835,15.0,0.017363743292684565,0.15014559709762787,0.17573330478309868,0.3626230618781611
1264,-0.34792658275517807,0.7061507179514633,11.0,-0.4765310606859861,0.313227334397324,-0.33772652190991903,0.38171359397803345
1265,1.0217807831352292,2.7781376222037397,20.0,0.7713411234168402,0.2726808580428293,0.8513720754911754,0.3758119246812155
1266,-0.34792658275517807,0.7061507179514633,11.0,-0.21635107338147472,0.31739515543635544,-0.3377265219099191,0.38171359397803306
1267,-0.6701157583529836,0.5116493466726845,9.0,-0.6393586608837978,0.1977377749755535,-0.6241837048022533,0.37178980877623424
1268,-1.032591748752255,0.3560828862260718,7.0,-0.679156484650477,0.17830068060238868,-0.9142302856711232,0.3986936204952652
1269,1.1979716485120138,3.3133893838493247,21.0,0.806445668378901,0.2934921569055354,1.000473471572097,0.39495324744526733
1270,-0.6701157583529836,0.5116493466726845,9.0,-0.6498589746064143,0.18941704754233107,-0.6241837048022533,0.37178980877623424
1271,0.24708180121096487,1.2802838372631835,15.0,0.1402224380297276,0.2775253172126838,0.17573330478309723,0.36262306187816046
1272,0.39443124038873717,1.4835401731898719,16.0,0.15974787981434327,0.29021599411120125,0.3132836350983427,0.37684500028327894
1273,-0.5054257061982242,0.6032487140405396,10.0,-0.6076043410670546,0.22654763008364678,-0.48349494762064527,0.3793602161531109
1274,2.444445163431118,11.524153802736965,26.0,1.579639657026741,0.4330840865994664,1.8778916573562536,0.46367877935191965
1275,-1.2390260417132501,0.2896662033949119,6.0,-0.7316577912925958,0.21238618231025247,-1.0810281051270711,0.41649586623266294
1276,-0.6701157583529836,0.5116493466726845,9.0,-0.6339424489505321,0.2024462601715013,-0.6241837048022533,0.37178980877623385
1277,-0.3256119514410059,0.7220853372469237,8.0,-0.27141043475627785,0.33970565887687626,-0.3075533310093603,0.42441965194761366
1278,-0.04655133361753223,0.9545155605755924,13.0,-0.2288035755265342,0.32186629463015254,-0.06883643813201798,0.3485716342208258
1279,1.596588969320385,4.936166260692625,23.0,0.9793901671534411,0.36310605486390535,1.3217599893207341,0.40367824592669577
1280,1.3878764204451364,4.006333245765282,22.0,0.9313589175601782,0.3497682426597882,1.1599576324588676,0.4016267806788517
1281,-0.5054257061982242,0.6032487140405396,10.0,-0.47185784245612056,0.3151109628109623,-0.48349494762064504,0.3793602161531107
1282,-0.7492980817871276,0.4726982318197105,4.0,-0.44136494714003954,0.3842570027992483,-0.5962234352059795,0.5177317326239582
1283,-0.1955401687311226,0.822390308525518,12.0,-0.02215617794287802,0.15530509385876537,-0.19654108645641694,0.3672927896691675
1284,-1.032591748752255,0.3560828862260718,7.0,-0.7707586919197289,0.24821374835881055,-0.9142302856711214,0.39869362049526463
1285,-1.7433883578649005,0.1749266811222151,4.0,-1.240746408749167,0.34976095348001135,-1.446284350585647,0.4410032138104969
1286,-0.34792658275517807,0.7061507179514633,11.0,-0.3342330682973445,0.34021196912549834,-0.33772652190991903,0.38171359397803317
1287,-1.032591748752255,0.3560828862260718,7.0,-0.669516496600917,0.1793052612527524,-0.9142302856711216,0.3986936204952648
1288,1.1979716485120138,3.3133893838493247,21.0,0.7004790231755084,0.2371305563205931,1.0004734715720984,0.3949532474452676
1289,-0.34792658275517807,0.7061507179514633,11.0,-0.1871370652835963,0.30474060242483236,-0.3377265219099177,0.38171359397803295
1290,-1.2390260417132501,0.2896662033949119,6.0,-0.7196813603873015,0.2013616520682043,-1.081028105127072,0.4164958662326628
1291,0.39443124038873717,1.4835401731898719,16.0,-0.0012888899664865294,0.1404590719108429,0.3132836350983427,0.3768450002832785
1292,0.24708180121096487,1.2802838372631835,15.0,0.05927559793532087,0.20203185365762044,0.17573330478309865,0.362623061878161
1293,-0.844648657419226,0.42970830651729436,8.0,-0.6323948155305739,0.20382503384612413,-0.7636638742321783,0.37829655239040977
1294,-0.5054257061982242,0.6032487140405396,10.0,-0.6164395501459657,0.21843894148784887,-0.4834949476206467,0.37936021615311105
1295,-0.6701157583529836,0.5116493466726845,9.0,-0.7220637845582921,0.20350475433076207,-0.6241837048022527,0.3717898087762336
1296,1.3878764204451364,4.006333245765282,22.0,1.1113262548509755,0.38163241567895334,1.1599576324588676,0.40162678067885166
1297,0.697144981035748,2.008011604679713,18.0,0.48319836035856506,0.317711401045176,0.5894131980695752,0.35992738554087694
1298,0.1005321740700056,1.105759217906245,14.0,0.004341030452557442,0.1410788053168661,0.05061791297252926,0.34645986980755467
1299,-0.04655133361753223,0.9545155605755924,13.0,-0.05893463191189684,0.20155146115786526,-0.06883643813201758,0.3485716342208263
1300,1.596588969320385,4.936166260692625,23.0,1.033388961423014,0.37347134869767895,1.3217599893207346,0.40367824592669516
1301,-0.6701157583529836,0.5116493466726845,9.0,-0.5034368557957349,0.3008999543455504,-0.6241837048022527,0.3717898087762336
1302,0.5439537029205247,1.7228048733303707,17.0,0.2716447967299386,0.3344890829706065,0.4550948431776727,0.37323084079277086
1303,2.8990334680463326,18.156587963476664,27.0,1.9032517770336,0.5049292518392393,2.1036505236890664,0.48753268415632106
1304,-0.844648657419226,0.42970830651729436,8.0,-0.5441751778416508,0.27707147178954356,-0.7636638742321779,0.3782965523904101
1305,-0.4752161382454999,0.6217506578448773,7.0,-0.32127066594187703,0.34877250902728196,-0.4301189538282266,0.4370012349461607
1306,1.596588969320385,4.936166260692625,23.0,0.9974104879555259,0.3670699730009881,1.3217599893207357,0.4036782459266955
1307,-0.844648657419226,0.42970830651729436,8.0,-0.699349931099069,0.18548441040278182,-0.7636638742321767,0.37829655239040977
1308,2.1065186961962965,8.219576575099879,25.0,1.629224484806929,0.44469152570737586,1.673061911090901,0.44087893659946453
1309,-1.4716871349111675,0.22953789692248078,5.0,-1.1365317660116845,0.3595518537309779,-1.2589236990619126,0.4265034313091043
1310,-1.2390260417132501,0.2896662033949119,6.0,-0.7415820857775813,0.22173472517919948,-1.081028105127074,0.4164958662326634
1311,0.8557255448767115,2.3530810272594707,19.0,0.6375046093144855,0.24198170340903094,0.7172820800681681,0.3586300856373959
1312,-0.844648657419226,0.42970830651729436,8.0,-0.6991689224317128,0.18537254090123814,-0.7636638742321767,0.37829655239040977
1313,-0.844648657419226,0.42970830651729436,8.0,-0.7140926417836966,0.19649593483889716,-0.7636638742321783,0.37829655239040977
1314,1.596588969320385,4.936166260692625,23.0,1.2062836293790449,0.3851184411594012,1.3217599893207344,0.40367824592669577
1315,-1.7433883578649005,0.1749266811222151,4.0,-1.3487712306126698,0.3464429542527312,-1.446284350585647,0.441003213810497
1316,-0.1955401687311226,0.822390308525518,12.0,-0.06805498923833585,0.21224879739108365,-0.19654108645641558,0.3672927896691665
1317,0.39443124038873717,1.4835401731898719,16.0,0.10891049889963483,0.2531614919908284,0.3132836350983416,0.37684500028327833
1318,7.690774157156568,2188.0678150798676,10.0,1.5650984804764705,0.6245817734992102,1.7296272157702077,0.6629745478810253
1319,1.0217807831352292,2.7781376222037397,20.0,0.7604517056285683,0.2661471037813877,0.8513720754911741,0.37581192468121466
1320,-0.34792658275517807,0.7061507179514633,11.0,-0.20604332925536606,0.3132860356282271,-0.33772652190991914,0.38171359397803356
1321,-0.844648657419226,0.42970830651729436,8.0,-0.6732024791210254,0.17856964084984928,-0.7636638742321779,0.3782965523904103
1322,1.596588969320385,4.936166260692625,23.0,0.9103930008569088,0.342573874781112,1.3217599893207312,0.4036782459266955
1323,-0.1955401687311226,0.822390308525518,12.0,-0.20334697231849605,0.3121484000258104,-0.19654108645641694,0.36729278966916734
1324,2.8990334680463326,18.156587963476664,27.0,2.082067565670433,0.5397298994264597,2.1036505236890664,0.4875326841563211
1325,-1.032591748752255,0.3560828862260718,7.0,-0.7702313691100144,0.247759229938481,-0.9142302856711219,0.3986936204952649
1326,1.6246143740924677,5.076461044780601,13.0,1.2547593457931367,0.49076021884557264,1.2007625038341205,0.5114588256436273
1327,-0.844648657419226,0.42970830651729436,8.0,-0.587751027249742,0.24404953735450371,-0.7636638742321779,0.3782965523904101
1328,1.1979716485120138,3.3133893838493247,21.0,1.0173056924646726,0.3708470871860386,1.0004734715720969,0.39495324744526766
1329,0.39443124038873717,1.4835401731898719,16.0,0.19312072016212464,0.30810938483084227,0.31328363509834267,0.3768450002832785
1330,1.8318596976398491,6.245490589387757,24.0,1.2491367356144913,0.38612445348873237,1.4892107299974255,0.41719140361946455
1331,0.5439537029205247,1.7228048733303707,17.0,0.4844670945312813,0.3172490939365518,0.45509484317767107,0.3732308407927705
1332,1.1979716485120138,3.3133893838493247,21.0,0.7349901179253168,0.2516417897496015,1.0004734715720973,0.3949532474452674
1333,-1.4716871349111675,0.22953789692248078,5.0,-1.096105094758668,0.3611948412172466,-1.2589236990619126,0.42650343130910423
1334,-0.6701157583529836,0.5116493466726845,9.0,-0.5356262606894272,0.28261799158866224,-0.6241837048022533,0.37178980877623424
1335,-1.032591748752255,0.3560828862260718,7.0,-0.6812849316799364,0.17848429627517762,-0.9142302856711234,0.3986936204952655
1336,-1.4716871349111675,0.22953789692248078,5.0,-0.8070154872513052,0.27682772820379714,-1.258923699061912,0.42650343130910395
1337,1.8318596976398491,6.245490589387757,24.0,1.1757717909092464,0.3843977006607267,1.4892107299974249,0.41719140361946455
1338,1.1979716485120138,3.3133893838493247,21.0,0.6926106769756197,0.23527881848980817,1.0004734715720964,0.3949532474452674
1339,-0.34792658275517807,0.7061507179514633,11.0,-0.16191427796979654,0.2911519148783389,-0.33772652190991903,0.38171359397803345
1340,2.8990334680463326,18.156587963476664,27.0,2.082067565670433,0.5397298994264597,2.1036505236890664,0.4875326841563211
1341,-0.04655133361753223,0.9545155605755924,13.0,-0.01083666503979174,0.1444495170320855,-0.06883643813201734,0.3485716342208257
1342,1.3878764204451364,4.006333245765282,22.0,1.011575240064047,0.36982111528422507,1.1599576324588683,0.4016267806788514
1343,-1.032591748752255,0.3560828862260718,7.0,-0.6695909811495961,0.17928621680431206,-0.9142302856711214,0.39869362049526463
1344,0.8557255448767115,2.3530810272594707,19.0,0.44154904116745575,0.330506478783944,0.717282080068169,0.3586300856373965
1345,1.0217807831352292,2.7781376222037397,20.0,0.7447550171837684,0.2569980278438028,0.851372075491174,0.37581192468121516
1346,-1.4716871349111675,0.22953789692248078,5.0,-0.9531573609732655,0.3453087169929555,-1.2589236990619126,0.4265034313091043
1347,-0.1955401687311226,0.822390308525518,12.0,-0.13266944218133278,0.27187337697587854,-0.1965410864564169,0.36729278966916745
1348,-0.844648657419226,0.42970830651729436,8.0,-0.6318211689669225,0.20433908425453445,-0.7636638742321787,0.37829655239041055
1349,1.0217807831352292,2.7781376222037397,20.0,0.6516729592520396,0.23718894777273947,0.851372075491174,0.375811924681215
1350,-0.1955401687311226,0.822390308525518,12.0,-0.027056363973658473,0.16114950490357158,-0.19654108645641694,0.36729278966916734
1351,-1.032591748752255,0.3560828862260718,7.0,-0.7875819706980879,0.2621464772955935,-0.9142302856711233,0.39869362049526536
1352,1.3878764204451364,4.006333245765282,22.0,0.8490710791383042,0.3163102326012746,1.159957632458866,0.40162678067885155
1353,1.8318596976398491,6.245490589387757,24.0,1.3633196229704914,0.39315994169500945,1.4892107299974253,0.4171914036194644
1354,-0.844648657419226,0.42970830651729436,8.0,-0.6847804448577466,0.1791013161558939,-0.7636638742321767,0.3782965523904095
1355,-1.2390260417132501,0.2896662033949119,6.0,-0.7840680321568426,0.25932917785832876,-1.0810281051270723,0.41649586623266294
1356,-0.1955401687311226,0.822390308525518,12.0,-0.18984535012403797,0.3060475527580652,-0.1965410864564169,0.36729278966916745
1357,-0.844648657419226,0.42970830651729436,8.0,-0.7151772223661698,0.19741927031071999,-0.7636638742321767,0.3782965523904095
1358,-0.04655133361753223,0.9545155605755924,13.0,-0.012479929671831798,0.14569358907912686,-0.06883643813201758,0.3485716342208263
1359,0.24708180121096487,1.2802838372631835,15.0,0.09142534018482325,0.2370691946779968,0.17573330478309884,0.3626230618781607
1360,-2.528865166631705,0.07974947131391928,2.0,-1.4915080222296644,0.37484290697571326,-1.8835758263635156,0.4968647279963658
1361,-0.34792658275517807,0.7061507179514633,11.0,-0.6241122761221068,0.21135876332650522,-0.33772652190991914,0.38171359397803356
1362,0.24708180121096487,1.2802838372631835,15.0,0.0780656645169154,0.22340439265558446,0.17573330478309723,0.3626230618781604
1363,0.39443124038873717,1.4835401731898719,16.0,0.09080037374696898,0.23645733974845504,0.3132836350983427,0.37684500028327894
1364,-1.270816859049571,0.2806023155948905,4.0,-0.8142909232968274,0.32316068221494837,-1.0396844574557587,0.47433106804365804
1365,1.1979716485120138,3.3133893838493247,21.0,0.7069986442850265,0.2391464204600228,1.0004734715720964,0.3949532474452673
1366,-0.34792658275517807,0.7061507179514633,11.0,-0.21855508717312389,0.3182252762767327,-0.3377265219099177,0.38171359397803317
1367,-1.6281443952051844,0.19629347951197545,3.0,-1.0108447213599767,0.3865839279559558,-1.2749495533715876,0.49605838675598024
1368,-1.2390260417132501,0.2896662033949119,6.0,-0.9039515775939592,0.3294479637487956,-1.0810281051270727,0.41649586623266366
1369,-1.032591748752255,0.3560828862260718,7.0,-0.6470708010000243,0.19149111181181144,-0.9142302856711234,0.39869362049526524
1370,0.697144981035748,2.008011604679713,18.0,0.36813623636160236,0.34178675843619294,0.5894131980695752,0.3599273855408769
1371,-0.844648657419226,0.42970830651729436,8.0,-0.7929262286380849,0.2663356653462867,-0.7636638742321779,0.3782965523904101
1372,-1.2390260417132501,0.2896662033949119,6.0,-0.7274793263641882,0.20848121876947776,-1.0810281051270711,0.4164958662326629
1373,0.8557255448767115,2.3530810272594707,19.0,0.6727415032083456,0.2337631853052112,0.7172820800681673,0.3586300856373955
1374,-1.7433883578649005,0.1749266811222151,4.0,-1.2205873499966537,0.35178586988798066,-1.446284350585647,0.441003213810497
1375,-0.844648657419226,0.42970830651729436,8.0,-0.6907049356087267,0.18100319425304584,-0.7636638742321766,0.37829655239040944
1376,-0.34792658275517807,0.7061507179514633,11.0,-0.2882705486385382,0.33631287875904275,-0.33772652190991903,0.38171359397803317
1377,2.444445163431118,11.524153802736965,26.0,1.6995553430726922,0.46107728398716824,1.8778916573562545,0.4636787793519199
1378,0.5439537029205247,1.7228048733303707,17.0,0.2563199623619129,0.33089301296140355,0.45509484317767257,0.37323084079276997
1379,-0.1955401687311226,0.822390308525518,12.0,-0.14796114851954362,0.2824590370460041,-0.19654108645641627,0.367292789669167
1380,-1.4716871349111675,0.22953789692248078,5.0,-1.1011571384539616,0.361103584235864,-1.2589236990619097,0.4265034313091043
1381,0.39443124038873717,1.4835401731898719,16.0,0.12894851504169594,0.26935901979165155,0.3132836350983427,0.3768450002832787
1382,-0.6701157583529836,0.5116493466726845,9.0,-0.644702981145221,0.19333716124590342,-0.6241837048022533,0.3717898087762343
1383,0.1005321740700056,1.105759217906245,14.0,0.07594215329583513,0.22111656734202131,0.05061791297252881,0.34645986980755517
1384,1.1979716485120138,3.3133893838493247,21.0,0.7997780365264555,0.28963555353529535,1.0004734715720984,0.39495324744526766
1385,1.0217807831352292,2.7781376222037397,20.0,0.6417471365392835,0.2403706169766173,0.851372075491174,0.37581192468121494
1386,0.5439537029205247,1.7228048733303707,17.0,0.3016367769353498,0.3395320486504586,0.45509484317767257,0.37323084079276997
1387,-0.1955401687311226,0.822390308525518,12.0,-0.04562350359199288,0.18496583389229523,-0.1965410864564171,0.36729278966916723
1388,1.1979716485120138,3.3133893838493247,21.0,0.784896164221109,0.2808328112531208,1.000473471572097,0.39495324744526733
1389,3.6403281455438465,38.10433844295665,28.0,2.1508093476709385,0.5527311815985383,2.3569395325946254,0.5205817041225442
1390,-1.032591748752255,0.3560828862260718,7.0,-0.6590650594101589,0.18354343366088624,-0.9142302856711225,0.39869362049526513
1391,2.8990334680463326,18.156587963476664,27.0,1.6669291677487632,0.45352334575037334,2.1036505236890664,0.4875326841563211
1392,1.0217807831352292,2.7781376222037397,20.0,0.6556301218555827,0.23617841677410373,0.8513720754911727,0.3758119246812145
1393,-0.34792658275517807,0.7061507179514633,11.0,-0.2904260633703724,0.33663323918699967,-0.33772652190991903,0.38171359397803345
1394,-0.844648657419226,0.42970830651729436,8.0,-0.6845685212561495,0.17905291932171333,-0.7636638742321779,0.3782965523904101
1395,-0.844648657419226,0.42970830651729436,8.0,-0.7066842595368442,0.19054718308736437,-0.7636638742321767,0.37829655239040977
1396,1.0217807831352292,2.7781376222037397,20.0,0.7337973471902542,0.25101322225421946,0.851372075491174,0.3758119246812152
1397,-0.34792658275517807,0.7061507179514633,11.0,-0.4607072569317486,0.3193092816662753,-0.33772652190991914,0.38171359397803356
1398,-1.2390260417132501,0.2896662033949119,6.0,-0.7985692829575725,0.2706337599816275,-1.081028105127072,0.41649586623266316
1399,-0.34792658275517807,0.7061507179514633,11.0,-0.4570442174416675,0.32059886574870616,-0.33772652190991775,0.38171359397803306
1400,-0.6701157583529836,0.5116493466726845,9.0,-0.5270637523453131,0.2878760972257818,-0.6241837048022533,0.37178980877623424
1401,-1.2390260417132501,0.2896662033949119,6.0,-0.7980485251463928,0.27024250093067415,-1.0810281051270711,0.4164958662326629
1402,2.1065186961962965,8.219576575099879,25.0,1.4192187131022307,0.40048262813550833,1.673061911090903,0.4408789365994649
1403,-1.032591748752255,0.3560828862260718,7.0,-0.7340632288533895,0.21464834132367844,-0.9142302856711233,0.3986936204952652
1404,-0.6701157583529836,0.5116493466726845,9.0,-0.6176494231959221,0.21732191884598545,-0.6241837048022527,0.3717898087762332
1405,-0.1955401687311226,0.822390308525518,12.0,-0.08417164605806776,0.22968634257430662,-0.19654108645641696,0.3672927896691675
1406,-0.34792658275517807,0.7061507179514633,11.0,-0.1452789176402495,0.28068488037456085,-0.33772652190991903,0.38171359397803317
1407,-1.032591748752255,0.3560828862260718,7.0,-0.6910578994517708,0.18114862000126172,-0.9142302856711233,0.39869362049526536
1408,-0.5054257061982242,0.6032487140405396,10.0,-0.324786691557216,0.33990815749312,-0.4834949476206467,0.37936021615311105
1409,-0.5054257061982242,0.6032487140405396,10.0,-0.31056496153377156,0.3389678374166187,-0.4834949476206452,0.37936021615311094
1410,0.1005321740700056,1.105759217906245,14.0,-0.022718236068904555,0.1559520755531406,0.050617912972529426,0.3464598698075552
1411,0.39443124038873717,1.4835401731898719,16.0,0.1347379057680803,0.2736331473635128,0.3132836350983427,0.3768450002832787
1412,0.24708180121096487,1.2802838372631835,15.0,0.061408145715830496,0.2045842972532461,0.17573330478309807,0.36262306187816057
1413,0.39443124038873717,1.4835401731898719,16.0,0.05634372350687305,0.19847228003149797,0.31328363509834156,0.37684500028327883
1414,-0.844648657419226,0.42970830651729436,8.0,-0.7176811987805536,0.1995912711122362,-0.7636638742321767,0.3782965523904095
1415,-0.1955401687311226,0.822390308525518,12.0,-0.050007217813295674,0.19053800444108074,-0.19654108645641694,0.36729278966916734
1416,-0.04655133361753223,0.9545155605755924,13.0,-0.12122091742339529,0.2631629735717446,-0.06883643813201734,0.34857163422082577
1417,0.5439537029205247,1.7228048733303707,17.0,0.24544061913649054,0.3279050856942173,0.45509484317767396,0.37323084079277047
1418,-1.032591748752255,0.3560828862260718,7.0,-0.8327999756665411,0.2940133499550583,-0.9142302856711214,0.39869362049526463
1419,0.1005321740700056,1.105759217906245,14.0,0.03131721769036229,0.16653278515090444,0.050617912972529426,0.3464598698075552
1420,0.8557255448767115,2.3530810272594707,19.0,0.4628322004338067,0.3245470363868917,0.717282080068169,0.3586300856373968
1421,-1.032591748752255,0.3560828862260718,7.0,-0.7675959141182712,0.2454721354722963,-0.9142302856711233,0.39869362049526536
1422,1.0217807831352292,2.7781376222037397,20.0,0.6823705851083669,0.2339121085787102,0.851372075491174,0.375811924681215
1423,-0.2517075429551677,0.7774720820107015,8.0,-0.41425235430005836,0.3454984879899678,-0.24226327270917136,0.42904688669833385
1424,-0.1955401687311226,0.822390308525518,12.0,-0.0639497544222083,0.2075069475715279,-0.19654108645641624,0.367292789669167
1425,-0.5054257061982242,0.6032487140405396,10.0,-0.4526314339167373,0.32209446512367595,-0.4834949476206467,0.37936021615311066
1426,-0.844648657419226,0.42970830651729436,8.0,-0.5079489741983302,0.2985765742885677,-0.7636638742321787,0.3782965523904107
1427,-0.1955401687311226,0.822390308525518,12.0,-0.4568086581482289,0.320680297290514,-0.19654108645641685,0.3672927896691673
1428,-0.844648657419226,0.42970830651729436,8.0,-0.6663937363826654,0.18025344043280195,-0.7636638742321779,0.37829655239041016
1429,0.7482535503481041,2.113306009308403,9.0,0.6105319536502003,0.4098767262131246,0.5617523543431148,0.4953513902617573
1430,-0.844648657419226,0.42970830651729436,8.0,-0.6133372118339318,0.22129839201930496,-0.7636638742321779,0.3782965523904098
1431,1.0217807831352292,2.7781376222037397,20.0,0.6703361562564975,0.23389938009903327,0.8513720754911727,0.3758119246812144
1432,2.8990334680463326,18.156587963476664,27.0,1.9440482431038635,0.5130708287268689,2.103650523689068,0.4875326841563214
1433,-0.844648657419226,0.42970830651729436,8.0,-0.7227466233721886,0.20412497634104942,-0.7636638742321799,0.37829655239041077
1434,0.39443124038873717,1.4835401731898719,16.0,0.08360607024582307,0.22922224156814675,0.3132836350983427,0.3768450002832787
1435,0.1005321740700056,1.105759217906245,14.0,-0.00268408505074905,0.14065840687145564,0.05061791297252943,0.3464598698075553
1436,-1.4716871349111675,0.22953789692248078,5.0,-0.8616367940316514,0.3103562358137545,-1.2589236990619113,0.4265034313091035
1437,0.5693701235390005,1.7671536123426255,8.0,0.2898498128917414,0.3885512400310675,0.42224103405272845,0.5062189085758063
1438,0.1005321740700056,1.105759217906245,14.0,0.0429160173041173,0.18153022560208412,0.05061791297252844,0.34645986980755394
1439,-0.5054257061982242,0.6032487140405396,10.0,-0.585486705309508,0.24595863875573118,-0.48349494762064693,0.3793602161531112
1440,0.020116217034203143,1.0203199116906738,5.0,-0.07756698775008607,0.37515731127662805,-0.00013896144000402622,0.5516670490722643
1441,0.24708180121096487,1.2802838372631835,15.0,0.018382840768054805,0.15118937945893793,0.17573330478309865,0.36262306187816107
1442,2.1065186961962965,8.219576575099879,25.0,1.4662031718412034,0.4086165741116595,1.6730619110909029,0.4408789365994648
1443,-1.2390260417132501,0.2896662033949119,6.0,-0.7441314590664447,0.2241299958473984,-1.0810281051270736,0.4164958662326631
1444,1.596588969320385,4.936166260692625,23.0,1.1160213322962915,0.3819263359651896,1.3217599893207352,0.40367824592669616
1445,-0.6701157583529836,0.5116493466726845,9.0,-0.6387421194271657,0.19826289997005817,-0.6241837048022527,0.3717898087762336
1446,-0.6701157583529836,0.5116493466726845,9.0,-0.5767891748482357,0.25310205594497764,-0.6241837048022522,0.3717898087762333
1447,1.3878764204451364,4.006333245765282,22.0,1.0005930550770612,0.3677153539881343,1.159957632458868,0.4016267806788514
1448,-0.5054257061982242,0.6032487140405396,10.0,-0.6231994422964571,0.21219908377132254,-0.48349494762064693,0.3793602161531112
1449,1.8318596976398491,6.245490589387757,24.0,1.1322131654163052,0.3828086511565107,1.4892107299974255,0.41719140361946455
1450,0.697144981035748,2.008011604679713,18.0,0.5479552505693152,0.28893622545096903,0.5894131980695743,0.3599273855408781
1451,2.444445163431118,11.524153802736965,26.0,1.7971261222203354,0.4828280245507156,1.8778916573562556,0.4636787793519197
1452,-0.844648657419226,0.42970830651729436,8.0,-0.7397618561866752,0.22002058328079785,-0.7636638742321767,0.3782965523904095
1453,-1.2390260417132501,0.2896662033949119,6.0,-0.8351139560688896,0.2954331918311045,-1.0810281051270723,0.4164958662326632
1454,0.8913010370510713,2.4382999070532794,7.0,0.6874601649292668,0.4543234958390286,0.620817372024003,0.5679874269200398
1455,0.5439537029205247,1.7228048733303707,17.0,0.36079113074493,0.3421252276245397,0.4550948431776725,0.37323084079277036
1456,0.697144981035748,2.008011604679713,18.0,0.545776435874822,0.29006128224732924,0.5894131980695756,0.3599273855408779
1457,-0.1955401687311226,0.822390308525518,12.0,-0.1245964629595287,0.26580451708252334,-0.19654108645641694,0.3672927896691675
1458,-1.032591748752255,0.3560828862260718,7.0,-0.7429772962286886,0.22304656197449027,-0.9142302856711219,0.3986936204952651
1459,-0.1955401687311226,0.822390308525518,12.0,-0.13778168265396537,0.27554131879968646,-0.19654108645641685,0.3672927896691673
1460,1.596588969320385,4.936166260692625,23.0,1.2096689411077053,0.3851915039565176,1.3217599893207337,0.4036782459266954
1461,0.24708180121096487,1.2802838372631835,15.0,0.111727626258138,0.2555770362165866,0.17573330478309668,0.36262306187815996
1462,-1.2390260417132501,0.2896662033949119,6.0,-0.798067140193331,0.2702565057336955,-1.0810281051270711,0.416495866232663
1463,-0.34792658275517807,0.7061507179514633,11.0,-0.47240370912118895,0.3148947605446933,-0.33772652190991903,0.38171359397803345
1464,0.1005321740700056,1.105759217906245,14.0,0.04286776640118457,0.18146790833595217,0.05061791297252943,0.3464598698075553
1465,-0.844648657419226,0.42970830651729436,8.0,-0.8611188654133816,0.31008779689783766,-0.7636638742321787,0.37829655239041043
1466,-0.34792658275517807,0.7061507179514633,11.0,-0.3867689977855191,0.337248960963868,-0.337726521909919,0.38171359397803306
1467,-0.04655133361753223,0.9545155605755924,13.0,0.004821772371075932,0.14123577872344786,-0.06883643813201734,0.3485716342208257
1468,0.697144981035748,2.008011604679713,18.0,0.48174540214259587,0.31823560461684364,0.589413198069576,0.3599273855408778
1469,-0.5054257061982242,0.6032487140405396,10.0,-0.42742595024954855,0.329452664752694,-0.4834949476206465,0.37936021615311083
1470,-1.4716871349111675,0.22953789692248078,5.0,-0.9656493868104382,0.3483695714849591,-1.2589236990619126,0.42650343130910434
1471,0.39443124038873717,1.4835401731898719,16.0,0.0923973437338642,0.23801560296566954,0.31328363509834156,0.37684500028327883
1472,0.1005321740700056,1.105759217906245,14.0,0.01648133961749247,0.14927135218684912,0.05061791297252943,0.3464598698075553
1473,-1.2390260417132501,0.2896662033949119,6.0,-0.7519414935891179,0.23139977915488907,-1.0810281051270711,0.4164958662326629
1474,-0.5054257061982242,0.6032487140405396,10.0,-0.5852270422329016,0.24617629172233066,-0.4834949476206452,0.37936021615311094
1475,1.1979716485120138,3.3133893838493247,21.0,0.9765355234511742,0.3624284799522285,1.0004734715720964,0.3949532474452675
1476,-0.04655133361753223,0.9545155605755924,13.0,-0.04633426583485123,0.1858752426232652,-0.06883643813201731,0.3485716342208257
1477,2.444445163431118,11.524153802736965,26.0,1.5563903260959286,0.42773252815088125,1.877891657356254,0.46367877935191976
1478,-27.63102212771614,9.999989882129212e-13,0.0,-1.0478622394781052,0.7254081833302375,-0.9597762652636185,0.79933292813572
1479,-0.1955401687311226,0.822390308525518,12.0,-0.16872504693159723,0.29508164563684,-0.19654108645641694,0.36729278966916734
1480,2.444445163431118,11.524153802736965,26.0,1.5349273233073286,0.4228980205667635,1.877891657356256,0.4636787793519198
1481,-0.04655133361753223,0.9545155605755924,13.0,-0.06123297741561978,0.20430260470875086,-0.06883643813201692,0.3485716342208262
1482,1.596588969320385,4.936166260692625,23.0,0.8911157229028526,0.3351713957429228,1.3217599893207337,0.4036782459266955
1483,0.697144981035748,2.008011604679713,18.0,0.5450437844959138,0.29043752238737686,0.5894131980695756,0.35992738554087716
1484,-0.5054257061982242,0.6032487140405396,10.0,-0.5904439404394974,0.24175358028329777,-0.483494947620648,0.37936021615311066
1485,1.8318596976398491,6.245490589387757,24.0,1.2995287267582145,0.3881172105373277,1.4892107299974258,0.41719140361946466
1486,-1.032591748752255,0.3560828862260718,7.0,-0.7252334338944473,0.20640274695991695,-0.9142302856711221,0.39869362049526524
1487,1.0217807831352292,2.7781376222037397,20.0,0.5997559221409207,0.2605370705915144,0.8513720754911727,0.3758119246812144
1488,0.046470819871861475,1.0475675104683488,13.0,0.012739089897001631,0.1596692544152347,0.004722084162802467,0.3520999794698718
1489,-0.04655133361753223,0.9545155605755924,13.0,-0.01807949448412645,0.15085745240937432,-0.06883643813201798,0.3485716342208258
1490,-1.032591748752255,0.3560828862260718,7.0,-0.7781892068382175,0.25450520863127535,-0.914230285671123,0.398693620495265
1491,-0.844648657419226,0.42970830651729436,8.0,-0.6462567075407433,0.19211760872388045,-0.7636638742321766,0.37829655239040944
1492,1.3878764204451364,4.006333245765282,22.0,0.780726259855373,0.2783320353094817,1.1599576324588683,0.40162678067885144
1493,1.8318596976398491,6.245490589387757,24.0,1.1940576315472535,0.3848482695626426,1.4892107299974242,0.4171914036194645
1494,-2.2178543184149944,0.10884239958406554,1.0,-1.3687624200608353,0.5406869599131824,-1.3176212849229487,0.6196757901949725
1495,1.1979716485120138,3.3133893838493247,21.0,0.6167317587758466,0.2514989175518678,1.0004734715720938,0.3949532474452667
1496,-0.1955401687311226,0.822390308525518,12.0,-0.22545230214896217,0.320714965321949,-0.19654108645641694,0.3672927896691675
1497,1.596588969320385,4.936166260692625,23.0,1.195303588075888,0.38487654669215404,1.3217599893207337,0.4036782459266954
1498,0.24708180121096487,1.2802838372631835,15.0,0.07175556750298714,0.21651080742260237,0.17573330478309884,0.3626230618781608
1499,0.24708180121096487,1.2802838372631835,15.0,-0.0026050514136859645,0.1406433944308569,0.17573330478309804,0.36262306187816057
1500,0.5439537029205247,1.7228048733303707,17.0,0.4547732885917829,0.32694616634839346,0.45509484317767124,0.3732308407927711
1501,-0.5054257061982242,0.6032487140405396,10.0,-0.3844404854527659,0.33754814225657087,-0.48349494762064554,0.3793602161531114
1502,-1.032591748752255,0.3560828862260718,7.0,-0.8151326736631153,0.2825137782438755,-0.9142302856711214,0.39869362049526447
1503,-1.032591748752255,0.3560828862260718,7.0,-0.651283480415686,0.188404069356641,-0.9142302856711226,0.3986936204952652
1504,-0.6701157583529836,0.5116493466726845,9.0,-0.5537710001553009,0.2704849488190826,-0.6241837048022527,0.3717898087762336
1505,-1.4716871349111675,0.22953789692248078,5.0,-0.7242749106296656,0.20552151262635485,-1.2589236990619113,0.42650343130910356
1506,1.1979716485120138,3.3133893838493247,21.0,0.6730773524834718,0.2337496508317166,1.0004734715720964,0.3949532474452673
1507,-0.5054257061982242,0.6032487140405396,10.0,-0.6096157242680602,0.22471257286813087,-0.4834949476206467,0.37936021615311105
1508,0.8557255448767115,2.3530810272594707,19.0,0.6506844257441032,0.23746552790134448,0.717282080068169,0.3586300856373962
1509,2.8990334680463326,18.156587963476664,27.0,2.0236241181326706,0.5285655351842509,2.1036505236890672,0.4875326841563213
1510,-0.1955401687311226,0.822390308525518,12.0,-0.20625369826452672,0.3133736862771976,-0.19654108645641696,0.3672927896691675
1511,-1.032591748752255,0.3560828862260718,7.0,-0.7299268221249496,0.2107637456263144,-0.9142302856711219,0.3986936204952649
1512,-0.39629499794273054,0.6728081896275571,4.0,-0.15905108756919625,0.3827319461888606,-0.3059350660628811,0.5556528053103518
1513,-0.04655133361753223,0.9545155605755924,13.0,-0.01974286483821894,0.152615277226205,-0.06883643813201755,0.3485716342208263
1514,1.3878764204451364,4.006333245765282,22.0,0.9369675912584614,0.3515463020349309,1.1599576324588652,0.4016267806788511
1515,0.24708180121096487,1.2802838372631835,15.0,0.05181691759764499,0.19286794776997615,0.17573330478309868,0.3626230618781611
1516,-1.032591748752255,0.3560828862260718,7.0,-0.6783067100227493,0.1782685065284006,-0.9142302856711219,0.3986936204952649
1517,-1.032591748752255,0.3560828862260718,7.0,-0.7918990413742549,0.2655394532984167,-0.9142302856711216,0.39869362049526497
1518,-0.5054257061982242,0.6032487140405396,10.0,-0.6200268055739284,0.2151261031613729,-0.4834949476206452,0.37936021615311094
1519,0.1005321740700056,1.105759217906245,14.0,0.01611479275456043,0.148916736482261,0.05061791297252943,0.3464598698075553
1520,-1.032591748752255,0.3560828862260718,7.0,-0.7273120286488205,0.20832580429523692,-0.9142302856711233,0.39869362049526536
1521,-0.34792658275517807,0.7061507179514633,11.0,-0.07202427932330834,0.21671754681931493,-0.3377265219099178,0.3817135939780335
1522,-0.04655133361753223,0.9545155605755924,13.0,-0.02572658540934391,0.1595227875369092,-0.06883643813201734,0.3485716342208257
1523,-1.032591748752255,0.3560828862260718,7.0,-0.6784410177596946,0.17827202561416794,-0.9142302856711233,0.39869362049526536
1524,-1.3974276892377442,0.24723210450513108,2.0,-0.6694503869715526,0.4097511775363756,-0.9537533218345601,0.5884305479094919
1525,-0.34792658275517807,0.7061507179514633,11.0,-0.4165574603506449,0.3320197038363179,-0.33772652190991914,0.38171359397803356
1526,-0.6701157583529836,0.5116493466726845,9.0,-0.6287945108773844,0.20707385264859832,-0.6241837048022522,0.3717898087762345
1527,0.24708180121096487,1.2802838372631835,15.0,0.047394674261188416,0.1872797997456079,0.17573330478309865,0.36262306187816107
1528,-0.6701157583529836,0.5116493466726845,9.0,-0.5139034403373742,0.29539368307204245,-0.6241837048022527,0.3717898087762336
1529,-1.4716871349111675,0.22953789692248078,5.0,-0.9094002467305159,0.3315216111527981,-1.258923699061912,0.42650343130910395
1530,-0.5054257061982242,0.6032487140405396,10.0,-0.616718060421307,0.21818186620271526,-0.48349494762064504,0.3793602161531107
1531,1.3878764204451364,4.006333245765282,22.0,0.8000264764657077,0.2897803651891519,1.1599576324588683,0.40162678067885144
1532,-1.2390260417132501,0.2896662033949119,6.0,-0.741746652903739,0.2218895643570853,-1.0810281051270711,0.4164958662326629
1533,2.444445163431118,11.524153802736965,26.0,1.5518480279125777,0.42669946556240157,1.8778916573562565,0.46367877935192
1534,-1.2390260417132501,0.2896662033949119,6.0,-0.9090796231481723,0.33140188561721506,-1.0810281051270736,0.41649586623266316
1535,-1.032591748752255,0.3560828862260718,7.0,-0.8129216124749187,0.2809905503920441,-0.9142302856711216,0.39869362049526497
1536,-1.032591748752255,0.3560828862260718,7.0,-0.6989240159592321,0.18522229390321207,-0.9142302856711233,0.3986936204952652
1537,-0.1955401687311226,0.822390308525518,12.0,-0.1976364091917069,0.30965115559768097,-0.1965410864564169,0.36729278966916734
1538,-0.04655133361753223,0.9545155605755924,13.0,-0.026943846929675094,0.16101089669266208,-0.06883643813201734,0.3485716342208257
1539,-0.844648657419226,0.42970830651729436,8.0,-0.6372375913330824,0.1995570424641583,-0.7636638742321777,0.3782965523904095
1540,1.0217807831352292,2.7781376222037397,20.0,0.6252524549851951,0.24731874206893223,0.851372075491174,0.375811924681215
1541,1.367030380634909,3.92368153689193,21.0,1.037064564686575,0.37577954700489424,1.1377529897260248,0.40449002176572857
1542,-0.04655133361753223,0.9545155605755924,13.0,-0.16552192702664723,0.29325832517547923,-0.06883643813201734,0.3485716342208257
1543,-0.5054257061982242,0.6032487140405396,10.0,-0.24327492563876943,0.3264098388900887,-0.4834949476206465,0.3793602161531105
1544,2.1065186961962965,8.219576575099879,25.0,1.5554318806198923,0.4275141529577002,1.6730619110909029,0.440878936599465
1545,-1.4716871349111675,0.22953789692248078,5.0,-1.1798765141113143,0.355966977694036,-1.2589236990619126,0.4265034313091043
1546,-0.844648657419226,0.42970830651729436,8.0,-0.6895057499611743,0.18053520013246624,-0.7636638742321779,0.37829655239041016
1547,-0.04655133361753223,0.9545155605755924,13.0,-0.010631683001440127,0.14430433409802004,-0.06883643813201731,0.3485716342208257
1548,-0.844648657419226,0.42970830651729436,8.0,-0.680020251206032,0.17835747754143685,-0.7636638742321779,0.37829655239041043
1549,-0.844648657419226,0.42970830651729436,8.0,-0.6813009410016434,0.17848623299002445,-0.7636638742321779,0.3782965523904101
1550,-0.04655133361753223,0.9545155605755924,13.0,-0.00959059970144447,0.1436029799663621,-0.06883643813201669,0.34857163422082565
1551,-0.2892620557265775,0.7488159481812546,3.0,-0.30415972855560897,0.4702030722516723,-0.20161853358949355,0.6257331284157099
1552,-1.2390260417132501,0.2896662033949119,6.0,-1.1102612071632856,0.36085168945460483,-1.081028105127072,0.41649586623266316
1553,0.1005321740700056,1.105759217906245,14.0,-0.0027624482620801725,0.14067373056926077,0.05061791297252943,0.3464598698075553
1554,-1.2390260417132501,0.2896662033949119,6.0,-0.7682068960406506,0.24600463725784774,-1.0810281051270711,0.41649586623266294
1555,-1.7433883578649005,0.1749266811222151,4.0,-1.0797130787330764,0.3612373740299081,-1.4462843505856484,0.44100321381049684
1556,-1.2390260417132501,0.2896662033949119,6.0,-0.8495121684988378,0.30383641494132585,-1.0810281051270736,0.4164958662326631
1557,1.596588969320385,4.936166260692625,23.0,1.0864470844727934,0.37974637942636363,1.3217599893207337,0.4036782459266954
1558,0.5439537029205247,1.7228048733303707,17.0,0.18333700314284013,0.3033254071709726,0.4550948431776725,0.37323084079277
1559,-0.5054257061982242,0.6032487140405396,10.0,-0.21430842690436896,0.31661069795843755,-0.48349494762064676,0.37936021615311105
1560,-0.844648657419226,0.42970830651729436,8.0,-0.6781316135880069,0.178264802035523,-0.7636638742321779,0.3782965523904098
1561,0.697144981035748,2.008011604679713,18.0,0.27021562716074665,0.33418346136965005,0.5894131980695739,0.3599273855408775
1562,-0.844648657419226,0.42970830651729436,8.0,-0.6622748605052138,0.181929698929005,-0.7636638742321787,0.37829655239041077
1563,-1.032591748752255,0.3560828862260718,7.0,-0.7358931014877641,0.2163727564729358,-0.9142302856711233,0.39869362049526536
1564,-0.844648657419226,0.42970830651729436,8.0,-0.6468710246626662,0.19164402377006037,-0.7636638742321787,0.37829655239041055
1565,-1.4716871349111675,0.22953789692248078,5.0,-0.847793205139435,0.30287154174283043,-1.258923699061912,0.42650343130910395
1566,2.444445163431118,11.524153802736965,26.0,1.5909276150757825,0.43571145396602523,1.8778916573562536,0.46367877935191953
1567,-1.032591748752255,0.3560828862260718,7.0,-0.6895753539815891,0.18056124913929136,-0.9142302856711231,0.3986936204952651
1568,1.3878764204451364,4.006333245765282,22.0,1.0675075557068097,0.3778910414749737,1.1599576324588678,0.40162678067885116
1569,0.5439537029205247,1.7228048733303707,17.0,0.1261819215097709,0.2672546883618981,0.45509484317767257,0.3732308407927703
1570,-0.5054257061982242,0.6032487140405396,10.0,-0.6362668942656529,0.20040084649869594,-0.48349494762064527,0.3793602161531109
1571,0.8557255448767115,2.3530810272594707,19.0,0.6959603067250474,0.2359855894280521,0.7172820800681681,0.3586300856373959
1572,0.39443124038873717,1.4835401731898719,16.0,0.13545527134203234,0.27415079634973766,0.3132836350983416,0.37684500028327833
1573,-0.6701157583529836,0.5116493466726845,9.0,-0.6900895097270456,0.18075794484970034,-0.6241837048022527,0.37178980877623324
1574,-0.1955401687311226,0.822390308525518,12.0,-0.13238413379679628,0.2716647353795838,-0.19654108645641627,0.367292789669167
1575,1.1979716485120138,3.3133893838493247,21.0,1.0101459105173156,0.3695575266225056,1.0004734715720962,0.3949532474452674
1576,3.6403281455438465,38.10433844295665,28.0,2.1508093476709385,0.5527311815985383,2.3569395325946254,0.5205817041225442
1577,-0.04655133361753223,0.9545155605755924,13.0,-0.031176963652578545,0.166322569773621,-0.06883643813201734,0.3485716342208257
1578,0.24708180121096487,1.2802838372631835,15.0,0.11916383089822102,0.26173110998386573,0.17573330478309865,0.36262306187816107
1579,-0.844648657419226,0.42970830651729436,8.0,-0.7033491892219218,0.1881244044119928,-0.7636638742321767,0.37829655239040977
1580,0.697144981035748,2.008011604679713,18.0,0.18968468554530388,0.306470935217062,0.5894131980695752,0.35992738554087655
1581,-1.032591748752255,0.3560828862260718,7.0,-0.6624267201272545,0.18185977297367217,-0.9142302856711234,0.39869362049526524
1582,-1.4716871349111675,0.22953789692248078,5.0,-0.8790798637237688,0.31889108515915426,-1.2589236990619104,0.426503431309104
1583,-0.6701157583529836,0.5116493466726845,9.0,-0.5708685883409589,0.25778678114032905,-0.6241837048022527,0.3717898087762339
1584,0.697144981035748,2.008011604679713,18.0,0.23550734978451215,0.32485199873789933,0.5894131980695756,0.35992738554087716
1585,-0.5054257061982242,0.6032487140405396,10.0,-0.30492244876164226,0.3384329788813707,-0.483494947620645,0.3793602161531108
1586,-1.2390260417132501,0.2896662033949119,6.0,-0.7501588944071698,0.22975182220207443,-1.0810281051270723,0.41649586623266294
1587,0.697144981035748,2.008011604679713,18.0,0.18920192186073762,0.30623714769902755,0.5894131980695756,0.35992738554087755
1588,-0.5054257061982242,0.6032487140405396,10.0,-0.33171635522789206,0.3401559662275289,-0.4834949476206465,0.3793602161531105
1589,1.2092262427646177,3.35089087314257,9.0,0.8106618655999829,0.44825505456041537,0.8638828217717871,0.5433629339210624
1590,-0.5054257061982242,0.6032487140405396,10.0,-0.4523447305913848,0.32218945957550776,-0.4834949476206467,0.37936021615311066
1591,-0.1955401687311226,0.822390308525518,12.0,-0.17522518043278706,0.29864907587521555,-0.19654108645641627,0.367292789669167
1592,-0.34792658275517807,0.7061507179514633,11.0,-0.23191639655135327,0.32290195230730234,-0.33772652190991903,0.38171359397803317
1593,-0.844648657419226,0.42970830651729436,8.0,-0.6849050237617125,0.1791304188571266,-0.7636638742321779,0.3782965523904101
1594,-0.5054257061982242,0.6032487140405396,10.0,-0.39362440815400307,0.3362766307458768,-0.48349494762064676,0.37936021615311066
1595,0.697144981035748,2.008011604679713,18.0,0.46795518961329313,0.3229316513448509,0.589413198069576,0.3599273855408778
1596,-0.844648657419226,0.42970830651729436,8.0,-0.6865700064892881,0.1795653301342951,-0.7636638742321779,0.3782965523904103
1597,0.5439537029205247,1.7228048733303707,17.0,0.17117052267435248,0.2968517007791554,0.45509484317767235,0.37323084079277014
1598,-0.6701157583529836,0.5116493466726845,9.0,-0.7105529850092519,0.19356838599904433,-0.6241837048022533,0.37178980877623424
1599,0.1005321740700056,1.105759217906245,14.0,0.02583027771359491,0.15967416975991242,0.05061791297252943,0.3464598698075553
1600,-0.34792658275517807,0.7061507179514633,11.0,-0.3597654801001521,0.3397583277820082,-0.3377265219099202,0.3817135939780336
1601,-0.34792658275517807,0.7061507179514633,11.0,-0.29282339954638376,0.3369734221032606,-0.33772652190991903,0.38171359397803345
1602,1.067531763829665,2.908192528065613,14.0,0.7554268262131902,0.34355026972170566,0.8495266760020345,0.4403720506087353
1603,0.5439537029205247,1.7228048733303707,17.0,0.39886563383224266,0.33881140098434814,0.45509484317767124,0.3732308407927707
1604,0.24708180121096487,1.2802838372631835,15.0,0.08329641712699316,0.22890279740294145,0.17573330478309865,0.36262306187816107
1605,-1.032591748752255,0.3560828862260718,7.0,-0.7757142517478884,0.2524334127007348,-0.9142302856711233,0.3986936204952653
1606,0.24708180121096487,1.2802838372631835,15.0,0.06811970221185654,0.21240792721741028,0.17573330478309723,0.3626230618781604
1607,0.39443124038873717,1.4835401731898719,16.0,0.3474750623039042,0.34237040652534645,0.31328363509834156,0.37684500028327883
1608,1.3878764204451364,4.006333245765282,22.0,1.1369723554743327,0.38303263432364865,1.1599576324588676,0.40162678067885166
1609,-0.04655133361753223,0.9545155605755924,13.0,-0.062161266319060826,0.20540335396494075,-0.06883643813201734,0.3485716342208257
1610,0.697144981035748,2.008011604679713,18.0,0.4948170245805034,0.31331937533693927,0.5894131980695739,0.3599273855408775
1611,-1.2390260417132501,0.2896662033949119,6.0,-0.7619252557488266,0.24046633093842446,-1.0810281051270734,0.4164958662326631
1612,-1.2390260417132501,0.2896662033949119,6.0,-0.7001623898839944,0.18599501686745945,-1.0810281051270736,0.4164958662326631
1613,-1.2390260417132501,0.2896662033949119,6.0,-0.6902465065886723,0.18081949811126205,-1.0810281051270723,0.4164958662326628
1614,-0.1955401687311226,0.822390308525518,12.0,-0.09475535663355164,0.24014332190594054,-0.19654108645641627,0.367292789669167
1615,0.39443124038873717,1.4835401731898719,16.0,0.2776257818804275,0.3357026856736036,0.3132836350983428,0.37684500028327883
1616,1.0217807831352292,2.7781376222037397,20.0,0.7934052576049762,0.28589456959658405,0.851372075491174,0.37581192468121494
1617,1.8318596976398491,6.245490589387757,24.0,1.3448452090552467,0.3913493885609844,1.489210729997426,0.4171914036194644
1618,-0.8124549659796112,0.44376729425647,5.0,-0.6708237777787668,0.3149258638859792,-0.6881240962186248,0.4669029612904362
1619,1.0217807831352292,2.7781376222037397,20.0,0.6142090961775069,0.2527921303001289,0.851372075491174,0.375811924681215
1620,-0.844648657419226,0.42970830651729436,8.0,-0.6007342117254825,0.2327429956265154,-0.7636638742321767,0.3782965523904095
1621,1.331416402795356,3.7864026625423417,15.0,1.2042024112924987,0.4439468013825953,1.0502227650577525,0.4556245550784069
1622,-1.2390260417132501,0.2896662033949119,6.0,-0.8879450970747766,0.3228645323799127,-1.0810281051270707,0.41649586623266266
1623,-0.5054257061982242,0.6032487140405396,10.0,-0.2615348519758877,0.3311812163689078,-0.48349494762064504,0.3793602161531107
1624,-0.844648657419226,0.42970830651729436,8.0,-0.6947964847782117,0.18289393680358507,-0.7636638742321783,0.37829655239040977
1625,0.5439537029205247,1.7228048733303707,17.0,0.4541332889773258,0.3271292463843526,0.45509484317767396,0.37323084079277047
1626,0.8557255448767115,2.3530810272594707,19.0,0.5724678276036839,0.27574238242265475,0.7172820800681681,0.3586300856373959
1627,-0.1955401687311226,0.822390308525518,12.0,-0.2470727730602753,0.32748929271742083,-0.19654108645641694,0.3672927896691675
1628,-1.032591748752255,0.3560828862260718,7.0,-0.8459534590741803,0.3018275015337489,-0.9142302856711233,0.39869362049526536
1629,-1.7433883578649005,0.1749266811222151,4.0,-0.8750694365548868,0.31701426702096297,-1.4462843505856475,0.4410032138104965
1630,0.8557255448767115,2.3530810272594707,19.0,0.3292452147159671,0.34193073076314867,0.7172820800681681,0.3586300856373959
1631,-1.2390260417132501,0.2896662033949119,6.0,-0.8851051939824803,0.32161763854908776,-1.081028105127072,0.41649586623266316
1632,-0.1185137803843211,0.8882395752897494,9.0,-0.04400602213180407,0.23520357938651648,-0.13177975936657027,0.4139371317528927
1633,-0.34792658275517807,0.7061507179514633,11.0,-0.2585165240089358,0.3304648220117053,-0.33772652190991903,0.38171359397803317
1634,1.3878764204451364,4.006333245765282,22.0,0.9109910891032618,0.34279131500177207,1.1599576324588687,0.40162678067885166
1635,-0.5054257061982242,0.6032487140405396,10.0,-0.629260102233008,0.206650965248677,-0.48349494762064693,0.3793602161531112
1636,-2.07799009533395,0.12518156252549306,3.0,-1.3499934403860328,0.3465226310004385,-1.6516055408649761,0.46657426128362744
1637,1.3878764204451364,4.006333245765282,22.0,1.0739551656284834,0.37856693253602824,1.1599576324588665,0.4016267806788511
1638,0.5439537029205247,1.7228048733303707,17.0,0.2316722099028086,0.3235883487740843,0.45509484317767257,0.37323084079276997
1639,-0.1955401687311226,0.822390308525518,12.0,-0.18268100459873807,0.3025279966598364,-0.19654108645641694,0.36729278966916734
1640,0.5439537029205247,1.7228048733303707,17.0,0.34782613641127613,0.34237005647945457,0.4550948431776725,0.3732308407927707
1641,1.596588969320385,4.936166260692625,23.0,1.0984234458504676,0.3807266650884721,1.3217599893207344,0.40367824592669516
1642,-1.032591748752255,0.3560828862260718,7.0,-0.7660989344761289,0.24416171037421558,-0.9142302856711214,0.39869362049526463
1643,-27.63102212771614,9.999989882129212e-13,0.0,-1.3727073109718473,0.6489182770690282,-1.3600804244178812,0.7206661910397563
1644,0.5439537029205247,1.7228048733303707,17.0,0.5281790555138459,0.2987866430094585,0.45509484317767107,0.3732308407927705
1645,0.697144981035748,2.008011604679713,18.0,0.2837416959300231,0.33683542607381145,0.5894131980695764,0.35992738554087805
1646,-0.5054257061982242,0.6032487140405396,10.0,-0.45097868027832094,0.3226384479757651,-0.4834949476206465,0.3793602161531105
1647,-0.1955401687311226,0.822390308525518,12.0,-0.3217664091592012,0.3397571048121833,-0.19654108645641624,0.367292789669167
1648,1.0217807831352292,2.7781376222037397,20.0,0.6195890193238398,0.2500625545553795,0.851372075491174,0.3758119246812152
1649,-0.7131535890141639,0.49009619588427983,6.0,-0.5508367805511248,0.3111031149214238,-0.6234142231238454,0.4426349437517861
1650,-0.34792658275517807,0.7061507179514633,11.0,-0.4115832796615816,0.3330756658192199,-0.33772652190991914,0.38171359397803356
1651,-1.2390260417132501,0.2896662033949119,6.0,-0.9219832618483279,0.33599803705560294,-1.081028105127074,0.4164958662326634
1652,-1.0568468823856005,0.34754995031774555,4.0,-0.7500653558690135,0.3340993776411806,-0.8578464530888295,0.48917994287938776
1653,1.0217807831352292,2.7781376222037397,20.0,0.6868552517033311,0.23436007550744878,0.8513720754911756,0.3758119246812154
1654,-0.34792658275517807,0.7061507179514633,11.0,-0.16119945245563574,0.2907278206850512,-0.3377265219099189,0.38171359397803356
1655,2.1065186961962965,8.219576575099879,25.0,1.5975292284487637,0.4372540404506696,1.6730619110909029,0.4408789365994649
1656,0.8557255448767115,2.3530810272594707,19.0,0.6101465571179777,0.25491777907155455,0.7172820800681681,0.3586300856373959
1657,0.39443124038873717,1.4835401731898719,16.0,0.23501649586283208,0.324692931124992,0.31328363509834267,0.3768450002832785
1658,-0.34792658275517807,0.7061507179514633,11.0,-0.3727718248152831,0.33881137741962564,-0.33772652190992025,0.3817135939780334
1659,3.6403281455438465,38.10433844295665,28.0,2.029375761301107,0.5296706171102679,2.356939532594627,0.5205817041225445
1660,-1.032591748752255,0.3560828862260718,7.0,-0.7497454230628853,0.2293685106407192,-0.9142302856711231,0.39869362049526497
1661,0.1005321740700056,1.105759217906245,14.0,0.048483627596615606,0.18866514050293304,0.05061791297252943,0.3464598698075553
1662,0.33487874815784785,1.3977708926513908,12.0,0.13984206849505665,0.289164957988975,0.24741447855294418,0.4033440465870914
1663,1.596588969320385,4.936166260692625,23.0,1.02151194291305,0.37156925872095725,1.3217599893207344,0.40367824592669577
1664,0.697144981035748,2.008011604679713,18.0,0.5646905579870082,0.28001945137401085,0.5894131980695752,0.3599273855408769
1665,-0.6701157583529836,0.5116493466726845,9.0,-0.495645977861799,0.3047352396884658,-0.6241837048022533,0.37178980877623424
1666,-0.5054257061982242,0.6032487140405396,10.0,-0.4185528798991439,0.331575213118353,-0.4834949476206467,0.37936021615311105
1667,3.6403281455438465,38.10433844295665,28.0,2.1508093476709385,0.5527311815985383,2.3569395325946254,0.5205817041225442
1668,0.1005321740700056,1.105759217906245,14.0,0.004265760210240806,0.14105566837972472,0.050617912972529426,0.3464598698075552
1669,1.0217807831352292,2.7781376222037397,20.0,0.6781659570593388,0.23371006047254436,0.851372075491174,0.375811924681215
1670,-0.1955401687311226,0.822390308525518,12.0,-0.14154384142758283,0.27815679076443783,-0.1965410864564176,0.36729278966916784
1671,-0.34792658275517807,0.7061507179514633,11.0,-0.24956861729539034,0.32817355324048575,-0.3377265219099178,0.3817135939780333
1672,0.697144981035748,2.008011604679713,18.0,0.321766157468585,0.34148874743017266,0.5894131980695756,0.3599273855408768
1673,-0.34792658275517807,0.7061507179514633,11.0,-0.1642381723009015,0.2925152362434516,-0.33772652190991787,0.3817135939780331
1674,1.1979716485120138,3.3133893838493247,21.0,1.0033967829036734,0.368270693733468,1.0004734715720969,0.39495324744526755
1675,0.17448573076805912,1.190633752834625,10.0,0.13253578155014195,0.29623994709516743,0.11382614335622228,0.42060130816566077
1676,-1.032591748752255,0.3560828862260718,7.0,-0.6617959479050101,0.18215412687547744,-0.9142302856711219,0.3986936204952651
1677,-0.5054257061982242,0.6032487140405396,10.0,-0.6757198473603793,0.17831547154498442,-0.48349494762064676,0.37936021615311105
1678,-0.844648657419226,0.42970830651729436,8.0,-0.6014128850837893,0.2321366688541817,-0.7636638742321779,0.3782965523904103
1679,-0.5054257061982242,0.6032487140405396,10.0,-0.2884820706278374,0.3363449242765385,-0.483494947620645,0.3793602161531108
1680,-0.34792658275517807,0.7061507179514633,11.0,-0.10223177570663528,0.24708205852956072,-0.33772652190991787,0.3817135939780331
1681,-0.6701157583529836,0.5116493466726845,9.0,-0.5818669443105924,0.24896869959750179,-0.6241837048022516,0.3717898087762342
1682,-0.34792658275517807,0.7061507179514633,11.0,-0.3177491473273851,0.3395156006292752,-0.33772652190991903,0.38171359397803345
1683,-1.032591748752255,0.3560828862260718,7.0,-0.8462088307713405,0.3019731283593284,-0.914230285671123,0.398693620495265
1684,-0.844648657419226,0.42970830651729436,8.0,-0.7115005473203334,0.19433819196594967,-0.7636638742321784,0.37829655239040955
1685,-0.6701157583529836,0.5116493466726845,9.0,-0.5782208898173831,0.25194731267146203,-0.6241837048022527,0.371789808776234
1686,-0.844648657419226,0.42970830651729436,8.0,-0.49214051246934043,0.30638917162341145,-0.7636638742321782,0.37829655239041016
1687,2.444445163431118,11.524153802736965,26.0,1.426466680149946,0.4016283012299977,1.8778916573562539,0.46367877935191976
1688,1.8318596976398491,6.245490589387757,24.0,1.5257093539816686,0.4208634840494891,1.4892107299974247,0.4171914036194644
1689,7.923463089655935,2761.3171956198867,29.0,2.340861361926489,0.588325689208178,2.649706640075528,0.5626038899439663
1690,0.39443124038873717,1.4835401731898719,16.0,0.44854685724296245,0.3286807762904876,0.3132836350983427,0.3768450002832787
1691,-0.04655133361753223,0.9545155605755924,13.0,-0.0017991971381395664,0.14051578246523744,-0.06883643813201758,0.3485716342208263
1692,0.8557255448767115,2.3530810272594707,19.0,0.7747101361664419,0.2747109280754733,0.7172820800681688,0.3586300856373968
1693,-2.07799009533395,0.12518156252549306,3.0,-1.143754659941307,0.3590624044282074,-1.6516055408649777,0.4665742612836278
1694,1.0217807831352292,2.7781376222037397,20.0,0.7277727434122471,0.2479432152626543,0.8513720754911756,0.3758119246812156
1695,-0.04655133361753223,0.9545155605755924,13.0,-0.13391724276341183,0.27278094371089784,-0.06883643813201758,0.3485716342208263
1696,2.1065186961962965,8.219576575099879,25.0,1.3363322136586193,0.3906152725231176,1.6730619110909013,0.4408789365994647
1697,0.5439537029205247,1.7228048733303707,17.0,0.19113680335642325,0.3071688118920319,0.4550948431776727,0.37323084079277047
1698,3.6403281455438465,38.10433844295665,28.0,1.6829486260136257,0.4572460557541163,2.356939532594626,0.5205817041225446
1699,-1.7433883578649005,0.1749266811222151,4.0,-0.9122427188331775,0.3325705892249996,-1.4462843505856466,0.44100321381049656
1700,1.0158386531331371,2.7616785167903375,3.0,0.43187469883510177,0.609899824300977,0.4854107910440597,0.7411557996071811
1701,-0.1955401687311226,0.822390308525518,12.0,-0.04058821399079104,0.1784749325351853,-0.19654108645641694,0.36729278966916734
1702,0.24708180121096487,1.2802838372631835,15.0,0.27325163369947414,0.3348254780486747,0.17573330478309723,0.3626230618781605
1703,-0.6701157583529836,0.5116493466726845,9.0,-0.5537587193227727,0.27049362507769226,-0.6241837048022527,0.37178980877623397
1704,-0.5054257061982242,0.6032487140405396,10.0,-0.6555306106126352,0.1855985099865133,-0.4834949476206452,0.3793602161531113
1705,1.3878764204451364,4.006333245765282,22.0,0.9707216928164316,0.3610052884742376,1.1599576324588683,0.40162678067885144
1706,0.39443124038873717,1.4835401731898719,16.0,0.1743157658811735,0.2985826184108885,0.3132836350983417,0.3768450002832786
1707,-1.2390260417132501,0.2896662033949119,6.0,-0.8124784655085886,0.2806829652399075,-1.0810281051270723,0.4164958662326628
1708,-0.9879041082247529,0.37235629224714656,3.0,-0.7763895057119314,0.40497673475064044,-0.7314167202532,0.5540457249776566
1709,-0.5054257061982242,0.6032487140405396,10.0,-0.23526446875938195,0.32397993298902494,-0.48349494762064527,0.3793602161531109
1710,-1.7433883578649005,0.1749266811222151,4.0,-1.0541733431310507,0.36046572460261717,-1.4462843505856466,0.44100321381049673
1711,1.8318596976398491,6.245490589387757,24.0,1.3703066791526595,0.3939237779962131,1.4892107299974249,0.41719140361946455
1712,-1.032591748752255,0.3560828862260718,7.0,-0.6530723974897685,0.18718125051607343,-0.9142302856711233,0.3986936204952653
1713,0.8557255448767115,2.3530810272594707,19.0,0.49030618616454197,0.31506666518312104,0.7172820800681673,0.3586300856373955
1714,-0.6701157583529836,0.5116493466726845,9.0,-0.6442594644283458,0.19369073047422608,-0.6241837048022533,0.3717898087762339
1715,-0.5054257061982242,0.6032487140405396,10.0,-0.2002754591693641,0.31082016184897443,-0.48349494762064504,0.3793602161531107
1716,-0.5054257061982242,0.6032487140405396,10.0,-0.4794225390263264,0.31202455479444396,-0.4834949476206467,0.37936021615311105
1717,-1.2390260417132501,0.2896662033949119,6.0,-0.7445821838498852,0.22455260189500897,-1.081028105127074,0.4164958662326633
1718,-0.6701157583529836,0.5116493466726845,9.0,-0.654263306006765,0.18639975225924496,-0.6241837048022527,0.3717898087762332
1719,0.5439537029205247,1.7228048733303707,17.0,0.41557491538981023,0.3361387921975492,0.4550948431776725,0.3732308407927707
1720,0.8557255448767115,2.3530810272594707,19.0,0.40086307079626904,0.3385310215235202,0.7172820800681681,0.3586300856373959
1721,-0.6701157583529836,0.5116493466726845,9.0,-0.4845122154007196,0.3098372830537902,-0.6241837048022527,0.37178980877623324
1722,-0.6701157583529836,0.5116493466726845,9.0,-0.5178729112384389,0.29319692655253016,-0.6241837048022533,0.37178980877623385
1723,1.1979716485120138,3.3133893838493247,21.0,0.7366453158993626,0.2525242869106311,1.0004734715720973,0.3949532474452675
1724,-0.5054257061982242,0.6032487140405396,10.0,-0.3951462710565932,0.33604218666772695,-0.4834949476206467,0.37936021615311066
1725,0.1005321740700056,1.105759217906245,14.0,-0.067569930576534,0.21169485819689235,0.050617912972529426,0.3464598698075552
1726,-1.2390260417132501,0.2896662033949119,6.0,-1.011434148093864,0.35659880140198247,-1.0810281051270707,0.41649586623266255
1727,-0.844648657419226,0.42970830651729436,8.0,-0.5117900400977654,0.2965387212771314,-0.7636638742321779,0.3782965523904101
1728,-0.6701157583529836,0.5116493466726845,9.0,-0.6406640454420021,0.19663678287963957,-0.6241837048022527,0.37178980877623363
1729,0.5439537029205247,1.7228048733303707,17.0,0.22024695710766934,0.3195364789562469,0.45509484317767285,0.373230840792771
1730,-1.032591748752255,0.3560828862260718,7.0,-0.7560615561798757,0.23517711600696953,-0.9142302856711216,0.3986936204952648
1731,-1.4716871349111675,0.22953789692248078,5.0,-0.8289179085358586,0.29158713823371263,-1.2589236990619121,0.42650343130910384
1732,2.1065186961962965,8.219576575099879,25.0,1.5975292284487637,0.4372540404506696,1.6730619110909029,0.4408789365994649
1733,-1.4716871349111675,0.22953789692248078,5.0,-0.9582320566263419,0.3465966467166788,-1.2589236990619104,0.426503431309104
1734,-0.5054257061982242,0.6032487140405396,10.0,-0.3568605491322383,0.3399037113583169,-0.48349494762064693,0.3793602161531112
1735,1.596588969320385,4.936166260692625,23.0,1.2153994291302241,0.38531510825292314,1.3217599893207337,0.4036782459266954
1736,-0.34792658275517807,0.7061507179514633,11.0,-0.3187640411624729,0.3395809923381497,-0.337726521909919,0.38171359397803334
1737,-0.6701157583529836,0.5116493466726845,9.0,-0.6202374720330126,0.21493155549693818,-0.6241837048022522,0.37178980877623297
1738,2.444445163431118,11.524153802736965,26.0,1.7990364183245604,0.483239707232854,1.8778916573562556,0.4636787793519202
1739,1.0217807831352292,2.7781376222037397,20.0,0.5750230988965398,0.27432430431047794,0.851372075491174,0.37581192468121494
1740,-1.032591748752255,0.3560828862260718,7.0,-0.7716270396026418,0.2489599262692058,-0.9142302856711234,0.39869362049526536
1741,-1.3358739701999034,0.2629282835267999,3.0,-1.1321505139134105,0.4397818269910721,-1.0228299983806894,0.5206431363516922
1742,-1.032591748752255,0.3560828862260718,7.0,-0.6483750699592347,0.19050657126081139,-0.9142302856711233,0.39869362049526536
1743,0.020116217034203143,1.0203199116906738,5.0,-0.20125123295505776,0.387447911969671,-0.00013896144000369315,0.5516670490722638
1744,-0.1955401687311226,0.822390308525518,12.0,-0.11260304378047424,0.2561286793339938,-0.1965410864564176,0.36729278966916784
1745,1.1979716485120138,3.3133893838493247,21.0,0.797491397354843,0.28829894230909847,1.0004734715720953,0.3949532474452673
1746,0.697144981035748,2.008011604679713,18.0,0.22528297365494604,0.32137604773076067,0.5894131980695756,0.35992738554087755
1747,0.24708180121096487,1.2802838372631835,15.0,0.023017875559534655,0.15632237469771249,0.17573330478309723,0.3626230618781605
1748,-0.04655133361753223,0.9545155605755924,13.0,-0.014188736755108674,0.1471287022155074,-0.06883643813201731,0.3485716342208257
1749,-0.1955401687311226,0.822390308525518,12.0,-0.14179443257505395,0.2783285244576739,-0.1965410864564178,0.36729278966916756
1750,-0.5054257061982242,0.6032487140405396,10.0,-0.6148020990491979,0.2199492984956226,-0.4834949476206455,0.3793602161531111
1751,-2.07799009533395,0.12518156252549306,3.0,-1.3838816646084375,0.35000160882701464,-1.6516055408649761,0.46657426128362756
1752,-0.34792658275517807,0.7061507179514633,11.0,-0.4137256022544308,0.33262996438983156,-0.33772652190991787,0.3817135939780331
1753,2.1065186961962965,8.219576575099879,25.0,1.4518157837245431,0.40595595406092966,1.6730619110909026,0.4408789365994648
1754,0.24708180121096487,1.2802838372631835,15.0,-0.01062676587972095,0.14430087959924817,0.17573330478309745,0.36262306187816007
1755,-0.34792658275517807,0.7061507179514633,11.0,-0.29856391006351,0.3377193070534591,-0.33772652190991914,0.38171359397803356
1756,1.596588969320385,4.936166260692625,23.0,1.2369712145134737,0.3858061583489278,1.321759989320735,0.4036782459266954
1757,-0.5054257061982242,0.6032487140405396,10.0,-0.5899006129932988,0.24221901055560638,-0.48349494762064527,0.3793602161531109
1758,0.697144981035748,2.008011604679713,18.0,0.23712509135283444,0.32537074019669054,0.5894131980695752,0.3599273855408773
1759,1.596588969320385,4.936166260692625,23.0,0.8683325098673254,0.32541723081213236,1.3217599893207332,0.40367824592669616
1760,0.1005321740700056,1.105759217906245,14.0,0.003360860420359525,0.1408083628599371,0.05061791297252943,0.3464598698075553
1761,1.8318596976398491,6.245490589387757,24.0,1.484507988128279,0.4121901798419464,1.4892107299974235,0.41719140361946405
1762,1.1979716485120138,3.3133893838493247,21.0,0.676776786766887,0.2336899947936855,1.0004734715720973,0.3949532474452675
1763,2.8990334680463326,18.156587963476664,27.0,1.5482953914598092,0.4258949249382916,2.103650523689069,0.4875326841563211
1764,-0.5054257061982242,0.6032487140405396,10.0,-0.25485215682875145,0.32955692825500044,-0.48349494762064527,0.3793602161531109
1765,-0.5054257061982242,0.6032487140405396,10.0,-0.5762589935814499,0.2535275227012399,-0.4834949476206457,0.37936021615311166
1766,-1.2390260417132501,0.2896662033949119,6.0,-0.6843805660121729,0.1790111690392748,-1.0810281051270727,0.41649586623266316
1767,-0.34792658275517807,0.7061507179514633,11.0,-0.465068372631793,0.3177164838773631,-0.33772652190991903,0.38171359397803317
1768,2.444445163431118,11.524153802736965,26.0,1.5686017405964616,0.4305314835753062,1.877891657356254,0.46367877935191976
1769,-0.5054257061982242,0.6032487140405396,10.0,-0.3623805660888907,0.33960682760329486,-0.4834949476206467,0.37936021615311105
1770,0.697144981035748,2.008011604679713,18.0,0.49259443733014724,0.31418695763770726,0.5894131980695767,0.3599273855408782
1771,-0.34792658275517807,0.7061507179514633,11.0,-0.20202912952914323,0.3115827518958092,-0.33772652190991903,0.38171359397803345
1772,1.0217807831352292,2.7781376222037397,20.0,0.7786085260147573,0.2770586184542366,0.851372075491174,0.375811924681215
1773,-1.7433883578649005,0.1749266811222151,4.0,-1.2614828738610253,0.3479185188962324,-1.4462843505856484,0.4410032138104967
1774,1.6322327709547548,5.115283233325671,16.0,1.194218211698913,0.4424580412295128,1.2644813129699914,0.47015971428015707
1775,0.1005321740700056,1.105759217906245,14.0,0.02206621103593183,0.15522377043714794,0.05061791297252943,0.3464598698075553
1776,-0.6701157583529836,0.5116493466726845,9.0,-0.6340721245287726,0.20233130753651127,-0.6241837048022533,0.37178980877623424
1777,-0.5054257061982242,0.6032487140405396,10.0,-0.463941849137023,0.3181339368597482,-0.4834949476206467,0.37936021615311105
1778,1.3878764204451364,4.006333245765282,22.0,0.8952571076723563,0.3368267213864169,1.1599576324588683,0.40162678067885155
1779,-0.04655133361753223,0.9545155605755924,13.0,-0.10101880463861711,0.24598067471135623,-0.06883643813201798,0.3485716342208258
1780,-0.5054257061982242,0.6032487140405396,10.0,-0.45666208955839693,0.3207308741817898,-0.48349494762064654,0.37936021615311044
1781,-0.844648657419226,0.42970830651729436,8.0,-0.5094928151826703,0.29776417331329513,-0.7636638742321787,0.3782965523904105
1782,2.444445163431118,11.524153802736965,26.0,1.7057638783537683,0.46250129249327315,1.877891657356253,0.46367877935192
1783,-0.844648657419226,0.42970830651729436,8.0,-0.7025872295196901,0.18759773971764993,-0.7636638742321784,0.37829655239040977
1784,-0.5054257061982242,0.6032487140405396,10.0,-0.2413017989878314,0.3258306836491091,-0.4834949476206465,0.37936021615311083
1785,-0.844648657419226,0.42970830651729436,8.0,-0.691933513713181,0.18152416686289666,-0.7636638742321779,0.3782965523904101
1786,-1.3974276892377442,0.24723210450513108,2.0,-0.7848828826557459,0.423462615422605,-0.9537533218345605,0.5884305479094921
1787,1.8318596976398491,6.245490589387757,24.0,1.3664755312037127,0.3934995372423682,1.4892107299974247,0.41719140361946444
1788,-0.6701157583529836,0.5116493466726845,9.0,-0.5676799892113141,0.26024880991209465,-0.6241837048022527,0.37178980877623397
1789,1.3878764204451364,4.006333245765282,22.0,0.8847826747328464,0.33257039096234203,1.1599576324588676,0.4016267806788517
1790,-0.6701157583529836,0.5116493466726845,9.0,-0.5945072889276649,0.23823871726360363,-0.6241837048022522,0.37178980877623297
1791,-0.1955401687311226,0.822390308525518,12.0,-0.2235008517449852,0.32002704363141926,-0.19654108645641707,0.3672927896691672
1792,0.4861273403254198,1.6260070392941135,12.0,0.14427135544553712,0.2949254982864761,0.38139808290196986,0.42015672547548505
1793,-1.2390260417132501,0.2896662033949119,6.0,-0.7750087041665042,0.25183841092333814,-1.0810281051270723,0.416495866232663
1794,-0.1955401687311226,0.822390308525518,12.0,-0.053814505330173346,0.19529531843923603,-0.19654108645641694,0.3672927896691675
1795,2.444445163431118,11.524153802736965,26.0,1.7073966181554596,0.46287498166922575,1.877891657356255,0.46367877935192
1796,0.8557255448767115,2.3530810272594707,19.0,0.41979388333401724,0.33534640163369234,0.7172820800681681,0.3586300856373959
1797,-1.7433883578649005,0.1749266811222151,4.0,-1.142183562972145,0.3591732115495863,-1.4462843505856482,0.44100321381049656
1798,-0.5054257061982242,0.6032487140405396,10.0,-0.5250982239150765,0.28904183500305,-0.48349494762064693,0.3793602161531112
1799,0.24708180121096487,1.2802838372631835,15.0,0.007187776772051048,0.14223442580707693,0.17573330478309743,0.36262306187816
1800,2.8990334680463326,18.156587963476664,27.0,2.082067565670433,0.5397298994264597,2.1036505236890664,0.4875326841563211
1801,0.39443124038873717,1.4835401731898719,16.0,0.06805895855215273,0.212338568175846,0.3132836350983427,0.3768450002832787
1802,-0.6701157583529836,0.5116493466726845,9.0,-0.5032015661428378,0.30101903848865164,-0.6241837048022533,0.37178980877623424
1803,-0.1955401687311226,0.822390308525518,12.0,-0.10628419826878602,0.2506949600703657,-0.19654108645641766,0.3672927896691679
1804,-0.844648657419226,0.42970830651729436,8.0,-0.7680167259007079,0.24583904073788615,-0.7636638742321779,0.3782965523904101
1805,2.444445163431118,11.524153802736965,26.0,1.568562454710788,0.43052243345072544,1.8778916573562563,0.46367877935191987
1806,-0.844648657419226,0.42970830651729436,8.0,-0.6941640181685425,0.18257317992153657,-0.7636638742321767,0.3782965523904095
1807,-0.6701157583529836,0.5116493466726845,9.0,-0.5578298613052888,0.2675825380900077,-0.6241837048022527,0.3717898087762336
1808,-1.7433883578649005,0.1749266811222151,4.0,-1.0376103856914514,0.35937037510658437,-1.4462843505856484,0.44100321381049684
1809,0.1005321740700056,1.105759217906245,14.0,-0.007156995586762733,0.14221214099927024,0.05061791297252926,0.34645986980755467
1810,-0.5054257061982242,0.6032487140405396,10.0,-0.5727631283060001,0.25630365798575433,-0.4834949476206467,0.37936021615311105
1811,0.1005321740700056,1.105759217906245,14.0,-0.026370485597919754,0.16030727970182138,0.050617912972529426,0.3464598698075553
1812,-1.2390260417132501,0.2896662033949119,6.0,-0.7501333387189566,0.22972814194079919,-1.0810281051270723,0.4164958662326629
1813,-1.4716871349111675,0.22953789692248078,5.0,-0.9025430910193957,0.3288983293415011,-1.2589236990619126,0.4265034313091043
1814,-1.7433883578649005,0.1749266811222151,4.0,-1.010872572302738,0.35652466856711235,-1.4462843505856482,0.44100321381049656
1815,0.39443124038873717,1.4835401731898719,16.0,0.01225219971170749,0.14552479530708542,0.3132836350983426,0.3768450002832784
1816,1.1979716485120138,3.3133893838493247,21.0,0.7851624402512247,0.28099213153501335,1.0004734715720984,0.39495324744526766
1817,-1.2390260417132501,0.2896662033949119,6.0,-0.801762976939101,0.2730094095085009,-1.0810281051270711,0.4164958662326629
1818,-0.1955401687311226,0.822390308525518,12.0,-0.4124625804473008,0.3328943914855288,-0.19654108645641624,0.367292789669167
1819,-1.2390260417132501,0.2896662033949119,6.0,-0.9336511168178824,0.3397719800646471,-1.0810281051270711,0.41649586623266294
1820,1.0217807831352292,2.7781376222037397,20.0,0.6848318030158987,0.23412847232190995,0.8513720754911727,0.37581192468121466
1821,0.1005321740700056,1.105759217906245,14.0,0.010825306296347877,0.14445190670021524,0.050617912972529426,0.3464598698075552
1822,0.24708180121096487,1.2802838372631835,15.0,0.10658057304950053,0.25112778005502384,0.17573330478309865,0.36262306187816107
1823,-0.1955401687311226,0.822390308525518,12.0,-0.010887247007520303,0.14448569389988622,-0.19654108645641627,0.367292789669167
1824,-0.1955401687311226,0.822390308525518,12.0,-0.2017444520248854,0.31145972701637353,-0.1965410864564169,0.36729278966916745
1825,-0.844648657419226,0.42970830651729436,8.0,-0.6552280765541606,0.18578685073020929,-0.7636638742321767,0.3782965523904095
1826,-0.844648657419226,0.42970830651729436,8.0,-0.7140304046555724,0.1964432976788337,-0.7636638742321766,0.37829655239040944
1827,2.0614646829627588,7.857470088700891,23.0,1.4407767133518394,0.4151132018809493,1.6291996920424423,0.44350157788113986
1828,-0.34792658275517807,0.7061507179514633,11.0,-0.1097215583311036,0.2536805249505512,-0.33772652190991903,0.38171359397803345
1829,-0.04655133361753223,0.9545155605755924,13.0,-0.02224356720630288,0.15540521849096361,-0.06883643813201758,0.3485716342208263
1830,-0.5054257061982242,0.6032487140405396,10.0,-0.5014827870416211,0.3018827549032719,-0.48349494762064693,0.3793602161531112
1831,-0.6701157583529836,0.5116493466726845,9.0,-0.6625103621895037,0.18182151521714368,-0.6241837048022533,0.3717898087762343
1832,-1.2390260417132501,0.2896662033949119,6.0,-0.691354645259444,0.18127354532624285,-1.0810281051270711,0.4164958662326629
1833,1.596588969320385,4.936166260692625,23.0,1.137271295368264,0.3830462103244598,1.321759989320733,0.4036782459266955
1834,1.3878764204451364,4.006333245765282,22.0,1.0399377693766803,0.37443633048389363,1.1599576324588676,0.40162678067885116
1835,1.3878764204451364,4.006333245765282,22.0,1.1801047273997596,0.384511843701224,1.1599576324588678,0.40162678067885116
1836,-1.032591748752255,0.3560828862260718,7.0,-0.6609033983975624,0.1825879838967353,-0.9142302856711219,0.3986936204952651
1837,-1.032591748752255,0.3560828862260718,7.0,-0.7578854744429078,0.23683386492996195,-0.9142302856711234,0.39869362049526536
1838,0.5439537029205247,1.7228048733303707,17.0,0.05813196960006982,0.20065021910530167,0.45509484317767107,0.3732308407927705
1839,0.1005321740700056,1.105759217906245,14.0,0.029872353254432184,0.16469692348773388,0.05061791297252943,0.3464598698075553
1840,0.24708180121096487,1.2802838372631835,15.0,0.027698139411092816,0.161970707887734,0.17573330478309807,0.36262306187816057
1841,-0.5054257061982242,0.6032487140405396,10.0,-0.3024870752605064,0.33817356267011955,-0.4834949476206465,0.37936021615311083
1842,-0.04655133361753223,0.9545155605755924,13.0,-0.04007890564388825,0.17781510537852505,-0.06883643813201734,0.3485716342208257
1843,2.1065186961962965,8.219576575099879,25.0,1.4843730927533634,0.41216313428913914,1.6730619110909029,0.440878936599465
1844,-0.39629499794273054,0.6728081896275571,4.0,-0.3628134775028745,0.4010049900356257,-0.30593506606288107,0.5556528053103518
1845,0.8557255448767115,2.3530810272594707,19.0,0.6979895756122685,0.23647313785654095,0.7172820800681696,0.35863008563739746
1846,-0.34792658275517807,0.7061507179514633,11.0,-0.31427565008537733,0.33926935188138024,-0.3377265219099189,0.38171359397803356
1847,3.6403281455438465,38.10433844295665,28.0,2.2630738133963395,0.5738072695431637,2.356939532594625,0.5205817041225441
1848,1.2793740519109682,3.594389120260656,19.0,0.742341957226349,0.27663385913988053,1.0524829523169787,0.4114009839851822
1849,-0.2517075429551677,0.7774720820107015,8.0,-0.19090804634676858,0.32035000075573306,-0.24226327270917142,0.4290468866983346
1850,-0.34792658275517807,0.7061507179514633,11.0,-0.19043017807567952,0.30632606313247457,-0.33772652190991903,0.38171359397803317
1851,2.1065186961962965,8.219576575099879,25.0,1.3801102986327032,0.3950693009337818,1.6730619110909024,0.4408789365994647
1852,-0.04655133361753223,0.9545155605755924,13.0,-0.21598980423229394,0.3172574750540642,-0.06883643813201669,0.3485716342208256
1853,-0.04655133361753223,0.9545155605755924,13.0,-0.016683376974395127,0.1494527986194715,-0.06883643813201734,0.3485716342208257
1854,-0.5054257061982242,0.6032487140405396,10.0,-0.573512311336754,0.2557130122016169,-0.48349494762064527,0.3793602161531109
1855,0.39443124038873717,1.4835401731898719,16.0,0.336267879109684,0.3422067733021861,0.3132836350983416,0.37684500028327833
1856,0.697144981035748,2.008011604679713,18.0,0.42641933786292524,0.3340062417017283,0.5894131980695756,0.3599273855408768
1857,0.5439537029205247,1.7228048733303707,17.0,0.17928313661158082,0.3012343329026096,0.45509484317767107,0.3732308407927705
1858,-0.1955401687311226,0.822390308525518,12.0,-0.03733205434577337,0.174253370131905,-0.19654108645641624,0.367292789669167
1859,0.5439537029205247,1.7228048733303707,17.0,0.2342046453923048,0.32442812761825374,0.4550948431776725,0.37323084079277036
1860,-0.34792658275517807,0.7061507179514633,11.0,-0.17203328898168424,0.29691926613536856,-0.3377265219099179,0.38171359397803334
1861,0.8557255448767115,2.3530810272594707,19.0,0.6205912576769277,0.2495665089885211,0.7172820800681697,0.3586300856373971
1862,-1.3221945265883641,0.2665497092274281,4.0,-0.8780552231295207,0.3420144634391635,-1.0856063421834417,0.47049438143335287
1863,-0.6701157583529836,0.5116493466726845,9.0,-0.6546161485808615,0.18617345462534363,-0.6241837048022533,0.37178980877623424
1864,-0.34792658275517807,0.7061507179514633,11.0,-0.584164123846829,0.24706447896357495,-0.33772652190991903,0.38171359397803317
1865,-0.6701157583529836,0.5116493466726845,9.0,-0.5107510758341979,0.29709542265888783,-0.6241837048022533,0.3717898087762343
1866,-1.032591748752255,0.3560828862260718,7.0,-0.668943084390757,0.1794575282319894,-0.9142302856711234,0.39869362049526524
1867,-0.5054257061982242,0.6032487140405396,10.0,-0.47562423310902907,0.3135986551657759,-0.48349494762064527,0.3793602161531109
1868,-0.04655133361753223,0.9545155605755924,13.0,-0.05114353208665343,0.19196655987698732,-0.06883643813201734,0.3485716342208257
1869,-0.34792658275517807,0.7061507179514633,11.0,-0.08559023940589457,0.23113251454382644,-0.337726521909919,0.38171359397803334
1870,-1.4716871349111675,0.22953789692248078,5.0,-0.8858127001586598,0.3219305485584537,-1.2589236990619115,0.4265034313091038
1871,-0.34792658275517807,0.7061507179514633,11.0,-0.38957053820514653,0.3368681396026773,-0.33772652190991914,0.38171359397803356
1872,0.5439537029205247,1.7228048733303707,17.0,0.16262268819983317,0.29193867912813415,0.45509484317767274,0.3732308407927708
1873,-0.6701157583529836,0.5116493466726845,9.0,-0.443273435406624,0.32505936854071077,-0.6241837048022522,0.3717898087762333
1874,-1.2390260417132501,0.2896662033949119,6.0,-0.7483815017307979,0.22810139944567231,-1.0810281051270711,0.4164958662326629
1875,2.444445163431118,11.524153802736965,26.0,1.7033536713552018,0.46194904759150784,1.8778916573562545,0.46367877935191987
1876,0.697144981035748,2.008011604679713,18.0,0.5730311487085108,0.2754302182524341,0.5894131980695752,0.3599273855408773
1877,0.1005321740700056,1.105759217906245,14.0,0.01122831487265875,0.14474410513801694,0.05061791297252942,0.3464598698075553
1878,-0.5054257061982242,0.6032487140405396,10.0,-0.5354936304967358,0.28270168877962293,-0.4834949476206467,0.37936021615311105
1879,-0.6701157583529836,0.5116493466726845,9.0,-0.4688402570497747,0.31628803508988207,-0.6241837048022522,0.3717898087762329
1880,1.596588969320385,4.936166260692625,23.0,0.9855536781828842,0.36452210101501703,1.3217599893207346,0.40367824592669505
1881,-0.1955401687311226,0.822390308525518,12.0,-0.019405153367634775,0.15225151930392164,-0.19654108645641694,0.3672927896691675
1882,-1.2390260417132501,0.2896662033949119,6.0,-0.689121695827389,0.18039396897598495,-1.0810281051270736,0.4164958662326631
1883,-0.34792658275517807,0.7061507179514633,11.0,-0.27681869123276,0.33437907245295007,-0.3377265219099178,0.3817135939780333
1884,1.1979716485120138,3.3133893838493247,21.0,0.7554966732553274,0.26321004998988196,1.0004734715720984,0.3949532474452676
1885,1.0217807831352292,2.7781376222037397,20.0,0.7176856251956272,0.2432743986140767,0.8513720754911754,0.3758119246812155
1886,-0.844648657419226,0.42970830651729436,8.0,-0.7082891205940748,0.19177528968158997,-0.7636638742321779,0.3782965523904101
1887,1.3878764204451364,4.006333245765282,22.0,1.1203460861214967,0.38218132352979023,1.159957632458867,0.4016267806788514
1888,1.596588969320385,4.936166260692625,23.0,1.2841853011997646,0.3873640327776837,1.321759989320735,0.4036782459266955
1889,-0.5054257061982242,0.6032487140405396,10.0,-0.622859058196422,0.21251270036933348,-0.48349494762064504,0.3793602161531107
1890,-1.2390260417132501,0.2896662033949119,6.0,-0.9266157035905556,0.33753898450101844,-1.0810281051270714,0.4164958662326631
1891,0.8557255448767115,2.3530810272594707,19.0,0.6367079146443402,0.24229923015268795,0.7172820800681681,0.3586300856373962
1892,-1.2390260417132501,0.2896662033949119,6.0,-0.84994944633919,0.30408023448852917,-1.0810281051270736,0.41649586623266316
1893,-0.34792658275517807,0.7061507179514633,11.0,-0.30185175372078266,0.3381030477640796,-0.33772652190991787,0.3817135939780331
1894,2.8990334680463326,18.156587963476664,27.0,1.7538191757809922,0.4733467904783192,2.103650523689066,0.4875326841563209
1895,3.6403281455438465,38.10433844295665,28.0,1.906416614967619,0.5055668257192916,2.3569395325946267,0.5205817041225442
1896,1.0217807831352292,2.7781376222037397,20.0,0.720545292583451,0.2445300921235669,0.851372075491174,0.375811924681215
1897,-0.34792658275517807,0.7061507179514633,11.0,-0.5555994268610418,0.26918609044398073,-0.33772652190992014,0.3817135939780337
1898,-0.1955401687311226,0.822390308525518,12.0,-0.034183168914385983,0.17017885068376187,-0.1965410864564161,0.3672927896691673
1899,-1.7433883578649005,0.1749266811222151,4.0,-1.379714442516912,0.3494422240379412,-1.4462843505856462,0.4410032138104966
1900,0.8557255448767115,2.3530810272594707,19.0,0.635879338760462,0.24263424987846322,0.717282080068169,0.3586300856373968
1901,0.39443124038873717,1.4835401731898719,16.0,0.06854717389240034,0.21289527323475174,0.31328363509834156,0.3768450002832783
1902,1.596588969320385,4.936166260692625,23.0,1.1623902390547356,0.38400525979671846,1.3217599893207337,0.4036782459266954
1903,-1.606659863770427,0.2005563822033271,1.0,-0.6841809306351488,0.5452932639439966,-0.8682910620420795,0.684199771791874
1904,2.444445163431118,11.524153802736965,26.0,1.8980711551679732,0.5038832437002431,1.8778916573562556,0.4636787793519202
1905,1.3878764204451364,4.006333245765282,22.0,1.0105567247923406,0.36963360354998476,1.1599576324588683,0.40162678067885144
1906,0.7111879606416573,2.0364089960115774,14.0,0.3509329739312487,0.3500531562808733,0.5749980247552283,0.40139102665492316
1907,2.1065186961962965,8.219576575099879,25.0,1.5956265043751292,0.4368090569283431,1.6730619110909009,0.4408789365994645
1908,-1.4716871349111675,0.22953789692248078,5.0,-1.1514566152141381,0.3584862892550243,-1.258923699061912,0.42650343130910395
1909,-2.0119109961266655,0.13373286733175965,2.0,-1.2378224199383998,0.43259835573860683,-1.4666532642759114,0.5286156766497947
1910,-1.032591748752255,0.3560828862260718,7.0,-0.8435013849791714,0.3004175566693359,-0.9142302856711233,0.39869362049526547
1911,2.8990334680463326,18.156587963476664,27.0,2.0668303864867723,0.5368315534220313,2.1036505236890677,0.4875326841563214
1912,-0.6701157583529836,0.5116493466726845,9.0,-0.5239366487642266,0.2897235921786313,-0.6241837048022527,0.3717898087762336
1913,-0.1955401687311226,0.822390308525518,12.0,-0.04926430518675419,0.18960026771496546,-0.19654108645641627,0.367292789669167
1914,-1.4716871349111675,0.22953789692248078,5.0,-0.9454230297201371,0.3432261726316004,-1.2589236990619113,0.4265034313091043
