item,a,b
bg_know_q1,0.43397307440407323,-1.8003325879747898
bg_know_q2,1.05926273113838,-0.11005716941676917
bg_know_q3,0.9232577614955151,-0.07549953896794996
bg_know_q4,1.6270838952488946,-0.3101633447189416
bg_know_q5,1.866050230185736,-0.3410859740019573
bg_know_q6,0.8149143489645871,0.34826147380577616
bg_know_q7,1.6243534564185163,0.41566655133678093
bg_know_q8,0.5933765454349548,1.2190287372435957
bg_know_q9,1.8791280351937782,-0.21599948879811184
