item,section_prompt,item_text,combined_text,CGCoT_Breakdown_gemini-3-flash-preview,CGCoT_Breakdown_gemini-3.1-pro-preview,CGCoT_Breakdown_gemini-3.7-flash,CGCoT_Breakdown_gpt-5.4-mini,CGCoT_Breakdown_gpt-5.4,CGCoT_Breakdown_gpt-5.6-luna,CGCoT_Breakdown_gpt-5.6-sol,a_2PL,b_2PL,b_1PL,BT_Item_Score_Bipartite,BT_Item_Strength_Bipartite,BT_Item_Total_Wins_Bipartite,table,Bradley_Terry_Log_Score_gemini-3-flash-preview,Bradley_Terry_Log_SE_gemini-3-flash-preview,Bradley_Terry_Z_Score_gemini-3-flash-preview,Bradley_Terry_Z_SE_gemini-3-flash-preview,Bradley_Terry_Log_Score_gemini-3.1-pro-preview,Bradley_Terry_Log_SE_gemini-3.1-pro-preview,Bradley_Terry_Z_Score_gemini-3.1-pro-preview,Bradley_Terry_Z_SE_gemini-3.1-pro-preview,Bradley_Terry_Log_Score_gemini-3.7-flash,Bradley_Terry_Log_SE_gemini-3.7-flash,Bradley_Terry_Z_Score_gemini-3.7-flash,Bradley_Terry_Z_SE_gemini-3.7-flash,Bradley_Terry_Log_Score_gpt-5.4-mini,Bradley_Terry_Log_SE_gpt-5.4-mini,Bradley_Terry_Z_Score_gpt-5.4-mini,Bradley_Terry_Z_SE_gpt-5.4-mini,Bradley_Terry_Log_Score_gpt-5.4,Bradley_Terry_Log_SE_gpt-5.4,Bradley_Terry_Z_Score_gpt-5.4,Bradley_Terry_Z_SE_gpt-5.4,Bradley_Terry_Log_Score_gpt-5.6-luna,Bradley_Terry_Log_SE_gpt-5.6-luna,Bradley_Terry_Z_Score_gpt-5.6-luna,Bradley_Terry_Z_SE_gpt-5.6-luna,Bradley_Terry_Log_Score_gpt-5.6-sol,Bradley_Terry_Log_SE_gpt-5.6-sol,Bradley_Terry_Z_Score_gpt-5.6-sol,Bradley_Terry_Z_SE_gpt-5.6-sol
s_vocab_34_2021,,Choose two words that best go with the word physical characteristics.,"Choose two words that best go with the word physical characteristics.
looks like
acts like
sleeps
claws","Original Text: Choose two words that best go with the word physical characteristics.
looks like
acts like
sleeps
claws
Select two vocabulary choices that categorize as observable bodily traits or external appearances.
This analysis identifies the primary knowledge domain and cognitive skill measured by the item regarding the selection of terms associated with physical characteristics.

**Primary Knowledge Domain and Skill:** Biological Science / Conceptual Categorization

**Justification:** The item measures the ability to distinguish between observable anatomical traits (""looks like,"" ""claws"") and behavioral patterns (""acts like,"" ""sleeps"") to accurately define the domain of physical characteristics.
This analysis evaluates the cognitive demand and structural complexity of the item regarding the categorization of ""physical characteristics.""

**Cognitive Demand**
This ability item requires **multi-step reasoning** and **synthesis**. The respondent must first define the abstract category of ""physical characteristics"" and then synthesize that definition with the provided options to distinguish between observable anatomical traits and behavioral patterns.

**Structural and Semantic Elements**
*   **Multi-select Constraint:** Requiring exactly two choices increases cognitive load by forcing a comparative evaluation of all options rather than identifying a single correct answer.
*   **Categorical Distractors:** The inclusion of ""acts like"" and ""sleeps"" serves as functional/behavioral distractors, requiring the respondent to apply a strict exclusion criterion to separate actions from physical attributes.
*   **Vague Phrasing:** The phrase ""best go with"" necessitates an inferential leap to determine that the relationship is one of categorical membership rather than mere association.
The level of the underlying latent trait—specifically cognitive ability and verbal reasoning—required for this item is **low to moderate**, as it necessitates basic semantic categorization and the ability to distinguish between observable physical attributes and behavioral patterns.","Original Text: Choose two words that best go with the word physical characteristics.
looks like
acts like
sleeps
claws
The core task presented in this item is to select two terms from a provided list of four options that most accurately relate to the concept of physical traits.
To identify the primary construct or domain being measured by the provided text and justify this classification:

**Primary Knowledge Domain / Skill:** Semantic categorization and basic biological vocabulary (differentiating physical traits from behavioral traits).

**Justification:** The item requires the respondent to understand the concept of ""physical characteristics"" by successfully isolating terms related to physical appearance and anatomy (""looks like,"" ""claws"") from terms related to behavior (""acts like,"" ""sleeps"").
Assessing the cognitive demand and structural complexity of matching two related terms to the concept of ""physical characteristics.""

This cognitive item requires multi-step reasoning. The respondent must first recall the definition of a physical trait, evaluate each option against this definition, and synthesize these evaluations to satisfy the multiple-selection constraint. 

Structural and semantic elements increasing cognitive load include:
*   **Multiple-response format:** The instruction to ""Choose two words"" requires holding multiple evaluations in working memory rather than stopping at a single correct answer.
*   **Relational phrasing:** ""Best go with"" is semantically broad, requiring conceptual mapping rather than direct synonym identification.
*   **Tricky distractors:** ""Acts like"" and ""sleeps"" represent behavioral characteristics, forcing the respondent to actively distinguish between physical and behavioral traits.
Regarding the degree of the underlying latent trait necessary to successfully answer this item, a very low level of cognitive ability and basic reading comprehension is required, as distinguishing physical attributes from behavioral actions is an elementary vocabulary skill.","Original Text: Choose two words that best go with the word physical characteristics.
looks like
acts like
sleeps
claws
The core task requires identifying and selecting two options from a provided list that best represent or relate to the concept of physical characteristics.
**Target Construct:** Semantic categorization and basic biological concept comprehension (specifically distinguishing physical traits from behavioral traits).

**Justification:** This item evaluates a learner's understanding of the concept of ""physical characteristics"" by requiring them to identify observable, anatomical, and structural features (""looks like,"" ""claws"") while differentiating them from behavioral attributes and actions (""acts like,"" ""sleeps"").
This analysis evaluates the cognitive demand and structural complexity of the provided vocabulary classification item.

* **Cognitive Demand:** The item requires low-to-moderate cognitive demand centered on **basic categorization and conceptual synthesis**, requiring the test-taker to distinguish between external anatomical/observable traits (physical characteristics) and behavioral actions.
* **Structural and Semantic Elements Increasing Load:**
  * **Multi-Response Format:** The instruction to ""choose two words"" slightly increases processing load compared to standard single-selection items.
  * **Behavioral Distractors:** Options like ""acts like"" and ""sleeps"" serve as near-concept distractors, requiring the respondent to actively differentiate behavioral patterns from physical attributes.
  * **Grammatical/Syntactic Asymmetry:** The options mix descriptive phrases (""looks like,"" ""acts like""), a verb (""sleeps""), and a concrete noun (""claws""), creating minor structural noise that requires additional semantic parsing.
To successfully answer this item assessing the components of physical traits, a respondent requires a **low to moderate level** of the underlying latent trait, specifically basic verbal reasoning, elementary reading comprehension, and foundational scientific categorization skills.","Original Text: Choose two words that best go with the word physical characteristics.
looks like
acts like
sleeps
claws
The task is to identify the two words that best relate to physical characteristics: **looks like** and **claws**.
Primary construct: semantic association / vocabulary knowledge.

Justification: The item asks the respondent to select words most closely related in meaning to “physical characteristics,” which measures understanding of word relationships and category association rather than a clinical symptom or attitude.
This is a low-demand vocabulary association item. It mainly requires simple recall and basic semantic matching, not multi-step reasoning or synthesis. The threshold is low: the task is to pick two related words, with no severe symptom, strong belief, or deep introspection involved. Structural load is modest, but the “choose two” instruction adds a small selection constraint; the distractors are straightforward and not especially tricky.
This item requires a low level of the underlying trait: basic verbal-semantic association and category matching, with no strong cognitive or psychological demand.","Original Text: Choose two words that best go with the word physical characteristics.
looks like
acts like
sleeps
claws
The item asks you to pick the two words that best match “physical characteristics.”
This item is primarily measuring **verbal semantic categorization / vocabulary-based reasoning**. It asks the respondent to identify which options are conceptually associated with **physical characteristics**, requiring understanding of word meanings and classification of attributes (e.g., appearance/body features vs behavior or actions).
This asks for the cognitive demand and any wording features that affect difficulty.

Low demand: mainly simple semantic association/recall, not multi-step reasoning or synthesis. The task is straightforward categorization of which options relate to “physical characteristics.” Mild cognitive load comes from the instruction “choose two,” which requires comparing all four options and inhibiting plausible but incorrect associations. Structurally, “looks like” and “claws” fit physical traits, while “acts like” and “sleeps” are behavioral, creating basic trait-vs-behavior discrimination. No conditional logic, emotional wording, or high endorsement threshold.
This item appears to require a relatively low to moderate level of the underlying trait, since identifying “looks like” and “acts like” as the two words most associated with “physical characteristics” depends more on basic verbal/conceptual understanding than on especially high ability or extreme endorsement.","Original Text: Choose two words that best go with the word physical characteristics.
looks like
acts like
sleeps
claws
Choose the two options that describe physical characteristics: appearance and claws.
**Primary construct:** Vocabulary and semantic categorization—specifically, distinguishing physical characteristics from behaviors. **Justification:** “Looks like” and “claws” describe observable physical attributes, whereas “acts like” and “sleeps” describe behavior or actions.
This is a low-demand verbal-association item requiring basic semantic matching, not multi-step reasoning or synthesis. The best matches are likely **“looks like”** and **“claws,”** both linked to physical appearance or features. Cognitive load is slightly increased by sparse context, mixed response formats (a phrase versus single words), and mild ambiguity in what “go with” means; **“acts like”** is a plausible distractor contrasting physical appearance with behavior.
This item requires a relatively low-to-moderate level of verbal comprehension and semantic categorization: recognizing that “looks like” and “claws” relate to physical characteristics, while the alternatives describe behavior.","Original Text: Choose two words that best go with the word physical characteristics.
looks like
acts like
sleeps
claws
Select the two words most closely associated with physical characteristics.
**Domain: Vocabulary/semantic association.** The item measures understanding that “physical characteristics” refers to what something **looks like** and bodily features such as **claws**, rather than behaviors like acting or sleeping.
This is a low-demand vocabulary/classification item requiring simple semantic association and selection of two answers (“looks like,” “claws”). Cognitive load is slightly increased by the two-response format and the distractor “acts like,” but there is no multi-step reasoning, complex phrasing, conditional logic, or emotional content.
A low level of the underlying cognitive ability is required, as the item involves a straightforward distinction between physical features and behaviors.",0.6384880469380674,3.1845240320081487,2.2479478021778267,2.5460134319141963,12.756149026238528,1183.0,gilbert_meta_7,0.539527199502077,0.3689564904506431,0.45864551281158683,0.3136454268182769,-1.6633367123238698,0.4433912743207597,-1.4041872505352482,0.3743104867383939,0.5396258003620247,0.3719970806401202,0.4565056895056593,0.31469730260818185,-0.9203930387737406,0.36971662909357267,-1.143916737655654,0.4595048228235594,-2.1973895092436315,0.5193119646703058,-2.0407305939355536,0.482288556326211,0.17860562919241008,0.3599271777080597,0.1651134968939806,0.3327377485652304,-1.0188705324426066,0.3962111137805849,-0.8897131434940976,0.34598530853956067
s_vocab_18_2021,,Choose two words that best go with the word theory.,"Choose two words that best go with the word theory.
idea
argument
theme
fairy","Original Text: Choose two words that best go with the word theory.
idea
argument
theme
fairy
Identify two terms from the provided options that are most closely associated with the concept of a ""theory.""
This assessment identifies the underlying construct measured by the word association task for the term ""theory.""

**Primary Construct:** Verbal reasoning and semantic association.

**Justification:** The item evaluates the respondent's ability to recognize conceptual relationships and linguistic collocations by requiring the selection of abstract nouns that align with the formal definition of ""theory.""
This analysis evaluates the cognitive demand and structural complexity of the word association item for ""theory.""

**Cognitive Demand**
This cognitive item requires **synthesis** and **multi-step reasoning**. The respondent must evaluate the semantic proximity of four distinct concepts to ""theory"" and perform a comparative analysis to select the two strongest associations.

**Structural and Semantic Elements**
*   **Multiple-Selection Constraint:** Requiring two answers instead of one increases cognitive load by forcing the respondent to weigh the relative strength of all options against each other.
*   **Semantic Distractors:** ""Theme"" serves as a plausible distractor due to its frequent co-occurrence with ""theory"" in academic discourse, requiring the respondent to distinguish between a structural component (""argument"") and a topical category (""theme"").
*   **Register Nuance:** The item tests the ability to differentiate between the informal use of theory as an ""idea"" and its formal application as an ""argument,"" increasing the threshold for accuracy.
To describe the level of the latent trait required for this item, the respondent must possess a **low to moderate** level of verbal reasoning and academic literacy. Success requires the ability to identify conceptual associations between abstract nouns and recognize ""idea"" and ""argument"" as formal components of a ""theory"" while rejecting semantically distant or colloquial distractors.","Original Text: Choose two words that best go with the word theory.
idea
argument
theme
fairy
The core task presented in this item is to identify and select two words from a provided list of four that are most conceptually related to the target word ""theory.""
The objective is to determine the primary construct or skill assessed by the provided text and briefly justify this classification.

**Primary Skill/Construct:** Verbal reasoning and semantic knowledge. 

**Justification:** The item requires the individual to understand the definition of the target word (""theory"") and identify conceptually related terms from a list, which directly evaluates vocabulary comprehension and semantic association.
In analyzing the cognitive demand and structural elements that elevate the difficulty of this semantic association task:

This cognitive item requires multi-step reasoning and synthesis to weigh the relational proximity of each option to the target word. The structural requirement to ""choose two"" increases cognitive load by demanding multiple correct selections rather than a single answer. Semantically, the phrase ""best go with"" introduces ambiguity, requiring subjective judgment of word association rather than simple definitional recall. Additionally, ""theme"" functions as a tricky distractor by sharing a broad conceptual domain with ""theory,"" forcing finer discrimination compared to the obvious outlier, ""fairy.""
In assessing the magnitude of the underlying latent trait necessary to correctly answer this item, a low level of verbal reasoning and general cognitive ability is required due to the elementary vocabulary and the obvious nature of the unrelated distractor.","Original Text: Choose two words that best go with the word theory.
idea
argument
theme
fairy
The core task is to identify two terms from a four-option list that share the strongest conceptual or semantic association with the word ""theory.""
This item assesses the psychological construct of **verbal ability**, specifically **semantic knowledge and conceptual association**. It requires the test-taker to recognize meaningful lexical relationships by correctly pairing the target concept ""theory"" with its related semantic associates (""idea"" and ""argument"") while rejecting unrelated distractors.
**Cognitive Demand and Complexity Analysis:**

* **Processing Level:** This cognitive item evaluates verbal reasoning and semantic association, requiring **multi-step reasoning and synthesis** rather than simple rote recall to discern abstract conceptual relationships.
* **Dual-Selection Requirement:** The constraint to identify two correct answers simultaneously increases working memory load compared to a standard single-choice format.
* **Semantic Nuance and Distractors:** While ""fairy"" serves as an obvious non-viable distractor, ""theme"" introduces moderate semantic interference as a plausible abstract concept, requiring the test-taker to finely distinguish general conceptual frameworks (""idea,"" ""argument"") from literary motifs.
The level of the underlying latent trait—specifically verbal comprehension and semantic reasoning ability—required to correctly identify the conceptual associations for the target word is low-to-moderate, reflecting basic to average cognitive ability.","Original Text: Choose two words that best go with the word theory.
idea
argument
theme
fairy
The task is to identify the two words that best relate to “theory” from the given options.
Primary construct: verbal reasoning / semantic association.

Justification: It measures the ability to identify words that are most closely related in meaning or association to “theory”; “idea” and “argument” fit best.
This is a low-demand vocabulary association item: it asks for word matching rather than recall of facts or multi-step reasoning. The core task is to identify two semantically related words to “theory,” with no psychological severity threshold involved. The main load comes from a small set of close distractors and the need to distinguish abstract semantic relations; “idea” and “argument” are the likely matches, while “theme” and “fairy” are weaker distractors.
This item requires a moderate level of verbal reasoning and semantic association, with a relatively low-to-moderate latent trait demand: the respondent must recognize that “theory” most strongly pairs with “idea” and “argument,” rather than the distractors.","Original Text: Choose two words that best go with the word theory.
idea
argument
theme
fairy
The task is to select the two words most closely associated with “theory” from the options: idea, argument, theme, and fairy.
This item is measuring verbal semantic association / vocabulary knowledge, specifically understanding the meaning of “theory” and selecting semantically related words. “Idea” and “argument” fit because they are conceptually connected to “theory,” whereas “theme” and “fairy” are less directly related.
This asks for the cognitive demand and any wording features that affect difficulty. It is a low-demand verbal association item: mainly simple semantic recall/recognition rather than multi-step reasoning or synthesis. The main load comes from selecting two responses instead of one and distinguishing close-but-weaker associates (“idea,” “argument”) from clearer distractors (“theme,” “fairy”). Phrasing is simple, with no conditional logic or emotional/severe endorsement threshold.
This item appears to require a moderately high level of the underlying trait, since correctly linking theory with idea and argument depends on fairly strong verbal-conceptual reasoning rather than simple word association.","Original Text: Choose two words that best go with the word theory.
idea
argument
theme
fairy
Select the two words that most appropriately pair with “theory” from the given options.
**Primary construct:** Verbal reasoning and semantic association.  

**Justification:** The item assesses the ability to identify words conceptually related to “theory,” most plausibly **idea** and **argument**, rather than unrelated or less directly associated terms such as “fairy.”
This is a low-demand verbal-association item requiring lexical recall and semantic judgment, not multi-step reasoning or synthesis. The respondent must identify two natural pairings with “theory” (likely “idea” and “argument”). Its simple imperative and absence of conditional logic minimize cognitive load, though semantic ambiguity and multiple potentially defensible associations may slightly increase difficulty.
This item requires a **low-to-moderate level of verbal reasoning and vocabulary**, involving recognition of common semantic associations with “theory,” rather than advanced cognitive ability.","Original Text: Choose two words that best go with the word theory.
idea
argument
theme
fairy
Select the two words most closely associated with “theory” from the listed options.
**Construct:** Verbal semantic association/vocabulary knowledge.  
**Justification:** The item requires identifying the words most closely related in meaning to “theory” (“idea” and “argument”) rather than unrelated options.
Low-to-moderate cognitive demand: it requires basic vocabulary recall and semantic association, not multi-step reasoning or synthesis. Choosing two answers adds comparison demand; “theme” is a plausible distractor because it is conceptually related. No complex phrasing, conditional logic, or emotional endorsement threshold.
The item requires a moderate level of verbal reasoning and vocabulary ability to identify the two concepts most closely associated with “theory.”",1.01029932494715,1.561322655681043,1.6420788723788593,1.883458699235524,6.576210708158984,1095.0,gilbert_meta_7,1.5871647949955339,0.43771821439379316,1.3492294957307736,0.3720989323483413,0.016893662525366393,0.3844077613227961,0.014261613633130549,0.3245166618742711,1.58576146074119,0.4491525249791088,1.341502071512336,0.37996827240513337,1.2259696583157624,0.4271514277697393,1.5237047141010986,0.5308880523372074,0.9061576868877699,0.41624690206998827,0.8415548116447827,0.3865713311690068,1.127466590268594,0.40357986149438013,1.0422961033878284,0.373092844322049,1.5729489790934321,0.4529967429929713,1.3735536912526047,0.395572492645004
s_vocab_33_2021,,Choose two words that best go with the word habitat.,"Choose two words that best go with the word habitat.
weather
place
forest
wing","Original Text: Choose two words that best go with the word habitat.
weather
place
forest
wing
Identify two words from the provided list that are most semantically related to the term ""habitat.""
This item measures **vocabulary knowledge and semantic association** by requiring the identification of synonyms and categorical examples related to the target word ""habitat."" The task assesses the ability to recognize ""place"" as a defining characteristic and ""forest"" as a specific instance, demonstrating an understanding of the word's meaning and conceptual relationships.
This analysis evaluates the cognitive demand and structural complexity of the vocabulary association item for the word ""habitat.""

**Cognitive Demand**
This item requires **multi-step reasoning** and **synthesis**. The respondent must first retrieve the definition of ""habitat,"" evaluate the semantic relationship of each option, and synthesize these relationships to identify the two most relevant associations.

**Structural and Semantic Elements**
*   **Multiple-Response Constraint:** Requiring two selections instead of one increases cognitive load by forcing the respondent to compare options against each other rather than just identifying a single correct synonym.
*   **Varying Abstraction Levels:** The correct answers operate on different semantic levels; ""place"" is a broad categorical synonym, while ""forest"" is a specific exemplar. This requires navigating different levels of conceptual hierarchy.
*   **Thematic Distractor:** ""Weather"" serves as a plausible distractor because it is semantically related to the broader theme of environment, requiring the respondent to distinguish between a location and its conditions.
To successfully identify the semantic associations for the word ""habitat,"" a respondent requires a **low to moderate** level of the underlying latent trait, specifically verbal ability or basic ecological literacy. This item necessitates a foundational understanding of vocabulary and the ability to recognize both a synonym (""place"") and a categorical example (""forest""), skills typically acquired during primary or early secondary education.","Original Text: Choose two words that best go with the word habitat.
weather
place
forest
wing
The core task presented in this item is to select two words from a provided list of four options that are most closely associated with the target word ""habitat.""
To identify the primary construct measured by the provided text and justify this classification:

**Primary Construct:** Semantic knowledge (Vocabulary)
**Justification:** The item requires the respondent to understand the definition of the target word (""habitat"") and recognize its categorical and associative relationships to the correct options (""place"" and ""forest"") among unrelated distractors.
To evaluate the cognitive demand and structural elements that increase the difficulty of this item:

This cognitive item requires recall of the target word's definition and multi-step reasoning to evaluate multiple semantic relationships. The instruction to ""choose two words"" increases cognitive load by requiring multiple correct selections. The phrase ""best go with"" introduces semantic ambiguity, forcing the reader to synthesize broad associations (a hypernym like ""place"" and a hyponym like ""forest"") rather than identifying a direct synonym. The distractor ""weather"" adds minor difficulty as a tangentially related environmental concept.
Regarding the degree of the underlying latent trait necessary to correctly answer this question, a low to moderate level of cognitive ability and verbal reasoning is required, as identifying basic semantic associations with a common word relies on foundational vocabulary skills rather than advanced cognitive proficiency.","Original Text: Choose two words that best go with the word habitat.
weather
place
forest
wing
The core task is to select two options from a four-word list that are most closely associated with the concept of a habitat.
**Primary Construct Measured:** Vocabulary Comprehension and Semantic Association (Life Science / Ecology)

**Justification:** This item assesses a learner's conceptual vocabulary knowledge and ability to identify semantic relationships by requiring them to distinguish terms that define or exemplify the target word ""habitat"" (such as ""place"" and ""forest"") from unrelated or distantly related concepts.
**Demand Level:** 
This cognitive ability item primarily requires semantic recall, conceptual categorization, and basic relational reasoning to identify both a superordinate definition (""place"") and an exemplar (""forest"") of the target concept.

**Elements Increasing Cognitive Load:**
* **Multi-Selection Requirement:** The constraint to identify two correct answers rather than a single best option increases working memory demands.
* **Semantic Distractor:** The option ""weather"" serves as a plausible, competing distractor due to its strong contextual association with environments, requiring the test-taker to distinguish between direct categorical/exemplar relationships and environmental co-occurrence.
To successfully identify the words associated with ""habitat,"" a respondent requires a low-to-moderate level of the underlying latent trait of verbal reasoning and foundational vocabulary comprehension.","Original Text: Choose two words that best go with the word habitat.
weather
place
forest
wing
The task is to identify the two words that best relate to “habitat” from the given choices.
Primary domain: vocabulary/semantic association.

Justification: It measures the ability to identify words most closely related in meaning to “habitat,” with “place” and “forest” being the best matches.
This is a low-demand vocabulary association item: it mainly requires simple recall/recognition of word meaning and basic semantic matching, not multi-step reasoning or synthesis. The endorsement threshold is low because the task is just to select two related words. The only mild load-increasing feature is the need to infer the best semantic fit among four options, with one distractor set that includes both clearly related and unrelated words.
This item requires a low level of the underlying trait: basic vocabulary and semantic association, specifically recognizing that “habitat” is most closely linked to “place” and “forest.”","Original Text: Choose two words that best go with the word habitat.
weather
place
forest
wing
The task is to select the two words most closely associated with “habitat” from the options: weather, place, forest, and wing.
This item is primarily measuring **verbal semantic association / vocabulary knowledge**. It asks the respondent to identify which words are most conceptually related to **habitat**, assessing understanding of word meaning and category relationships rather than a clinical symptom, belief, or psychological trait.
This asks for the cognitive demand and any wording features that affect difficulty. Low demand: it mainly requires basic vocabulary/semantic association and a small selection step, not multi-step reasoning or synthesis. “Choose two” adds a mild constraint because the options include one broad correct associate (“place”) and one contextually related but less universally defining option (“forest”), while “weather” and “wing” act as simple distractors. The phrasing is straightforward, with no conditional logic, emotional intensity, or endorsement threshold.
This item appears to require a relatively low to moderate level of the underlying latent trait, since identifying “place” and “forest” as the best matches for “habitat” depends on basic verbal/conceptual knowledge rather than especially advanced ability.","Original Text: Choose two words that best go with the word habitat.
weather
place
forest
wing
Choose the two words most closely associated with “habitat” from the options provided.
**Primary construct:** Receptive vocabulary and semantic association—specifically, understanding “habitat” as an organism’s natural living place or environment. **“Place” and “forest”** are the best associated words; “wing” is a body part, and “weather” is an environmental condition.
Low-demand semantic association item requiring vocabulary recall and basic categorization, not multi-step reasoning or synthesis. The likely answers are **place** and **forest**. The two-choice requirement and plausible distractors (**weather**, **wing**) add slight ambiguity, but phrasing is simple with no conditional logic or emotional content.
The item requires a low-to-moderate level of verbal knowledge and semantic reasoning. A respondent must recognize that **“place”** and **“forest”** are meaningfully associated with “habitat”; it does not require high cognitive ability or specialized knowledge.","Original Text: Choose two words that best go with the word habitat.
weather
place
forest
wing
Select the two words most closely associated with “habitat” from the given options.
**Domain: Vocabulary and semantic word association.** The item measures understanding of *habitat* by selecting the most closely related words, **place** and **forest**.
Low-to-moderate cognitive demand: requires basic vocabulary knowledge and semantic association, not multi-step reasoning or synthesis. The learner must select two answers (“place” and “forest”), adding a modest comparison demand. “Weather” is a plausible distractor because it relates to environments; “wing” is clearly unrelated. Phrasing is simple, with no conditional logic or emotional content.
This item requires a low to moderate level of the underlying verbal/cognitive ability, as recognizing “place” and “forest” as related to “habitat” relies on common vocabulary and basic conceptual association.",1.348602159326954,-0.6592260680298637,-0.8935518717029733,-0.9184917869305136,0.3991205461956314,431.0,gilbert_meta_7,0.104069040507071,0.42053068672711674,0.08846782608036356,0.35748802404210345,0.39514166357147157,0.4102022386486786,0.3335782118144657,0.3462923347893605,-0.16097534101206867,0.4248002361959797,-0.13617984720675433,0.3593670365588763,-0.5063903995273471,0.4007067882550612,-0.6293707464142037,0.4980211525588108,-0.9609709289567621,0.45763501862110467,-0.8924602426448109,0.4250087567214327,-0.8198648850220204,0.4462779593537444,-0.757931084023861,0.4125654649788486,0.004778990350157497,0.4138746225648224,0.004173180391205443,0.36140969802296624
s_vocab_9_2021,,Choose two words that best go with the word system.,"Choose two words that best go with the word system.
interconnect
cold
direction
network","Original Text: Choose two words that best go with the word system.
interconnect
cold
direction
network
The core task is to identify two words from the provided list—interconnect, cold, direction, and network—that are most semantically related to the term ""system.""
To identify the construct measured by the word association task involving the term ""system"":

**Primary Skill:** Semantic Knowledge (Vocabulary)

**Justification:** This item assesses the respondent's ability to recognize conceptual relationships and synonyms by requiring them to link ""interconnect"" and ""network"" to the target word ""system.""
This analysis evaluates the cognitive demand and structural complexity of selecting semantic associates for the word ""system.""

**Demand:** This cognitive item requires **synthesis**. The respondent must integrate the definitions of the provided options to identify a shared conceptual framework—specifically the structural properties of a system—rather than relying on simple recall.

**Structural/Semantic Elements:** 
*   **Multi-selection constraint:** Requiring two words increases cognitive load by forcing a comparative evaluation of all options rather than a single identification.
*   **Semantic clustering:** ""Interconnect"" and ""network"" form a tight conceptual cluster, whereas ""direction"" acts as a weak distractor that may be associated with specific systems (like a compass) but lacks the universal structural necessity of the target pair.
To correctly identify ""interconnect"" and ""network"" as the terms most closely associated with ""system,"" a respondent must possess a moderate level of verbal reasoning and abstract conceptualization. This level of the underlying latent trait reflects the ability to recognize structural and functional relationships between abstract concepts rather than relying on simple concrete associations.","Original Text: Choose two words that best go with the word system.
interconnect
cold
direction
network
The core task is to identify which two words from a provided list of four are most closely associated with the target word ""system.""
The core objective is to classify the primary skill or psychological construct assessed by the provided word association text and provide a brief justification.

Primary Skill/Construct: Semantic reasoning and verbal comprehension.

Justification: The item requires the individual to understand vocabulary and identify logical, semantic relationships between a target concept (""system"") and related terms (""interconnect"" and ""network"").
In analyzing the cognitive demand and structural complexity of selecting two words semantically associated with ""system,"" this ability item requires semantic recall and multi-step reasoning to evaluate and compare the relational strength of each option. The cognitive load is increased by the structural requirement to choose exactly two words, which forces the respondent to hold multiple evaluations in working memory rather than stopping at the first correct association. Additionally, the phrasing ""best go with"" introduces semantic ambiguity, requiring synthesis to determine whether the intended relationship is synonymous or functional in order to successfully pair ""interconnect"" and ""network"" while dismissing weaker distractors.
Regarding the overall magnitude of the underlying latent trait—specifically cognitive ability and verbal reasoning—necessary to correctly solve this item, a low to moderate level is required, as identifying the semantic relationship between ""system,"" ""interconnect,"" and ""network"" relies on basic vocabulary and common conceptual associations.","Original Text: Choose two words that best go with the word system.
interconnect
cold
direction
network
The task requires identifying two terms from a four-option list that have the strongest semantic association with the target word ""system.""
This assessment item measures **semantic association and verbal reasoning** within the domain of cognitive ability and vocabulary knowledge. It evaluates a respondent's capacity to identify conceptual overlap and thematic relationships between a target anchor word (""system"") and corresponding semantically linked terms (""interconnect,"" ""network"") while distinguishing them from unrelated distractors.
**Analysis of Cognitive Demand and Structural Complexity:**

* **Demand Level:** Low-to-moderate. The item primarily relies on semantic recall and conceptual association (recognizing functional and relational properties of the abstract concept ""system"") rather than multi-step logical reasoning or complex synthesis.
* **Structural/Semantic Load Factors:**
  * **Dual-Response Format:** Requiring the selection of two correct options increases working memory load compared to standard single-choice selection.
  * **Syntactic/Part-of-Speech Variation:** The target noun (""system"") must be associated across differing parts of speech—the verb ""interconnect"" and the noun/verb ""network""—which requires flexible morphological mapping.
  * **Distractor Hierarchy:** ""Cold"" acts as an easily dismissible low-demand distractor, while ""direction"" introduces a minor conceptual distractor due to its abstract nature, though it lacks the structural interdependence of the correct pair.
Successfully identifying the words associated with ""system"" requires a low-to-moderate level of the underlying latent trait of verbal cognitive ability and semantic reasoning, as the task relies on standard conceptual associations and common vocabulary knowledge rather than advanced analytical deduction.","Original Text: Choose two words that best go with the word system.
interconnect
cold
direction
network
The task is to identify the two words that best relate to “system” from the given options.
Primary construct: verbal association / semantic knowledge of word relationships.

Justification: It measures the ability to identify words semantically related to “system” — here, “interconnect” and “network” — rather than unrelated distractors.
This is a low-demand vocabulary association item: it asks for selecting two words that fit with “system,” mainly requiring simple semantic recall and basic matching. The endorsement threshold is low, since there is no strong symptom, belief, or introspective burden involved. The main load comes from a small set of options and the need to identify two related words; there is no complex phrasing, conditional logic, or emotionally loaded wording.
This item requires a moderate-to-high level of verbal and semantic reasoning, specifically the ability to identify the two words most strongly associated with “system” from the options.","Original Text: Choose two words that best go with the word system.
interconnect
cold
direction
network
The task is to select the two words that best relate to “system” from the options: interconnect, cold, direction, and network.
This item is measuring verbal semantic association/analogical reasoning, specifically the ability to identify conceptually related words. “Interconnect” and “network” are the best matches for “system” because they share a meaning-based relationship, unlike “cold” or “direction.”
This asks for the cognitive demand of a word-association item. Demand is low to moderate: it mainly requires semantic recall/vocabulary plus a small amount of comparison, not multi-step reasoning or synthesis. The main load comes from selecting exactly two related options among plausible distractors. “Interconnect” and “network” are semantically close to “system,” while “direction” is only loosely related and “cold” is largely unrelated. Structural factors increasing load are minimal: brief wording, no conditional logic, no emotional content, and only mild distractor ambiguity from overlapping abstract nouns.
This item appears to require a relatively high level of the underlying trait, since correctly selecting “interconnect” and “network” depends on recognizing abstract semantic relationships rather than relying on obvious surface associations.","Original Text: Choose two words that best go with the word system.
interconnect
cold
direction
network
Select the two words that best combine with “system.”
**Primary construct:** Verbal reasoning and semantic association.  
**Justification:** The item measures the ability to recognize which words have the strongest conceptual relationship to “system,” particularly “interconnect” and “network.”
This is a low-to-moderate verbal-association item requiring lexical recall and comparison, not multi-step reasoning or synthesis. The “choose two” constraint and vague phrase “go with” increase ambiguity. Mixed word forms and several plausible pairings—such as “network system,” “direction system,” or “interconnected system”—make distractors less clear and raise cognitive load modestly.
This item requires a **low-to-moderate level of verbal reasoning ability**: recognizing conceptual associations between “system,” “interconnect,” and “network.”","Original Text: Choose two words that best go with the word system.
interconnect
cold
direction
network
Select the two words most closely associated with “system” from the given options.
**Semantic verbal reasoning (word association):** The item measures recognition of conceptually related words; **“interconnect”** and **“network”** are most strongly associated with **“system.”**
Moderate cognitive demand: requires semantic association and selecting two related terms (“interconnect,” “network”) while rejecting plausible but weaker distractors. Minimal recall or multi-step reasoning; no synthesis, emotional wording, or endorsement threshold.
This item requires a **low to moderate level of verbal and conceptual ability**, as recognizing “interconnect” and “network” as related to “system” is relatively straightforward.",0.969961011966074,-0.5701055433929296,-0.6027329819965375,-0.6015716705534747,0.5479497624742806,516.0,gilbert_meta_7,1.3481470822223485,0.46473194392716516,1.146043444041292,0.39506297539607127,1.0900701967057724,0.43051338948837925,0.9202362101803108,0.36343898876596836,0.8879779894615107,0.42764218055615333,0.7512001910824557,0.3617712280723425,1.1492844344978224,0.42207424410330147,1.42839596299072,0.5245778401435905,1.3043530774604521,0.43183957050499944,1.2113615812172376,0.40105234847730076,1.0503176659349456,0.46092851778435145,0.9709751224314279,0.42610929864671776,1.0890403314751895,0.4389924731804053,0.950987849639498,0.38334347775004285
s_vocab_20_2021,,Choose two words that best go with the word organism.,"Choose two words that best go with the word organism.
order
Creature
animal
practice","Original Text: Choose two words that best go with the word organism.
order
Creature
animal
practice
The core task is to identify two words from a provided list that are most closely associated with or synonymous with the term ""organism.""
This item measures the respondent's **Knowledge Domain of Biology** and the **Skill of Semantic Association**.

**Justification:** The task requires identifying synonyms or subordinate categories (""creature"" and ""animal"") that define the concept of an ""organism,"" demonstrating foundational knowledge of life science terminology and the ability to recognize linguistic relationships.
This analysis evaluates the cognitive demand and structural complexity of the word association item for ""organism.""

**Cognitive Level:** This item requires **synthesis** and **multi-step reasoning**. The respondent must evaluate each option's semantic relationship to the target word, distinguishing between direct synonyms and related but distinct biological concepts.

**Structural/Semantic Elements:**
*   **Multiple Selection:** Requiring two correct answers increases cognitive load and the threshold for a successful response compared to single-choice items.
*   **Domain-Specific Distractor:** The word ""order"" acts as a high-level distractor; it is a technical term in biological taxonomy, requiring the respondent to differentiate between a classification rank and the entity itself.
*   **Inconsistent Capitalization:** The capitalization of ""Creature"" against lowercase distractors creates a visual irregularity that may function as a superficial distractor or suggest a proper noun.
*   **Vague Relational Prompt:** The phrase ""best go with"" lacks specific directional logic (e.g., ""synonym"" or ""category""), forcing the respondent to infer the intended semantic connection.
The level of the underlying latent trait—specifically verbal intelligence and basic scientific literacy—required to successfully answer this item is low to moderate. The task necessitates a foundational understanding of synonyms and biological categorization to identify ""creature"" and ""animal"" as the primary correlates of ""organism.""","Original Text: Choose two words that best go with the word organism.
order
Creature
animal
practice
The core task presented in this item is to select two words from a provided list of four options that are most closely associated with the target word ""organism.""
The objective is to classify the primary construct, skill, or knowledge area evaluated by the text and provide a brief rationale. 

**Primary Skill/Construct:** Semantic knowledge (vocabulary). 

**Justification:** The item requires the respondent to comprehend the meaning of the target word (""organism"") and successfully identify categorically related terms or synonyms (""Creature,"" ""animal"") from a list of distractors.
Evaluating the cognitive demand and structural elements of the provided vocabulary association task:

This cognitive item requires basic recall of semantic definitions and simple synthesis to identify related concepts. The primary structural element increasing cognitive load is the multi-select requirement to choose exactly two correct answers (""Creature,"" ""animal"") rather than one. The distractors (""order,"" ""practice"") are semantically distant from the target word (""organism""), which keeps the overall difficulty and threshold for endorsement low.
Regarding the degree of the underlying latent trait necessary to successfully answer this item, a low level of cognitive ability and verbal comprehension is required, as identifying the semantic relationship between ""organism,"" ""creature,"" and ""animal"" relies on basic, commonly acquired vocabulary.","Original Text: Choose two words that best go with the word organism.
order
Creature
animal
practice
The core task requires selecting the two terms from a provided four-option list that are most closely associated with or synonymous to the target concept ""organism.""
This item measures the psychological construct and verbal skill of **semantic association and vocabulary comprehension** (specifically related to biological concepts). 

**Justification:** The task requires the test-taker to understand the core definition of the target concept (""organism"") and identify direct semantic associates/hyponyms (""creature"" and ""animal"") while differentiating them from unrelated or less directly related distractors (""order,"" ""practice"").
This analysis of the item's cognitive demand and structural complexity reveals the following:

* **Cognitive Demand:** Low; the task primarily relies on simple semantic recall and basic conceptual association (identifying words directly related to living entities).
* **Structural and Semantic Elements:**
  * **Multi-selection format:** Requiring the selection of two options slightly increases working memory load compared to a standard single-choice format.
  * **Domain-specific distractor:** The word ""order"" introduces minor semantic interference due to its relevance as a biological taxonomic rank, though ""Creature"" and ""animal"" remain the more direct semantic matches.
  * **Formatting inconsistency:** Arbitrary capitalization of ""Creature"" adds visual noise but does not significantly increase difficulty.
The level of the underlying latent trait—specifically verbal ability and foundational scientific vocabulary—required to correctly identify the associations for this item is low to low-average, representing an elementary degree of conceptual knowledge.","Original Text: Choose two words that best go with the word organism.
order
Creature
animal
practice
The task is to identify the two words that best associate with “organism” from the given options.
Primary construct: vocabulary/semantic association in English.

Justification: It asks the respondent to select the two words most closely related in meaning to “organism,” which measures word knowledge and synonym recognition.
This is a low-demand vocabulary association item: it mainly requires simple recall/word association, not multi-step reasoning or synthesis. Endorsement is easy because the task is just to select two related words. The main load comes from the need to identify the semantic match to “organism” among distractors; “practice” and “order” are unrelated, while “creature” and “animal” are the clear fits.
This item requires a low level of the underlying trait: basic verbal association and vocabulary knowledge, with no strong cognitive or psychological demand.","Original Text: Choose two words that best go with the word organism.
order
Creature
animal
practice
The task is to select the two words most closely associated with “organism” from the given options.
This item is primarily measuring **verbal semantic association / vocabulary knowledge**. It asks the respondent to identify the two words most conceptually related to **organism**—most likely **creature** and **animal**—which assesses understanding of word meaning and category relationships.
This asks for the cognitive demand and any wording features that affect difficulty. It is a low-demand cognitive/ability item: mainly simple semantic association/recall, with minimal reasoning and no real synthesis. The task is straightforward, but “choose two” adds a small comparison step because the respondent must evaluate all four options and distinguish the two closest associates (“creature,” “animal”) from weaker distractors (“order,” “practice”). Cognitive load is slightly increased by the abstract target word “organism” and by the presence of a plausible but broader-category distractor like “order,” but overall complexity is low.
This item appears to require a relatively low to moderate level of the underlying trait, since the correct associations with “organism” (“creature” and “animal”) are fairly direct and common, making successful response likely for respondents with below-average to average verbal/conceptual ability rather than only those at a high level.","Original Text: Choose two words that best go with the word organism.
order
Creature
animal
practice
Select the two options most closely associated with “organism”: creature, animal, order, or practice.
**Primary domain:** Vocabulary and semantic association, specifically biological classification terminology.  

**Justification:** “Creature” and “animal” are direct synonyms or examples of an organism, whereas “order” is a broader taxonomic category and “practice” is unrelated.
This is a low-demand verbal-association item requiring recall of common semantic relationships, not multi-step reasoning or synthesis. “Creature” and “animal” are the strongest choices; “order” is a plausible biological-taxonomy distractor, while “practice” is weak. The “choose two” format and limited context create some ambiguity because multiple words can relate to “organism.”
The item requires a **low-to-moderate level of verbal knowledge and semantic reasoning**. A respondent needs to recognize that **“animal”** and **“creature”** are closely related to “organism,” whereas “order” and “practice” are less direct associations.","Original Text: Choose two words that best go with the word organism.
order
Creature
animal
practice
Select the two words most closely associated with “organism” from the given options.
**Semantic vocabulary knowledge:** the item measures recognition of word meanings and relationships by identifying “creature” and “animal” as most closely associated with “organism.”
Low-demand cognitive item requiring basic vocabulary recall and semantic association. The correct choices are **Creature** and **animal**. Selecting two answers adds a minor multi-selection demand; distractors are simple and phrasing is straightforward, with no conditional logic or synthesis.
This item requires a low level of the underlying verbal/cognitive ability, as “creature” and “animal” are straightforward associations with “organism.”",0.9503798061221834,-0.3490591211586274,-0.3664257657362215,-0.3372200169529631,0.7137517851330607,575.0,gilbert_meta_7,0.8128006311875036,0.39043239780386896,0.69095193467283,0.3319018345586182,-0.8421186998589202,0.4053967034411724,-0.7109157953515853,0.3422355065955362,-1.2870260454333355,0.4437401050593299,-1.0887817296506597,0.3753895430602518,0.16879309244423724,0.3536498657028969,0.20978564103969397,0.4395361368510602,-0.9842157512210756,0.4251191346398493,-0.9140478672993526,0.39481103394617134,0.26436231586268755,0.37380409879380755,0.24439199714167964,0.34556638659276584,-1.7835765202159606,0.48470247212411727,-1.5574809771554514,0.42325903674832294
s_vocab_23_2021,,Choose two words that best go with the word reptile.,"Choose two words that best go with the word reptile.
report
lizard
Mobile
cold-blooded","Original Text: Choose two words that best go with the word reptile.
report
lizard
Mobile
cold-blooded
The core task is to identify two terms from a provided list that are most closely associated with the biological category ""reptile.""
The primary measurement target of this item is **Biological Science Knowledge (Zoology)**.

**Justification:** The item assesses the respondent's ability to identify defining physiological characteristics (cold-blooded) and taxonomic examples (lizard) associated with the biological classification of reptiles, testing semantic association and categorization within the life sciences.
This analysis evaluates the cognitive demand and structural complexity of the word association item for the term ""reptile.""

**Cognitive Demand:** This item requires **recall** of biological classifications and **synthesis** to connect a category to both a specific taxonomic example (""lizard"") and a defining physiological characteristic (""cold-blooded"").

**Structural/Semantic Elements:** The **multi-select constraint** (choosing exactly two) increases the threshold for a correct response. The **semantic diversity** of the correct answers—linking a noun (example) and an adjective (trait)—requires the respondent to integrate different conceptual frameworks rather than simple synonym matching.
The level of the underlying latent trait—specifically general semantic knowledge or crystallized intelligence—required to correctly associate ""lizard"" and ""cold-blooded"" with ""reptile"" is low. This item necessitates only a foundational understanding of basic biological categories and common terminology typically acquired during primary education.","Original Text: Choose two words that best go with the word reptile.
report
lizard
Mobile
cold-blooded
The core task presented in this item is to select two words from a provided list of four options that are most closely associated with the target word ""reptile.""
To determine the primary domain, skill, or construct assessed by the item and provide a brief rationale:

**Primary Domain/Skill:** Semantic knowledge and vocabulary. 

**Justification:** The item requires the individual to comprehend the meaning of a target word (""reptile"") and identify semantically related concepts (""lizard,"" ""cold-blooded"") from a list of unrelated distractors.
To analyze the cognitive demand and structural elements of this word association task: 

This cognitive item requires basic recall and semantic matching. The cognitive load is slightly elevated by the structural requirement to select exactly two correct answers rather than one. Successfully answering requires recognizing both a categorical example (""lizard"") and a defining biological attribute (""cold-blooded""). The distractors (""report"", ""Mobile"") are semantically unrelated and easily eliminated, though the inconsistent capitalization of ""Mobile"" introduces a minor visual distraction.
Regarding the degree of the underlying latent trait necessary to successfully answer this item, a very low level of cognitive ability and basic vocabulary knowledge is required to correctly select ""lizard"" and ""cold-blooded.""","Original Text: Choose two words that best go with the word reptile.
report
lizard
Mobile
cold-blooded
The task requires identifying two terms from a provided list that are most closely associated with the category of reptiles.
**Target Construct/Skill Measured:** Semantic association and conceptual domain knowledge in life sciences (specifically, biological categorization).

**Justification:** The item evaluates a respondent's ability to retrieve conceptual knowledge by identifying defining characteristics (""cold-blooded"") and taxonomic examples (""lizard"") directly associated with the target category (""reptile""), while differentiating them from unrelated lexical distractors.
**Assessment of Cognitive Demand and Structural Complexity:**

* **Demand Level:** The item imposes a **low cognitive demand**, requiring basic **semantic recall and conceptual categorization** rather than multi-step reasoning or complex synthesis. The task relies on foundational domain knowledge of biological classifications and attributes related to ""reptile.""
* **Structural and Semantic Elements:**
  * **Dual-Response Format:** The instruction to ""choose two words"" slightly increases working-memory load compared to single-choice items, as the test-taker must identify multiple defining characteristics (*lizard*, *cold-blooded*).
  * **Distractor Distinction:** The non-target options (*report*, *Mobile*) share no semantic overlap or taxonomic confusion with the prompt, presenting virtually no interference or cognitive conflict.
  * **Superficial Irregularities:** The arbitrary capitalization of *Mobile* introduces a minor visual inconsistency, though it does not meaningfully elevate the analytical threshold.
To successfully identify the correct semantic associations for this item, a respondent requires a **low to foundational level** of the underlying latent trait, specifically basic verbal ability and elementary categorization knowledge. The task relies on widely known biological associations (""lizard"" and ""cold-blooded"") accessible at an early-primary educational level, requiring minimal cognitive complexity or specialized reasoning.","Original Text: Choose two words that best go with the word reptile.
report
lizard
Mobile
cold-blooded
The task is to identify the two words that best match “reptile” from the given options.
Primary domain: vocabulary/semantic association, specifically knowledge of animal-related word meanings and attributes. The item measures whether the respondent can identify words that semantically fit “reptile” — here, “lizard” and “cold-blooded” — rather than unrelated distractors.
This is a low-severity, low-demand item: it mainly requires simple word association and recall of basic vocabulary. The core task is to select two related words, with no real multi-step reasoning or deep synthesis needed. The main load comes from the instruction to choose exactly two and from the presence of distractors, including an unrelated capitalized word and one plausible but less direct option.
This item requires a low level of the underlying verbal/conceptual trait: basic semantic knowledge of reptiles and simple word association.","Original Text: Choose two words that best go with the word reptile.
report
lizard
Mobile
cold-blooded
The task is to select the two words most associated with “reptile” from the options provided.
This item is primarily measuring **verbal semantic categorization / vocabulary knowledge**. It asks the respondent to identify words most semantically associated with **reptile** (“lizard” and “cold-blooded”), which assesses understanding of word meaning and category features rather than attitude, symptom, or belief.
This asks for the cognitive demand and any wording features that affect difficulty.

Low demand: it mainly requires basic semantic association/recall, not multi-step reasoning or synthesis. The likely pair is “lizard” and “cold-blooded,” so the task depends on knowing common attributes/categories of reptiles.

Load-increasing elements:
- “Choose two” adds a small selection/comparison step.
- “best go with” is somewhat vague, requiring judgment about strongest association.
- One distractor (“report”) is clearly unrelated, while “Mobile” may be mildly tempting as a general animal trait but is not reptile-specific.
- No conditional logic, emotional wording, or high endorsement threshold.
This item appears to require a relatively low to moderate level of the underlying trait, since identifying “lizard” and “cold-blooded” as the two words that best match “reptile” depends mainly on basic verbal knowledge and simple categorical association rather than especially advanced ability.","Original Text: Choose two words that best go with the word reptile.
report
lizard
Mobile
cold-blooded
Choose the two words most closely associated with “reptile”: lizard and cold-blooded.
**Primary construct:** Verbal-semantic knowledge and associative reasoning.  
**Justification:** The item assesses whether the respondent recognizes words conceptually associated with “reptile,” particularly **lizard** and **cold-blooded**.
This is a low-demand recall/recognition item: select the two semantically related words, likely “lizard” and “cold-blooded.” It uses simple phrasing and no multi-step reasoning, but requires identifying two correct associations among distractors (“report” and “Mobile”); “Mobile” may add minor ambiguity due to capitalization or unrelated meanings.
The item requires a **low level of underlying cognitive ability**: basic vocabulary and general knowledge are sufficient to select **“lizard”** and **“cold-blooded.”**","Original Text: Choose two words that best go with the word reptile.
report
lizard
Mobile
cold-blooded
Select the two words most closely associated with “reptile” from the given options.
**Knowledge domain: Semantic vocabulary and categorization.** The item measures understanding of “reptile” by identifying a category example (“lizard”) and a defining characteristic (“cold-blooded”).
This is a low-demand cognitive item requiring basic semantic recall and categorization. The correct choices are “lizard” and “cold-blooded.” Cognitive load is slightly increased by selecting two answers and by distractors with superficial word-form similarity (“report”) or irrelevant capitalization (“Mobile”); there is no multi-step reasoning or synthesis.
This item requires a **low level of the underlying cognitive ability**, as identifying “lizard” and “cold-blooded” as related to “reptile” relies on basic vocabulary and general knowledge.",3.881217895343568,-0.7184109835791117,-1.5916340838623535,-1.6898706477016767,0.1845433935612617,279.0,gilbert_meta_7,-2.197690756263214,0.5080697819737638,-1.8682301927277452,0.4319039446250031,-2.1524582602268616,0.5051454398931919,-1.8171031901875894,0.42644329383738605,-2.691938681292858,0.5769324264676582,-2.277291639847679,0.4880658689152733,0.048041727391031436,0.34642882110034723,0.05970898708850477,0.4305614125363045,-1.0611850969673124,0.3998593982387975,-0.9855298225916647,0.3713521448181726,-2.617564960798466,0.5805428731352306,-2.419830248233611,0.5366878094137354,-0.765619540824644,0.3923494048982306,-0.6685655799216794,0.3426131301915015
s_vocab_6_2021,,Choose two words that best go with the word diagnosis.,"Choose two words that best go with the word diagnosis.
treatment
toothbrush
exercise
symptom","Original Text: Choose two words that best go with the word diagnosis.
treatment
toothbrush
exercise
symptom
Identify the two vocabulary options that share the strongest contextual or semantic association with the term ""diagnosis.""
This item assesses the conceptual association between clinical terms.

**Primary Knowledge Domain:** Medical Terminology / Health Literacy

**Justification:** The item requires the respondent to identify semantic relationships between core healthcare concepts, specifically linking a diagnosis to its clinical precursors (symptoms) and subsequent interventions (treatment).
This analysis evaluates the cognitive demand and structural complexity of the word association task for the term ""diagnosis.""

**Cognitive Demand**
This cognitive ability item requires **synthesis**. The respondent must evaluate semantic relationships and categorize terms based on their functional proximity to a medical framework.

**Structural and Semantic Elements**
*   **Multi-select Constraint:** Requiring two answers instead of one increases cognitive load by forcing the respondent to weigh the relative strength of multiple associations simultaneously.
*   **Semantic Distractors:** While ""toothbrush"" is a clear outlier, ""exercise"" serves as a plausible distractor related to general health, requiring the respondent to distinguish between general wellness and the specific clinical process of diagnosis.
*   **Categorical Logic:** Success depends on identifying the ""symptom"" as the precursor to a diagnosis and ""treatment"" as the subsequent action, necessitating an understanding of sequential medical logic.
To describe the level of the underlying latent trait required to correctly associate ""treatment"" and ""symptom"" with ""diagnosis,"" this item necessitates a low to moderate level of verbal reasoning and basic health literacy. The semantic relationships are foundational and common in everyday language, requiring only a standard vocabulary and the ability to identify direct categorical associations while rejecting clear distractors.","Original Text: Choose two words that best go with the word diagnosis.
treatment
toothbrush
exercise
symptom
The core task is to select two words from a provided list of four that are most closely associated with the target word ""diagnosis"".
The core objective is to classify the primary domain or construct measured by the provided word association text and justify the selection.

Primary Construct: Semantic association (Lexical knowledge). 

Justification: The item requires the individual to understand the meaning of a target word (""diagnosis"") and identify semantically related concepts (""treatment"", ""symptom"") from a set of distractors, thereby assessing verbal comprehension and semantic memory.
To assess the cognitive demand, required mental processes, and structural elements that influence the difficulty of this word association task:

This cognitive item requires semantic recall and basic synthesis to identify words conceptually linked to a medical context. The cognitive load is slightly elevated by the structural requirement to select exactly two options rather than a single answer. Additionally, the distractors (""toothbrush"" and ""exercise"") share a broad semantic domain (health and wellness) with the target word, requiring the respondent to distinguish general health terms from the specific clinical associations of ""treatment"" and ""symptom.""
Regarding the degree of the underlying latent trait necessary to successfully answer this item, only a very low level of cognitive ability and verbal comprehension is required, as the semantic relationships between ""diagnosis,"" ""treatment,"" and ""symptom"" are basic and highly familiar.","Original Text: Choose two words that best go with the word diagnosis.
treatment
toothbrush
exercise
symptom
The core task requires identifying and selecting the two vocabulary terms from a four-option list that share the strongest conceptual and contextual association with the term ""diagnosis.""
The cognitive construct being evaluated by this item is **lexical-semantic association (verbal concept knowledge)**. 

**Justification:** The task requires identifying conceptually and functionally related medical terms (""treatment"" and ""symptom"") that share a semantic network with the anchor word (""diagnosis""), assessing receptive vocabulary, semantic memory organization, and verbal reasoning.
This cognitive item assesses basic semantic association and vocabulary knowledge, requiring simple concept recall rather than multi-step reasoning or synthesis. 

Structural and semantic factors influencing its demand include:
* **Dual-Selection Requirement:** Mandating two selections (""treatment"" and ""symptom"") slightly increases working memory load compared to a standard single-choice format.
* **Low Distractor Plausibility:** The distinct semantic distance of the distractors (""toothbrush"" and ""exercise"") keeps cognitive load low, as the clinical relationship between the target word and the correct options is direct and conventional.
* **Minimal Phrasing Complexity:** The prompt utilizes simple, direct syntax without conditional clauses, qualifiers, or linguistic ambiguity.
The level of the underlying latent trait—specifically verbal comprehension, crystallized intelligence, and basic semantic association—required to correctly answer this item is low to average. Successfully linking ""diagnosis"" with ""symptom"" and ""treatment"" relies on fundamental, everyday health vocabulary and common conceptual relationships rather than advanced cognitive ability or specialized knowledge.","Original Text: Choose two words that best go with the word diagnosis.
treatment
toothbrush
exercise
symptom
The task is to identify the two words that most closely relate to “diagnosis” from the given options.
Primary construct: medical vocabulary/word association knowledge.

Justification: It tests whether the respondent can identify words semantically related to “diagnosis,” with “treatment” and “symptom” being the best matches.
This is a low-demand vocabulary association item: it asks for simple word recall and basic semantic matching, not multi-step reasoning or synthesis. The endorsement threshold is minimal, since the task is just to select two related words. The main load comes from a small set of distractors and the need to identify the closest associations with “diagnosis.”
This item requires a moderate level of the underlying verbal-semantic association trait: the respondent must recognize that “diagnosis” most strongly pairs with “treatment” and “symptom,” indicating solid but not highly advanced vocabulary and concept linkage.","Original Text: Choose two words that best go with the word diagnosis.
treatment
toothbrush
exercise
symptom
The task is to identify the two words most closely associated with “diagnosis” from the list provided.
This item is primarily measuring verbal semantic association, specifically the ability to identify conceptually related medical terms. “Diagnosis” is most closely associated with “treatment” and “symptom,” so the task assesses vocabulary/semantic reasoning rather than a clinical symptom, belief, or psychological construct.
This asks for the cognitive demand and any wording features that affect difficulty.

Moderate cognitive demand: it requires semantic association plus a small amount of comparison/elimination, not mere recall. The respondent must identify two medically related words that fit with “diagnosis” (“treatment” and “symptom”) while rejecting an unrelated distractor (“toothbrush”) and a weaker/less directly linked option (“exercise”).

Load-increasing elements:
- “Choose two” adds a multi-step selection requirement rather than single-answer recognition.
- “Best go with” is somewhat vague and requires judgment about degree of relatedness.
- Presence of both clearly unrelated and plausibly health-related distractors increases discrimination demands.
- No conditional logic or emotional wording; endorsement/severity threshold is not relevant since this is a cognitive association item.
This item appears to require a moderately high level of the underlying trait, since correctly linking diagnosis with treatment and symptom depends on fairly strong verbal/conceptual knowledge rather than only very basic association.","Original Text: Choose two words that best go with the word diagnosis.
treatment
toothbrush
exercise
symptom
Choose the two words most closely associated with “diagnosis” from the options provided.
**Primary construct:** Verbal reasoning/semantic association.  

**Justification:** The item tests whether the respondent can identify words conceptually linked to “diagnosis”—**treatment** and **symptom**—rather than measuring clinical knowledge directly.
This is a low-demand verbal-association item requiring semantic recall and simple comparison, not multi-step reasoning or synthesis. The expected answers are **treatment** and **symptom**, which commonly relate to “diagnosis.” The two-answer format requires distinguishing strong associations from weaker distractors (**toothbrush**, **exercise**), but phrasing and emotional threshold are minimal.
The item requires a relatively low-to-moderate level of verbal reasoning: recognizing common associations between “diagnosis” and “treatment” or “symptom.”","Original Text: Choose two words that best go with the word diagnosis.
treatment
toothbrush
exercise
symptom
Select the two words most closely associated with “diagnosis.”
**Domain: Health vocabulary and conceptual association.** The item measures whether the respondent recognizes that **“diagnosis”** is most closely related to **“treatment”** and **“symptom,”** rather than unrelated or less directly associated words.
Moderate cognitive demand: requires semantic association and selecting two correct options (“treatment” and “symptom”) while rejecting plausible but weaker distractors. No recall-heavy, multi-step reasoning, conditional logic, or emotional/attitudinal endorsement is involved.
This item requires a relatively low level of the underlying verbal reasoning ability, as “treatment” and “symptom” are direct, commonly understood associations with “diagnosis.”",1.8552028052649825,-0.4201152793328537,-0.7003919132040183,-0.7120327752900832,0.4906458103769433,491.0,gilbert_meta_7,-0.200487474895243,0.44425519402364577,-0.1704319649138929,0.37765593925612945,-1.148712577703939,0.4899173176302865,-0.9697420517387593,0.4135877276896942,-0.8016561684828634,0.455203060185357,-0.678174767948861,0.38508682630739965,1.2284916400620385,0.44463250205098,1.5268391762385687,0.5526145242031346,1.3288100134420266,0.42080401802319184,1.234074904131345,0.3908035557731078,-0.5707556150846519,0.45542513159841863,-0.5276398952520047,0.4210216463592387,0.35565608864207543,0.41259044078177853,0.31057125174672867,0.3602883058787939
s_vocab_28_2021,,Choose two words that best go with the word behavior.,"Choose two words that best go with the word behavior.
fur
acts
does
grass","Original Text: Choose two words that best go with the word behavior.
fur
acts
does
grass
Identify two synonyms or semantically related terms for the word ""behavior"" from a provided list of options.
This analysis identifies the primary knowledge domain and skill targeted by the word association exercise.

**Primary Knowledge Domain:** Linguistics
**Skill:** Semantic Association
**Justification:** The item evaluates the ability to recognize synonyms or functional correlates (""acts,"" ""does"") of the target concept ""behavior"" while distinguishing them from semantically unrelated distractors.
This analysis evaluates the cognitive demand and structural complexity of the word association task for ""behavior.""

**Cognitive Demand**
This cognitive item requires **synthesis** and **recall**. The respondent must retrieve the semantic field associated with ""behavior"" and synthesize which two options—despite differing parts of speech—share a functional or synonymous relationship with the target word.

**Structural and Semantic Elements**
*   **Multi-selection Constraint:** Requiring two answers instead of one increases cognitive load by necessitating a comparative evaluation of all options.
*   **Semantic Asymmetry:** The inclusion of ""acts"" (a noun/synonym) alongside ""does"" (a verb/functional associate) creates a shift in word class, requiring the respondent to look past grammatical inconsistency to identify thematic relevance.
*   **Low-Complexity Distractors:** The distractors (""fur,"" ""grass"") are concrete nouns with no semantic link, lowering the threshold for endorsement by making the correct pair identifiable through simple elimination.
The level of the underlying latent trait required to successfully identify the words associated with ""behavior"" is low, necessitating only basic verbal comprehension and elementary synonym recognition.","Original Text: Choose two words that best go with the word behavior.
fur
acts
does
grass
The objective of this prompt is to summarize the provided item. The core task of the item requires identifying two words from a given list of four (fur, acts, does, grass) that are most closely associated with the concept of ""behavior.""
In identifying the primary construct measured by the provided word association item and justifying this selection:

**Primary Skill/Construct:** Semantic knowledge (vocabulary/verbal comprehension). 

**Justification:** The item requires the respondent to understand the meaning of the target word (""behavior"") and recognize semantically related terms or synonyms (""acts,"" ""does"") while filtering out unrelated distractors (""fur,"" ""grass"").
Evaluating the cognitive demand and structural elements of the provided word association task:

This cognitive item requires recall of vocabulary and multi-step reasoning to evaluate semantic relationships. The primary structural element increasing cognitive load is the instruction to ""choose two words,"" which prevents the respondent from stopping after finding one correct answer and requires evaluating all options. Semantically, linking the noun ""behavior"" with the action-oriented words ""acts"" and ""does"" requires conceptual synthesis rather than simple grammatical alignment, slightly elevating the difficulty despite the presence of highly unrelated distractors (""fur,"" ""grass"").
Regarding the magnitude of the underlying latent trait needed to correctly answer this item, a very low level of cognitive ability and verbal comprehension is required, as the correct associations (""acts,"" ""does"") are basic vocabulary and the distractors (""fur,"" ""grass"") are entirely unrelated.","Original Text: Choose two words that best go with the word behavior.
fur
acts
does
grass
The core task is to select two terms from the provided list that are most closely associated with the target word ""behavior.""
**Target Construct/Skill:** Semantic knowledge and verbal associative reasoning.

**Justification:** The item evaluates a test-taker's ability to understand the conceptual meaning of the target word ""behavior"" by requiring them to identify functionally and definitionally related terms (""acts,"" ""does"") while correctly rejecting semantically unrelated distractors (""fur,"" ""grass"").
**Analysis of Cognitive Demand and Structural Complexity:**

* **Demand Level:** This item primarily requires **semantic recall and single-step associative reasoning** rather than multi-step logic or synthesis, as the test-taker must recognize conceptual synonyms and action-related associations for ""behavior.""
* **Multi-Response Format:** Requiring the selection of *two* correct options increases working memory load slightly compared to a single-choice format.
* **Part-of-Speech Ambiguity:** Linking the abstract noun ""behavior"" to words functioning as either verbs or nouns (""acts,"" ""does"") requires brief grammatical flexibility.
* **Low Distractor Demand:** The distractors (""fur,"" ""grass"") are concrete nouns with zero semantic overlap, keeping the overall cognitive load minimal and reducing the threshold for correct identification.
Successfully answering this item requires a low to foundational level of the underlying latent trait of verbal cognitive ability, as identifying simple synonyms and semantic associations for a common term reflects elementary vocabulary knowledge.","Original Text: Choose two words that best go with the word behavior.
fur
acts
does
grass
The task is to identify the two words that best relate to “behavior.”
Primary construct: vocabulary/word association knowledge, specifically semantic understanding of the word “behavior.”  
Justification: The item asks the respondent to select words that are semantically related to “behavior”; “acts” and “does” fit, while “fur” and “grass” do not.
This is a low-demand vocabulary association item: it asks for simple word matching, not recall, multi-step reasoning, or synthesis. Endorsement is easy because the correct choices are straightforward semantic fits with “behavior.” The main structural feature is a forced-choice format with distractors, but there is no tricky conditional logic or emotionally loaded wording.
This item requires a low level of the underlying verbal/semantic trait: the respondent mainly needs basic vocabulary and word-association skill to identify the two words that fit with “behavior.”","Original Text: Choose two words that best go with the word behavior.
fur
acts
does
grass
The task is to select the two words most associated with “behavior” from the options: “acts” and “does.”
This item is primarily measuring **verbal semantic association / vocabulary knowledge**. It asks the respondent to identify words most closely related in meaning to **behavior**, and the best matches are **acts** and **does**, indicating understanding of word meaning rather than a clinical symptom, belief, or psychological trait.
This asks for the cognitive demand and any wording features that affect difficulty for the item about selecting two words related to “behavior.”

Low to moderate cognitive demand: it mainly requires vocabulary knowledge and simple semantic association, with a small amount of comparison across options rather than multi-step reasoning or synthesis. The main challenge is that “behavior” can relate to both “acts” and “does,” creating a subtle synonym/usage distinction. Structural load is low: the wording is short and direct, with no conditional logic or emotional content. The only notable difficulty comes from the instruction to choose two words and the presence of plausible-but-uneven distractors.
This item appears to require a low to below-average level of the underlying latent trait, since identifying “acts” and “does” as the two words most closely associated with “behavior” depends mainly on basic verbal knowledge and simple semantic association rather than advanced ability.","Original Text: Choose two words that best go with the word behavior.
fur
acts
does
grass
Choose two of the listed words that best pair with “behavior.”
**Primary domain:** Verbal ability—semantic association and vocabulary.

**Justification:** The item requires recognizing which options are meaningfully or grammatically associated with “behavior,” distinguishing related action terms such as “acts” and “does” from unrelated nouns.
This is a low-demand verbal-association item requiring basic semantic recall and comparison, not multi-step reasoning or synthesis. “Go with” is ambiguous, and the options create competing grammatical and associative links; selecting two requires judging which words relate most directly to behavior. No emotional wording or elevated endorsement threshold is involved.
The item requires only a low-to-moderate level of verbal reasoning: recognizing that **“acts”** and **“does”** relate to behavior.","Original Text: Choose two words that best go with the word behavior.
fur
acts
does
grass
Select the two words most closely associated with “behavior” from the choices.
**Skill: Receptive vocabulary and semantic association.** The item tests whether the respondent recognizes that **“acts”** and **“does”** are meaningfully related to **behavior**, unlike “fur” and “grass.”
Low-demand cognitive item requiring basic vocabulary recall and semantic association: **“acts”** and **“does”** relate to behavior. Cognitive load is minimal, though the vague phrase “go with” and selecting two answers add slight ambiguity; **“fur”** and **“grass”** are simple distractors.
This item requires a relatively low level of the underlying cognitive/verbal ability, as identifying “acts” and “does” as related to “behavior” is straightforward.",2.279148138841657,-1.0672934689576177,-1.9690246975692247,-2.100441939788849,0.1224023218417051,212.0,gilbert_meta_7,-2.780264865550384,0.6135929875942285,-2.363469360190217,0.5216079387887566,-1.586235393510942,0.46421270041504803,-1.3390983914519248,0.39188791459346356,-1.6769749696037493,0.49138975780451716,-1.4186657018050277,0.41569958302971527,-1.5287851574334583,0.47059009238667615,-1.9000610132793212,0.5848760916023976,-2.356716917130198,0.6000044515683448,-2.188699042114085,0.5572282181480488,-0.041873325824689056,0.41517198273440087,-0.03871015311643514,0.383809279649498,-1.7776919148403052,0.5283514004837301,-1.5523423353159973,0.46137479731299247
s_vocab_12_2021,,Choose two words that best go with the word carnivore.,"Choose two words that best go with the word carnivore.
Fruit
meat
care
prey","Original Text: Choose two words that best go with the word carnivore.
Fruit
meat
care
prey
Identify two words from a provided list that are semantically associated with the term ""carnivore.""
This analysis identifies the primary knowledge domain and skill measured by the word association task involving the term ""carnivore.""

**Primary Knowledge Domain:** Biological Science (Ecology)
**Skill:** Semantic Association

**Justification:** The item requires the respondent to recognize the defining characteristics of a carnivore by linking the term to its dietary source (meat) and ecological role (prey), demonstrating both vocabulary proficiency and foundational biological knowledge.
This analysis evaluates the cognitive demand and structural complexity of the word association task for the term ""carnivore.""

**Demand:**
This cognitive item requires **recall** of the definition of ""carnivore"" and **synthesis** to identify two distinct semantic relationships: the substance consumed (meat) and the ecological role of the consumer (prey).

**Structural and Semantic Elements:**
*   **Multiple-Response Constraint:** Requiring two selections instead of one increases cognitive load by forcing the respondent to evaluate all options even after finding a primary match.
*   **Categorical Distractor:** ""Fruit"" serves as a direct categorical opposite (herbivore), requiring the respondent to inhibit a related but incorrect biological concept.
*   **Phonetic Distractor:** ""Care"" acts as a surface-level distractor due to its phonetic similarity to the first syllable of ""carnivore.""
*   **Relational Logic:** The correct answers require mapping different types of associations—one functional (meat) and one relational (prey).
To describe the level of the latent trait required to correctly associate terms with ""carnivore,"" this item necessitates a low level of cognitive ability and basic verbal comprehension. The task relies on foundational vocabulary and elementary biological knowledge, requiring only the recognition of primary semantic relationships rather than complex reasoning or specialized expertise.","Original Text: Choose two words that best go with the word carnivore.
Fruit
meat
care
prey
The core task presented in this item is to select two words from a provided list of four options that are most closely associated with the word ""carnivore.""
The objective is to identify the primary domain, skill, symptom, belief, or construct measured by the text and provide a brief justification. 

Primary Knowledge Domain/Skill: Semantic knowledge (Vocabulary).

Justification: The item requires the respondent to understand the definition of the word ""carnivore"" and correctly associate it with semantically related concepts (""meat"" and ""prey"") from a provided list.
To analyze the cognitive demand and structural elements of the vocabulary association task for the word ""carnivore"": 

This cognitive item primarily requires direct recall of a definition and basic synthesis to associate the target word with two related concepts (""meat"" and ""prey""). The cognitive load is slightly increased by the structural requirement to select exactly two answers instead of one. Semantically, the distractor ""fruit"" requires the respondent to distinguish between opposing dietary categories (herbivore vs. carnivore), while ""care"" serves as a superficial orthographic or phonetic distractor.
The level of the underlying latent trait (cognitive ability and basic vocabulary) required for a respondent to successfully answer this item is very low, as it relies on elementary-level word association.","Original Text: Choose two words that best go with the word carnivore.
Fruit
meat
care
prey
The core task is to select two terms from the provided list that are most closely associated with the concept of a carnivore.
**Target Measure:** Semantic association and basic biological vocabulary comprehension.

**Justification:** This item evaluates an individual's ability to understand the conceptual definition of ""carnivore"" and correctly identify its semantically related attributes (""meat"" and ""prey"") while differentiating them from incorrect distractors (""fruit"" and ""care"").
**Cognitive Demand Analysis**
This vocabulary association item requires basic semantic recall and direct concept matching rather than multi-step reasoning or synthesis. The task demands only foundational definitional knowledge of the term ""carnivore.""

**Structural and Semantic Load Elements**
* **Multi-Selection Format:** Requiring the identification of two correct targets (""meat"" and ""prey"") slightly elevates working memory load compared to a single-choice format.
* **Low-Distractor Interference:** The distractors present minimal cognitive conflict—""fruit"" serves as a straightforward category contrast, while ""care"" is a low-plausibility, phonologically distant non-associate, keeping overall item demand low.
To successfully identify the semantic associations for the given term, a respondent requires a low to low-average level of the underlying latent trait of verbal cognitive ability, reflecting basic vocabulary comprehension and elementary semantic knowledge.","Original Text: Choose two words that best go with the word carnivore.
Fruit
meat
care
prey
The task is to identify the two words that best relate to “carnivore” from the given options.
Primary domain: vocabulary/semantic knowledge.

Justification: It assesses understanding of the meaning of “carnivore” by selecting words that are semantically related to it, specifically “meat” and “prey.”
This is a low-demand vocabulary matching item: it mainly requires simple recall/word association, not multi-step reasoning or synthesis. The endorsement threshold is minimal because the task is straightforward and objective. The only mild load comes from selecting the two semantically related options, with “fruit” and “care” as distractors and “prey” as a plausible but less direct distractor.
This item requires a low level of the underlying trait: basic vocabulary and semantic association, with the correct choices being the words most strongly linked to “carnivore” rather than advanced reasoning.","Original Text: Choose two words that best go with the word carnivore.
Fruit
meat
care
prey
The task is to select the two words most associated with “carnivore” from the list provided.
This item is primarily measuring **verbal semantic knowledge / vocabulary (word meaning and category association)**. It asks the respondent to identify the two words most semantically associated with **carnivore**—namely **meat** and **prey**—which relies on understanding word meanings and conceptual relationships rather than attitude, symptom, or belief.
This asks for the cognitive demand and any wording features that affect difficulty.

Demand: low to moderate cognitive demand. It mainly requires vocabulary knowledge/semantic association and a small amount of selection among options, not multi-step reasoning or synthesis.

Why: “Carnivore” is most directly associated with “meat” and “prey,” so the task is straightforward if the word is known.

Load-increasing elements:
- Forced selection of exactly two answers adds mild decision demand.
- One plausible but incorrect semantic distractor (“care”) is weak; “fruit” contrasts with carnivore and is also a distractor.
- No conditional logic, complex phrasing, or emotional wording.
This item requires a relatively low to moderate level of the underlying trait, since identifying “meat” and “prey” as the two words associated with “carnivore” depends on basic vocabulary knowledge and simple semantic reasoning rather than especially advanced ability.","Original Text: Choose two words that best go with the word carnivore.
Fruit
meat
care
prey
Select the two words most closely associated with “carnivore” from the given options.
**Primary construct:** Vocabulary and semantic-knowledge ability.  
**Justification:** The item measures whether the respondent understands *carnivore* and can identify its meaningful associations: **meat** and **prey**.
This is a low-demand semantic-association item requiring basic recall, not multi-step reasoning or synthesis. The respondent must select two associated terms—likely **meat** and **prey**—from four options. The two-answer requirement and broadly related distractor **fruit** add slight selection ambiguity, but phrasing and emotional demands are minimal.
The item requires a **low-to-moderate level of verbal and general cognitive ability**: recognizing that *carnivore* is associated with **meat** and **prey**, while rejecting distractors such as *fruit* and *care*.","Original Text: Choose two words that best go with the word carnivore.
Fruit
meat
care
prey
Select the two words most closely associated with “carnivore” from the given options.
**Construct:** Vocabulary and semantic association knowledge.  

**Justification:** The item tests understanding that a *carnivore* eats **meat** and hunts or consumes **prey**.
Requires basic vocabulary recall and simple category association: **meat** and **prey** relate to “carnivore.” Demand is low, with the slight added load of selecting two answers; distractors are straightforward and phrasing is simple.
This item requires a low to moderate level of verbal knowledge and basic conceptual reasoning to identify “meat” and “prey” as related to “carnivore.”",2.65501079297016,-0.3397396993377145,-0.6790699180083685,-0.6855596013342088,0.5038082189239215,494.0,gilbert_meta_7,-1.5495342312885496,0.47588545022560347,-1.3172402110298222,0.40454443549783364,-1.7101961422917604,0.48093333797843757,-1.4437459361824447,0.40600346072033866,-1.4244745158228753,0.4310597523446377,-1.205058617643376,0.36466238146917884,0.608685716997636,0.3642262029421294,0.7565091763114646,0.45268100940156086,-0.027890684100510876,0.37589464759336,-0.025902268164234608,0.3490959177758331,-0.5779509084874482,0.3749482913607657,-0.5342916455931658,0.3466241451679283,-0.06356844711122833,0.3925304154562996,-0.05551017632316813,0.342771194898937
s_vocab_27_2021,,Choose two words that best go with the word species.,"Choose two words that best go with the word species.
not real
type
family
furry","Original Text: Choose two words that best go with the word species.
not real
type
family
furry
Select two synonyms or taxonomic classifications that correspond to the term ""species"" from the provided list.
This item measures the knowledge domain of **Biological Taxonomy** and the skill of **Semantic Association**. It requires the respondent to identify terms related to biological classification (""family"") and categorical synonyms (""type"") that define the hierarchical and conceptual meaning of ""species.""
This analysis evaluates the cognitive demand and structural complexity of the multiple-selection vocabulary item regarding the word ""species.""

**Cognitive Demand**
This item requires **synthesis** and **multi-step reasoning**. The respondent must retrieve the biological and linguistic definitions of ""species"" and evaluate the options against both scientific taxonomy and general synonymy to determine the two most appropriate associations.

**Structural and Semantic Elements**
*   **Multiple Selection:** Requiring two correct answers instead of one increases the cognitive load and the threshold for a successful response.
*   **Taxonomic Hierarchy:** The inclusion of ""family"" necessitates specific knowledge of biological classification levels, while ""type"" serves as a broader semantic synonym, requiring the respondent to navigate different conceptual frameworks.
*   **Concrete Distractor:** ""Furry"" acts as a prototypical attribute distractor that may mislead respondents who rely on mental imagery rather than categorical definitions.
To correctly identify ""type"" and ""family"" as the words most closely associated with ""species,"" a respondent requires a low to moderate level of the underlying latent trait of verbal reasoning or basic biological literacy. This item measures the ability to recognize taxonomic relationships and categorical synonyms within a standard educational framework.","Original Text: Choose two words that best go with the word species.
not real
type
family
furry
The core task presented in this item is to select two words from a provided list of four options that are most conceptually related to the target word ""species"".
In determining the primary knowledge domain or construct measured by the item asking to select words associated with ""species,"" the target domain is Semantic Knowledge / Vocabulary. 

Justification: The item tests lexical comprehension and semantic networking by requiring the respondent to identify taxonomically related terms and synonyms (""type"" and ""family"") that share a categorical relationship with the target word.
Assessing the cognitive demand and structural elements of the provided vocabulary item:

This cognitive item requires recall of definitions and multi-step reasoning to evaluate semantic relationships. Structurally, the requirement to ""choose two"" increases working memory load. Semantically, the phrase ""best go with"" demands synthesis rather than direct definition matching. The distractor ""furry"" increases cognitive load by presenting a tricky thematic association (animals) that must be distinguished from the correct taxonomic categories (""type"" and ""family"").
Regarding the degree of the underlying latent trait required to successfully answer this item, a low to moderate level of cognitive ability and verbal reasoning is necessary, as identifying the semantic relationship between ""species,"" ""type,"" and ""family"" relies on basic, everyday vocabulary.","Original Text: Choose two words that best go with the word species.
not real
type
family
furry
The item presents a vocabulary association task requiring the selection of two terms from a given list that are most conceptually and taxonomically related to the word ""species.""
**Construct Measured:** Semantic Knowledge and Verbal Reasoning (specifically, vocabulary comprehension and hierarchical semantic associations).

**Justification:** The item assesses an individual's ability to identify conceptual and taxonomic relationships related to the target word (""species"") by requiring the selection of correct categorical synonyms and related scientific classifications (""type"" and ""family"") over unrelated or non-definitional distractors.
**Cognitive Demand Assessment:**
This item assesses semantic recall and conceptual categorization at a low-to-moderate demand level. It requires recognizing taxonomic and definitional relationships (linking *species* to *type* and *family*).

**Demand-Increasing Structural and Semantic Elements:**
* **Multi-Answer Requirement:** Demanding two selections instead of one increases working memory load and requires comparative evaluation across all options.
* **Vague Relational Phrasing:** The phrase ""best go with"" lacks a defined relational constraint (e.g., synonym, classification), requiring test-takers to infer the intended organizational framework.
* **Thematic Distractor:** The option ""furry"" serves as a plausible, concrete association (a common attribute of animals), requiring the test-taker to suppress superficial associations in favor of abstract taxonomic and categorical classifications.
Successfully solving this item requires a low-to-moderate level of the underlying latent trait of general verbal ability, specifically foundational vocabulary comprehension and elementary semantic categorization skills.","Original Text: Choose two words that best go with the word species.
not real
type
family
furry
The task is to identify the two words that best relate to “species” from the given options.
Primary construct: vocabulary/semantic association knowledge.

Justification: It measures the ability to identify words that are semantically related to “species” (“type” and “family”), rather than unrelated or superficial descriptors.
This is a low-demand vocabulary association item: it mainly requires simple recall/word association, not multi-step reasoning or synthesis. The endorsement threshold is low, but the wording includes a small structural constraint (“choose two words”) and a distractor set, which slightly increases attention demands.
This item requires a low level of the underlying trait: basic vocabulary and semantic association. A respondent only needs to recognize that “species” most strongly pairs with “type” and, less directly, “family,” rather than needing advanced ability or strong symptom-related endorsement.","Original Text: Choose two words that best go with the word species.
not real
type
family
furry
The task is to select the two words most closely associated with “species” from the options: not real, type, family, and furry.
This item is primarily measuring **verbal semantic categorization / vocabulary knowledge**. It asks the respondent to identify words most conceptually related to **species**, which depends on understanding taxonomic meaning and semantic relationships; **type** and **family** fit that category, whereas **not real** and **furry** do not.
This asks for the cognitive demand of a word-association item. Demand is low to moderate: it mainly requires basic vocabulary/semantic categorization and a small amount of comparison, not recall, multi-step reasoning, or synthesis. The main load comes from selecting exactly two options and rejecting distractors: “type” and “family” are semantically related to “species,” while “not real” and “furry” are more obviously mismatched. Structural factors increasing load are minimal; phrasing is simple, with only slight ambiguity from “best go with,” which requires judging degree of fit rather than applying a strict rule.
This item appears to require a relatively high level of the underlying trait—likely verbal/conceptual reasoning—because successfully selecting “type” and “family” depends on recognizing abstract categorical relationships rather than superficial associations like “furry” or the irrelevant option “not real.”","Original Text: Choose two words that best go with the word species.
not real
type
family
furry
Identify the two words that best relate to “species” from the choices provided.
**Primary construct:** Verbal reasoning and vocabulary/semantic association.  

**Justification:** The item requires recognizing which words are meaningfully related to “species,” likely **type** and **family**, rather than unrelated descriptors.
This is a low-demand verbal-association item requiring basic semantic recall and comparison, not multi-step reasoning or synthesis. The intended choices are likely **type** and **family**, both taxonomic or classificatory terms. Cognitive load is slightly increased by selecting two answers and by ambiguous distractors: **“furry”** can describe a species, and **“not real”** can modify one, though neither forms as conventional an association.
The item requires a **low-to-moderate level of verbal and conceptual ability**: respondents must recognize that **“type”** and **“family”** are meaningful taxonomic associations with “species.”","Original Text: Choose two words that best go with the word species.
not real
type
family
furry
Select the two words most closely associated with “species” from the given options.
**Domain: Vocabulary/word association knowledge.** The item measures understanding of the meaning of **“species”** by identifying semantically related words, **“type”** and **“family.”**
This is a low-demand vocabulary association item requiring basic recall. The respondent must select two semantically related words (“type” and “family”) from four options. Cognitive load is slightly increased by requiring two selections and distinguishing taxonomic/meaning-based associations, but the phrasing and distractors are simple, with no conditional logic or emotional content.
This item requires a moderate level of underlying verbal and conceptual ability to identify “type” and “family” as related to “species.”",1.1506996679889496,0.3642422041880619,0.4160506457670975,0.5316019075773051,1.7016560221432768,793.0,gilbert_meta_7,1.20295186788288,0.38325342961107844,1.0226147575914306,0.3257990809786705,1.1134694922995494,0.37428818317861523,0.9399898729840267,0.31597372375141725,1.0877238197056636,0.3738187617922168,0.9201785977863475,0.31623838498385665,-1.03753267490917,0.36430913999851733,-1.2895045297979535,0.4527840882852304,1.1331241514639419,0.35969142500512963,1.0523401121614013,0.3340478746696606,0.8945919542009385,0.3586933238215466,0.8270131603310836,0.33159710181865487,1.368172771466236,0.38498574659999985,1.1947359930274815,0.3361829279592033
s_vocab_31_2021,,Choose two words that best go with the word diversity.,"Choose two words that best go with the word diversity.
riches
mix
variety
large pieces","Original Text: Choose two words that best go with the word diversity.
riches
mix
variety
large pieces
Identify two synonyms for the term ""diversity"" from the provided options.
This item measures **vocabulary knowledge**, specifically the ability to identify semantic associations and synonyms. The task requires the respondent to recognize ""mix"" and ""variety"" as terms that define or relate closely to the concept of ""diversity,"" assessing lexical breadth and word comprehension.
This analysis evaluates the cognitive demand and structural complexity of the vocabulary association task for the word ""diversity.""

**Demand:** This cognitive item requires **synthesis** of semantic relationships and **multi-step reasoning** to compare four distinct options and identify the two with the strongest lexical overlap.

**Structural/Semantic Elements:**
*   **Multiple-Response Constraint:** Requiring exactly two selections increases cognitive load by forcing the respondent to validate multiple correct associations simultaneously.
*   **Semantic Proximity:** The options ""mix"" and ""variety"" are direct synonyms, while ""riches"" serves as a connotative or metaphorical distractor, requiring the respondent to prioritize literal meaning over figurative association.
*   **Categorical Foil:** The inclusion of ""large pieces"" provides a low-level semantic distractor to ensure basic comprehension of the target word's abstract nature.
The level of the latent trait—specifically basic verbal proficiency and foundational vocabulary knowledge—required to correctly identify synonyms for ""diversity"" is low to moderate. A respondent needs only a common understanding of semantic associations to recognize ""mix"" and ""variety"" as the most accurate descriptors.","Original Text: Choose two words that best go with the word diversity.
riches
mix
variety
large pieces
The core objective of this request is to summarize the provided item's fundamental task, which requires selecting two words from a given list of four options that are most closely synonymous with the term ""diversity.""
The objective is to determine the primary psychological construct, skill, or knowledge domain assessed by the provided multiple-choice item and justify this classification.

**Primary Skill/Domain:** Vocabulary knowledge and semantic reasoning. 

**Justification:** The item tests verbal comprehension by requiring the respondent to understand the definition of the target word (""diversity"") and identify its closest synonyms or semantically related terms (""mix"" and ""variety"") from a list of distractors.
To evaluate the cognitive demand and structural complexity of this vocabulary item: 

This cognitive task requires recall of definitions and multi-step reasoning to compare and select multiple targets. The structural requirement to ""choose two words"" increases the cognitive load by forcing the evaluation of all options rather than stopping at a single correct answer. Semantically, the distractor ""riches"" adds minor complexity through a loose association with abundance, requiring precise differentiation to correctly identify ""mix"" and ""variety"" as the best conceptual matches for ""diversity.""
Regarding the degree of the underlying latent trait needed to successfully answer this item, a low level of cognitive ability and verbal comprehension is required, as associating the common word ""diversity"" with its basic synonyms ""mix"" and ""variety"" demands minimal lexical knowledge.","Original Text: Choose two words that best go with the word diversity.
riches
mix
variety
large pieces
The core task presented in this item is to identify and select the two terms from a given four-choice list that share the closest meaning or association with the concept of ""diversity.""
The cognitive skill and domain this item evaluates is **vocabulary knowledge**, specifically **semantic comprehension and synonym recognition**. 

**Justification:** The task assesses a test-taker's understanding of lexical meaning by requiring them to identify semantically related concepts and synonyms (""mix"" and ""variety"") for the target word ""diversity"" while rejecting incorrect distractors.
This cognitive vocabulary item requires basic semantic recall and synonym recognition rather than multi-step reasoning or synthesis. 

Structural and semantic elements affecting its cognitive load include:
* **Multi-response format:** Requiring two selections instead of one slightly increases processing demand.
* **Distractor plausibility:** The inclusion of ""riches"" presents mild semantic interference through potential association with conceptual ""richness,"" while the remaining distractor (""large pieces"") is easily eliminated, keeping overall cognitive load low.
The level of the underlying latent trait—specifically general verbal ability and basic English vocabulary proficiency—required to correctly identify the words associated with ""diversity"" is low to low-moderate.","Original Text: Choose two words that best go with the word diversity.
riches
mix
variety
large pieces
The task is to identify the two words that best associate with “diversity” from the given options.
Primary construct: vocabulary knowledge / semantic association.

Justification: It asks the respondent to select words most closely related in meaning to “diversity,” which measures understanding of word relationships and synonym-like associations.
This is a low-demand vocabulary association item: it asks for selecting words that fit with “diversity.” It mainly requires simple semantic recall/recognition, not multi-step reasoning or synthesis. The wording is straightforward, with no tricky conditional logic or emotionally loaded language. The only mild cognitive load comes from distinguishing close semantic options, especially “mix” and “variety,” but the threshold for endorsement is low.
This item requires a low level of the underlying trait: basic verbal reasoning and vocabulary knowledge, specifically recognizing that “diversity” is most closely associated with “variety” and “mix.”","Original Text: Choose two words that best go with the word diversity.
riches
mix
variety
large pieces
The task is to select the two words most closely associated with “diversity”: mix and variety.
This item is measuring **vocabulary/semantic understanding**, specifically knowledge of the meaning of **“diversity.”** The best matches are **“mix”** and **“variety,”** so the task assesses the ability to recognize synonyms or closely related word meanings.
This asks for the cognitive demand and any wording features that affect difficulty.

Low demand: it mainly requires basic vocabulary/semantic association and simple comparison, not recall of facts, multi-step reasoning, or synthesis. The respondent must identify the two closest synonyms to “diversity,” which are “mix” and “variety.”

Load-increasing elements: the instruction to choose exactly two adds a small selection constraint, and “riches” is a plausible but weaker distractor because of positive connotation. Otherwise, phrasing is simple, concrete, and free of conditional logic or emotional intensity.
This item appears to require a relatively low to moderate level of the underlying trait: correctly linking “diversity” with “mix” and “variety” depends on fairly common vocabulary knowledge and basic semantic reasoning rather than especially advanced ability.","Original Text: Choose two words that best go with the word diversity.
riches
mix
variety
large pieces
Choose the two words most closely associated with “diversity” from the provided options.
This item measures **vocabulary and semantic-association skills**. The best choices are **mix** and **variety**, both closely matching the meaning of *diversity* as difference or range.
This is a basic verbal-association item requiring recall of word meanings and brief semantic comparison, not multi-step reasoning or synthesis. “Variety” and “mix” are direct synonyms or collocations for “diversity”; “riches” and “large pieces” are weak distractors. The two-answer requirement adds slight selection complexity, but phrasing and emotional threshold are minimal.
The item requires a **low-to-moderate level of verbal reasoning and vocabulary**: recognizing that “mix” and “variety” are closely associated with “diversity.”","Original Text: Choose two words that best go with the word diversity.
riches
mix
variety
large pieces
Select the two words most closely associated with “diversity.”
**Vocabulary/semantic association:** The item measures understanding of the meaning of **“diversity”** by identifying its closest semantic associates, **“mix”** and **“variety.”**
Low-demand cognitive item requiring basic vocabulary recall and semantic association. The respondent must select two answers (“mix,” “variety”), adding slight load through the “choose two” instruction. Distractors are weak; “riches” has superficial positive association, while “large pieces” is clearly unrelated. No multi-step reasoning, synthesis, conditional logic, or emotional threshold.
This item requires a low level of the underlying cognitive ability, as “mix” and “variety” are common, direct associations with “diversity.”",0.8013443885151365,0.7740084471826516,0.677257887608419,0.8220986999575597,2.275269939200316,860.0,gilbert_meta_7,-0.09926638365141394,0.4385636824390353,-0.08438514587730107,0.3728176544545368,-0.08093655189541338,0.43407855824929453,-0.06832655915773173,0.366448700800214,-0.5189307249678061,0.440652873151777,-0.438998335973135,0.3727778463443501,-0.16759119784465548,0.3861011582326656,-0.2082918581758087,0.47986844611409,-0.8742633685274948,0.43716718320255454,-0.81193434109246,0.4060001386523265,-1.1722961831143452,0.48138359156726107,-1.0837392027602524,0.4450191660276733,-2.220106179288382,0.6053018545788724,-1.9386738400706507,0.528570607012341
s_vocab_17_2021,,Choose two words that best go with the word evidence.,"Choose two words that best go with the word evidence.
choosing
showing
feeling
proving","Original Text: Choose two words that best go with the word evidence.
choosing
showing
feeling
proving
Identify the two words from the provided list that are most semantically or contextually associated with the term ""evidence.""
This item aims to identify the **Lexical Collocation and Semantic Association** related to the term ""evidence.""

**Justification:** The task requires the respondent to recognize which verbs conventionally and logically pair with the noun ""evidence"" to describe its function (demonstrating or verifying truth), thereby measuring vocabulary depth and the ability to distinguish between objective functional relationships and subjective or unrelated actions.
This analysis evaluates the cognitive demand and structural complexity of the vocabulary item regarding the word ""evidence.""

**Cognitive Demand**
This item requires **synthesis** and **multi-step reasoning**. The respondent must simultaneously evaluate the semantic compatibility of four distinct verbs and synthesize which two form the most idiomatic or logical collocations with the target noun.

**Structural and Semantic Elements**
*   **Multiple-Response Format:** Requiring ""two words"" increases cognitive load by forcing a comparative analysis of all options rather than a simple elimination of the least likely candidate.
*   **Semantic Distractors:** The inclusion of ""choosing"" and ""feeling"" acts as a filter for linguistic precision, while the correct options (""showing,"" ""proving"") require the respondent to distinguish between functional evidence-based actions and unrelated verbs.
The level of the underlying latent trait required to correctly identify the words associated with ""evidence"" is a **low-to-moderate degree of verbal reasoning and linguistic proficiency**. This item necessitates basic semantic mapping and familiarity with common collocations, requiring foundational literacy rather than advanced cognitive specialization.","Original Text: Choose two words that best go with the word evidence.
choosing
showing
feeling
proving
The core task presented in this item requires selecting two words from a provided list of four that are most closely associated with the word ""evidence.""
In determining the primary skill or construct this item attempts to measure and providing a concise justification:

**Primary Skill:** Semantic reasoning / Verbal comprehension

**Justification:** The item requires the respondent to understand the meaning of the target word (""evidence"") and identify its logical, definitional associations (""showing"" and ""proving"") from a list of distractors.
To assess the cognitive demand, required mental processes, and structural or semantic elements that influence the difficulty of the provided text:

This cognitive item requires recall of vocabulary definitions and multi-step reasoning to evaluate semantic relationships. The cognitive load is increased by the structural requirement to select exactly two options, which prevents the respondent from stopping after identifying a single correct answer. Semantically, the phrasing ""best go with"" demands associative reasoning rather than strict synonym matching. Furthermore, all options (""choosing,"" ""showing,"" ""feeling,"" ""proving"") share an identical grammatical structure (-ing suffix), acting as tricky distractors by eliminating syntactic clues and forcing the respondent to rely entirely on semantic synthesis.
Regarding the degree of the underlying latent trait necessary to correctly answer this item, a low to moderate level of cognitive ability and verbal reasoning is required, as the vocabulary and semantic relationships involved are basic and commonly understood.","Original Text: Choose two words that best go with the word evidence.
choosing
showing
feeling
proving
The core task is to select two words from a given four-option list that have the strongest association with the term ""evidence.""
The item assesses the construct of **semantic association and vocabulary comprehension** within the verbal ability domain. 

**Justification:** Successfully answering requires the test-taker to identify semantic relationships and functional collocations by determining which verbs (""showing"" and ""proving"") logically pair with the target noun ""evidence,"" reflecting receptive vocabulary depth and lexical reasoning skills.
**Assessment of Item Demand and Structural Complexity:**

* **Cognitive Demand:** This ability item requires low-to-moderate cognitive load, relying primarily on lexical recall and semantic recognition (collocation retrieval) to associate the target noun with appropriate functional verbs, rather than multi-step reasoning or synthesis.
* **Structural and Semantic Elements Affecting Load:**
  * **Dual-Selection Format:** Requiring two correct answers increases cognitive processing, as the test-taker must evaluate the viability of all options rather than stopping after identifying a single match.
  * **Morphological Parallelism:** All options utilize the *-ing* participle form, eliminating grammatical cues and forcing reliance entirely on semantic compatibility.
  * **Semantic Differentiation:** The task requires distinguishing verbs of objective demonstration (""showing,"" ""proving"") from internal states (""feeling"") and general actions (""choosing""), though the distractors are straightforward and present low semantic ambiguity.
Successfully completing this semantic association task requires a low-to-moderate level of the underlying latent trait of verbal cognitive ability and foundational vocabulary comprehension, as identifying that ""evidence"" aligns with ""showing"" and ""proving"" relies on standard English language proficiency rather than advanced reasoning.","Original Text: Choose two words that best go with the word evidence.
choosing
showing
feeling
proving
The task is to select the two words that best relate to “evidence” from the given options.
Primary construct: verbal reasoning / semantic association.

Justification: It measures the ability to identify words that are conceptually related to “evidence” — here, “showing” and “proving” best fit.
This is a low-demand vocabulary association item: it asks for selecting two words that fit with “evidence.” It mainly requires simple semantic recall/recognition, not multi-step reasoning or synthesis. The wording is straightforward, with no tricky distractors, conditional logic, or emotionally loaded language; the only modest load comes from identifying the two closest collocations among similar options.
This item requires a low level of the underlying verbal/semantic trait: recognizing that “evidence” most strongly pairs with “proving” and “showing,” rather than “choosing” or “feeling.”","Original Text: Choose two words that best go with the word evidence.
choosing
showing
feeling
proving
The task is to select the two words most closely associated with “evidence” from the given options.
This item is measuring verbal reasoning / semantic association, specifically the ability to identify words most closely related in meaning or function to “evidence.” The best matches are “showing” and “proving,” so the task assesses vocabulary-based conceptual linkage rather than a clinical or attitudinal construct.
This asks for the cognitive demand and any wording features that affect difficulty.

Low-to-moderate cognitive demand: it mainly requires vocabulary/semantic association plus a small comparison across options, not deep recall or multi-step reasoning. The task is a forced-choice selection of two related words, so it involves light discrimination rather than synthesis.

Load-increasing elements:
- Must choose exactly two options, which adds comparison and exclusion.
- “Best go with” is somewhat vague, requiring judgment of degree of fit rather than a single clearly defined relation.
- Options are semantically close in places: “showing” and “proving” both plausibly relate to “evidence,” increasing distractor difficulty.
- No conditional logic or emotional wording.
This item appears to require a moderately high level of the underlying trait, since correctly linking “evidence” with “showing” and “proving” depends on fairly strong verbal reasoning and vocabulary discrimination rather than only basic word association.","Original Text: Choose two words that best go with the word evidence.
choosing
showing
feeling
proving
Select the two words most closely associated with “evidence.”
**Primary construct:** Verbal vocabulary and semantic association.

**Justification:** The item assesses recognition that “showing” and “proving” are words meaningfully associated with or commonly used alongside “evidence.”
This is a low-demand verbal-ability item requiring recall or recognition of common semantic pairings, not multi-step reasoning or synthesis. The main load comes from identifying two natural collocations: “evidence showing” and “evidence proving.” Distractors are semantically weaker, though “choosing evidence” may introduce slight ambiguity depending on sentence context.
The item requires a **moderate level of verbal–semantic ability**, particularly recognizing common collocations: **“showing evidence”** and **“proving evidence”** (though “evidence showing/proving” is more natural). It does not require exceptionally high cognitive ability.","Original Text: Choose two words that best go with the word evidence.
choosing
showing
feeling
proving
Select the two words most closely associated with “evidence” from the given options.
**Construct: Receptive vocabulary/semantic association.** The item measures understanding of the meaning of *evidence* by requiring selection of the two most closely related words: **showing** and **proving**.
This is a low-to-moderate cognitive-demand verbal association item. It requires semantic knowledge and comparison among four options, not recall, multi-step reasoning, or synthesis. The best choices are **showing** and **proving**. Cognitive load is slightly increased by selecting exactly two answers and by plausible distractors: **feeling** contrasts with evidence, while **choosing** is weakly related only through the task wording.
This item requires a low-to-moderate level of the underlying verbal/cognitive ability, as identifying “showing” and “proving” as related to “evidence” relies on common word associations.",2.20133459141315,-0.9007814461646544,-1.6282329400225497,-1.7325077684282486,0.1768403787202149,274.0,gilbert_meta_7,0.2944761884201368,0.3871461599032496,0.2503306275817057,0.3291082436728548,0.9751678876820362,0.4067147779492881,0.8232357915682696,0.34334822382581115,0.2106099620924753,0.39121910380789815,0.17816910514153436,0.3309585023766386,0.40328470336652666,0.4066654986304266,0.5012251318589908,0.5054269762081339,0.9438474450579366,0.43315642739646965,0.8765575465956593,0.402275322435697,1.4981191962637568,0.4601725251520442,1.3849490655898105,0.4254104148113608,0.595916342957703,0.4154611241923182,0.520374852221247,0.36279508635760954
s_vocab_19_2021,,Choose two words that best go with the word hunter.,"Choose two words that best go with the word hunter.
search
conclusion
handout
catcher","Original Text: Choose two words that best go with the word hunter.
search
conclusion
handout
catcher
The core task is to identify two words from a provided list that share the strongest semantic association with the term ""hunter.""
This item measures **semantic association** and **verbal reasoning**. It assesses the ability to identify conceptually related terms—specifically ""search"" and ""catcher""—that share a functional or lexical relationship with the target word ""hunter.""
This analysis evaluates the cognitive demand and structural complexity of a word association task involving the term ""hunter.""

**Cognitive Requirements**
This item requires **synthesis** of semantic relationships and **multi-step reasoning**. The respondent must evaluate the target word against multiple candidates to identify functional synonyms or conceptual parallels rather than relying on simple recall.

**Structural and Semantic Elements**
*   **Multiple-Response Format:** Requiring two correct answers increases cognitive load by forcing the respondent to maintain multiple active associations simultaneously.
*   **Semantic Breadth:** The correct options (""search,"" ""catcher"") rely on different linguistic relationships—one being a functional synonym and the other an occupational parallel—which necessitates a broad lexical search.
*   **Abstract Distractors:** The inclusion of ""conclusion"" and ""handout"" acts as a categorical filter, requiring the respondent to reject unrelated abstract nouns.
To describe the level of the underlying latent trait required for the item ""Choose two words that best go with the word hunter,"" this task necessitates a low to moderate level of verbal reasoning and semantic association. A respondent must possess basic vocabulary knowledge to identify functional relationships (searching) and categorical roles (catcher) associated with the target word, distinguishing them from semantically unrelated distractors.","Original Text: Choose two words that best go with the word hunter.
search
conclusion
handout
catcher
The core task presented in this item is to select two words from a provided list of four that are most semantically associated with the target word ""hunter.""
To identify the primary construct or skill this item aims to measure along with a concise justification:

**Skill/Construct:** Semantic reasoning and verbal comprehension. 

**Justification:** The task requires the individual to understand the meaning of a target word and identify semantically related concepts from a list of distractors, which tests lexical knowledge and associative logic.
In analyzing the cognitive demand and structural elements of this word association task, the item primarily requires basic vocabulary recall and semantic synthesis to link related concepts. The main structural element increasing the cognitive load is the instruction to select *two* correct options (""search"" and ""catcher"") rather than a single answer. However, the distractors (""conclusion,"" ""handout"") lack semantic overlap with the target word, keeping the overall difficulty and threshold for endorsement low.
Regarding the degree of the underlying latent trait required to successfully answer this item, a low to moderate level of cognitive ability—specifically verbal reasoning and semantic association—is necessary, as identifying the relationship between ""hunter,"" ""search,"" and ""catcher"" relies on basic, everyday vocabulary.","Original Text: Choose two words that best go with the word hunter.
search
conclusion
handout
catcher
The core task presented in this item requires selecting the two options from a four-word list that share the strongest conceptual association with the target word ""hunter.""
**Construct Measured:** Verbal Reasoning / Semantic Association (Lexical Semantics)

**Justification:** This item evaluates an individual's receptive vocabulary and relational reasoning by requiring them to identify direct conceptual and functional associations between a target concept (""hunter"") and related actions or roles (""search"" and ""catcher"").
**Cognitive Complexity and Structural Demand Analysis:**

* **Demand Level:** This item requires **relational and associative reasoning** (categorization and thematic mapping) rather than simple recall or complex synthesis. The test-taker must extract the functional and behavioral attributes of ""hunter"" to identify related concepts.
* **Load-Increasing Structural and Semantic Elements:**
  * **Dual-Target Selection:** Requiring two answers instead of one increases working-memory load and comparative evaluation across options.
  * **Ambiguous Relational Framing:** The phrase ""best go with"" is functionally vague, forcing the examinee to independently infer the criteria for association (e.g., action/intent in *search*, agentive role in *catcher*).
  * **Part-of-Speech and Categorical Shifts:** The stimulus pairs an agent noun (*hunter*) with an abstract action/verb (*search*) and another agent noun (*catcher*), requiring cognitive flexibility across distinct grammatical and conceptual frames.
To successfully identify the words semantically linked to ""hunter,"" a respondent requires a low-to-moderate level of the underlying latent trait of verbal cognitive ability, specifically involving basic vocabulary knowledge and foundational semantic association skills.","Original Text: Choose two words that best go with the word hunter.
search
conclusion
handout
catcher
The task is to identify the two words that best associate with “hunter” from the given options.
Primary construct: verbal association / semantic relationship recognition.

Justification: It measures the ability to identify words that form the strongest meaningful compound or collocation with “hunter,” which is a language-based association task.
This is a low-demand vocabulary association item: it asks for selecting two words that pair with “hunter.” It mainly requires simple recall/recognition of common collocations, not multi-step reasoning or synthesis. The wording is straightforward, with no conditional logic or emotional intensity; the only mild load comes from having to identify the two fitting options among distractors.
This item requires a low-to-moderate level of verbal association skill, with the strongest response reflecting basic semantic knowledge and familiarity with common compound or collocational pairings. The underlying trait is not especially high; a respondent only needs modest language ability to identify the best fit.","Original Text: Choose two words that best go with the word hunter.
search
conclusion
handout
catcher
The task is to select the two words most closely associated with “hunter” from the given options.
This item is measuring verbal semantic association / vocabulary reasoning. The task is to identify which words are most meaningfully related to “hunter,” requiring knowledge of word meanings and conceptual relationships; “search” and “catcher” fit best.
This asks for the cognitive demand of a word-association item. Demand is low to moderate: it mainly requires basic semantic recall/association, not multi-step reasoning or synthesis. The main load comes from selecting two responses rather than one, which adds comparison and mild distractor filtering. “Search” and “catcher” are both plausible associates of “hunter,” while “conclusion” and “handout” are clearer distractors. Phrasing is simple, with no conditional logic, emotional intensity, or deep introspection required.
This item appears to require a relatively low to moderate level of the underlying trait, since the correct associations with “hunter” are fairly concrete and accessible rather than highly abstract or difficult.","Original Text: Choose two words that best go with the word hunter.
search
conclusion
handout
catcher
Select the two words that best pair with “hunter.”
**Primary construct:** Verbal-semantic reasoning and vocabulary.

**Justification:** The item requires identifying words conceptually associated with “hunter,” likely **search** and **catcher**, demonstrating understanding of semantic relationships and functional associations.
This is a low-demand lexical-association item requiring recall and basic semantic matching, not multi-step reasoning or synthesis. The phrase “best go with” is somewhat vague, and selecting two answers introduces mild ambiguity; the distractors are semantically weaker but not tricky. No complex phrasing, conditional logic, emotional wording, or elevated endorsement threshold is present.
The item requires a relatively low-to-moderate level of verbal ability: recognizing common semantic or compound-word associations involving “hunter.” It is accessible to most respondents with basic vocabulary and does not require high cognitive ability.","Original Text: Choose two words that best go with the word hunter.
search
conclusion
handout
catcher
Select the two words most closely associated with “hunter” from the given options.
**Construct:** Verbal semantic association.

**Justification:** The item measures the ability to identify words meaningfully related to “hunter” (“search” and “catcher”) while rejecting unrelated distractors.
This is a low-demand verbal association item requiring basic semantic recall. The respondent must select two related words (“search” and “catcher”) while rejecting unrelated distractors. Cognitive load is slightly increased by requiring two choices, but there is no complex phrasing, conditional logic, synthesis, or emotional content.
This item requires a relatively low to moderate level of underlying verbal/cognitive ability to identify the associations “search” and “catcher” with “hunter.”",1.2762020898771482,-0.9145655509811502,-1.186453199381258,-1.245212706854828,0.2878796676391925,366.0,gilbert_meta_7,-0.13460216012189297,0.38531372657462815,-0.1144236598481543,0.32755051437862415,-0.25692903843304804,0.3904511820054208,-0.2168992467892572,0.32961851179394647,0.5007567029373945,0.3801501141139578,0.4236237107188975,0.32159450093531894,-0.687131394958411,0.36605789898687774,-0.8540059198066481,0.45495754526788695,-1.7449995743611653,0.4774318793195564,-1.6205929821832608,0.4433942360009424,0.30645947931758016,0.3772187806743375,0.2833090788640411,0.3487231183745364,0.24931710247453565,0.37230466330650563,0.2177123549129186,0.32510936549890046
s_vocab_15_2021,,Choose two words that best go with the word hypothesis.,"Choose two words that best go with the word hypothesis.
guess
poem
hippo
thought","Original Text: Choose two words that best go with the word hypothesis.
guess
poem
hippo
thought
Select two semantically related terms for the word ""hypothesis"" from a list of four choices.
This item measures the primary knowledge domain of **Vocabulary Knowledge (Scientific Literacy)**. It assesses the respondent's ability to identify semantic associations and synonyms for a foundational research term, requiring an understanding of the conceptual relationship between a ""hypothesis"" and its informal equivalents, ""guess"" and ""thought.""
This analysis evaluates the cognitive demand and structural complexity of the word association task for the term ""hypothesis.""

**Cognitive Demand**
This item requires **synthesis**. The respondent must integrate their understanding of the definition of ""hypothesis"" with the semantic properties of the provided options to identify the two most relevant conceptual links.

**Structural and Semantic Elements**
*   **Multi-select Constraint:** Requiring two correct answers increases cognitive load by forcing the respondent to evaluate all options relative to one another rather than stopping at the first plausible match.
*   **Phonetic/Orthographic Distractor:** The word ""hippo"" serves as a surface-level distractor, testing whether the respondent is distracted by similar starting phonemes/graphemes (""hypo-"" vs. ""hippo"") rather than focusing on semantic meaning.
*   **Semantic Proximity:** ""Guess"" and ""thought"" require the respondent to recognize synonyms or related stages of the scientific method, distinguishing them from the categorical outlier ""poem.""
To successfully identify the synonyms for ""hypothesis,"" a respondent requires a low to moderate level of the latent trait of verbal reasoning and academic vocabulary. The stark semantic contrast between the correct options and the distractors indicates that only a foundational grasp of basic scientific terminology is necessary for success.","Original Text: Choose two words that best go with the word hypothesis.
guess
poem
hippo
thought
The core task presented in this item is to select two words from a provided list of four that are most conceptually related to the word ""hypothesis.""
To identify the primary construct this item attempts to measure and provide a concise justification:

**Construct:** Semantic knowledge (Vocabulary)
**Justification:** The item requires the respondent to comprehend the meaning of the word ""hypothesis"" and correctly identify its conceptual associations (""guess"" and ""thought"") among unrelated distractors.
In evaluating the cognitive demand, reasoning level, and structural elements that affect the difficulty of this word association task:

This cognitive item requires recall of vocabulary and basic synthesis to identify semantic relationships. The cognitive load is increased by the structural requirement to select two correct options (""guess"" and ""thought"") instead of one. Additionally, the distractor ""hippo"" introduces a phonological and orthographic trap, leveraging visual and auditory similarity to the target word ""hypothesis"" to mislead the respondent.
Regarding the degree of the underlying latent trait necessary to successfully answer this item, only a low level of cognitive ability and verbal reasoning is required, given the basic vocabulary and easily distinguishable distractors.","Original Text: Choose two words that best go with the word hypothesis.
guess
poem
hippo
thought
The core task is to select two words from a provided list that have the closest semantic association with the concept of a hypothesis.
**Target Construct:** Vocabulary Comprehension and Semantic Association (Verbal Ability)

**Justification:** This item evaluates an individual's semantic knowledge and lexical understanding by requiring them to identify conceptually related terms and synonyms (""guess"" and ""thought"") for the target concept (""hypothesis"") while ruling out phonological distractors (""hippo"") and unrelated words (""poem"").
This evaluation of the cognitive demand and structural complexity of the vocabulary association task indicates low-to-moderate demand, relying primarily on semantic recall and basic conceptual categorization rather than multi-step reasoning or synthesis.

Elements influencing cognitive load:
* **Dual-Selection Format:** Requiring two correct answers increases working memory load slightly compared to standard single-choice items.
* **Phonological Distractor:** The option ""hippo"" serves as a surface-level phonetic/orthographic distractor (sharing the initial prefix sound of ""hypothesis""), which tests against superficial decoding errors.
* **Semantic Nuance:** Identifying both ""guess"" (an unproven supposition) and ""thought"" (a mental construct) requires recognizing complementary, non-identical facets of the target word's definition.
To determine the latent trait level required to correctly identify the semantic associations for the word ""hypothesis,"" a respondent requires a **low-to-moderate level of verbal cognitive ability** (specifically foundational vocabulary comprehension and basic semantic association). Because the distractors (""hippo"" and ""poem"") present minimal semantic overlap, only an elementary-to-intermediate threshold of verbal knowledge is necessary to successfully select ""guess"" and ""thought.""","Original Text: Choose two words that best go with the word hypothesis.
guess
poem
hippo
thought
The task is to identify the two words that best relate to “hypothesis” from the given options.
This item measures **verbal reasoning / semantic association**, specifically the ability to identify words related in meaning to **“hypothesis”**. The best matches are **“guess”** and **“thought,”** since a hypothesis is a tentative idea or proposed explanation.
This is a low-demand vocabulary association item: it asks for simple recall/recognition of words related to “hypothesis,” not multi-step reasoning or synthesis. The main load comes from selecting the two semantically closest options among distractors; “guess” and “thought” fit, while “poem” and “hippo” are clear distractors.
This item requires a low level of the underlying verbal/semantic association trait: the respondent only needs basic vocabulary and word-pair matching to identify the two related words, “guess” and “thought.”","Original Text: Choose two words that best go with the word hypothesis.
guess
poem
hippo
thought
The task is to select the two words most closely associated with “hypothesis” from the given options.
This item is primarily measuring **verbal reasoning / vocabulary knowledge**, specifically understanding the meaning of **“hypothesis.”** The best matches are **guess** and **thought**, so the task assesses semantic association and concept knowledge rather than a clinical symptom or attitude.
Core ask: assess the cognitive demand of this item and note any features that raise difficulty.

This is a low-demand cognitive/ability item. It mainly requires basic verbal association/recall of meaning, with minimal reasoning. The likely target is linking hypothesis with guess and thought, so it involves simple semantic matching rather than multi-step reasoning or synthesis.

Load-increasing elements:
- “Choose two” adds a small selection/set-comparison demand.
- “best go with” is somewhat vague, requiring judgment of degree of relatedness rather than a single exact match.
- Presence of clear distractors (“poem,” “hippo”) slightly tests inhibition, but they are easy distractors.
- No complex phrasing, conditional logic, or emotional wording.
This item appears to require a moderately high level of the underlying trait—likely verbal reasoning or vocabulary/analogical ability—because correctly linking hypothesis with guess and thought depends on recognizing its meaning and distinguishing semantically related options from distractors.","Original Text: Choose two words that best go with the word hypothesis.
guess
poem
hippo
thought
Select the two words most closely related to “hypothesis.”
This item measures **verbal reasoning and vocabulary/semantic association**. The correct choices are **“guess”** and **“thought,”** both of which are conceptually related to a hypothesis as a proposed explanation or idea.
This is a low-demand verbal-association item requiring basic semantic recall, not multi-step reasoning or synthesis. The respondent selects two associated words—likely **guess** and **thought**—from four options. Cognitive load is minimally increased by the vague wording “go with” and the requirement to choose exactly two; **poem** and **hippo** are clear distractors.
The item requires a relatively low level of underlying cognitive ability: basic vocabulary and semantic association are sufficient to identify **“guess”** and **“thought”** as related to “hypothesis.”","Original Text: Choose two words that best go with the word hypothesis.
guess
poem
hippo
thought
Select the two words most closely related to “hypothesis” from the given options.
**Vocabulary/semantic association:** The item measures understanding of the word *hypothesis* by identifying its closest related meanings, **“guess”** and **“thought.”**
Requires simple vocabulary recall and semantic association, not multi-step reasoning or synthesis. The instruction to choose two answers adds slight selection demand; “hippo” is a phonological distractor resembling “hypothesis,” while “poem” is unrelated. Correct choices: “guess” and “thought.”
This item requires a moderate level of the underlying cognitive ability to identify the semantic associations “guess” and “thought” with “hypothesis.”",2.0313545056415947,-0.0623267114846569,-0.1303836758735776,-0.0771758309438213,0.9257270678314689,645.0,gilbert_meta_7,-0.541672017013494,0.40114545820799274,-0.4604687961016953,0.34100887696049426,-1.2697440952543535,0.46625929156869794,-1.071916742285801,0.3936156448742426,0.06504679979240502,0.38281937545663464,0.05502745452394447,0.32385260829210577,-0.09305033646208438,0.36095476827931966,-0.11564824247832566,0.4486150846180349,0.15998239112730084,0.3894756403210586,0.14857673557239537,0.36170867816212016,-0.8780028929274769,0.4092266141657138,-0.8116772611803409,0.37831303297945634,1.138187600334769,0.40851240352838536,0.9939049521357067,0.35672722208210766
s_vocab_16_2021,,Choose two words that best go with the word brutal.,"Choose two words that best go with the word brutal.
harsh
brave
friendly
cruel","Original Text: Choose two words that best go with the word brutal.
harsh
brave
friendly
cruel
The core task is to identify two synonyms for the word ""brutal"" from the provided list of options.
This item measures **vocabulary knowledge**, specifically the ability to identify synonyms. The task requires the respondent to recognize the semantic relationship between the target word ""brutal"" and the correct options ""harsh"" and ""cruel"" while distinguishing them from antonyms or unrelated terms.
This analysis evaluates the cognitive demand and structural complexity of the vocabulary item identifying synonyms for ""brutal.""

**Cognitive Level:** This item requires **recall** of definitions and **synthesis** of semantic relationships to identify multiple correct associations.

**Structural/Semantic Elements:**
*   **Multi-select constraint:** Requiring two answers increases cognitive load by necessitating a full evaluation of the option set rather than a single-match search.
*   **Thematic Distractor:** The word ""brave"" serves as a potential lure because it shares a contextual field (conflict or intensity) with ""brutal"" despite being semantically distinct.
*   **Semantic Nuance:** The respondent must recognize ""brutal"" across different applications—""harsh"" (environmental/physical) and ""cruel"" (interpersonal/moral)—to correctly pair the terms.
To successfully identify synonyms for ""brutal,"" a respondent requires a low to moderate level of verbal ability and vocabulary knowledge. This task necessitates basic semantic recognition to distinguish between accurate synonyms (harsh, cruel) and unrelated or positive distractors (brave, friendly).","Original Text: Choose two words that best go with the word brutal.
harsh
brave
friendly
cruel
The core task is to identify two synonyms or closely associated terms for the word ""brutal"" from a provided list of four options.
In identifying the primary construct measured by the provided text and justifying this classification:

**Primary Skill:** Vocabulary knowledge (Lexical semantics). 
**Justification:** The item requires the respondent to comprehend the meaning of the target word (""brutal"") and correctly identify its synonyms (""harsh"", ""cruel"") from the provided options.
Evaluating the cognitive demand, reasoning requirements, and structural or semantic elements that influence the difficulty of the provided vocabulary item:

This cognitive item primarily requires direct recall of vocabulary definitions and basic synthesis to identify synonyms. The cognitive load is slightly elevated by the structural requirement to select exactly *two* correct answers (""harsh"" and ""cruel"") rather than the standard one, demanding slightly more working memory. However, the distractors (""brave,"" ""friendly"") are semantically distant or direct antonyms, which lowers the overall difficulty. The strong negative emotional wording of the target word (""brutal"") and its correct matches facilitates straightforward semantic grouping, keeping the threshold for correct endorsement low.
To successfully identify the correct associations for this item, a low to moderate level of the underlying latent trait of verbal cognitive ability and vocabulary comprehension is required.","Original Text: Choose two words that best go with the word brutal.
harsh
brave
friendly
cruel
The core task of this item requires selecting two words from a provided four-option list that serve as the closest synonyms or related terms for the word ""brutal.""
**Primary Measured Construct:** Lexical Knowledge (Specifically, Semantic Association and Synonym Recognition)

**Justification:** The task evaluates an individual's verbal comprehension and vocabulary breadth by requiring the identification of direct semantic equivalents (""harsh"" and ""cruel"") for the target term ""brutal"" while successfully filtering out antonymous and unrelated distractors.
**Evaluation of Cognitive Demand and Structural Complexity:**

* **Cognitive Demand Level:** The item primarily requires **direct semantic recall** and basic vocabulary recognition (synonym matching) rather than multi-step reasoning or synthesis.
* **Structural Elements Increasing Load:** 
  * **Multi-Select Constraint:** Requiring the selection of *two* correct options (""harsh"" and ""cruel"") prevents early stopping and necessitates evaluating the entire option set.
* **Semantic Elements:**
  * **Low-Distraction Options:** ""Friendly"" serves as an obvious antonym, minimizing interference. ""Brave"" functions as a weak distractor due to a shared peripheral association with intensity or toughness, but the core synonymous relationship between ""brutal,"" ""harsh,"" and ""cruel"" keeps the overall cognitive threshold low.
The level of the underlying latent trait—specifically verbal cognitive ability and English vocabulary proficiency—required to correctly answer this item is low to moderate, demanding only a foundational to average grasp of common semantic relationships to associate ""brutal"" with ""harsh"" and ""cruel.""","Original Text: Choose two words that best go with the word brutal.
harsh
brave
friendly
cruel
The task is to identify the two words that best match the meaning of “brutal.”
Primary construct: vocabulary knowledge / semantic association.

Justification: It measures the ability to identify words closest in meaning to “brutal,” which are “harsh” and “cruel.”
This is a low-demand vocabulary association item: it asks for simple word matching rather than recall, multi-step reasoning, or synthesis. Endorsement is easy because “brutal” most directly pairs with “harsh” and “cruel,” while “brave” and “friendly” are clear distractors. The structure is straightforward, with minimal complexity and no conditional logic or emotionally loaded wording.
This item requires a low level of the underlying trait: only basic vocabulary and semantic association are needed to identify “harsh” and “cruel” as the best matches for “brutal.”","Original Text: Choose two words that best go with the word brutal.
harsh
brave
friendly
cruel
The task is to select the two words most closely associated with “brutal” from the given options.
This item is measuring verbal semantic knowledge, specifically understanding of word meaning and synonymy. It asks the respondent to identify the two words most closely associated with “brutal,” which assesses vocabulary-based recognition of related meanings (“harsh” and “cruel”).
This asks for the cognitive demand of a word-association item. It is low demand: mainly basic vocabulary recall/semantic matching, with minimal reasoning and no synthesis. The task is slightly increased by the instruction to choose two words, which requires comparing options and inhibiting distractors. Structural/semantic load comes from the synonym judgment for “brutal” and the presence of plausible but clearly incorrect distractors (“brave,” “friendly”); there is no conditional logic or complex phrasing. The emotional intensity of “brutal” is strong, but endorsement threshold is irrelevant because this is not an attitudinal item.
This item appears to require a relatively low-to-moderate level of the underlying trait, since identifying “harsh” and “cruel” as matching “brutal” depends mainly on basic verbal knowledge rather than especially high ability.","Original Text: Choose two words that best go with the word brutal.
harsh
brave
friendly
cruel
Select the two words most closely associated with “brutal” from the provided options.
**Primary domain:** Vocabulary knowledge, specifically synonym/semantic association.  
**Justification:** The item tests whether the respondent recognizes that “harsh” and “cruel” are semantically related to “brutal,” unlike “brave” and “friendly.”
This is a low-demand vocabulary-association item requiring recognition/recall of synonyms, not multi-step reasoning or synthesis. The task is simple, though selecting exactly two answers adds a minor constraint. “Brutal” has strong negative wording, but endorsement requires no emotional intensity or deep introspection; “brave” and “friendly” are straightforward distractors.
The item requires a **low-to-moderate level of verbal comprehension**: recognizing that *brutal* aligns with *harsh* and *cruel*. It does not require high cognitive ability.","Original Text: Choose two words that best go with the word brutal.
harsh
brave
friendly
cruel
Select the two words most closely associated with “brutal” from the given options.
**Vocabulary—synonym recognition.** The item measures understanding of the meaning of *brutal* by selecting its closest semantic associates, **harsh** and **cruel**.
Low-to-moderate cognitive demand: requires semantic recall and selecting two synonyms (“harsh,” “cruel”). Cognitive load is slightly increased by the two-answer requirement and plausible distractor “brave”; no complex phrasing, conditional logic, or emotional endorsement threshold.
The item requires a relatively low to moderate level of the underlying verbal ability, as “harsh” and “cruel” are common, direct synonyms of “brutal.”",3.086715056793291,-0.2754510859598066,-0.5892665286459169,-0.5863531103425804,0.5563525458833686,517.0,gilbert_meta_7,-0.041741175222367644,0.42164946680542853,-0.035483665574023444,0.35843908538472763,-0.20949580485974417,0.43441168763515436,-0.17685615669101798,0.3667299283069102,-0.20470394127344493,0.42616660480144625,-0.1731728056606395,0.36052293948631037,0.3760127509350719,0.392820174138869,0.46733000060457136,0.48821922065484585,-0.6865222739828976,0.42924991481028224,-0.637577908714668,0.3986473176069259,-1.0411432358622918,0.4285821302911325,-0.9624937423195321,0.3962064049079125,0.11630409506399453,0.4131767933597261,0.10156077610032538,0.3608003293191725
s_vocab_13_2021,,Choose two words that best go with the word extinct.,"Choose two words that best go with the word extinct.
living
lost
existing
gone forever","Original Text: Choose two words that best go with the word extinct.
living
lost
existing
gone forever
The core task is to select two synonyms for the word ""extinct"" from a provided list of options.
This item measures **vocabulary knowledge and lexical semantic association**. It requires the respondent to identify synonyms and semantically related terms for the word ""extinct"" to demonstrate language proficiency and word-meaning comprehension.
This analysis evaluates the cognitive demand and structural complexity of the vocabulary item regarding the word ""extinct.""

**Cognitive Demand:** This item requires **synthesis** of semantic definitions and **multi-step reasoning** to evaluate and select multiple correct options from a set containing both synonyms and antonyms.

**Structural and Semantic Elements:**
*   **Multiple-Response Format:** Requiring two selections increases cognitive load by necessitating a comparative evaluation of all options rather than a single-choice elimination.
*   **Antonym Distractors:** The inclusion of ""living"" and ""existing"" creates semantic interference, requiring the respondent to consciously inhibit the related but opposite concepts.
*   **Semantic Nuance:** The choice between ""lost"" and ""gone forever"" requires the respondent to recognize the specific degree of permanence associated with extinction, distinguishing it from temporary displacement.
To describe the level of the latent trait required for this item, the respondent needs a low to moderate level of verbal comprehension and basic vocabulary knowledge. The item assesses the ability to identify synonyms for the common term ""extinct"" while distinguishing them from direct antonyms.","Original Text: Choose two words that best go with the word extinct.
living
lost
existing
gone forever
The core task presented in this item is to select two words from a provided list of four that are most closely associated in meaning with the word ""extinct.""
The objective is to classify the primary domain, skill, symptom, belief, or construct evaluated by the provided text and provide a brief rationale.

**Primary Skill/Domain:** Vocabulary knowledge (Semantic understanding).

**Justification:** The item requires the respondent to comprehend the definition of the target word (""extinct"") and successfully identify its synonyms or semantically equivalent terms (""lost,"" ""gone forever"") from a list of antonyms and distractors.
Evaluating the cognitive demand and structural complexity of this vocabulary item reveals that it requires recall of the target word's definition and multi-step reasoning to evaluate all options and select multiple correct answers. 

The instruction to ""choose two words"" increases the cognitive load by requiring a dual selection rather than a standard single answer. Semantically, the distractors (""living"" and ""existing"") are direct antonyms, acting as tricky distractors that require the respondent to maintain the correct semantic orientation without being misled by opposite concepts. Additionally, the inclusion of a phrase (""gone forever"") alongside single words disrupts parallel structure, requiring flexible semantic matching.
Determining the overall level of the underlying latent trait required to successfully answer the vocabulary item regarding the word ""extinct"" indicates that a low to moderate level of cognitive ability and verbal comprehension is needed.","Original Text: Choose two words that best go with the word extinct.
living
lost
existing
gone forever
The task requires selecting two terms from a provided list that are most closely associated with the meaning of the word ""extinct.""
The underlying construct measured by this item is **verbal comprehension**, specifically **lexical semantic knowledge (synonym recognition)**. 

**Justification:** The task assesses a test-taker's understanding of the definition of the target word (""extinct"") by requiring them to differentiate between its accurate semantic equivalents (""lost,"" ""gone forever"") and its direct antonyms (""living,"" ""existing"").
**Cognitive Demand and Severity Evaluation:**

This vocabulary item requires low-to-moderate cognitive demand, relying on **semantic recall and discrimination** to identify appropriate conceptual associations and definitions.

* **Multi-Selection Demand:** The requirement to ""Choose two words"" increases processing load over standard single-choice items, as the respondent must evaluate the absolute and relative fit of all options rather than stopping at the first viable answer.
* **Distractor Discrimination:** The distractor ""lost"" presents semantic nuance by denoting a non-permanent absence, requiring the test-taker to distinguish between temporary disappearance and the permanent cessation implied by ""extinct"" and ""gone forever."" 
* **Structural Asymmetry:** The presence of a multi-word phrase (""gone forever"") alongside single-word options slightly alters structural consistency, though the vocabulary level remains accessible.
The overall level of the underlying latent trait—specifically foundational verbal ability and basic vocabulary comprehension—required to successfully identify the correct semantic associations for this item is low to moderate, demanding only an elementary grasp of common word meanings rather than advanced lexical reasoning.","Original Text: Choose two words that best go with the word extinct.
living
lost
existing
gone forever
Identify the two words that best match the meaning of “extinct”: **lost** and **gone forever**.
Primary construct: vocabulary knowledge / semantic word association.

Justification: It assesses understanding of the meaning of “extinct” by selecting the two closest related words, which are “lost” and “gone forever.”
This is a low-demand vocabulary association item: it asks for selecting two synonyms/near-synonyms of “extinct.” It mainly requires simple recall and word meaning recognition, not multi-step reasoning or synthesis. The threshold is modest, but the wording includes a small structural constraint (“choose two”) and a distractor set with semantically close options (“living,” “existing”) that increase discrimination slightly.
This item requires a low level of the underlying trait: it mainly tests basic vocabulary and semantic association, with only modest cognitive demand to identify “living” and “gone forever” as the best matches for “extinct.”","Original Text: Choose two words that best go with the word extinct.
living
lost
existing
gone forever
The task is to select the two words that best match “extinct”: lost and gone forever.
This item is measuring **vocabulary/word meaning knowledge**, specifically understanding the meaning of **“extinct.”** The correct associations, **“lost”** and **“gone forever,”** assess whether the person knows that extinct means no longer existing.
This asks for the cognitive demand and endorsement threshold of the item.

Low demand. It is a simple vocabulary/semantic association task requiring basic recall of word meaning, not multi-step reasoning or synthesis. The main load comes from selecting exactly two options and distinguishing near-opposites/distractors: “living” and “existing” conflict with “extinct,” while “lost” and especially “gone forever” align more closely. Structural factors increasing load are minimal; the only notable ones are the forced-choice format, the presence of plausible but opposite distractors, and the slightly stronger semantic precision required to see that “gone forever” is the best match.
This item requires a relatively low to moderate level of the underlying trait—enough verbal knowledge to recognize that “extinct” aligns with “lost” and “gone forever,” but not an especially high level of ability.","Original Text: Choose two words that best go with the word extinct.
living
lost
existing
gone forever
Choose two words that are associated with “extinct”: **lost** and **gone forever**.
**Primary domain:** Vocabulary and semantic reasoning.  
**Justification:** The item measures recognition of words associated with the meaning of “extinct,” namely **“lost”** and **“gone forever,”** rather than its opposites, “living” and “existing.”
This is a low-demand vocabulary item requiring basic semantic recall and simple synonym matching, not multi-step reasoning or synthesis. “Gone forever” is a strong paraphrase of “extinct,” while “lost” is a looser synonym; “living” and “existing” are contrasting distractors. The only added load is choosing between the somewhat overlapping options and interpreting the phrase “best go with.”
This item requires a low-to-moderate level of verbal comprehension: the respondent must recognize that “extinct” is most closely associated with “gone forever” and “lost,” while “living” and “existing” are opposites.","Original Text: Choose two words that best go with the word extinct.
living
lost
existing
gone forever
Select the two words most closely associated with “extinct.”
**Vocabulary comprehension (word meaning):** The item measures understanding of *extinct* by selecting semantically related terms, especially **“lost”** and **“gone forever.”**
Requires basic semantic recall and simple selection. “Extinct” best matches “lost” and “gone forever.” Cognitive load is low: short wording, familiar vocabulary, and no conditional logic; minor difficulty comes from choosing two answers and rejecting antonyms (“living,” “existing”).
This item requires a **low level of the underlying verbal ability**, as recognizing “lost” and “gone forever” as related to “extinct” is relatively easy.",2.646503674062815,-0.4003442299968828,-0.7938784864881688,-0.8128261491663813,0.4436026058646755,464.0,gilbert_meta_7,-0.162308033666837,0.403912373899475,-0.13797608610514583,0.34336099835010625,0.35767412771404944,0.4096017957013578,0.3019481541297169,0.34578544143153656,-0.10270591255959804,0.40566088768979247,-0.0868858260629355,0.34317577683659384,-0.5679656703935516,0.3875269354667236,-0.7058999899028078,0.4816404830303843,-1.3554716384400207,0.46483102438002377,-1.2588357367413867,0.4316917362499085,-0.9095960224107248,0.4278784304352855,-0.8408837991287262,0.39555586357565964,-1.9973050693757406,0.5453722291287809,-1.744116171002411,0.47623797617278113
s_vocab_10_2021,,Choose two words that best go with the word sensory.,"Choose two words that best go with the word sensory.
visual
sleep
interact
detect","Original Text: Choose two words that best go with the word sensory.
visual
sleep
interact
detect
Identify two words from the provided list that are most closely associated with the term ""sensory.""
This item assesses the conceptual categorization and word association related to the term ""sensory.""

**Primary Skill:** Semantic association.

**Justification:** The task requires identifying words that are functionally (""detect"") and categorically (""visual"") linked to the stimulus, measuring the respondent's ability to recognize linguistic relationships and conceptual hierarchies.
This analysis evaluates the cognitive demand and structural complexity of the word association task for the term ""sensory.""

**Cognitive Demand**
This ability item requires **synthesis**. The respondent must integrate semantic knowledge to identify both a categorical exemplar (""visual"") and a functional process (""detect"") that relate to the stimulus word.

**Structural and Semantic Elements**
*   **Multiple-Response Format:** Requiring two selections instead of one increases cognitive load by forcing the respondent to evaluate the relative strength of all associations simultaneously.
*   **Functional vs. Categorical Logic:** The item uses different types of semantic relationships—""visual"" is a modality (category), while ""detect"" is an action (function)—requiring the respondent to switch cognitive frameworks to find both correct answers.
*   **Vague Phrasing:** The prompt ""best go with"" lacks specific directional constraints, requiring the examinee to infer the intended logic of the association.
The level of the underlying latent trait required to correctly identify the semantic associations for ""sensory"" is low to moderate, necessitating basic verbal comprehension and foundational vocabulary skills.","Original Text: Choose two words that best go with the word sensory.
visual
sleep
interact
detect
The core task presented in this item is to identify two words from a four-option list that are most closely related to the word ""sensory"".
To identify the primary construct, domain, or skill evaluated by the provided text and briefly justify this classification:

**Primary Skill/Construct:** Semantic Knowledge / Verbal Comprehension

**Justification:** The item tests vocabulary and lexical association by requiring the individual to understand the meaning of the target word (""sensory"") and select semantically related terms (""visual"" and ""detect"") from the provided options.
To evaluate the cognitive demand, required mental processes, and structural elements that influence the difficulty of this word association task:

This cognitive item requires semantic recall of the target word (""sensory"") and multi-step reasoning to evaluate the relationship between the target and each option. The structural requirement to ""choose two words"" increases the cognitive load by forcing the user to hold multiple correct associations in working memory rather than stopping at a single correct answer. Semantically, the phrasing ""best go with"" is broad, requiring the user to infer the exact associative relationship. The options require flexible semantic mapping, as the correct answers represent different types of relationships: ""visual"" is a categorical modality, while ""detect"" is a functional association, which introduces complexity for users looking for strictly parallel word types.
Regarding the magnitude of the underlying latent trait needed to correctly answer this question, a low to moderate level of cognitive ability and verbal reasoning is required, as the vocabulary and conceptual associations between ""sensory,"" ""visual,"" and ""detect"" are fundamental and widely understood.","Original Text: Choose two words that best go with the word sensory.
visual
sleep
interact
detect
The core task requires identifying and selecting two words from the provided four-option list that share the strongest semantic association with the term ""sensory.""
The target construct measured by this lexical task is **semantic knowledge and verbal comprehension**. The item evaluates an individual's vocabulary depth and ability to identify meaningful semantic associations by requiring them to recognize concepts conceptually linked to ""sensory"" (specifically ""visual"" and ""detect"").
**Cognitive Demand:**
This vocabulary association item operates primarily at the level of **semantic recall and basic relational reasoning**, requiring the test-taker to access lexical knowledge and identify primary semantic connections (associating ""sensory"" with a specific modality, *visual*, and a core perceptual function, *detect*).

**Elements Influencing Demand:**
* **Multiple-Response Format:** Requiring the selection of two correct options rather than one increases working memory load and prevents simple process-of-elimination strategies.
* **Distractor Plausibility:** Distractors like ""interact"" introduce mild semantic competition due to broad behavioral/biological relevance, though the simple sentence structure and unambiguous core associations keep overall cognitive load low.
To correctly identify the associations for ""sensory,"" a respondent requires a low-to-moderate level of the underlying latent trait of verbal ability and semantic comprehension, reflecting basic vocabulary knowledge and foundational conceptual reasoning.","Original Text: Choose two words that best go with the word sensory.
visual
sleep
interact
detect
The task is to identify the two words that best relate to “sensory” from the given options.
Primary construct: semantic vocabulary knowledge, specifically understanding of the word “sensory” and its related associations. The best matches are “visual” and “detect,” which are conceptually linked to sensory perception.
This is a low-severity, low-demand vocabulary association item: it mainly requires simple recall/word association, not multi-step reasoning or synthesis. The task is to select two related words for “sensory,” and the options are straightforward, with no tricky conditional logic or emotionally loaded wording. The main cognitive load comes from basic semantic matching among similar-looking choices.
This item requires a low-to-moderate level of verbal-semantic knowledge, specifically recognizing common associations with “sensory.”","Original Text: Choose two words that best go with the word sensory.
visual
sleep
interact
detect
The task is to select the two words most closely associated with “sensory” from the given options.
This item is primarily measuring **verbal semantic association / vocabulary knowledge**. It asks the respondent to identify words most closely related in meaning or conceptual connection to **sensory**, with **visual** and **detect** fitting that semantic field.
This asks for the cognitive demand of selecting two associates for “sensory.”

Demand: low to moderate cognitive load. It mainly requires vocabulary/semantic association and a small comparison across options, not recall of a specific fact, multi-step reasoning, or synthesis.

Load-increasing elements:
- Forced selection of two answers adds mild comparison/elimination demand.
- “Best go with” is somewhat vague, requiring judgment of relative fit rather than a single clearly defined rule.
- Distractor quality is moderate: “visual” and “detect” are both plausibly linked to “sensory,” while “sleep” and “interact” are weaker.
- Very short, simple phrasing; no conditional logic, emotional wording, or complex syntax.
This item appears to require a relatively low to moderate level of the underlying trait, since identifying “visual” and “detect” as the best matches for “sensory” depends mainly on recognizing a fairly common semantic association rather than demonstrating especially advanced ability or extreme endorsement.","Original Text: Choose two words that best go with the word sensory.
visual
sleep
interact
detect
Choose the two words that best pair with “sensory.”
**Primary construct:** Vocabulary and semantic association.  
**Justification:** It assesses whether the respondent can identify words meaningfully related to “sensory,” especially **visual** and **detect**.
This is a low-to-moderate verbal-association item requiring semantic recall and comparison, not multi-step reasoning or synthesis. The respondent must identify two options plausibly associated with “sensory.” Cognitive load comes from the vague phrase “go with,” the requirement to select exactly two, and potential ambiguity about word order or grammatical fit. Distractors (“sleep,” “interact”) are semantically weaker but not strongly misleading.
The item requires a **low-to-moderate level of verbal reasoning or cognitive ability**: recognizing common semantic associations with “sensory,” especially **visual** and **detect**. It does not require advanced knowledge or high cognitive ability.","Original Text: Choose two words that best go with the word sensory.
visual
sleep
interact
detect
Select the two words most closely associated with “sensory” from the given options.
**Semantic vocabulary knowledge:** measures the ability to recognize words conceptually associated with “sensory,” particularly **visual** and **detect**.
Low cognitive demand: requires basic semantic association and selecting two related words (“visual” and “detect”), not multi-step reasoning or synthesis. The choose-two format and vague phrase “best go with” add slight ambiguity; “interact” is a mildly plausible distractor.
The item requires a **moderate level of the underlying verbal/cognitive ability**, as respondents must recognize meaningful semantic associations between “sensory” and “visual”/“detect.”",0.5518697962605705,0.934188158175612,0.5893880969350689,0.7218193407365656,2.058174326825175,851.0,gilbert_meta_7,1.0825558136655415,0.44847060058477045,0.9202675356571816,0.3812394051235049,1.3251542853280802,0.48232174505341674,1.1186939713788555,0.40717555263582034,1.1997378104870329,0.478771476820244,1.014938752066636,0.4050249320822675,-0.1703096677143266,0.3876039418739746,-0.21167052691158325,0.4817361909665053,0.10059417989952396,0.412337549976036,0.09342249957472369,0.38294068927004715,0.42251122237359,0.4335800142089646,0.3905941023163355,0.4008267413131802,1.4201870868025208,0.5077774525835095,1.240156700105538,0.44340891128770377
s_vocab_11_2021,,Choose two words that best go with the word function.,"Choose two words that best go with the word function.
mystery
teeth
operate
perform","Original Text: Choose two words that best go with the word function.
mystery
teeth
operate
perform
Select two synonyms for the word ""function"" from the provided list of options.
This item measures the primary knowledge domain of **vocabulary knowledge and semantic association**. It requires the respondent to identify synonyms (""operate"" and ""perform"") that share a functional meaning with the target word, thereby testing lexical depth and the ability to recognize semantic relationships.
This analysis evaluates the cognitive demand and structural complexity of the vocabulary association task for the word ""function.""

**Demand:** This cognitive item requires **synthesis** of semantic relationships to identify functional synonyms.

**Structural/Semantic Elements:** The **multi-select constraint** (""choose two"") increases cognitive load by requiring the evaluation of all options simultaneously. The **semantic proximity** of ""operate"" and ""perform"" as direct synonyms contrasts with the categorical distractor ""teeth,"" which represents a biological entity that functions rather than a synonym for the action itself.
The level of the underlying latent trait, specifically verbal cognitive ability and semantic association, required to successfully answer this item is low to moderate. A respondent needs only a foundational vocabulary to identify ""operate"" and ""perform"" as functional synonyms, as the distractors ""mystery"" and ""teeth"" lack any logical or linguistic connection to the target word.","Original Text: Choose two words that best go with the word function.
mystery
teeth
operate
perform
The core task presented in this item is to select two words from a provided list of four that are most closely associated with the target word ""function.""
To determine the primary skill or construct this item aims to assess and provide a brief rationale:

**Skill/Construct:** Verbal comprehension (semantic knowledge / synonym identification). 

**Justification:** The task requires the individual to understand the meaning of the target word (""function"") and recognize its semantic equivalents (""operate"" and ""perform"") from a list of unrelated distractors.
To evaluate the cognitive demand, required mental processes, and structural elements that affect the difficulty of the provided vocabulary item: 

This cognitive task requires recall of word meanings and basic synthesis to identify semantic relationships. The cognitive load is slightly elevated by the structural requirement to select exactly two options rather than one. Semantically, the phrasing ""best go with"" introduces minor ambiguity, requiring the respondent to deduce that synonymy is the intended relationship in order to correctly select ""operate"" and ""perform"" while dismissing the unrelated distractors ""mystery"" and ""teeth.""
Regarding the degree of the underlying latent trait necessary to successfully answer this item, a low level of cognitive ability and verbal comprehension is required to identify ""operate"" and ""perform"" as the words that best associate with ""function.""","Original Text: Choose two words that best go with the word function.
mystery
teeth
operate
perform
The core task is to identify the two terms from the given list that share the closest semantic relationship or synonymy with the word ""function.""
The item assesses the construct of verbal reasoning and lexical semantic knowledge, specifically synonym recognition, because it requires identifying that ""operate"" and ""perform"" share core functional meanings and semantic associations with the target word ""function.""
**Demand Analysis:**

* **Cognitive Demand Level:** The item requires **semantic recall and basic relational reasoning** to identify synonyms and semantic associations for the target word. 
* **Part-of-Speech Disambiguation:** Resolving the item requires recognizing the polysemous nature of ""function"" and isolating its verb form to connect it with ""operate"" and ""perform.""
* **Multi-Response Format:** Requiring the selection of two correct options slightly increases working memory load by necessitating comparative verification across the full choice set rather than stopping at the first viable match.
* **Distractor Complexity:** The distractors (""mystery,"" ""teeth"") share no semantic overlap or near-synonymy with the target, minimizing interference and keeping the overall cognitive load relatively low.
To successfully identify the correct semantic associations for the word ""function,"" a respondent requires a **low-to-moderate (basic to average) level of the underlying latent trait of verbal cognitive ability and vocabulary knowledge**. The task relies on common, everyday synonyms (""operate"" and ""perform""), meaning standard language proficiency is sufficient for a correct response without demanding advanced verbal reasoning.","Original Text: Choose two words that best go with the word function.
mystery
teeth
operate
perform
The task is to identify the two words that best relate to “function” from the given options.
Primary construct: verbal semantic association / vocabulary knowledge.

Justification: It measures the ability to identify words that are semantically related to “function,” with “operate” and “perform” being the best matches.
This is a low-demand vocabulary association item: it asks for selecting two words that fit with “function.” It mainly requires simple semantic recall and word association, not multi-step reasoning or synthesis. The wording is straightforward, with no tricky distractors, conditional logic, or emotionally loaded language; the only mild load comes from needing to identify the two closest synonyms/related words among the options.
This item requires a moderate level of the underlying verbal/semantic association trait: the respondent needs enough vocabulary and conceptual understanding to identify that **operate** and **perform** best fit with **function**.","Original Text: Choose two words that best go with the word function.
mystery
teeth
operate
perform
The task is to select the two words most closely associated with “function” from the given options.
This item is primarily measuring verbal reasoning/vocabulary knowledge, specifically understanding semantic relationships. The task is to identify words most closely associated with “function,” which depends on knowing that “operate” and “perform” are its closest meaning-based matches.
Core ask: assess the cognitive demand and any wording features that affect difficulty for the item.

This is a low-demand cognitive/ability item. It mainly requires vocabulary knowledge plus a small amount of semantic comparison, not multi-step reasoning or synthesis. The task is straightforward: identify the two options most closely related in meaning/use to “function” (“operate” and “perform”).

Load-increasing elements:
- Mild ambiguity: “function” has multiple senses, so the test-taker must select the relevant meaning.
- Forced selection of exactly two words adds a small comparison/elimination step.
- Distractors are simple and not tricky; “mystery” and “teeth” are clearly unrelated.
- No complex phrasing, conditional logic, or emotionally loaded wording.
This item requires a relatively high level of the underlying trait—likely stronger verbal reasoning or vocabulary/semantic association ability—because correctly selecting “operate” and “perform” depends on recognizing abstract synonymy for “function” rather than relying on superficial or concrete associations.","Original Text: Choose two words that best go with the word function.
mystery
teeth
operate
perform
Select the two words most closely associated with “function” from the given options.
**Primary domain:** Verbal ability—specifically vocabulary and semantic association.

**Justification:** The item tests whether the respondent recognizes that **“operate”** and **“perform”** can appropriately pair with or serve as synonyms for **“function.”**
This is a low-demand verbal-association item requiring basic semantic recall and recognition of synonyms/collocations. It does not require multi-step reasoning or synthesis. The correct choices are likely **operate** and **perform**; **mystery** and **teeth** are straightforward distractors. Minor ambiguity arises because “function” can be a noun or verb, but there is no complex phrasing, conditional logic, or emotional content.
This item requires a **low-to-moderate level of verbal and cognitive ability**: recognizing that **“operate”** and **“perform”** appropriately pair with “function” is a relatively straightforward vocabulary and association task.","Original Text: Choose two words that best go with the word function.
mystery
teeth
operate
perform
Select the two words most closely associated with “function.”
**Construct: Receptive vocabulary and semantic word association.** The item measures recognition of words related in meaning to “function”: **operate** and **perform** can both serve as synonyms.
This is a low-demand verbal association item requiring basic vocabulary recall. The respondent must identify two synonyms/related meanings of “function”: **operate** and **perform**. Cognitive load is slightly increased by selecting two answers and rejecting plausible but unrelated distractors; there is no complex phrasing, conditional logic, synthesis, or emotional content.
A relatively low level of verbal cognitive ability is required, as the respondent only needs to recognize “operate” and “perform” as common synonyms of “function.”",1.858360587302727,-0.358567704905141,-0.6023238044742703,-0.6010308483103681,0.5482461860429363,515.0,gilbert_meta_7,-1.8545975615290309,0.522941603186942,-1.5765708391562312,0.44454629902910964,-0.8693982247670476,0.40578224861971013,-0.7339451440053129,0.3425609834639278,-0.29580432573610216,0.3713578838710354,-0.25024073642943423,0.31415656315205304,0.8291352931178922,0.367453439381946,1.0304964288324472,0.45669200212353644,1.1507128958417037,0.39027453237533544,1.0686748987841725,0.3624506146506474,-1.0845674564892853,0.394801610610005,-1.002637633360584,0.3649777154390146,-0.6671349833594564,0.38834607179865827,-0.58256544308593,0.3391172806570808
s_vocab_0_2021,,Choose two words that best go with the word signal.,"Choose two words that best go with the word signal.
transmit
metal
similar
messenger","Original Text: Choose two words that best go with the word signal.
transmit
metal
similar
messenger
Identify two words from the provided list—transmit, metal, similar, or messenger—that are most closely associated with the term ""signal.""
This item measures **lexical-semantic knowledge**, specifically the ability to identify semantic associations and collocations. The task requires the respondent to recognize functional and conceptual relationships between the stimulus word ""signal"" and its related terms, ""transmit"" and ""messenger.""
This analysis evaluates the cognitive demand and structural complexity of the word association task for ""signal.""

**Cognitive Demand:** This item requires **synthesis** and **multi-step reasoning**. The respondent must evaluate the semantic proximity of each option to the stimulus and compare these relationships to identify the two strongest associations.

**Structural and Semantic Elements:**
*   **Multiple-Response Format:** Requiring two selections increases cognitive load by forcing the respondent to hold multiple valid associations in working memory simultaneously.
*   **Functional vs. Categorical Association:** The correct pair involves different parts of speech—a verb (""transmit"") and a noun (""messenger"")—requiring the respondent to synthesize the operational function of a signal rather than identifying simple synonyms.
*   **Thematic Distractor:** ""Metal"" serves as a plausible distractor due to its role as a physical conductor for signals, requiring the respondent to use higher-order reasoning to prioritize abstract functional relationships over physical ones.
The level of the underlying latent trait—specifically verbal semantic association and vocabulary—required for this item is low to moderate. Success depends on recognizing common functional and relational pairings between ""signal"" and the terms ""transmit"" and ""messenger,"" which are standard linguistic associations accessible to individuals with basic to intermediate verbal proficiency.","Original Text: Choose two words that best go with the word signal.
transmit
metal
similar
messenger
The objective is to provide a summary of the primary action required by the text. The item tasks the user with selecting two words from a four-option list that are most closely associated with the target word ""signal.""
To identify the primary construct or skill measured by the item and provide a concise justification:

**Primary Skill/Construct:** Verbal comprehension and semantic association. 

**Justification:** The task requires the individual to understand vocabulary and recognize meaning-based relationships between a target word (""signal"") and related concepts (""transmit,"" ""messenger"").
Assessing the cognitive demand and structural complexity of the provided word association task:

This cognitive item requires multi-step reasoning and synthesis to evaluate semantic relationships. The structural requirement to ""choose two words"" increases cognitive load by forcing the user to hold multiple correct associations in working memory rather than stopping at a single answer. The vague phrasing ""best go with"" elevates the difficulty by requiring the synthesis of functional or thematic associations (e.g., a ""messenger"" uses or is a ""signal"" to ""transmit"") rather than simple definition recall. Furthermore, the word ""similar"" acts as a tricky distractor due to its conceptual proximity to the act of matching or comparing words.
Regarding the degree of the underlying latent trait needed to correctly answer this item, a low to moderate level of cognitive ability (specifically verbal reasoning and vocabulary) is required, as the vocabulary is common and the semantic relationships are straightforward.","Original Text: Choose two words that best go with the word signal.
transmit
metal
similar
messenger
The core task requires identifying the two words from the provided four-choice list that have the strongest semantic association with the target term ""signal.""
The cognitive skill this item is designed to evaluate is **verbal reasoning and semantic association**. 

**Justification:** The task assesses lexical knowledge and the capacity to identify meaningful conceptual, functional, or associative relationships between words by requiring the test-taker to link the target concept (""signal"") with its functionally related counterparts (""transmit"" and ""messenger"").
This verbal association task assesses conceptual synthesis and semantic retrieval rather than complex multi-step reasoning, requiring the test-taker to deduce an implicit thematic link (information transmission) connecting the target word ""signal"" to ""transmit"" and ""messenger."" 

Elements increasing cognitive load include:
* **Multi-selection format:** Requiring two answers instead of one expands the decision-making space.
* **Under-specified relational criteria:** The prompt ""best go with"" is open-ended, forcing the test-taker to infer the intended functional/communicative relationship over physical or linguistic ones.
* **Semantic and physical distractors:** ""Metal"" introduces a plausible but irrelevant physical/material association (e.g., traffic hardware or antennas), requiring active inhibition of literal interpretations.
To successfully solve this semantic association item, a respondent requires an average (or moderate) level of verbal cognitive ability, characterized by foundational vocabulary knowledge and basic relational reasoning skills.","Original Text: Choose two words that best go with the word signal.
transmit
metal
similar
messenger
The task is to identify the two words that best relate to “signal” from the given options.
Primary construct: verbal association / semantic reasoning.

Justification: The item asks the respondent to select words that are most semantically related to “signal,” which measures vocabulary-based word association rather than clinical symptoms or attitudes.
This is a low-demand vocabulary association item: it mainly requires simple word recall and basic semantic matching. The task is to select two words related to “signal,” with no multi-step reasoning or deep synthesis needed. The wording is straightforward, with no tricky distractors, conditional logic, or emotionally loaded language; the only mild challenge is that more than one option may seem loosely related.
This item requires a low level of the underlying verbal association trait: the respondent only needs basic semantic knowledge to identify the two words most strongly related to “signal” as “transmit” and “messenger.”","Original Text: Choose two words that best go with the word signal.
transmit
metal
similar
messenger
The task is to select the two words most closely associated with “signal” from the options: transmit, metal, similar, and messenger.
This item is primarily measuring **verbal semantic association / vocabulary knowledge**. It asks the respondent to identify which words are most meaningfully related to **signal**, assessing understanding of word meaning and conceptual relationships; **transmit** and **messenger** are the closest semantic matches.
Core ask: assess the cognitive demand of this item and note any features that raise difficulty.

This is a low-to-moderate cognitive-demand verbal association item. It mainly requires semantic knowledge and light comparison/elimination rather than recall or multi-step reasoning. The likely pair (“transmit,” “messenger”) depends on recognizing meanings related to “signal.”

Load-increasing elements:
- “Choose two” adds a small combinational/elimination demand.
- “Best go with” is somewhat vague, requiring judgment of semantic closeness rather than a single explicit rule.
- Distractors (“metal,” “similar”) are plausible enough to require comparison, but there is no complex phrasing, conditional logic, or emotional/severe endorsement threshold.
This item appears to require a moderately high level of the underlying trait, since correctly selecting the two associated words (“transmit” and “messenger”) depends on recognizing abstract semantic relationships rather than relying on surface similarity alone.","Original Text: Choose two words that best go with the word signal.
transmit
metal
similar
messenger
Choose the two words that best relate to “signal” from the options provided.
**Primary construct:** Verbal reasoning and vocabulary/semantic association.  
**Justification:** The item requires identifying which two options form meaningful associations with “signal,” likely **transmit** and **messenger**.
This is a low-to-moderate verbal-association item requiring lexical recall and collocation recognition, not multi-step reasoning or synthesis. The likely choices are **transmit** (“transmit a signal”) and **messenger** (“signal messenger,” if referring to the app/proper name). Ambiguity in word order and the possible proper-noun interpretation increase cognitive load; no emotional wording or severe endorsement threshold is involved.
This item requires a **moderate level of verbal reasoning and vocabulary**, involving recognition of semantic associations between “signal” and related terms such as “transmit” or “messenger.”","Original Text: Choose two words that best go with the word signal.
transmit
metal
similar
messenger
Select the two words most closely associated with “signal” from the four options.
**Verbal semantic association:** Measures the ability to identify words conceptually related to “signal”—**transmit** and **messenger**—rather than unrelated or superficially similar terms.
Moderate cognitive demand: requires semantic association and selecting two related words (“transmit,” “messenger”) while rejecting plausible distractors. It involves brief comparison rather than recall, multi-step reasoning, or synthesis. Simple phrasing; the main load is identifying two answers and handling “similar” as a potentially tempting distractor.
This item requires a **low-to-moderate level of cognitive ability**, relying on basic vocabulary and recognition of semantic associations (“transmit” and “messenger” with “signal”).",1.9121238120912332,-0.7172252202071491,-1.2007582494565894,-1.2746578257660357,0.2795265986591073,369.0,gilbert_meta_7,1.214171313275897,0.4224799526839254,1.0321522717158171,0.35914507133312373,0.9358404941986476,0.4077206916369344,0.7900356438669636,0.34419741519209707,1.5680347747384458,0.46045724755491124,1.3265058778334866,0.38953169611592464,-0.15166026171673835,0.3490828691756984,-0.18849198603908834,0.43386001420758824,0.8863682516659697,0.39811985148492535,0.8231762284559814,0.3697366159074925,1.5095921807456025,0.4540282368020648,1.3955553639252745,0.41973027505329563,1.1928343773412324,0.42055044281347753,1.0416244161933055,0.3672392561755543
s_vocab_25_2021,,Choose two words that best go with the word unique.,"Choose two words that best go with the word unique.
terrible
characteristic
different
careful","Original Text: Choose two words that best go with the word unique.
terrible
characteristic
different
careful
The task requires identifying two terms from a provided list that are most semantically similar to or characteristic of the word ""unique.""
This item measures the primary knowledge domain of **vocabulary knowledge**, specifically semantic association. The task requires the respondent to identify synonyms or semantically related terms—""characteristic"" and ""different""—that align with the definition of the target word ""unique.""
This analysis evaluates the cognitive demand and structural complexity of the word association task for ""unique.""

**Cognitive Demand:** This item requires **synthesis** and **multi-step reasoning**. The respondent must define the semantic properties of ""unique"" and evaluate the options to identify which two share conceptual overlap regarding distinctiveness and individuality.

**Structural/Semantic Elements:**
*   **Multi-select format:** Requiring two correct answers increases cognitive load and the threshold for a correct response.
*   **Semantic Mapping:** The correct options (""characteristic"" and ""different"") are not direct synonyms, requiring the respondent to bridge the concepts of specific traits and variance.
*   **Low-interference distractors:** The words ""terrible"" and ""careful"" are semantically unrelated, which simplifies the elimination process despite the multi-step requirement.
The level of the underlying latent trait, specifically verbal ability and vocabulary knowledge, required to correctly identify synonyms for ""unique"" is low to moderate. A respondent needs a basic grasp of common English adjectives to recognize ""different"" and ""characteristic"" as the appropriate associations.","Original Text: Choose two words that best go with the word unique.
terrible
characteristic
different
careful
The core task presented in this item is to select two words from a provided list of four options that are most closely associated with the word ""unique.""
In determining the primary skill or construct assessed by the provided word association task and justifying this classification:

**Skill/Construct:** Verbal ability (specifically vocabulary and semantic reasoning). 
**Justification:** The item requires the respondent to comprehend the meaning of the target word (""unique"") and identify semantically related terms from the provided options.
In analyzing the cognitive demand and structural elements that influence the difficulty of this vocabulary item, this task requires multi-step reasoning and synthesis. The respondent must recall the definition of the target word and evaluate the semantic relationship of all four options. The instruction to ""choose two words"" increases cognitive load by requiring multiple correct selections instead of a single answer. Furthermore, the phrase ""best go with"" introduces semantic ambiguity, demanding associative reasoning rather than strict synonym recall. The inclusion of ""characteristic"" serves as a tricky option, as its semantic association with the target word is loose, thereby raising the threshold for correct endorsement.
Regarding the overall level of the underlying latent trait required for a respondent to successfully answer this item, a low to moderate level of cognitive ability and verbal reasoning is necessary, as the target word and options rely on basic, everyday vocabulary.","Original Text: Choose two words that best go with the word unique.
terrible
characteristic
different
careful
The core task presents a vocabulary association exercise requiring the selection of two words from a four-option list that are most semantically related to the target word ""unique.""
**Construct Measured:** Semantic association and vocabulary comprehension (Verbal Ability).

**Justification:** This item evaluates lexical knowledge and verbal reasoning by requiring the identification of words (""characteristic"" and ""different"") that share semantic overlap, synonymous meaning, or conceptual association with the target term ""unique.""
**Assessment of Item Demand and Complexity Factors:**

* **Cognitive Demand:** This vocabulary-based ability item operates at a low-to-moderate demand level. It primarily requires **semantic recall** and **comparative evaluation** (mapping related concepts to a target word) rather than multi-step reasoning or high-level synthesis.
* **Elements Increasing Cognitive Load:**
  * **Dual-Response Requirement:** Mandating the selection of two answers increases working memory load by requiring an exhaustive evaluation of all options rather than identifying a single, immediate best fit.
  * **Semantic Nuance:** While ""different"" is a straightforward synonym for ""unique,"" selecting ""characteristic"" requires recognizing a more abstract, attribute-based association (a distinctive feature), demanding deeper lexical discrimination than direct definition matching.
The level of the underlying latent construct—specifically verbal cognitive ability—necessary to successfully solve this semantic association item is low to moderate. Correctly identifying ""different"" and ""characteristic"" as the terms associated with ""unique"" requires basic to intermediate vocabulary comprehension and standard semantic reasoning, rather than advanced or highly specialized lexical knowledge.","Original Text: Choose two words that best go with the word unique.
terrible
characteristic
different
careful
The task is to identify the two words that best relate to “unique” from the given options.
Primary construct: vocabulary knowledge, specifically understanding of word meaning and synonym/association recognition.

Justification: It measures whether the respondent can identify words semantically related to “unique,” with “different” and “characteristic” being the best matches.
This is a low-demand vocabulary matching item: it mainly requires simple recall/recognition of word meaning, not multi-step reasoning or synthesis. The endorsement threshold is low because the task is straightforward, but the wording includes a mild structural constraint (“choose two”) that adds a small amount of selection load. The distractors are semantically clear, with “characteristic” and “different” as the likely matches and “terrible” and “careful” as obvious nonmatches.
This item requires a low level of the underlying trait: basic vocabulary and semantic association, specifically recognizing that “unique” most strongly pairs with “different.”","Original Text: Choose two words that best go with the word unique.
terrible
characteristic
different
careful
The task is to select the two words most closely associated with “unique” from the given options.
This item is primarily measuring verbal reasoning/semantic association, specifically understanding the meaning of the word “unique.” The best matches are “characteristic” and “different,” so the task assesses vocabulary-based concept matching rather than a clinical or psychological construct.
This asks for the cognitive demand of a word-association item. It is low-to-moderate demand: mainly vocabulary recall/semantic matching, with a small comparison step to choose the best two options rather than just one. It does not require multi-step reasoning or synthesis. Load is increased slightly by the forced selection of two answers and by the presence of plausible distractors (“characteristic,” “different”), but phrasing is simple, with no conditional logic, emotional wording, or deep interpretation.
This item appears to require a moderately high level of the underlying trait, since correctly selecting “characteristic” and “different” as the two words most aligned with “unique” depends on fairly strong verbal reasoning and nuanced vocabulary knowledge.","Original Text: Choose two words that best go with the word unique.
terrible
characteristic
different
careful
Select the two words most closely associated with “unique” from the provided options.
**Primary domain:** Vocabulary and verbal reasoning.  
**Justification:** The item measures understanding of the meaning and semantic associations of “unique,” particularly recognizing “different” and “characteristic” as related terms.
This is a low-demand verbal-association item requiring basic vocabulary recall and semantic/collocational judgment, not multi-step reasoning or synthesis. “Go with” is somewhat vague, and “different” may appear plausible because it is semantically related to “unique”; “characteristic” forms the clearest collocation. “Terrible” and “careful” are straightforward distractors. No complex logic or strong emotional wording is present.
The item requires a relatively low-to-moderate level of verbal ability and semantic reasoning: recognizing that **“characteristic”** commonly pairs with “unique” and that **“different”** is a close synonym.","Original Text: Choose two words that best go with the word unique.
terrible
characteristic
different
careful
Select the two words most closely associated with “unique” from the given options.
**Vocabulary knowledge—understanding synonyms.** The item measures recognition that **“characteristic”** and **“different”** are most closely associated with the meaning of **“unique.”**
Low-to-moderate cognitive demand: requires basic vocabulary recall and semantic association. The respondent must select two options, adding a small comparison step. “Characteristic” is a somewhat nuanced association, while “different” is direct; “terrible” and “careful” are simple distractors. No complex syntax, conditional logic, or emotional endorsement threshold.
This item requires a relatively low level of the underlying verbal/cognitive ability, as identifying “characteristic” and “different” as related to “unique” is a straightforward vocabulary task.",2.4918269130507973,-0.1970905238761343,-0.398935319706287,-0.3725116406617088,0.689001631076295,564.0,gilbert_meta_7,0.2783667829407409,0.3978130816498514,0.2366362178392385,0.33817606416291784,1.4395863736681722,0.4971382219042208,1.2152974301426476,0.41968360812308403,1.2497475049090563,0.44389620747595193,1.057245309719693,0.37552160057359846,-0.47100753096044456,0.371452628057569,-0.5853949079681896,0.46166242092329524,1.0427904578592657,0.421646069370564,0.9684465960474934,0.3915855745908997,0.5240174071779,0.4017929093853687,0.484432360411498,0.37144088120736407,0.6284584922858868,0.39944623659203576,0.5487917874970384,0.34881033016352014
s_vocab_26_2021,,Choose two words that best go with the word survive.,"Choose two words that best go with the word survive.
dirt
music
alive
food","Original Text: Choose two words that best go with the word survive.
dirt
music
alive
food
Identify two terms from the provided list that share the strongest semantic or functional association with the concept of survival.
This item evaluates the respondent's semantic association skills regarding the concept of survival.

**Primary Construct:** Semantic Association

**Justification:** The task requires identifying words that represent a biological necessity (food) and a definitional state (alive) directly linked to the target term, assessing the respondent's understanding of word relationships and conceptual categorization.
This analysis evaluates the cognitive demand and structural complexity of selecting associations for the word ""survive.""

**Cognitive Demand:** This item requires **synthesis**. The respondent must integrate semantic definitions with functional requirements to link the target word to both a resulting state (""alive"") and a biological necessity (""food"").

**Structural/Semantic Elements:**
*   **Dual-Selection Constraint:** Requiring two correct answers increases cognitive load by necessitating the simultaneous evaluation of multiple valid relationships.
*   **Categorical Shifting:** The correct options represent distinct semantic categories—one being a synonym/state and the other a functional requirement—which requires the respondent to pivot between different types of logical associations.
In describing the level of the latent trait required for the item ""Choose two words that best go with the word survive,"" the respondent requires a low level of basic verbal reasoning and semantic comprehension. The item demands foundational cognitive ability to recognize direct, concrete associations between the concept of survival and its primary biological and linguistic correlates, ""alive"" and ""food.""","Original Text: Choose two words that best go with the word survive.
dirt
music
alive
food
The core task presented in this item is to identify which two words from a provided list of four are most closely associated with the concept of surviving.
The core task is to classify the primary domain, skill, symptom, belief, or construct measured by the provided text and provide a brief rationale.

Primary Skill: Semantic reasoning and verbal comprehension.

Justification: The item requires the individual to understand the meaning of a target word (""survive"") and identify conceptually related vocabulary (""alive,"" ""food"") from a list of distractors.
To analyze the cognitive demand and identify structural or semantic elements that increase the difficulty of this item:

This cognitive item requires multi-step reasoning and semantic synthesis. The structural requirement to ""choose two words"" increases cognitive load by demanding multiple correct selections rather than a single answer. Semantically, the broad phrasing ""best go with"" requires synthesizing different types of word relationships—specifically, identifying ""food"" as a necessity for survival and ""alive"" as the resulting state—rather than simply recalling direct synonyms.
Regarding the magnitude of the underlying latent trait necessary to correctly answer this item, a very low level of cognitive ability and basic verbal reasoning is required, as associating ""alive"" and ""food"" with ""survive"" relies on fundamental, universally understood vocabulary.","Original Text: Choose two words that best go with the word survive.
dirt
music
alive
food
The objective is to select two words from a provided four-option list that share the strongest conceptual or semantic relationship with the target term ""survive.""
The psychological construct and cognitive skill this assessment item measures is **verbal comprehension**, specifically **lexical-semantic association**. 

**Justification:** The task requires recognizing words (""alive"" and ""food"") that share direct definitional and functional connections with the target word ""survive,"" evaluating an individual's depth of vocabulary and ability to navigate conceptual semantic networks.
Evaluating the cognitive demand of this verbal association task reveals that it requires basic semantic reasoning and associative categorization rather than multi-step deduction or deep synthesis. 

Structural and semantic elements affecting cognitive load:
* **Dual-Selection Requirement:** Instructing the user to select two answers increases working memory load, as all options must be comparatively evaluated rather than stopping at the first viable match.
* **Mixed Categorical Relationships:** The correct targets require mapping two distinct relational types to ""survive""—a definitional state (""alive"") and a biological prerequisite (""food"").
* **Low-Interference Distractors:** The incorrect options (""dirt,"" ""music"") have distant semantic connections to the stem, which limits cognitive complexity and maintains a low difficulty threshold.
The level of the underlying latent trait—specifically verbal ability and basic semantic reasoning—required to correctly identify the associations for ""survive"" is low, as the task relies on fundamental, elementary-level vocabulary rather than advanced cognitive processing.","Original Text: Choose two words that best go with the word survive.
dirt
music
alive
food
The task is to identify the two words that best relate to “survive” from the given options.
Primary construct: verbal association / semantic categorization.

Justification: It measures the ability to identify words that are semantically related to “survive”; “alive” is a direct synonym-related match, and “food” is contextually associated with survival.
This is a low-demand vocabulary association item: it mainly requires simple word recall and basic semantic matching. The task is to select two words related to “survive,” with no multi-step reasoning or deep synthesis needed. The wording is straightforward, with no tricky distractors or conditional logic; the only mild load comes from choosing among loosely related options.
This item requires a low level of the underlying trait: basic verbal association and semantic reasoning. A respondent only needs to recognize that “alive” and “food” fit best with “survive,” so it does not reflect high cognitive ability or strong symptom/attitude intensity.","Original Text: Choose two words that best go with the word survive.
dirt
music
alive
food
The task is to select the two words most associated with “survive” from the list: dirt, music, alive, and food.
This item is primarily measuring **verbal semantic association / vocabulary knowledge**. It asks the respondent to identify the two words most conceptually linked to **survive**, which depends on understanding word meaning and selecting semantically related terms—most likely **alive** and **food**.
This asks for the cognitive demand of selecting two associates for “survive.”

Low to moderate demand: it mainly requires basic semantic association/recall, not deep synthesis. The likely targets are “alive” and “food,” so the task involves simple comparison across options and a small amount of multi-step reasoning to choose exactly two.

Load-increasing elements:
- “Choose two” adds a mild constraint, requiring elimination rather than single recognition.
- “Best go with” is somewhat vague, inviting judgment about strength of association.
- The distractors (“dirt,” “music”) are plausible nouns but weakly related, creating mild semantic competition.

No severe emotional, introspective, or high-threshold endorsement features are present.
This item appears to require a relatively low to moderate level of the underlying trait, since identifying alive and food as the two words most associated with survive depends more on basic verbal/conceptual association than on especially high ability or extreme endorsement.","Original Text: Choose two words that best go with the word survive.
dirt
music
alive
food
Select the two words that best pair with “survive” from the given options.
**Primary construct:** Verbal reasoning and semantic association.

**Justification:** The item assesses the ability to identify words meaningfully related to “survive,” such as “alive” and “food,” rather than unrelated words like “dirt” or “music.”
This is a low-to-moderate verbal-association item requiring semantic synthesis rather than simple recall or multi-step reasoning. The likely choices are **food** and **alive**: food supports survival, while “survive” is closely associated with remaining alive. The vague phrase “go with” and the semantically related but grammatically awkward **alive** create ambiguity; **dirt** and **music** function as weaker distractors.
This item requires a relatively low-to-moderate level of verbal reasoning: basic vocabulary and semantic association are sufficient, with no need for advanced cognitive ability.","Original Text: Choose two words that best go with the word survive.
dirt
music
alive
food
Select the two words most closely associated with “survive” from the given options.
**Vocabulary/semantic association:** The item measures understanding of the word **“survive”** by identifying closely related concepts—**alive** and **food**.
Low-demand ability item requiring simple semantic association and basic reasoning, not recall or synthesis. The respondent must select two answers (“alive” and “food”), adding slight load through multi-select format; “dirt” and “music” are straightforward distractors with no complex phrasing or conditional logic.
This item requires a low to moderate level of underlying verbal/cognitive ability, as identifying “alive” and “food” as related to “survive” relies on basic vocabulary and semantic reasoning.",2.337198416075394,-1.0350383879349845,-1.930062058226229,-2.05963158496686,0.1275009345040662,219.0,gilbert_meta_7,-1.9341194149479373,0.5418172518247115,-1.6441713999337082,0.4605922584489697,-1.2534535317361555,0.4763806837478918,-1.0581642642536595,0.40216011440370725,-2.1863871937222723,0.5674356492391398,-1.849611698934566,0.4800319075407839,-0.4940633727573527,0.38852786887260776,-0.6140500174933144,0.4828844999101676,-0.8778276209597586,0.43126595805312024,-0.8152444865866623,0.40051963068890317,0.666445950260124,0.4185037511332789,0.6161016415654893,0.38688936135614443,-0.18084977363386956,0.4223879719621642,-0.1579243048812484,0.3688438504621519
s_vocab_30_2021,,Choose two words that best go with the word advantage.,"Choose two words that best go with the word advantage.
finds
follows
helps
power","Original Text: Choose two words that best go with the word advantage.
finds
follows
helps
power
Identify two words from the provided list that are most strongly associated with the term ""advantage.""
This item measures **lexical knowledge**, specifically **semantic association** or **collocation**, by requiring the respondent to identify words that frequently co-occur or share a logical linguistic relationship with the target word ""advantage.""
This analysis evaluates the cognitive demand and structural complexity of selecting two words associated with ""advantage.""

**Cognitive Demand:** This item requires **synthesis** and **multi-step reasoning**. The respondent must evaluate abstract semantic relationships and potential collocations across all options to determine which pair most closely aligns with the target word.

**Structural/Semantic Elements:**
*   **Vague Phrasing:** The instruction ""best go with"" is semantically broad, failing to specify whether it seeks synonyms, collocations, or conceptual outcomes.
*   **Multiple Selection:** Requiring two answers increases cognitive load by forcing a comparative analysis of all four options rather than a simple identification of one correct match.
*   **Weak Semantic Distractors:** Words like ""finds"" and ""follows"" serve as distractors that are syntactically plausible but semantically weaker than ""helps"" or ""power,"" requiring nuanced linguistic judgment.
To describe the level of the underlying latent trait required to correctly associate words with ""advantage,"" this item demands a **low-to-moderate level of verbal cognitive ability**. Success requires basic semantic mapping and the ability to identify functional collocations—specifically linking ""advantage"" to utility (""helps"") and influence (""power"")—rather than high-level abstract synthesis or specialized vocabulary.","Original Text: Choose two words that best go with the word advantage.
finds
follows
helps
power
The core task presented in this item requires selecting two words from a provided list of four options that are most closely associated with the target word ""advantage.""
In identifying the primary construct or skill assessed by the provided text and justifying this selection:

**Primary Skill/Construct:** Semantic knowledge (Verbal reasoning)

**Justification:** The item requires the respondent to comprehend the meaning of the target word (""advantage"") and identify conceptually or lexically related words (""helps,"" ""power"") from the given options, which tests vocabulary and associative verbal skills.
In analyzing the cognitive demand, required mental processes, and structural or semantic elements that increase the difficulty of this word association task:

This cognitive item requires semantic recall of the target word (""advantage"") and synthesis to evaluate the conceptual relationships between the target and the provided options. The cognitive load is increased by the structural requirement to ""choose two words,"" which forces the test-taker to evaluate all options and hold multiple selections in working memory rather than stopping at a single correct answer. Additionally, the semantic phrasing ""best go with"" is ambiguous, requiring the user to infer the exact nature of the relationship (e.g., collocation, synonymy, or conceptual link). The options ""helps"" and ""power"" act as tricky distractors due to their close conceptual proximity to having an ""advantage,"" requiring nuanced discrimination rather than simple definition matching.
Regarding the degree of the underlying latent trait necessary to successfully answer this item, a low to moderate level of cognitive ability (specifically verbal reasoning and vocabulary) is required, as the vocabulary is common and the semantic relationships are straightforward.","Original Text: Choose two words that best go with the word advantage.
finds
follows
helps
power
The core task requires selecting a pair of terms from the provided four options that most appropriately collocate or semantically associate with the target word ""advantage.""
The psychological construct and cognitive skill being evaluated by this item is **lexical-semantic association** (a subcomponent of verbal ability and crystallized intelligence).

**Justification:** The task requires the respondent to access semantic memory and evaluate conceptual overlap to identify words that share functional, definitional, or contextual relationships with the anchor term ""advantage"" (specifically ""helps"" and ""power"").
**Demand Analysis:** 
This cognitive verbal-ability item requires multi-step reasoning and semantic synthesis to evaluate abstract conceptual associations and collocational fitness between the target word and the response options.

**Elements Increasing Cognitive Load:**
* **Multi-Selection Requirement:** Mandating the selection of two answers rather than one increases working memory load and combinatorial evaluation.
* **Ambiguous Relational Framing:** The phrase ""best go with"" is underspecified, forcing the test-taker to infer whether the relationship is functional, synonymous, or collocational.
* **Decontextualized, Mixed-Category Options:** Providing isolated, high-frequency verbs and nouns (*finds, follows, helps, power*) without sentence-level context requires internal generation of varied linguistic frames to test compatibility.
To correctly answer this item, a respondent requires a **low-to-moderate level of the latent trait of verbal cognitive ability and basic vocabulary comprehension**. The task relies on foundational semantic associations and elementary English vocabulary knowledge (linking ""advantage"" to ""helps"" and ""power""), requiring neither advanced abstract reasoning nor specialized linguistic proficiency.","Original Text: Choose two words that best go with the word advantage.
finds
follows
helps
power
The task is to identify the two words that best associate with “advantage” from the given options.
Primary construct: verbal reasoning / vocabulary knowledge, specifically synonym or association matching.

Justification: It assesses whether the respondent can identify words semantically related to “advantage,” which reflects word meaning knowledge and verbal comprehension.
This is a low-demand vocabulary association item: it mainly requires simple recall/word association, not multi-step reasoning or synthesis. Endorsement is easy because there is no symptom or belief threshold involved. The main structural feature increasing load is the forced-choice “choose two” format, which requires selecting the best semantic matches among distractors; the distractors are straightforward and not especially tricky.
This item requires a low level of the underlying verbal association trait: the respondent mainly needs basic vocabulary knowledge and the ability to recognize common collocations, with no strong latent ability needed.","Original Text: Choose two words that best go with the word advantage.
finds
follows
helps
power
The task is to select the two words most closely associated with “advantage” from the options: finds, follows, helps, and power.
This item is measuring verbal semantic association / vocabulary knowledge. It asks the respondent to identify which two options are most closely related in meaning or usage to “advantage,” which assesses understanding of word meaning and lexical relationships.
This asks for the cognitive demand of a word-association item. It requires low-to-moderate verbal reasoning: selecting two semantically related words to “advantage” involves basic meaning comparison and light multi-step evaluation across all options, but not deep synthesis or recall. Cognitive load is increased by the ambiguous prompt “best go with,” the need to choose exactly two answers, and the presence of plausible but weak distractors (“finds,” “follows”) alongside stronger semantic associates (“helps,” “power”).
This item appears to require a moderately high level of the underlying trait, since identifying that “advantage” is best matched by “helps” and “follows” depends on fairly strong verbal reasoning and semantic discrimination.","Original Text: Choose two words that best go with the word advantage.
finds
follows
helps
power
Select the two words that best combine with “advantage”: finds, follows, helps, or power.
**Primary construct:** Verbal ability—specifically vocabulary and contextual word association.  
**Justification:** The item requires recognizing which options form meaningful or conventional relationships with “advantage,” assessing semantic knowledge and language reasoning.
This is a low-to-moderate verbal-association item requiring lexical recall and recognition of common word pairings, not multi-step reasoning or synthesis. Cognitive load is increased by the unspecified pairing direction, grammatically varied distractors, and potentially weak or ambiguous collocations; success depends on subtle vocabulary and phrase-frequency judgments.
The item requires a **low-to-moderate level of verbal reasoning ability**: recognizing familiar word associations or collocations. Successful performance reflects basic-to-average vocabulary and language comprehension rather than high cognitive ability.","Original Text: Choose two words that best go with the word advantage.
finds
follows
helps
power
Choose the two words most closely associated with “advantage.”
**Verbal vocabulary and semantic association:** The item measures understanding of the meaning of “advantage” by identifying the most closely related words (“helps” and “power”).
Low-demand cognitive item requiring basic vocabulary recall and semantic association. The best matches are **helps** and **power**. Selecting two answers adds slight comparison demand; vague wording (“go with”) creates minor ambiguity, but there is no multi-step reasoning, conditional logic, or emotional content.
This item requires a **low to moderate level of the underlying verbal/cognitive ability**, as recognizing words associated with “advantage” relies on fairly common vocabulary and basic semantic reasoning.",1.1441134447139645,0.7966927735404981,0.9203476830101684,1.090895489857994,2.97693869772428,923.0,gilbert_meta_7,1.0091117384661312,0.4579296627377313,0.8578336202514456,0.38928043885797686,1.1264138300098367,0.4619551513271124,0.9509174704119785,0.3899820938277403,1.094518018941561,0.4516240110388399,0.9259262670133219,0.3820590683734586,-1.1550314727392825,0.430211806769975,-1.4355387084911773,0.5346916651574474,0.41200390311191293,0.425423767821084,0.38263082915634294,0.3950939488550932,1.314304281353224,0.4550051104495553,1.2150198000936403,0.420633354226612,0.7622920094746,0.43308619304989193,0.6656598639516382,0.37818590876168684
s_vocab_7_2021,,Choose two words that best go with the word fracture.,"Choose two words that best go with the word fracture.
solve
crack
fragment
attach","Original Text: Choose two words that best go with the word fracture.
solve
crack
fragment
attach
Identify two synonyms for the word ""fracture"" from the provided list.
This item measures **lexical knowledge and semantic association**. It requires the respondent to identify synonyms or semantically related terms for the word ""fracture"" while distinguishing them from unrelated or antonymous options.
This analysis evaluates the cognitive demand and structural complexity of the vocabulary association item for the word ""fracture.""

**Cognitive Demand:** The item requires **recall** of semantic definitions and **synthesis** to identify and group multiple related concepts under a single headword.

**Structural/Semantic Elements:** The ""choose two"" instruction increases cognitive load by requiring multi-step reasoning and verification rather than simple identification. Semantically, the item uses a categorical distractor (""attach"") that functions as an antonym, requiring the respondent to distinguish between synonymy and general association.
To successfully identify the synonyms for ""fracture,"" a respondent requires a low to moderate level of the latent trait of verbal reasoning and vocabulary. The semantic associations between ""fracture,"" ""crack,"" and ""fragment"" are direct and common in general discourse, necessitating only foundational linguistic proficiency rather than specialized knowledge or complex cognitive processing.","Original Text: Choose two words that best go with the word fracture.
solve
crack
fragment
attach
The core task is to select two words from a provided list of four that are most closely associated with the word ""fracture.""
The objective is to identify and justify the primary domain, skill, symptom, belief, or construct measured by the provided word association task.

**Primary Skill:** Verbal ability (Semantic knowledge / Vocabulary)

**Justification:** The item requires the respondent to understand the definition of the target word (""fracture"") and recognize its semantic synonyms (""crack"" and ""fragment"") among unrelated distractors.
Evaluating the cognitive demand and structural complexity of this vocabulary item reveals that it requires both recall of definitions and synthesis to map semantic relationships. The cognitive load is elevated by the structural requirement to select two answers, necessitating the evaluation of all choices rather than stopping at the first correct match. Semantically, the phrasing ""best go with"" is broad, and the inclusion of a direct antonym (""attach"") serves as a tricky distractor for individuals who might misinterpret the intended association.
The degree of the underlying latent trait—specifically verbal cognitive ability and vocabulary—necessary for a respondent to successfully answer this item is low to moderate, as it relies on basic semantic associations between common words.","Original Text: Choose two words that best go with the word fracture.
solve
crack
fragment
attach
The core task presented in this item is to identify and select two words from a four-option list that are most closely associated with or synonymous to the term ""fracture.""
**Target Construct:** Semantic reasoning and vocabulary knowledge (verbal ability).

**Justification:** This item assesses an individual's lexical comprehension and ability to recognize semantic associations by requiring them to identify words closely related in meaning (""crack"" and ""fragment"") to the target concept (""fracture"").
**Demand Analysis:**
This item represents a low-to-moderate cognitive demand centered on semantic recall and associative vocabulary knowledge rather than multi-step reasoning or synthesis. 

**Elements Influencing Cognitive Load:**
* **Multi-Selection Requirement:** Mandating the selection of two correct associates (""crack"" and ""fragment"") increases working memory load slightly above a standard single-choice recognition task, requiring exhaustive evaluation of all options.
* **Semantic Distractors:** Cognitive load is kept low due to simple phrasing and low-interference distractors: ""attach"" functions as an obvious antonym, while ""solve"" introduces a distinct, unrelated semantic domain.
The level of the underlying latent trait necessary to correctly solve this vocabulary association task reflects a **low-to-moderate degree of verbal cognitive ability and foundational semantic proficiency**. Successfully identifying ""crack"" and ""fragment"" as associates of ""fracture"" relies on basic tier-two vocabulary knowledge and standard word-relation comprehension rather than advanced abstract reasoning.","Original Text: Choose two words that best go with the word fracture.
solve
crack
fragment
attach
The task is to identify the two words that best relate to “fracture” from the given options.
Primary construct: vocabulary/semantic association knowledge.

Justification: It measures the ability to identify words most closely related in meaning to “fracture” — namely “crack” and “fragment.”
This is a low-demand vocabulary association item: it mainly requires simple recall/recognition of word meaning and basic semantic matching, not multi-step reasoning or synthesis. The endorsement threshold is low because the task is straightforward, with no strong emotional wording or psychological severity. The only mild load comes from selecting two related words from four similar options, which introduces a small distractor effect.
This item requires a low level of the underlying verbal-semantic trait: basic vocabulary knowledge and simple word association. A respondent only needs to recognize that “fracture” most strongly pairs with “crack” and “fragment,” so the latent trait demand is modest rather than high.","Original Text: Choose two words that best go with the word fracture.
solve
crack
fragment
attach
The task is to select the two words most closely associated with “fracture” from the options: solve, crack, fragment, and attach.
This item is measuring verbal semantic association / vocabulary knowledge, specifically the ability to identify words most closely related in meaning or concept to “fracture.” The best matches are “crack” and “fragment,” so the task assesses lexical-semantic reasoning rather than a clinical symptom or attitude.
This asks for the cognitive demand of a word-association item. Demand is low to moderate: it mainly requires vocabulary knowledge and simple semantic matching, with light comparison across options rather than multi-step reasoning or synthesis. Load is increased slightly by the instruction to choose two words, which requires evaluating all options and avoiding the distractor “attach,” an antonym/opposite-direction relation to “fracture.” The phrasing is simple, with no conditional logic or emotional/attitudinal threshold.
This item appears to require a moderately high level of the underlying trait—here, verbal/conceptual ability—because successfully selecting crack and fragment depends on recognizing close semantic relations to fracture while rejecting the less related distractor attach.","Original Text: Choose two words that best go with the word fracture.
solve
crack
fragment
attach
Select the two options most closely associated with “fracture.”
**Primary construct:** Vocabulary and semantic association.

**Justification:** The item measures whether the respondent recognizes words conceptually related to “fracture,” with **crack** and **fragment** being the best matches.
This is a low-demand verbal-association item requiring basic semantic recall, not multi-step reasoning or synthesis. The intended answers are likely **crack** and **fragment**, both closely related to “fracture”; **solve** and **attach** are clear distractors. The “choose two” instruction adds minimal selection demand, with no complex phrasing, conditional logic, or emotional content.
The item requires a **low-to-moderate level of verbal reasoning and vocabulary**: recognizing that *fracture* relates to **crack** and **fragment**. It does not require advanced cognitive ability or specialized knowledge.","Original Text: Choose two words that best go with the word fracture.
solve
crack
fragment
attach
Select the two words most closely related to “fracture” from the given options.
**Vocabulary/semantic association:** The item measures understanding of the meaning of **“fracture”** by identifying related words, **“crack”** and **“fragment.”**
Low-demand cognitive item requiring basic vocabulary recall and semantic association, not multi-step reasoning or synthesis. Selecting two answers adds slight load; **crack** and **fragment** relate to *fracture*, while **attach** is oppositional and **solve** is unrelated.
This item requires a low to moderate level of the underlying cognitive/verbal ability, as “crack” and “fragment” are common, direct associations with “fracture.”",1.3938164925921064,0.1751375132280596,0.219600593891809,0.3112706988135216,1.3651587180179643,748.0,gilbert_meta_7,-1.4045449814961048,0.4452111232461081,-1.1939866125373015,0.3784685630661106,-0.0039038652371460314,0.36129196273482267,-0.0032956392732710923,0.30500232696981017,-0.5004943451915589,0.37342135479216204,-0.42340176468966856,0.31590219172465245,0.1365247512640669,0.33215939236595066,0.1696807141037416,0.4128265561451606,0.6756104462160293,0.35353251110250816,0.627444019995381,0.3283280494071741,-0.8687723687590351,0.37993879294261396,-0.803144024403274,0.3512376569097459,-0.2872522577401728,0.3593017518343429,-0.250838650321043,0.31375477149298825
s_vocab_21_2021,,Choose two words that best go with the word trait.,"Choose two words that best go with the word trait.
characteristic
truth
feature
exam","Original Text: Choose two words that best go with the word trait.
characteristic
truth
feature
exam
Identify two synonyms for the term ""trait"" from the provided list.
This item measures **vocabulary knowledge and semantic association**. It evaluates the respondent's ability to identify synonyms and understand the linguistic relationships between the target word ""trait"" and its related descriptors, ""characteristic"" and ""feature.""
This analysis evaluates the cognitive demand and structural complexity of identifying synonyms for the word ""trait.""

**Cognitive Level:** This item requires **recall** of vocabulary definitions and **synthesis** to map multiple semantic equivalents to a single target concept.

**Structural/Semantic Elements:** The **multi-select constraint** increases cognitive load by requiring the examinee to maintain the target definition in working memory while evaluating all options simultaneously. The use of **near-synonyms** (""characteristic"" and ""feature"") raises the threshold for success, as it necessitates precise semantic discrimination rather than simple recognition.
The level of latent verbal proficiency required to correctly identify synonyms for ""trait"" is low to moderate, as it necessitates only a foundational vocabulary to associate the term with ""characteristic"" and ""feature.""","Original Text: Choose two words that best go with the word trait.
characteristic
truth
feature
exam
To summarize the core task presented in the item, the user is required to select two words from a provided list of four that are most synonymous with the word ""trait.""
The objective is to determine the primary construct or skill assessed by the provided text and briefly justify this classification. 

**Primary Skill/Construct:** Vocabulary (Semantic Knowledge)

**Justification:** The item requires the respondent to identify synonyms (""characteristic"" and ""feature"") for a target word (""trait""), which directly tests their understanding of word meanings and lexical relationships.
In analyzing the cognitive demand and structural complexity of this vocabulary item, it primarily requires recall of word meanings and multi-step reasoning to evaluate associations. 

The primary structural element increasing cognitive load is the multiple-response requirement (""Choose two words""). This format prevents the use of a standard single-answer elimination strategy and forces the reader to independently evaluate all four options (characteristic, truth, feature, exam) against the target word (""trait""), thereby increasing working memory demands.
Evaluating the magnitude of the underlying latent construct needed to correctly answer this vocabulary item indicates that only a low to moderate level of cognitive ability and verbal comprehension is necessary.","Original Text: Choose two words that best go with the word trait.
characteristic
truth
feature
exam
The core task requires identifying and selecting two words from the provided list of options that are most synonymous or closely associated with the target word ""trait.""
**Construct Measured:** Receptive vocabulary knowledge (specifically, semantic association and synonym recognition).

**Justification:** This item evaluates verbal comprehension and lexical proficiency by requiring the test-taker to identify ""characteristic"" and ""feature"" as the two semantic equivalents that share the core meaning of the target word ""trait.""
**Demand and Complexity Analysis**

* **Cognitive Demand Level:** The item primarily demands basic lexical **recall** and single-step semantic matching to identify near-synonyms for the target word. 
* **Structural Elements Increasing Load:** The multi-selection constraint (""choose two words"") requires evaluating multiple options against the target concept simultaneously, slightly elevating working memory load compared to a single-response format.
* **Semantic Elements:** The phrasing ""best go with"" introduces minor ambiguity by implying functional collocation rather than strict semantic equivalence (synonymy). However, cognitive demand remains low because the distractors (""truth,"" ""exam"") have distinct, non-overlapping meanings that offer minimal interference.
To successfully identify the correct synonyms for the target word, a respondent requires a **low-to-moderate level of verbal cognitive ability**, characterized by intermediate English vocabulary proficiency and standard semantic reasoning skills.","Original Text: Choose two words that best go with the word trait.
characteristic
truth
feature
exam
The task is to identify the two words that best match the meaning of “trait” from the given options.
This item measures **vocabulary/semantic association knowledge**, specifically the ability to identify **synonyms or closely related words**. “Trait” is best matched by **characteristic** and **feature**, while “truth” and “exam” are unrelated.
This is a low-demand cognitive item: it mainly requires simple word association and recall, not multi-step reasoning or synthesis. Endorsement is easy because the task is straightforward and objective. The main load comes from the instruction to select two matching words, with no strong emotional wording, conditional logic, or tricky distractors beyond basic semantic similarity.
This item requires a moderate level of verbal-semantic ability and word-association skill, with the strongest performance coming from respondents who can identify “characteristic” and “feature” as the best matches for “trait.”","Original Text: Choose two words that best go with the word trait.
characteristic
truth
feature
exam
The task is to identify the two words most closely associated with “trait”: characteristic and feature.
This item is measuring verbal semantic association/vocabulary knowledge, specifically understanding synonyms. “Characteristic” and “feature” are the two words most closely related in meaning to “trait,” so the task assesses word-meaning knowledge rather than attitude, symptom, or belief.
This asks for the cognitive demand and any wording features that affect difficulty.  
Low demand: it mainly requires basic vocabulary/semantic association and simple selection, not multi-step reasoning or synthesis. “Choose two” adds a small working-memory/discrimination load because the respondent must identify both correct associates (“characteristic,” “feature”) while rejecting plausible but weaker distractors (“truth,” “exam”). Structurally, the phrasing is simple, with no conditional logic or emotional wording; difficulty comes mainly from subtle semantic overlap among options.
This item appears to require a relatively low to moderate level of the underlying trait, since identifying characteristic and feature as matching trait depends mainly on basic verbal/conceptual knowledge rather than especially advanced ability or extreme endorsement.","Original Text: Choose two words that best go with the word trait.
characteristic
truth
feature
exam
Identify the two words most closely associated with “trait” from the provided options.
**Primary construct:** Vocabulary and semantic association ability.  
**Justification:** The respondent must recognize that **trait** most closely pairs in meaning with **characteristic** and **feature**, distinguishing related words from distractors.
This is a low-demand verbal-association item requiring lexical recall and brief comparison, not multi-step reasoning or synthesis. It has no psychological endorsement threshold or emotional content. The main cognitive load comes from vague “go with” phrasing and semantically overlapping options: **characteristic** and **feature** are both near-synonyms of *trait*, making the intended two answers somewhat ambiguous; **truth** and **exam** are weaker distractors.
This item requires a **low-to-moderate level of verbal and semantic reasoning ability**. A respondent must recognize that *trait* is synonymous or closely associated with **characteristic** and **feature**; it does not require advanced knowledge or unusually high cognitive ability.","Original Text: Choose two words that best go with the word trait.
characteristic
truth
feature
exam
Select the two words most closely related in meaning to “trait.”
**Vocabulary knowledge—word association/synonym recognition.** The item assesses whether respondents recognize that **“characteristic”** and **“feature”** are semantically related to **“trait.”**
Low-demand verbal association item requiring basic vocabulary recall: identify **characteristic** and **feature** as synonyms of *trait*. Selecting two answers adds slight multi-select demand; distractors are straightforward, with no complex phrasing, conditional logic, or emotional content.
A relatively low level of the underlying verbal ability is required, as “characteristic” and “feature” are common synonyms for “trait.”",2.137312262383598,0.096393188666106,0.1381185082861621,0.2232404795114127,1.2501211661186156,716.0,gilbert_meta_7,0.23247981892504938,0.418113089764099,0.19762826761584545,0.35543285425659804,0.21043496725203026,0.4232458631547304,0.17764899667805098,0.3573037500346706,0.07168672316159114,0.4139669989655356,0.06064461143875747,0.35020247395244714,0.9615562157496721,0.4062680135301767,1.1950766716557908,0.5049329591523875,-0.8646736502741792,0.4605397195830203,-0.8030283044774497,0.42770637227583463,-0.4614800125453915,0.4212874057529887,-0.4266191326812091,0.38946273460582076,-1.7526051166230765,0.5978802684680119,-1.5304356716218934,0.522089820201699
s_vocab_2_2021,,Choose two words that best go with the word repair.,"Choose two words that best go with the word repair.
surgery
harm
motor
heal","Original Text: Choose two words that best go with the word repair.
surgery
harm
motor
heal
Identify two semantically related terms or synonyms for the word ""repair"" from a provided list.
This item measures **semantic association**, as it requires the respondent to identify conceptually related synonyms or contextual links between the target word ""repair"" and the options ""surgery"" and ""heal"" within their lexical-semantic network.
This analysis evaluates the cognitive demand and structural complexity of the word association task for ""repair.""

**Cognitive Demand:** This item requires **synthesis**, as the respondent must integrate the abstract concept of ""repair"" across disparate semantic domains, specifically mapping it to both medical and general restorative contexts.

**Structural and Semantic Elements:**
*   **Multi-select constraint:** The requirement to ""choose two"" increases cognitive load by necessitating a comparative evaluation of all options rather than identifying a single synonym.
*   **Functional distractor:** ""Motor"" serves as a thematic distractor, representing an object frequently repaired rather than a synonym for the action itself.
*   **Semantic foil:** ""Harm"" functions as an antonym, requiring the respondent to inhibit a basic association in favor of a direct synonym.
*   **Domain shifting:** The pairing of ""surgery"" and ""heal"" requires the test-taker to recognize ""repair"" within a biological/medical framework, increasing the threshold for correct association.
To identify ""surgery"" and ""heal"" as the words most closely associated with ""repair,"" a respondent requires a low to moderate level of the underlying latent trait of verbal reasoning and semantic association. This level of cognitive ability is sufficient to recognize functional analogies and synonyms across disparate contexts, such as mechanical restoration and biological recovery.","Original Text: Choose two words that best go with the word repair.
surgery
harm
motor
heal
The core task presented in this item is to select two words from a provided list of four options that are most closely associated with the target word ""repair"".
In identifying the primary skill or psychological construct assessed by the provided item and justifying this classification:

**Primary Skill/Construct:** Semantic association (Verbal Comprehension)
**Justification:** The task requires the respondent to understand the meaning of a target word and recognize its conceptual, contextual, or synonymous relationships with the provided vocabulary options.
Analyzing the cognitive demand and structural elements of this word association item:

This cognitive item requires multi-step reasoning and synthesis to evaluate varying semantic relationships against the target word ""repair."" The cognitive load is increased by the structural requirement to ""choose two words,"" which demands higher working memory than a standard single-choice question. Semantically, the phrase ""best go with"" is ambiguous, forcing the respondent to navigate tricky distractors that represent entirely different types of associations: a conceptual synonym (""heal""), an object of the action (""motor""), a related biological process (""surgery""), and an antonym (""harm"").
Regarding the magnitude of the underlying latent trait needed to correctly answer this item, a low to moderate level of cognitive ability (specifically verbal reasoning and semantic association) is required, as the vocabulary and conceptual links are common and straightforward.","Original Text: Choose two words that best go with the word repair.
surgery
harm
motor
heal
The item requires identifying and selecting the two options from a four-word list that have the strongest semantic association with the target concept of repair.
This item assesses the cognitive skill of **semantic association and verbal reasoning**. It measures an individual's ability to recognize conceptual overlap and lexical-semantic relationships by identifying words (""surgery"" and ""heal"") that share a restorative or corrective meaning with the target word (""repair"").
**Assessment of Cognitive Demand and Structural Complexity:**

* **Demand Level:** This cognitive ability item requires **relational reasoning and semantic synthesis** rather than basic recall, as it requires categorizing abstract relationships across different domains (mechanical vs. biological restoration).
* **Structural & Semantic Elements Increasing Cognitive Load:**
  * **Vague Relational Cue:** The phrase ""best go with"" lacks explicit parameters, forcing the test-taker to deduce whether the intended link is thematic (objects that are repaired, e.g., *motor*), synonymous (restorative concepts, e.g., *heal*), or operational (*surgery*).
  * **Cross-Domain Distractors:** Mixing mechanical contexts (*repair* a *motor*) with organic/medical contexts (*surgery*, *heal*) introduces conceptual interference. 
  * **Multiple-Response Format:** Requiring two selections increases processing load by demanding comparative evaluation across all options to identify the strongest thematic pair rather than stopping at the first valid association.
To correctly resolve this semantic association item, a respondent requires a **low to moderate level of general verbal intelligence and basic semantic reasoning ability**.","Original Text: Choose two words that best go with the word repair.
surgery
harm
motor
heal
The task is to identify the two words that best relate to “repair” from the given options.
Primary construct: semantic association / vocabulary knowledge.

Justification: The item measures the ability to identify words most closely related in meaning to “repair” — here, “surgery” and “heal” — rather than clinical knowledge or attitudes.
This is a low-demand vocabulary association item: it mainly requires simple word recall and semantic matching, not multi-step reasoning or synthesis. The endorsement threshold is minimal, since the task is just to select two related words. The only mild load comes from the need to infer the best pair among close options, with no strong distractors or complex wording.
This item requires a low-to-moderate level of the underlying verbal association trait: the respondent needs enough semantic knowledge to identify “surgery” and “heal” as the best matches for “repair.”","Original Text: Choose two words that best go with the word repair.
surgery
harm
motor
heal
The task is to select the two words most closely associated with “repair” from the given options.
This item is primarily measuring verbal semantic association, specifically vocabulary/word-meaning knowledge. The task is to identify which options are most closely related in meaning or usage to “repair” (“motor” and “heal” are the strongest associates), so it assesses lexical-semantic reasoning rather than a clinical symptom or attitude.
This asks for the cognitive demand of choosing two associates for “repair.”

Low-to-moderate cognitive demand: it mainly requires vocabulary/semantic association and a small comparison step, not multi-step reasoning or synthesis. The task is straightforward but includes mild distractor pressure because more than one option is plausibly related. “Heal” is a close semantic match, while “motor” can pair with “repair” in a common phrase, increasing ambiguity; “surgery” and “harm” are weaker or oppositional associates. Structural load comes from selecting exactly two words and from the broad prompt “go with,” which is less precise than asking for synonyms or category matches.
This item appears to require a moderately high level of the underlying latent trait, since correctly pairing repair with motor and heal reflects fairly strong verbal reasoning or semantic association ability rather than only basic recognition.","Original Text: Choose two words that best go with the word repair.
surgery
harm
motor
heal
Identify the two words that best pair with “repair” from the given options.
**Primary construct:** Verbal vocabulary and lexical association.  
**Justification:** The item measures recognition of words commonly and meaningfully associated with “repair,” such as “motor” and “surgery.”
This is a low-demand verbal-association item requiring semantic recall and comparison, not multi-step reasoning or synthesis. The test taker must identify the strongest associations with “repair,” likely **motor** and **surgery**, while rejecting semantically related distractors (**harm**, **heal**). The vague phrase “best go with” introduces mild ambiguity, but there is no complex syntax, conditional logic, or strong emotional content.
This item requires a **low-to-moderate level of verbal ability**, primarily basic vocabulary and word-association skills. A respondent must recognize that **“surgery”** and **“motor”** commonly relate to repair, while **“harm”** conflicts with it and **“heal”** is related but less directly paired.","Original Text: Choose two words that best go with the word repair.
surgery
harm
motor
heal
Select the two words most closely associated with “repair.”
**Construct: Verbal semantic reasoning (word association).** The item assesses recognizing words conceptually related to “repair,” with **motor** and **heal** forming the strongest associations.
Moderate cognitive demand: requires semantic association and selecting two related terms (“surgery” and “heal”) while rejecting a plausible distractor (“motor,” as in motor repair). No recall, multi-step reasoning, deep introspection, or emotional severity; the main difficulty is lexical ambiguity in “repair.”
This item requires a **low to moderate level of cognitive/verbal ability**, as identifying “motor” and “heal” as words associated with “repair” relies on common vocabulary and basic semantic reasoning.",1.6533611393789025,-0.7367692496774434,-1.1356169911385987,-1.1973035446078883,0.3020074646260637,383.0,gilbert_meta_7,1.0042585631098644,0.46146392287913707,0.8537079948852105,0.3922848704352182,0.8490357193178477,0.4496168945417744,0.7167551365168269,0.37956614933289634,1.409813920478971,0.49484560611883616,1.1926562358789339,0.41862311710925104,-0.04411784139839464,0.38358873174043845,-0.05483215873959631,0.47674585978899436,1.0176102134036138,0.4307763794404085,0.9450615316302555,0.40006495569892325,0.45433962302309105,0.4308441684835687,0.4200181387005431,0.3982975654035233,1.1876645744889152,0.46139812852593043,1.0371099647487703,0.4029088743482956
s_vocab_32_2021,,Choose two words that best go with the word adaptation.,"Choose two words that best go with the word adaptation.
freeze
scientist
fit
change","Original Text: Choose two words that best go with the word adaptation.
freeze
scientist
fit
change
Identify two words from the provided list that are most closely associated with the concept of adaptation.
This item measures **vocabulary knowledge and semantic association** by requiring the identification of terms conceptually linked to ""adaptation."" The selection of ""fit"" and ""change"" assesses the respondent's ability to recognize synonyms and functional definitions, demonstrating linguistic comprehension and the ability to categorize related concepts within the domain of general science or language arts.
This analysis evaluates the cognitive demand and structural complexity of the vocabulary item associated with the term ""adaptation.""

**Cognitive Demand:** This item requires **synthesis**. The respondent must integrate the dual components of the concept—the process of modification and the resulting state of suitability—to identify the correct pair.

**Structural/Semantic Elements:**
*   **Multiple-Response Format:** Requiring two selections increases cognitive load by necessitating a comparative evaluation of all options rather than a simple identification of a single synonym.
*   **Thematic Distractors:** ""Scientist"" serves as a contextual/associative distractor, while ""freeze"" represents a specific behavioral response; these require the respondent to distinguish between broad conceptual definitions (""fit"" and ""change"") and narrow situational associations.
The level of the underlying latent trait—specifically verbal reasoning and lexical proficiency—required to correctly identify ""fit"" and ""change"" as the words associated with ""adaptation"" is low to moderate, as the item relies on recognizing common semantic synonyms.","Original Text: Choose two words that best go with the word adaptation.
freeze
scientist
fit
change
The core task is to select two words from a provided list of four that are most closely associated with the target word ""adaptation.""
The core objective is to identify and justify the primary domain, skill, symptom, belief, or construct measured by the provided word association task.

Primary Domain/Skill: Semantic knowledge (Vocabulary).

Justification: The item tests verbal comprehension by requiring the respondent to understand the meaning of the target word (""adaptation"") and correctly identify its synonyms or conceptually related terms (""fit"" and ""change"") from a set of distractors.
To evaluate the cognitive demand, required mental processes, and structural or semantic elements that increase the difficulty of the provided vocabulary item:

This cognitive item requires recall of the target word's definition and synthesis to evaluate and compare semantic relationships. The cognitive load is increased by the structural requirement to select exactly two correct answers, forcing the test-taker to hold multiple associations in working memory. Semantically, the phrase ""best go with"" is imprecise, requiring the user to deduce that synonymy or core conceptual overlap is required rather than a loose relationship. Furthermore, the distractor ""scientist"" acts as a thematic trap, requiring the test-taker to distinguish between a tangential association (scientists study adaptation) and the core semantic meanings (""fit"" and ""change"").
To successfully select the correct associations for this vocabulary item, a respondent requires a low to moderate level of the underlying latent trait of verbal cognitive ability.","Original Text: Choose two words that best go with the word adaptation.
freeze
scientist
fit
change
The task requires identifying two terms from a given list that share the closest conceptual association or meaning with the word ""adaptation.""
**Construct/Skill Measured:** Semantic vocabulary knowledge and verbal comprehension.

**Justification:** This item evaluates a test-taker's depth of word understanding and associative language reasoning by requiring them to identify concepts (""fit"" and ""change"") that share core definitional and contextual relationships with the target word ""adaptation.""
**Cognitive Demand and Structural Analysis:**

* **Demand Level:** This vocabulary assessment carries a low-to-moderate cognitive demand, requiring semantic recall, concept recognition, and single-step comparative reasoning to match the target term with its core definitional components.
* **Structural/Semantic Load Factors:**
  * **Multi-Response Format:** Requiring the selection of two answers increases cognitive processing, as the test-taker cannot simply identify one match and stop; they must evaluate all options comprehensively.
  * **Contextual/Thematic Distractors:** The option ""scientist"" introduces semantic interference due to strong domain-level co-occurrence with the concept of adaptation in biological contexts, requiring test-takers to differentiate between topical association and direct conceptual meaning (""fit"" and ""change"").
Successfully identifying the correct semantic associations for this item requires a low to moderate level of the underlying latent trait of verbal cognitive ability and vocabulary comprehension.","Original Text: Choose two words that best go with the word adaptation.
freeze
scientist
fit
change
The task is to identify the two words that best relate to “adaptation” from the given options.
Primary construct: vocabulary/semantic association, specifically understanding of the word “adaptation.”

Justification: The item measures whether the respondent can identify words most closely related in meaning to “adaptation” — here, “fit” and “change” — rather than unrelated distractors.
This is a low-demand vocabulary association item: it asks for selecting two words that semantically fit “adaptation.” It mainly requires simple recall/word association, not multi-step reasoning or synthesis. The wording is straightforward, with no tricky distractors, conditional logic, or emotionally loaded language; the only mild load comes from needing to recognize the two best semantic matches among four options.
This item requires a low level of the underlying trait: basic verbal reasoning and vocabulary knowledge, specifically recognizing that “adaptation” is most closely associated with “fit” and “change.”","Original Text: Choose two words that best go with the word adaptation.
freeze
scientist
fit
change
The task is to select the two words most associated with “adaptation” from the given options.
This item is primarily measuring **verbal semantic reasoning / vocabulary knowledge**. It asks the respondent to identify the two words most conceptually associated with **adaptation**, and **fit** and **change** are the best matches because adaptation involves adjusting or changing to fit conditions.
This asks for the cognitive demand of the item and what features raise difficulty.

Low-to-moderate cognitive demand: it mainly requires semantic association/vocabulary knowledge plus a small amount of comparison, since the respondent must evaluate all four options and select the two most related to “adaptation.” It does not require deep multi-step reasoning or synthesis.

Load-increasing features:
- Forced selection of exactly two answers, which adds comparison and exclusion.
- Mild ambiguity/polysemy in “adaptation” and “change,” since both are broad terms.
- Presence of distractors with weak or indirect association (“scientist,” “freeze”).
- Brief phrasing with no contextual cue, so meaning must be inferred from general vocabulary alone.
This item appears to require a moderately high level of the underlying trait, since correctly linking adaptation with fit and change reflects fairly strong verbal/conceptual reasoning rather than only basic recognition.","Original Text: Choose two words that best go with the word adaptation.
freeze
scientist
fit
change
Choose the two words most closely associated with “adaptation” from the options provided.
**Primary domain:** Verbal semantic knowledge—understanding the meaning and associations of “adaptation.”  

**Justification:** Selecting **“fit”** and **“change”** demonstrates recognizing adaptation as adjustment or change that promotes suitability to conditions.
This is a low-to-moderate cognitive-demand vocabulary/semantic-association item requiring recall and brief comparison, not multi-step reasoning or synthesis. The respondent must select two of four options, likely **fit** and **change**. The absence of context makes the association somewhat ambiguous, while unrelated distractors (**freeze**, **scientist**) require basic semantic discrimination; no conditional logic or emotional wording is present.
This item requires a **moderate level of verbal reasoning ability**: the respondent must recognize that *adaptation* relates to **fit** and **change**, while rejecting less-related options.","Original Text: Choose two words that best go with the word adaptation.
freeze
scientist
fit
change
Select the two words most closely related to “adaptation” from the given options.
**Construct: Vocabulary/semantic association.** The item measures understanding of “adaptation” by identifying its closest related meanings: **fit** and **change**.
Requires basic semantic association/recall, not multi-step reasoning or synthesis. Selecting two answers adds slight demand; “fit” and “change” relate directly to adaptation, while “freeze” and “scientist” are straightforward distractors. No complex phrasing, conditional logic, or emotional wording.
This item requires a relatively low to moderate level of verbal ability, as “adaptation” is clearly associated with **fit** and **change**.",1.505553816741932,0.4177569019066289,0.5730037716858758,0.7066896319963732,2.027269131560403,832.0,gilbert_meta_7,0.6827273616628307,0.4205159713471407,0.5803782296598473,0.357475514676493,1.294003323144023,0.44340607593011555,1.0923963591054833,0.37432298224275623,1.0560331255208428,0.43828774703791623,0.8933693121850124,0.37077702739415996,0.29384781939072147,0.38904508066593796,0.36521075753952364,0.4835273200993463,1.0132342534133425,0.42222188780905806,0.9409975478019817,0.3921203410940817,1.304993966696479,0.4556579750639525,1.2064128003192807,0.42123690048642976,0.39088807927238406,0.42465318664120644,0.3413370498899901,0.3708219146112327
s_vocab_1_2021,,Choose two words that best go with the word skeletal.,"Choose two words that best go with the word skeletal.
protection
support
hair
eye","Original Text: Choose two words that best go with the word skeletal.
protection
support
hair
eye
Identify the two terms from the provided list that are most conceptually or functionally associated with the word ""skeletal.""
This item measures the primary knowledge domain of **human anatomy and physiology**. It assesses the respondent's understanding of the fundamental functions of the skeletal system, specifically its roles in providing structural support and protection for internal organs.
This analysis evaluates the cognitive demand and structural complexity of the item associating ""skeletal"" with its functional descriptors.

**Demand:** This cognitive item requires **recall** of biological definitions and **synthesis** to identify primary physiological functions rather than just anatomical parts.

**Structural/Semantic Elements:** The **multi-selection constraint** (""choose two"") increases cognitive load by requiring the identification of a complete set of correct associations. The **semantic shift** from a noun (skeletal system) to functional abstractions (protection, support) requires higher-level categorization than the simple anatomical distractors (hair, eye).
The level of the underlying latent trait required to correctly associate ""protection"" and ""support"" with the term ""skeletal"" is low to moderate, reflecting foundational biological knowledge and basic functional vocabulary typically acquired during primary or early secondary education.","Original Text: Choose two words that best go with the word skeletal.
protection
support
hair
eye
The core task presented in this item is to select two words from a provided list of four options that are most conceptually related to the word ""skeletal.""
The objective is to classify the primary domain, skill, symptom, belief, or construct measured by the text and provide a brief rationale.

**Primary Knowledge Domain:** Biology / Anatomy 

**Justification:** The item requires the respondent to understand the physiological functions of the skeletal system (protection and support) to correctly associate them with the target word, distinguishing them from unrelated anatomical features (hair, eye).
In evaluating the cognitive demand, required mental processes, and structural or semantic elements that influence the difficulty of this item, it primarily requires recall and basic synthesis. The user must retrieve the biological functions of the skeletal system to associate it with ""protection"" and ""support."" The cognitive load is slightly elevated by the structural requirement to select exactly two answers rather than the standard one. Furthermore, the distractors (""hair"" and ""eye"") act as semantic traps because they are anatomically related body parts, requiring the test-taker to discriminate between general biology and specific skeletal functions.
Evaluating the overall level of the underlying latent trait required for a respondent to successfully answer the item associating ""protection"" and ""support"" with ""skeletal"" indicates that a low to moderate level of cognitive ability and basic biological knowledge is necessary.","Original Text: Choose two words that best go with the word skeletal.
protection
support
hair
eye
The core task requires selecting two terms from a given four-option list that are most closely associated with the word ""skeletal.""
**Measured Construct:** Foundational biological science vocabulary and conceptual association.

**Justification:** The item evaluates a test-taker's ability to identify the functional characteristics (support and protection) associated with the skeletal system, distinguishing primary anatomical functions from unrelated biological structures (hair and eye).
This evaluation assesses the cognitive demand and structural complexity of the provided vocabulary and concept-association item:

* **Cognitive Demand Level:** The item relies primarily on basic **recall and conceptual association**, requiring test-takers to retrieve foundational knowledge regarding the primary functions of the skeletal system (protection and support). It does not require multi-step reasoning or complex synthesis.
* **Structural and Semantic Elements Affecting Load:**
  * **Multi-Selection Requirement:** Instructing the user to select two correct answers marginally increases working memory load compared to a standard single-choice format.
  * **Distractor Distinction:** The distractors (""hair,"" ""eye"") are concrete anatomical structures, whereas the correct keys (""protection,"" ""support"") are physiological functions. This distinct categorical contrast minimizes ambiguity and keeps cognitive load low.
  * **Syntax:** The prompt uses direct, unambiguous phrasing with no conditional logic, double negatives, or complex sentence structures.
The level of the underlying latent trait, specifically basic verbal reasoning and foundational biological knowledge, required to successfully answer this item is low to moderate, as it relies on an elementary understanding of the standard functions of the skeletal system.","Original Text: Choose two words that best go with the word skeletal.
protection
support
hair
eye
The task is to select the two words that best relate to “skeletal” from the given options.
Primary construct: vocabulary/semantic association knowledge.

Justification: It measures the ability to identify words that commonly relate to “skeletal” in meaning or context; the best matches are “support” and “protection.”
This is a low-demand vocabulary association item: it asks for two words that fit with “skeletal,” mainly requiring simple recall and basic semantic matching. The endorsement threshold is low, since there is no symptom severity or belief intensity involved. Cognitive load is modest, with only a small selection set and no tricky conditional logic; the main challenge is recognizing the intended word pair among plausible distractors.
This item requires a moderate level of verbal-semantic ability and basic knowledge of common word associations, with the strongest response reflecting an understanding that “skeletal” most naturally pairs with “support” and “protection.”","Original Text: Choose two words that best go with the word skeletal.
protection
support
hair
eye
The task is to select the two words most closely associated with “skeletal” from the given options.
This item is measuring **semantic knowledge / verbal reasoning about anatomical function**. Specifically, it assesses whether the respondent knows that the **skeletal** system is primarily associated with **support** and **protection**, rather than unrelated body features like **hair** or **eye**.
This asks for the cognitive demand of selecting two associates for “skeletal.”

Moderate cognitive demand: it mainly requires vocabulary knowledge/semantic association plus a small amount of comparison, not deep multi-step reasoning or synthesis. The respondent must identify that “support” and “protection” fit best with “skeletal,” while rejecting weaker distractors like “hair” and “eye.” Load is increased slightly by the instruction to choose two answers, which requires evaluating all options rather than spotting just one, but the phrasing is simple, concrete, and free of conditional logic or emotional content.
This item appears to require a relatively low-to-moderate level of the underlying latent trait, since identifying “protection” and “support” as the two words associated with “skeletal” depends on recognizing common functional associations rather than making a highly difficult or abstract distinction.","Original Text: Choose two words that best go with the word skeletal.
protection
support
hair
eye
Select the two words most closely associated with “skeletal.”
**Primary domain:** Basic anatomy/science knowledge—specifically skeletal-system functions.  
**Justification:** The item assesses recognition that the skeleton provides **support** and **protection**.
This is a low-demand cognitive item requiring basic semantic knowledge and selection of two associated concepts, not multi-step reasoning or synthesis. “Go with” is somewhat vague, but the intended answers—**support** and **protection**—reflect skeletal functions. The distractors (**hair**, **eye**) are simple body-related terms, creating minimal challenge; no conditional logic, complex phrasing, or emotional content is present.
The item requires a **moderate level of verbal/conceptual ability**: recognizing that the skeletal system provides **support** and **protection**. It does not require unusually high cognitive ability.","Original Text: Choose two words that best go with the word skeletal.
protection
support
hair
eye
Select the two words most closely associated with “skeletal” from the provided options.
**Domain: Vocabulary and conceptual association—knowledge of the skeletal system.** The item measures recognition that the skeleton provides **support** and **protection**, rather than being associated with hair or eyes.
This is a low-demand cognitive item requiring basic recall/semantic association. The respondent must select two answers—**protection** and **support**—creating slight load through multi-select instructions. **Hair** and **eye** are simple, non-tricky distractors; there is no complex phrasing, conditional logic, synthesis, or emotional content.
The item requires a relatively low to moderate level of cognitive ability, relying on basic knowledge that the skeletal system provides **support** and **protection**.",1.0913852548013547,-0.4604316152324567,-0.5355233886015314,-0.533067714265526,0.586802064628792,538.0,gilbert_meta_7,0.3389764329586437,0.42865070203020034,0.28815974443705705,0.36439075032941154,0.7350112902415499,0.43438418449390825,0.6204958233109013,0.3667067101815593,-0.14151907611604309,0.41654664432727057,-0.11972048663576935,0.3523847691350512,-0.4411657301256279,0.3818153675558626,-0.5483058231765291,0.4745418220711536,0.32744493403663055,0.41108792511538533,0.30410033901899036,0.38178015415629296,1.0024080000620441,0.4210918795282905,0.9266846232849815,0.389281978720128,0.39075755641186527,0.40256531454041394,0.34122307279394865,0.3515340173817595
s_vocab_14_2021,,Choose two words that best go with the word fossil.,"Choose two words that best go with the word fossil.
bone
footprint
folks
Utensil","Original Text: Choose two words that best go with the word fossil.
bone
footprint
folks
Utensil
Identify the two terms from the provided list that share the strongest semantic association with the concept of a fossil.
This item measures **semantic association and basic scientific knowledge** within the domain of **paleontology**.

**Justification:** The task requires the respondent to identify ""bone"" and ""footprint"" as specific examples or evidence of fossils while successfully rejecting phonetically similar or semantically unrelated distractors.
This analysis evaluates the cognitive demand and structural complexity of a vocabulary association task involving the term ""fossil.""

**Cognitive Demand**
The item requires **recall** of the scientific definition of a fossil and **synthesis** to categorize distinct types of evidence—biological remains (bone) and trace evidence (footprint)—under a single conceptual umbrella.

**Structural and Semantic Elements**
*   **Multi-select Requirement:** Demanding two correct answers increases cognitive load and prevents simple elimination.
*   **Phonological/Orthographic Distractors:** ""Utensil"" and ""folks"" serve as distractors based on phonetic similarity (the ""-il"" suffix) or superficial visual patterns, testing for conceptual depth rather than word-sound association.
*   **Categorical Breadth:** Including both a body fossil and a trace fossil requires a more comprehensive understanding of the term than a single-category example would.
The level of the underlying latent trait required to correctly associate ""bone"" and ""footprint"" with ""fossil"" is low to moderate, representing basic scientific literacy and foundational vocabulary.","Original Text: Choose two words that best go with the word fossil.
bone
footprint
folks
Utensil
The core task presented in this item is to select two words from a provided list of four that are most closely associated with the target word ""fossil.""
To determine the primary domain, skill, or construct measured by the item and provide a brief justification:

**Primary Domain/Skill:** Semantic knowledge (Vocabulary and Word Association)

**Justification:** The task requires the respondent to comprehend the meaning of the target word (""fossil"") and identify semantically related concepts (""bone,"" ""footprint"") while rejecting unrelated distractors.
In analyzing the cognitive demand, required mental processes, and structural elements that affect the difficulty of this word-association task:

This cognitive item requires basic semantic recall and simple association; it does not require multi-step reasoning or synthesis. Structurally, the instruction to ""choose two words"" slightly increases cognitive load by introducing a dual-selection constraint that must be held in working memory. Semantically, the distractors (""folks,"" ""Utensil"") are highly unrelated to the target (""fossil""), which keeps the threshold for correct endorsement low. There is no complex phrasing, conditional logic, or emotional wording present to further increase the difficulty.
To successfully identify the two words most associated with ""fossil,"" the overall level of the underlying latent trait required is a very low degree of cognitive ability and basic semantic knowledge.","Original Text: Choose two words that best go with the word fossil.
bone
footprint
folks
Utensil
The core task is to select two terms from a provided list that have the strongest conceptual association with the word ""fossil.""
This assessment item is designed to measure **semantic association and domain-specific vocabulary comprehension** (a facet of verbal reasoning and scientific literacy). 

**Justification:** Successfully selecting ""bone"" and ""footprint"" requires the test-taker to demonstrate conceptual knowledge of paleontology by categorizing valid forms of fossils (body fossils and trace fossils) while discriminating them from semantically unrelated distractors (""folks"" and ""utensil"").
**Cognitive Demand Analysis:**

* **Demand Level:** This item primarily requires **semantic recall and conceptual categorization** rather than multi-step reasoning or synthesis. 
* **Structural and Semantic Elements Increasing Cognitive Load:**
  * **Dual-Selection Requirement:** Mandating the selection of two correct options rather than a single answer increases search and verification load across the options.
  * **Category Breadth (Semantic Nuance):** While ""bone"" is an immediate prototypical association (body fossil), correctly identifying ""footprint"" requires retrieving the broader scientific classification of trace fossils, moving past the common misconception that fossils consist only of preserved skeletal remains.
  * **Phonological Distractor:** The option ""folks"" presents minor orthographic and phonetic overlap with ""fossil,"" designed to catch superficial or low-attention reading.
The level of the underlying latent trait—specifically verbal reasoning and semantic association ability—required to correctly identify the terms associated with ""fossil"" is low to basic, demanding only elementary vocabulary knowledge and foundational conceptual retrieval.","Original Text: Choose two words that best go with the word fossil.
bone
footprint
folks
Utensil
The task is to identify the two words that best relate to “fossil” from the given options.
Primary construct: **vocabulary/semantic association knowledge**.

Justification: The item measures the ability to identify words that are semantically related to **“fossil”**; **bone** and **footprint** are the best matches, while **folks** and **utensil** are unrelated.
This is a low-demand vocabulary association item: it mainly requires simple recall/recognition of which words relate to “fossil.” The task is straightforward, with no multi-step reasoning or synthesis needed. The only mild load comes from selecting two correct options among distractors; “bone” and “footprint” fit, while “folks” and “utensil” are unrelated.
This item requires a low-to-moderate level of the underlying verbal/semantic trait: the respondent needs basic vocabulary and associative reasoning to identify that “bone” and “footprint” fit best with “fossil.”","Original Text: Choose two words that best go with the word fossil.
bone
footprint
folks
Utensil
The task is to identify the two words most associated with “fossil”: bone and footprint.
This item is primarily measuring verbal semantic association/vocabulary knowledge, specifically the ability to identify words conceptually related to a target word. “Bone” and “footprint” are the two words most strongly associated with “fossil,” whereas “folks” and “utensil” are unrelated distractors.
This asks for the cognitive demand and any wording features that affect difficulty.

Low to moderate cognitive demand: it mainly requires semantic association/recall, not deep multi-step reasoning or synthesis. The test-taker must know what “fossil” commonly relates to and select two fitting options (“bone,” “footprint”).

Load-increasing features: the instruction “choose two” adds a small selection constraint; “folks” and “utensil” function as distractors, with “utensil” sounding slightly similar to scientific/object vocabulary but not fitting semantically. Overall phrasing is simple, with no conditional logic or emotional threshold for endorsement.
This item appears to require a relatively low to moderate level of the underlying latent trait, since identifying “bone” and “footprint” as the two words most associated with “fossil” depends on fairly common verbal knowledge rather than especially advanced ability.","Original Text: Choose two words that best go with the word fossil.
bone
footprint
folks
Utensil
Choose the two words that best pair with “fossil”: bone and footprint.
**Primary construct:** Vocabulary and verbal-semantic association.  
**Justification:** The item tests whether the respondent can identify words meaningfully associated with “fossil”—**bone** and **footprint**—rather than unrelated distractors.
This is a low-demand verbal-association item requiring simple recall/semantic matching, not multi-step reasoning or synthesis. “Fossil bone” and “fossil footprint” are familiar associations; “folks” and “utensil” are clear distractors. The “choose two” instruction adds minimal selection demand, with no complex phrasing, conditional logic, or emotional content.
The item requires a **low-to-moderate level of verbal knowledge and semantic association ability**: respondents need to recognize common connections such as **fossil bone** and **fossil footprint**.","Original Text: Choose two words that best go with the word fossil.
bone
footprint
folks
Utensil
Select the two words most closely associated with “fossil” from the given options.
**Vocabulary/semantic association:** The item measures understanding of the word **“fossil”** by identifying related concepts—**bone** and **footprint**—while rejecting unrelated or merely similar-sounding words.
Moderate cognitive demand: requires semantic association and selecting two answers. “Bone” and “footprint” relate to fossils; “folks” and “utensil” are phonetic/orthographic distractors. No complex syntax, conditional logic, recall burden, or emotional content.
This item requires a low level of the underlying cognitive ability, as identifying “bone” and “footprint” as related to “fossil” relies on basic vocabulary and common knowledge.",1.6367569226242902,-0.8704998410489092,-1.3344612381562344,-1.4106896771673871,0.2439749611560663,335.0,gilbert_meta_7,-1.1063760177190516,0.4661687111004562,-0.9405168015208514,0.39628435370210124,-2.347086960708779,0.6167648374147535,-1.9814085516817923,0.5206722817211601,-1.2673861192482054,0.48955509139385966,-1.072166997666073,0.4141475155521258,-0.7292649567504527,0.39591561743825027,-0.9063719031643444,0.4920664133773635,-0.7876394484312605,0.43569461378165475,-0.7314861168867012,0.4046325534079796,-1.9355973399216428,0.5292098291894913,-1.789379465911764,0.48923253921638615,-0.5311047249838241,0.4177403914279285,-0.46377909591427324,0.3647854216872577
s_vocab_4_2021,,Choose two words that best go with the word muscular.,"Choose two words that best go with the word muscular.
contract
intelligence
tendon
spine","Original Text: Choose two words that best go with the word muscular.
contract
intelligence
tendon
spine
Identify two terms from the provided list that share the strongest semantic or physiological association with the concept of musculature.
This item measures the primary knowledge domain of **Human Anatomy** and the skill of **Semantic Association**. The task requires identifying terms that are functionally (contract) and structurally (tendon) linked to the muscular system, demonstrating an understanding of biological relationships and specialized vocabulary.
This analysis evaluates the cognitive demand and structural complexity of the vocabulary association task for the word ""muscular.""

**Cognitive Demand**
This item requires **multi-step reasoning** and **synthesis**. The respondent must first define the functional and anatomical properties of ""muscular"" and then synthesize those properties to identify relationships across different categories (functional action vs. anatomical structure).

**Structural and Semantic Elements**
*   **Multiple-Response Format:** Requiring two correct answers increases cognitive load by necessitating a comparative evaluation of all options rather than a simple elimination process.
*   **Categorical Shift:** The correct answers (""contract"" and ""tendon"") span different semantic categories—one being a physiological action and the other a connective tissue—requiring the respondent to switch between functional and structural associations.
*   **Plausible Anatomical Distractor:** ""Spine"" serves as a tricky distractor because it is part of the musculoskeletal system, requiring the respondent to recognize that tendons have a more direct, intrinsic relationship to muscle function than the skeletal spine.
The level of the underlying latent trait—specifically verbal reasoning and basic anatomical knowledge—required to successfully answer this item is low to moderate, as it necessitates identifying direct functional and structural associations between ""muscular"" and the terms ""contract"" and ""tendon.""","Original Text: Choose two words that best go with the word muscular.
contract
intelligence
tendon
spine
The core task presented in this item is to identify and select two words from a provided list of four that are most closely associated with the target word ""muscular.""
The core objective is to identify and justify the primary domain, skill, or construct measured by the provided word association task.

Primary Construct: Semantic Association / Vocabulary
Justification: The item requires the respondent to recognize semantic and biological relationships between words by identifying terms (contract, tendon) that are categorically linked to the target word (muscular).
Assessing the cognitive requirements and structural difficulty of identifying two words associated with ""muscular"" from a four-word list. 

This cognitive item requires multi-step reasoning and synthesis to evaluate both functional and anatomical relationships. The cognitive load is increased by the structural requirement to select multiple answers (""choose two"") rather than a single correct option. Furthermore, it features a tricky distractor (""spine"") that belongs to the same broad semantic category (human anatomy) but lacks the direct functional (""contract"") or structural (""tendon"") relationship to the target word, requiring precise semantic differentiation to endorse the correct pair.
To determine the magnitude of the underlying latent trait needed to correctly respond to this vocabulary and reasoning task, a low to moderate level of cognitive ability and basic biological knowledge is required.","Original Text: Choose two words that best go with the word muscular.
contract
intelligence
tendon
spine
The core task is to select the two terms from the provided list that are most closely associated with the word ""muscular.""
This item is designed to evaluate **semantic association ability and verbal comprehension** within the broader domain of **crystallized intelligence**. 

**Justification:** The task requires the respondent to access semantic memory to identify direct anatomical and physiological relationships connected to the concept ""muscular"" (specifically selecting ""contract"" and ""tendon""), measuring lexical knowledge and conceptual categorization rather than raw anatomy domain expertise.
This analysis evaluates the cognitive demand and structural complexity of the provided vocabulary association item.

* **Cognitive Demand:** The item requires low-to-moderate cognitive effort, relying on conceptual recall and semantic categorization (linking physiological functions and anatomical connections) rather than complex multi-step reasoning or synthesis.
* **Structural/Semantic Elements Increasing Cognitive Load:**
  * **Dual-Selection Format:** Requiring two correct answers (""contract"" and ""tendon"") rather than a single choice increases working memory load and eliminates simple elimination strategies.
  * **Domain-Specific Distractor:** The inclusion of ""spine"" introduces semantic interference, as it belongs to the related musculoskeletal domain, requiring test-takers to differentiate between direct muscular anatomy/action and broader skeletal structures.
To evaluate the degree of the latent characteristic necessary to correctly identify the associations for the term ""muscular,"" this item requires a **low-to-moderate level of verbal cognitive ability and foundational vocabulary knowledge**. Successfully linking ""muscular"" with ""contract"" and ""tendon"" demands basic semantic association and elementary anatomical comprehension rather than complex or advanced reasoning skills.","Original Text: Choose two words that best go with the word muscular.
contract
intelligence
tendon
spine
Identify the two words most closely associated with “muscular” from the options given.
Primary domain: vocabulary/semantic association. It measures the ability to identify words that are most closely related in meaning or association to “muscular,” with “contract” and “tendon” being the best matches.
This is a low-demand vocabulary association item: it mainly requires simple recall/word association, not multi-step reasoning or synthesis. The endorsement threshold is low, but the wording adds mild cognitive load because it asks for exactly two choices and includes plausible distractors; “contract” and “intelligence” are semantically off-topic, while “tendon” and “spine” are anatomically related but only one is a strong fit.
This item requires a moderate level of verbal-semantic ability and lexical association skill, with a relatively low-to-moderate latent trait demand overall. The correct response depends on recognizing common collocations with “muscular,” so strong language knowledge helps, but the task is not highly difficult or cognitively demanding.","Original Text: Choose two words that best go with the word muscular.
contract
intelligence
tendon
spine
The task is to pick the two words most closely associated with “muscular” from the list: tendon and spine.
This item is measuring verbal semantic association / vocabulary knowledge, specifically understanding the meaning and related concepts of “muscular.” The task requires selecting words semantically linked to “muscular” (e.g., “contract” and “tendon”), so it assesses lexical knowledge rather than a clinical or attitudinal construct.
This asks for the cognitive demand and any wording features that affect difficulty.

Moderate cognitive demand: it requires semantic association plus selecting exactly two correct options, so it involves brief comparison and elimination rather than simple recall alone. “Tendon” and “spine” are plausible body-related associates, while “contract” is also meaningfully linked to muscles, creating distractor competition and raising difficulty. The main load comes from the forced-choice “choose two” structure and overlapping semantic plausibility, not from complex phrasing or conditional logic.
This item appears to require a moderately high level of the underlying latent trait, since correctly selecting the two associated words depends on fairly strong verbal reasoning and semantic association ability rather than only basic vocabulary knowledge.","Original Text: Choose two words that best go with the word muscular.
contract
intelligence
tendon
spine
Choose the two words most closely associated with “muscular” from the four options.
**Primary construct:** Verbal-semantic reasoning, particularly knowledge of word associations and anatomical concepts.  

**Justification:** The item requires recognizing which choices are meaningfully related to “muscular,” such as muscles contracting and their connection to tendons.
This is a low-to-moderate verbal-association item requiring lexical recall and comparison, not multi-step reasoning or synthesis. The phrase “go with” is ambiguous, and selecting exactly two options requires judging collocation or semantic association. Distractors span different grammatical and anatomical relationships; “contract” is especially tricky because the natural phrase may be “muscular contraction,” not “muscular contract.”
The item requires a **low-to-moderate level of verbal reasoning and general knowledge**: recognizing that **“muscular”** most naturally relates to **“contract”** and **“tendon.”**","Original Text: Choose two words that best go with the word muscular.
contract
intelligence
tendon
spine
Select the two words most closely associated with “muscular” from the given options.
**Domain: Vocabulary/semantic association.** The item measures understanding of the word **“muscular”** by identifying closely related concepts—**contract** and **tendon**.
Moderate-demand verbal association item requiring semantic knowledge and comparison across four options. The likely pair, **tendon** and **spine**, relates anatomically to “muscular”; distractors are plausible through “muscle contraction” (**contract**) or “muscular intelligence” as an abstract phrase. Selecting two answers increases cognitive load slightly, but no multi-step reasoning, synthesis, conditional logic, or emotional content is involved.
This item requires a moderate level of the underlying cognitive/verbal ability to identify “contract” and “tendon” as most associated with “muscular.”",1.146151922644049,1.8858005792853092,2.183662763636722,2.473606299500419,11.865159106121364,1197.0,gilbert_meta_7,1.386011000598703,0.4596878531729775,1.1782311007095863,0.3907750551711825,1.4185739881867616,0.46078389073790593,1.1975587945568877,0.38899331676640775,0.9560790259157294,0.41798729532241874,0.8088114294289662,0.35360351252247985,0.8516291668959461,0.4230133950494882,1.0584530925896085,0.5257450702738395,1.1671931640547952,0.430396257065414,1.083980236047886,0.3997119334619336,1.3157182059938162,0.445595572589934,1.2163269147843048,0.41193462671626774,1.4940761846344106,0.47950459533799605,1.3046792271672938,0.41872007016952906
s_vocab_35_2021,,Choose two words that best go with the word complex.,"Choose two words that best go with the word complex.
hard
quick
upset
problem","Original Text: Choose two words that best go with the word complex.
hard
quick
upset
problem
Identify two words from the provided list that are most semantically related to the term ""complex.""
This item measures **semantic knowledge and verbal reasoning** by requiring the identification of synonyms and linguistic collocations. The task assesses the respondent's ability to recognize conceptual associations between the target word ""complex"" and its related descriptors, ""hard"" and ""problem.""
This analysis evaluates the cognitive demand and structural complexity of a word association task involving the term ""complex.""

**Cognitive Requirements**
The item requires **synthesis** and **multi-step reasoning**. The respondent must evaluate the semantic relationship of four distinct options against a single stimulus, necessitating a transition between identifying synonyms (""hard"") and recognizing common collocations (""problem"").

**Structural and Semantic Elements**
*   **Multiple-Response Format:** Requiring exactly two selections increases cognitive load compared to single-choice items.
*   **Shifting Association Types:** The lack of a uniform relationship (e.g., only synonyms) forces the respondent to apply different linguistic frameworks simultaneously.
*   **Low-Level Distractors:** The words ""quick"" and ""upset"" function as simple distractors, keeping the threshold for endorsement relatively low for those with basic vocabulary proficiency.
The level of the underlying latent trait—specifically verbal reasoning and semantic association—required to successfully identify ""hard"" and ""problem"" as the words most closely associated with ""complex"" is low to moderate. This item measures the ability to recognize common linguistic collocations and synonyms, necessitating basic vocabulary proficiency rather than advanced cognitive synthesis.","Original Text: Choose two words that best go with the word complex.
hard
quick
upset
problem
The core task presented in this item is to identify and select two words from a provided list of four that are most closely associated with the target word ""complex.""
The objective is to determine the primary construct or skill evaluated by the provided text and briefly justify this classification.

**Primary Skill:** Verbal comprehension (semantic knowledge/vocabulary). 

**Justification:** The task requires the respondent to understand the meaning of the target word (""complex"") and identify semantically related terms (""hard"" and ""problem"") from a list, which directly tests lexical knowledge and word association.
Evaluating the cognitive demand and structural elements that influence the difficulty of this word association task:

This cognitive item requires multi-step reasoning and synthesis. The respondent must retrieve the definition of the target word, evaluate varying semantic relationships, and hold these in working memory to identify multiple correct options. 

Structural and semantic elements increasing cognitive load include:
*   **Multiple-response format:** The requirement to ""choose two words"" increases working memory demands compared to a standard single-choice question.
*   **Semantic ambiguity:** The phrase ""best go with"" lacks a precise relational rule (e.g., strict synonymy). It forces the respondent to synthesize different types of linguistic associations, such as identifying ""hard"" as a related attribute and ""problem"" as a frequent collocation.
Regarding the overall level of the underlying latent trait required for a respondent to successfully answer this item, only a low level of cognitive ability and verbal reasoning is necessary due to the basic vocabulary and straightforward conceptual relationships involved.","Original Text: Choose two words that best go with the word complex.
hard
quick
upset
problem
The core task is to select two words from a provided four-option list that are most closely associated with the word ""complex.""
**Construct Measured:** Semantic Knowledge and Verbal Reasoning (specifically vocabulary association and collocation).

**Justification:** This item evaluates a test-taker's linguistic competence and semantic association skills by requiring them to recognize conceptual relationships and contextual collocations connected to the target word ""complex"" (specifically ""hard"" and ""problem"").
**Demand and Structural Analysis:**

* **Cognitive Demand Level:** This item requires low-to-moderate cognitive demand, relying on **semantic recall and associative reasoning** rather than multi-step logic or synthesis. The test-taker must retrieve semantic relationships (synonymy and noun collocation) linked to the target word ""complex.""

* **Structural and Semantic Elements Affecting Load:**
  * **Dual-Selection Constraint:** The instruction to ""choose two words"" moderately increases working memory load compared to a standard single-choice format and limits the effectiveness of simple elimination strategies.
  * **Heterogeneous Association Types:** The two correct answers link to ""complex"" through different semantic mechanisms—one through synonymous meaning (""hard"") and the other through natural syntactic collocation (""complex problem"")—requiring cognitive flexibility to recognize varied relational types.
  * **Distractor Load:** The distractors (""quick,"" ""upset"") share minimal semantic overlap with the prompt, keeping distractor plausibility low and cognitive interference minimal.
To evaluate the level of the underlying latent trait necessary to correctly solve this semantic association item, a respondent requires a **low-to-moderate level of verbal cognitive ability and general vocabulary comprehension**. The task demands foundational semantic reasoning to link the stimulus word (""complex"") to its common conceptual associations (""hard"" and ""problem""), requiring only standard elementary-to-intermediate language proficiency rather than advanced abstract reasoning.","Original Text: Choose two words that best go with the word complex.
hard
quick
upset
problem
The task is to select the two words that best associate with “complex” from the given options.
Primary construct: verbal association / vocabulary knowledge.

Justification: It measures the ability to identify words that commonly pair with “complex” in meaning or usage, reflecting lexical-semantic knowledge rather than clinical or psychological traits.
This is a low-demand vocabulary association item: it asks for selecting two words that fit with “complex,” which mainly requires simple recall/semantic matching rather than multi-step reasoning or synthesis. The wording is straightforward, with no conditional logic or emotional intensity. The only modest load comes from the need to identify two correct options among four, but there are no tricky distractors or complex phrasing.
This item requires a low level of the underlying trait: basic verbal association and vocabulary knowledge, with no strong cognitive or psychological demand.","Original Text: Choose two words that best go with the word complex.
hard
quick
upset
problem
The task is to select the two words most associated with “complex” from the options: hard, quick, upset, and problem.
This item is measuring verbal reasoning/semantic association, specifically the ability to identify synonyms or closely related meanings for “complex.” The best matches are “hard” and “problem,” indicating vocabulary-based understanding of word meaning and association.
This asks for the cognitive demand and any wording features that affect difficulty for the item “Choose two words that best go with the word complex.”

Low to moderate cognitive demand: it requires vocabulary knowledge plus a small amount of comparison/elimination, not deep multi-step reasoning or synthesis. The main challenge is semantic ambiguity: “complex” can mean “complicated” or refer to an emotional “complex,” which makes distractors somewhat tricky. “Hard” and “problem” are the closest associates, while “quick” and “upset” are weaker. Structural load is low because the phrasing is short and direct, with no conditional logic or heavy syntax.
This item appears to require a relatively low to moderate level of the underlying trait, since identifying “hard” and “problem” as the two words most associated with “complex” depends more on basic verbal association than on especially high ability or intensity.","Original Text: Choose two words that best go with the word complex.
hard
quick
upset
problem
Select the two words that best pair with “complex” from the four options.
**Primary domain:** Verbal ability—vocabulary and semantic association.  

**Justification:** The item assesses recognition of words semantically or contextually related to **complex**, most plausibly **hard** (synonym) and **problem** (common phrase: “complex problem”).
This is a low-demand verbal-association item requiring single-step lexical reasoning, not multi-step reasoning or synthesis. **“Problem”** forms a strong collocation with “complex,” while **“hard”** is a related synonym, making it the likely second choice. The “choose two” format requires ranking associations; ambiguity arises because “hard” is semantically related but less grammatically natural. Distractors (“quick,” “upset”) are weak, with no complex phrasing, conditional logic, or emotional threshold.
This item requires a **low-to-moderate level of verbal and cognitive ability**: recognizing that *complex* means *hard* and commonly describes a *problem*.","Original Text: Choose two words that best go with the word complex.
hard
quick
upset
problem
Select the two words most closely associated with “complex” from the provided options.
**Construct:** Vocabulary and semantic association.  
**Justification:** The item assesses whether the respondent understands “complex” and can identify closely related words (“hard” and “problem”).
Low cognitive demand: requires simple vocabulary knowledge and semantic association, selecting **hard** and **problem**. Choosing two answers and the ambiguous phrase “best go with” add slight load; **upset** is a modest adjective distractor. No multi-step reasoning, synthesis, or emotional endorsement is required.
This item requires a relatively low level of the underlying verbal/cognitive ability, as “hard” and “problem” are straightforward associations with “complex.”",1.366165728220177,0.5205830416152543,0.6755598493434987,0.8206446501369016,2.2719639874450217,858.0,gilbert_meta_7,-0.888706102773903,0.4879079082396245,-0.7554782532218831,0.41476458088843726,-0.4437530815427475,0.44385490320671445,-0.3746159240467288,0.37470188179738223,-0.29713914739648795,0.4340336026286421,-0.2513699516782839,0.36717816105843354,-1.5540714410426966,0.47013213949843285,-1.931488242555472,0.5843069217457707,-0.36775858419069496,0.421998891692419,-0.3415399003150357,0.3919132430827188,-0.058327096042390725,0.41180227585557017,-0.05392098129704102,0.3806941253915544,-0.7189577334659683,0.45414436976977335,-0.6278188687505601,0.3965746402139387
s_vocab_8_2021,,Choose two words that best go with the word structure.,"Choose two words that best go with the word structure.
symbol
building-block
framework
wheel","Original Text: Choose two words that best go with the word structure.
symbol
building-block
framework
wheel
Identify two terms from the provided list that are most closely associated with or synonymous to the concept of ""structure.""
This assessment identifies the primary construct measured by the vocabulary selection task.

**Construct:** Lexical semantics and verbal reasoning.

**Justification:** The item requires the respondent to recognize synonyms or constituent concepts (""building-block"" and ""framework"") that define the word ""structure,"" thereby measuring their depth of vocabulary and ability to identify semantic relationships.
This analysis evaluates the cognitive demand and structural complexity of the vocabulary item associated with the word ""structure.""

**Cognitive Demand:** This item requires **synthesis** and **multi-step reasoning**. The respondent must evaluate the semantic proximity of four distinct terms to the target word and determine which two form the most cohesive conceptual pair.

**Structural/Semantic Elements:**
*   **Multi-select constraint:** Requiring two answers increases cognitive load by forcing the respondent to validate a relationship between three words (the prompt and two choices) rather than two.
*   **Semantic overlap:** ""Building-block"" and ""framework"" function as near-synonyms in both concrete and abstract contexts, requiring the respondent to distinguish them from plausible but less precise distractors like ""symbol.""
*   **Polysemy:** The word ""structure"" necessitates navigating both physical and conceptual definitions simultaneously to identify the correct associations.
To describe the level of the latent trait required for this item, the respondent must possess a moderate level of verbal reasoning and abstract conceptualization. Successfully identifying ""building-block"" and ""framework"" as correlates of ""structure"" necessitates the ability to recognize semantic relationships and structural metaphors beyond basic literal definitions.","Original Text: Choose two words that best go with the word structure.
symbol
building-block
framework
wheel
The core task presented in this item is to select two words from a provided list of four that are most closely associated with the target word ""structure.""
To identify the primary construct this item attempts to measure and provide a concise justification:

**Construct:** Semantic Knowledge / Vocabulary
**Justification:** The task requires understanding the meaning of a target word and recognizing its conceptual relationships or synonyms among a set of distractors.
Evaluating the cognitive demand and structural/semantic complexity of the provided vocabulary association task:

This cognitive item requires multi-step reasoning and synthesis. The respondent must recall the definition of ""structure,"" evaluate the semantic relationships of four distinct options, and synthesize these associations to identify the best conceptual matches.

Structural and semantic elements increasing cognitive load:
* **Multi-select format:** The instruction to ""choose two"" requires holding multiple evaluations in working memory simultaneously rather than stopping at a single correct answer.
* **Semantic ambiguity:** The phrase ""best go with"" demands associative or analogical reasoning rather than strict synonym identification.
* **Tricky distractors:** ""Wheel"" serves as a concrete distractor, as it is a physical object that possesses a structure, requiring the respondent to differentiate between an object and the abstract concepts of a structure (""building-block"" and ""framework"").
Determining the overall level of the underlying latent trait required to successfully answer this word association item indicates that a moderate level of cognitive ability—specifically verbal reasoning and semantic comprehension—is necessary.","Original Text: Choose two words that best go with the word structure.
symbol
building-block
framework
wheel
The task requires selecting two options from a provided list that have the strongest semantic association with the concept of structure.
The primary cognitive skill and domain this item assesses is **verbal comprehension**, specifically **semantic association and vocabulary knowledge**. 

**Justification:** The task evaluates an individual's lexical-semantic reasoning by requiring them to identify conceptual overlap and synonymous relationships between a target anchor word (""structure"") and semantically related terms (""building-block"" and ""framework"") while filtering out unrelated distractors.
This analysis evaluates the cognitive demand and structural complexity of the provided vocabulary association item:

* **Demand Level:** The item requires **relational reasoning and semantic synthesis**. Rather than simple rote recall, the examinee must evaluate overlapping conceptual definitions (both abstract and physical) of the target word ""structure"" to select the optimal pair.
* **Dual-Selection Requirement:** The directive to choose two correct options increases cognitive load by necessitating a combinatorial evaluation of all choices rather than a simple elimination strategy.
* **Polysemous Alignment:** ""Structure"" spans abstract/organizational and physical/foundational domains, requiring the test-taker to map distinct semantic branches to simultaneously identify ""framework"" (macro/abstract scaffolding) and ""building-block"" (micro/foundational unit).
* **Distractor Plausibility:** Distractors like ""wheel"" present plausible concrete mechanisms, requiring precise boundary discrimination between general functional parts and intrinsic structural components.
The level of the underlying latent trait required to successfully solve this semantic association item is a low-to-moderate (basic to intermediate) level of verbal cognitive ability and standard vocabulary comprehension.","Original Text: Choose two words that best go with the word structure.
symbol
building-block
framework
wheel
The task is to identify the two words that best relate to “structure” from the given options.
Primary construct: verbal reasoning / semantic association.

Justification: The item asks the respondent to select words most closely related in meaning or association to “structure,” which measures vocabulary-based concept matching rather than clinical symptoms or attitudes.
This is a low-severity cognitive item requiring simple recall/association rather than multi-step reasoning or synthesis. Endorsement is easy because it asks for selecting two related words, not a strong belief or symptom. The main load comes from semantic matching: “structure” pairs most naturally with “framework” and “building-block,” while “symbol” and “wheel” are distractors.
This item requires a moderate level of verbal and conceptual reasoning to identify the two words most closely associated with “structure,” indicating a moderate underlying trait level rather than an extreme one.","Original Text: Choose two words that best go with the word structure.
symbol
building-block
framework
wheel
The task is to select the two words most closely associated with “structure” from the options: symbol, building-block, framework, and wheel.
This item is primarily measuring verbal abstract reasoning / semantic association. It asks the respondent to identify which two options are most conceptually related to “structure,” requiring recognition of meaning-based relationships rather than factual knowledge or attitudes.
This asks for the cognitive demand of a verbal association item. Demand is low to moderate: it mainly requires semantic recall/vocabulary plus a small amount of comparison, not multi-step reasoning or synthesis. The main load comes from selecting exactly two related options and recognizing that “building-block” and “framework” are the closest associates of “structure.” Structural factors increasing difficulty are minimal: brief wording, no conditional logic, no emotional content, and only mild distractor pressure from plausible but weaker options like “symbol” and “wheel.”
This item appears to require a moderately high level of the underlying trait, since correctly selecting “building-block” and “framework” depends on recognizing abstract structural relationships rather than relying on surface association.","Original Text: Choose two words that best go with the word structure.
symbol
building-block
framework
wheel
Choose the two words most closely associated with “structure” from the four options.
**Primary construct:** Verbal reasoning and semantic association.  
**Justification:** The item assesses the ability to identify which words are conceptually related to “structure,” most directly **framework** and **building-block**.
This is a low-demand semantic-association item requiring comparison and selection, not recall, multi-step reasoning, or synthesis. **“Building-block”** and **“framework”** most strongly relate to *structure*. The “choose two” format and vague phrase **“best go with”** add slight judgmental ambiguity; several options could form plausible associations without context.
The item requires a **moderate level of verbal reasoning and semantic association ability**. A respondent must recognize that **“framework”** and **“building-block”** are directly associated with “structure”; no unusually high cognitive ability or specialized knowledge is necessary.","Original Text: Choose two words that best go with the word structure.
symbol
building-block
framework
wheel
Select the two words most closely associated with “structure” from the provided options.
**Verbal semantic knowledge:** It assesses understanding of word meanings and conceptual associations by identifying **“building-block”** and **“framework”** as most closely related to **“structure.”**
Moderate cognitive demand: requires semantic association and selecting two related terms. “Building-block” and “framework” best fit “structure.” Load is increased slightly by the two-answer requirement and plausible distractor “symbol,” but phrasing is simple with no conditional logic, recall burden, or emotional content.
This item requires a **low-to-moderate level of the underlying cognitive/verbal ability**, as recognizing “building-block” and “framework” as related to “structure” is relatively straightforward.",1.119159860904707,-0.6706187327668706,-0.7918393298584374,-0.8112299600767893,0.4443112449147743,466.0,gilbert_meta_7,1.6524219520472303,0.43288015737420726,1.404703811554375,0.36798615889631237,1.6595926268187888,0.4371100563302384,1.4010264971578978,0.3690078885604218,1.6329607323185678,0.4480530034018248,1.3814311038179456,0.37903811329223025,1.0952565483588448,0.3836941647470599,1.3612470378566572,0.47687689791715787,1.0764085936979257,0.38423342447134134,0.9996679876252886,0.3568401966209417,1.336578891652382,0.4064374061334766,1.2356117535224014,0.37573452583021455,1.1263235026753395,0.4045302162672569,0.9835448099123506,0.35324983782840186
s_vocab_24_2021,,Choose two words that best go with the word potential.,"Choose two words that best go with the word potential.
bones
report
future
ability","Original Text: Choose two words that best go with the word potential.
bones
report
future
ability
The core task is to identify two words from a provided list that are most semantically related to the term ""potential.""
This analysis identifies the underlying construct measured by the selection of words associated with ""potential.""

**Primary Knowledge Domain:** Lexical Semantics (Verbal Intelligence)

**Justification:** The item assesses the respondent's ability to identify synonyms and conceptual correlates by requiring them to link ""potential"" with its temporal (""future"") and functional (""ability"") meanings.
This analysis evaluates the cognitive demand and structural complexity of identifying semantic associates for the word ""potential.""

**Cognitive Requirements:** This item requires **synthesis** and semantic mapping. The respondent must integrate the dual facets of the word—its temporal implication (future) and its functional definition (ability)—to identify the correct pair.

**Structural/Semantic Elements:** The **multiple-selection format** increases cognitive load by requiring the validation of two distinct semantic relationships. The **polysemous nature** of the target word serves as the primary threshold, as the respondent must navigate both the adjectival and noun-based definitions to avoid incomplete selection.
To describe the level of the latent trait required for the item ""Choose two words that best go with the word potential,"" this task necessitates a **low to moderate level of verbal-cognitive ability**. A respondent must possess basic semantic association skills and familiarity with common linguistic collocations to correctly identify ""future"" and ""ability"" as the most relevant pairings.","Original Text: Choose two words that best go with the word potential.
bones
report
future
ability
The core task presented in this item is to select two words from a provided list of four that are most closely associated with the target word ""potential.""
To identify the primary construct measured by the provided word association item and justify this classification:

**Construct:** Semantic knowledge (Vocabulary / Verbal Comprehension)
**Justification:** The item requires the respondent to understand the definition of the target word (""potential"") and recognize its semantic relationships and synonyms (""future,"" ""ability"") among unrelated distractors.
To assess the cognitive demand, required mental processes, and structural or semantic elements influencing the difficulty of this vocabulary item:

This cognitive item requires recall of the target word's definition and synthesis to map it to related concepts. The cognitive load is increased by the structural requirement to select exactly two options, necessitating a multi-step evaluation of all choices rather than stopping at a single correct answer. Semantically, the phrase ""best go with"" requires associative reasoning rather than strict synonym identification, forcing the reader to connect ""potential"" to both its temporal aspect (""future"") and its capacity aspect (""ability""). However, the distractors (""bones,"" ""report"") lack semantic overlap or trickiness, keeping the overall cognitive threshold low.
Regarding the magnitude of the underlying latent construct needed to correctly respond to this question, a low to moderate level of cognitive ability and verbal reasoning is required.","Original Text: Choose two words that best go with the word potential.
bones
report
future
ability
The core task is to identify and select two terms from the provided four-word list that have the strongest semantic association or collocation with the target word ""potential.""
This item evaluates the psychological construct of **verbal comprehension, specifically semantic association and vocabulary knowledge**. It measures a respondent's ability to identify meaningful conceptual relationships and collocations between a target concept (""potential"") and its semantically related counterparts (""future"" and ""ability"").
This cognitive item requires multi-step relational reasoning and semantic recall to evaluate abstract word associations.

* **Cognitive Demand:** The item requires mapping dual definitions of an abstract concept (""potential"" as latent capacity/“ability” versus prospective outcome/“future”) rather than simple single-word synonym retrieval.
* **Structural Load Elements:** The multi-response format (""Choose two words"") increases cognitive load by requiring the test-taker to verify all four options against multiple semantic facets of the target word.
* **Semantic Nuance & Distractors:** The abstract polysemy of ""potential"" elevates the reasoning threshold, though the overall difficulty remains moderate due to the low plausibility and high semantic distance of the distractors (""bones,"" ""report"").
The level of the underlying latent trait—specifically verbal comprehension and semantic reasoning ability—required to successfully identify the correct associations for the target word is low to moderate.","Original Text: Choose two words that best go with the word potential.
bones
report
future
ability
The task is to identify the two words that best associate with “potential”: future and ability.
Primary construct: vocabulary/word association knowledge, specifically understanding of the word “potential.”

Justification: The item measures whether the respondent can identify words that commonly and semantically pair with “potential” (“future,” “ability”) rather than unrelated distractors.
This is a low-demand vocabulary association item: it asks for selecting two words that fit “potential,” which mainly requires simple semantic recall rather than multi-step reasoning or deep synthesis. The threshold is modest, but the task includes a small structural constraint (“choose two”), and the distractor words (“bones,” “report”) increase load slightly by requiring basic discrimination among related and unrelated options.
A moderate level of verbal-semantic reasoning is needed to identify the two best associations, with the strongest fit being a clear understanding of “potential” as linked to “future” and “ability.”","Original Text: Choose two words that best go with the word potential.
bones
report
future
ability
The task is to select the two words most closely associated with “potential” from the options given.
This item is primarily measuring **verbal semantic association / vocabulary knowledge**. It asks the respondent to identify words most closely related in meaning to **potential**, with **future** and **ability** being the best semantic matches.
This asks for the cognitive demand and any wording features that affect difficulty for the item.

Low demand: it mainly requires basic semantic association, not recall or multi-step reasoning. “Potential” is most directly linked to “future” and “ability,” so the task is simple meaning-based matching rather than synthesis.

Load-increasing elements:
- Forced selection of exactly two answers
- Mild ambiguity because “potential” can relate to both capacity and what may happen later
- Distractor words (“bones,” “report”) are concrete but semantically weak fits, so they add only minimal difficulty
This item appears to require a relatively high level of the underlying trait, since correctly linking “potential” with “future” and “ability” depends on recognizing an abstract semantic relationship rather than a concrete association.","Original Text: Choose two words that best go with the word potential.
bones
report
future
ability
Select the two options that best combine with “potential” from the given list.
**Primary construct:** Verbal reasoning and semantic association.

**Justification:** The item measures the ability to identify words that form common, meaningful phrases with “potential,” most clearly “potential future” and “potential ability.”
This is a low-demand semantic-association item requiring recall of common word pairings, not multi-step reasoning or synthesis. The respondent must select two natural combinations: likely **future** and **ability**. Distractors are weakly plausible but not tricky; wording is simple, with no conditional logic or emotional content.
This item requires a **low-to-moderate level of verbal/cognitive ability**: recognizing common associations such as **“potential ability”** and **“potential future.”**","Original Text: Choose two words that best go with the word potential.
bones
report
future
ability
Select the two words most closely associated with “potential” from the options.
**Construct:** Vocabulary knowledge and semantic association.  
**Justification:** “Potential” is most closely related to **future** possibilities and latent **ability**, requiring recognition of word meaning and conceptual relationships.
**Low-demand cognitive item:** requires basic vocabulary recall and semantic association, not multi-step reasoning or synthesis. The two best matches are **future** and **ability**. Cognitive load is slightly increased by selecting two answers and the vague phrase “best go with,” but distractors are straightforward and wording is simple.
This item requires a relatively low level of underlying verbal/cognitive ability, as “future” and “ability” are straightforward associations with “potential.”",1.1514713831190908,0.233693711660387,0.262269380719542,0.3610820328639812,1.4348811634620613,750.0,gilbert_meta_7,0.6683655478539694,0.40687255077309037,0.5681694263495624,0.3458774087210112,0.33597461288457653,0.38799079893957833,0.28362944461011746,0.32754145877942964,1.236621410248917,0.4277251463393929,1.0461410650943928,0.3618414143978625,0.902476577476749,0.3878141657926929,1.121649142080948,0.4819974691912926,0.7026781953568688,0.3958190518421826,0.6525820228611987,0.36759984761870723,-0.2940262520977335,0.367939430176546,-0.27181507594135185,0.3401447436809556,-0.4354640342004955,0.37222866582208913,-0.3802623222582685,0.3250430018554297
s_vocab_22_2021,,Choose two words that best go with the word paleontologist.,"Choose two words that best go with the word paleontologist.
pair
dinosaur
paint
history","Original Text: Choose two words that best go with the word paleontologist.
pair
dinosaur
paint
history
Identify the two terms from the provided list that are most closely associated with the profession of a paleontologist.
This item measures the primary knowledge domain of **vocabulary and semantic association**. It requires the respondent to identify terms conceptually linked to the definition and professional scope of a paleontologist to demonstrate word-relationship comprehension.
This analysis evaluates the cognitive demand and structural complexity of the word association task for ""paleontologist.""

**Cognitive Demand**
This ability item requires **recall** of the definition of ""paleontologist"" and **synthesis** to identify which two terms share the strongest semantic relationship with the target word.

**Structural and Semantic Elements**
*   **Multiple-Response Format:** The requirement to ""choose two"" increases cognitive load by forcing the respondent to evaluate the relative strength of all options rather than identifying a single correct answer.
*   **Categorical vs. Direct Association:** The item pairs a highly specific association (""dinosaur"") with a broader disciplinary association (""history""), requiring the respondent to navigate different levels of semantic abstraction.
*   **Phonetic Distractor:** The inclusion of ""paint"" serves as a weak phonetic distractor (alliteration), though it lacks semantic relevance.
The level of the underlying latent trait—specifically general knowledge and crystallized intelligence—required to correctly associate ""paleontologist"" with ""dinosaur"" and ""history"" is low to moderate, as these terms represent common academic associations typically established in early-to-mid-level education.","Original Text: Choose two words that best go with the word paleontologist.
pair
dinosaur
paint
history
The core task presented in this item is to select two words from a provided list of four that are most closely associated with the target word ""paleontologist.""
To determine the primary skill or psychological construct measured by the provided word association task and justify this classification:

**Primary Skill/Construct:** Semantic knowledge (Vocabulary/Verbal Comprehension)

**Justification:** The item requires the individual to understand the definition of a specific occupational term (""paleontologist"") and recognize its conceptual associations (""dinosaur,"" ""history"") among unrelated distractors.
In analyzing the cognitive demand, required mental processes, and structural elements that affect the difficulty of this word association task:

This cognitive item requires vocabulary recall (defining ""paleontologist"") and multi-step reasoning to evaluate and associate related concepts. The cognitive load is structurally increased by the instruction to select exactly two options rather than one. Semantically, the distractors ""pair"" and ""paint"" share the initial ""pa-"" spelling with the target word, acting as orthographic distractors for lower-ability readers, while selecting ""dinosaur"" and ""history"" requires synthesizing the core definition of the profession.
Regarding the degree of the underlying latent trait necessary to successfully answer this item, a low to moderate level of cognitive ability and vocabulary knowledge is required. The target word and its correct associations are common and easily distinguishable from the distractors.","Original Text: Choose two words that best go with the word paleontologist.
pair
dinosaur
paint
history
The task requires selecting the two terms from the provided list that are most closely associated with the profession of a paleontologist.
**Target Construct:** Semantic association and domain-specific vocabulary knowledge (verbal comprehension).

**Justification:** This item assesses the test-taker's ability to recognize conceptual relationships and define the scope of a scientific discipline by correctly linking the profession of paleontology to its relevant contextual associations (""dinosaur"" and ""history"") while rejecting unrelated distractors.
**Analysis of Cognitive Demand and Structural Complexity:**

* **Cognitive Demand:** The item primarily requires basic **semantic recall and association** (identifying concepts related to the definition of a *paleontologist*) rather than multi-step reasoning or synthesis.
* **Elements Increasing Cognitive Load:**
  * **Multi-Selection Format:** Requiring the selection of *two* target words slightly increases working memory load compared to standard single-choice items.
  * **Orthographic Distractor:** The option *""paint""* shares significant visual and phonetic overlap with the prefix of *""paleontologist,""* creating a surface-level perceptual distractor.
  * **Semantic Breadth:** Selecting *""history""* requires the respondent to generalize the concept of deep time/prehistory under a broader categorical label, making it slightly more abstract than the direct association with *""dinosaur.""*
The level of the underlying latent trait—specifically verbal cognitive ability and semantic association—required to correctly identify the concepts related to ""paleontologist"" is low to low-moderate, as the task relies on basic, elementary-level vocabulary and general domain knowledge.","Original Text: Choose two words that best go with the word paleontologist.
pair
dinosaur
paint
history
The task is to identify the two words that best relate to a paleontologist.
Primary domain: vocabulary/semantic association. It measures the ability to identify words that are most closely related in meaning or context to “paleontologist,” namely “dinosaur” and “history.”
This is a low-demand vocabulary association item: it mainly requires simple recall/semantic matching, not multi-step reasoning or synthesis. The endorsement threshold is low, but the instruction to choose two words adds a small structural demand. The main load comes from identifying the two most related options among plausible distractors, with “dinosaur” and “history” likely fitting best.
This item requires a moderate level of the underlying verbal-semantic trait: the respondent must recognize that a paleontologist studies fossils and dinosaurs, and identify the two best associations.","Original Text: Choose two words that best go with the word paleontologist.
pair
dinosaur
paint
history
The task is to select the two words most associated with “paleontologist” from the list: pair, dinosaur, paint, history.
This item is primarily measuring **verbal semantic association / vocabulary knowledge**. It asks the respondent to identify the two words most meaningfully related to **paleontologist**—most plausibly **dinosaur** and **history**—so success depends on knowing the concept and its semantic relationships.
This asks for the cognitive demand and any wording features that affect difficulty.

Low-to-moderate cognitive demand: it mainly requires vocabulary knowledge and simple semantic association, not multi-step reasoning or synthesis. The likely associations are dinosaur and history, so success depends on recognizing what a paleontologist studies and its historical/scientific context.

Load-increasing elements:
- Forced selection of two answers increases decision demand.
- “Best go with” is somewhat vague, requiring comparative judgment rather than exact matching.
- Distractor words are simple but plausible at a surface level: pair echoes the sound/pattern of paleontologist weakly, and paint may attract by superficial association with artifacts or reconstruction.
- No conditional logic, emotional wording, or severe endorsement threshold.
This item appears to require a moderately high level of the underlying trait, since successfully selecting “dinosaur” and “history” depends on fairly strong verbal knowledge and semantic reasoning rather than only basic word association.","Original Text: Choose two words that best go with the word paleontologist.
pair
dinosaur
paint
history
Select the two words most closely associated with “paleontologist” from the given options.
**Construct:** Verbal knowledge and semantic association.

**Justification:** Selecting “dinosaur” and “history” requires recognizing words conceptually related to a paleontologist, assessing vocabulary and general knowledge.
This is a low-demand cognitive item requiring **semantic recall/association**, not multi-step reasoning or synthesis. The respondent selects **“dinosaur” and “history,”** while rejecting weak distractors (“pair,” “paint”). Simple wording and familiar associations minimize cognitive load; the “choose two” format adds only a slight comparison requirement.
This item requires a **low to moderate level of verbal knowledge and associative reasoning**. A respondent with basic vocabulary and general knowledge should identify **“dinosaur” and “history”** as the best matches; it does not require high cognitive ability.","Original Text: Choose two words that best go with the word paleontologist.
pair
dinosaur
paint
history
Select the two words most closely associated with “paleontologist” from the given options.
**Domain: Vocabulary/semantic association.** The item measures understanding that a *paleontologist* studies **dinosaurs** and their **history**, requiring selection of the two most closely related words.
Low-to-moderate cognitive demand: requires recalling that a paleontologist studies dinosaurs and history, then selecting two options. Simple wording and no conditional logic; “paint” and “pair” are straightforward distractors.
The item requires a low-to-moderate level of underlying cognitive ability, relying on basic vocabulary and general knowledge to associate “paleontologist” with “dinosaur” and “history.”",1.6312977829713111,-1.0064800814346735,-1.5402475964736355,-1.6335101617088137,0.1952430352742979,289.0,gilbert_meta_7,0.32521826169310875,0.4013637046895925,0.27646409031386465,0.3411944056410965,0.5990662349852012,0.41261379246857405,0.5057311385961771,0.3483281662014777,-0.5866466551298224,0.4238179784342398,-0.4962837870549579,0.35853607877944005,1.2353993122091014,0.40072003478922685,1.5354244234692416,0.4980376161037418,1.4063943573307922,0.43506960934795214,1.3061280123846557,0.40405210753625914,0.5263112004594638,0.411949675841992,0.48655287717003143,0.3808303905658956,0.9217468746361517,0.41535832107108767,0.8049013915166757,0.36270531510087123
s_vocab_3_2021,,Choose two words that best go with the word organ.,"Choose two words that best go with the word organ.
sweat
lungs
heart
thought","Original Text: Choose two words that best go with the word organ.
sweat
lungs
heart
thought
This item requires the identification of two specific anatomical structures from a list of four options that belong to the category of biological organs.
This item measures **semantic categorization** within the domain of **human anatomy**. It requires the respondent to identify specific biological structures (lungs, heart) that belong to the taxonomic category of ""organ"" while excluding physiological secretions (sweat) and abstract cognitive processes (thought).
This analysis evaluates the cognitive demand and structural complexity of the word-association item regarding the term ""organ.""

**Cognitive Demand**
This item requires **synthesis** and **multi-step reasoning**. The respondent must first define the category (biological anatomy) and then evaluate each option based on its classification as a discrete anatomical structure versus a physiological process or byproduct.

**Structural and Semantic Elements**
*   **Multiple-Response Constraint:** Requiring two selections increases cognitive load by forcing the respondent to compare all options simultaneously rather than identifying a single correct answer.
*   **Semantic Distractors:** ""Sweat"" (a secretion) and ""thought"" (a cognitive process) act as functional distractors that relate to organs (skin and brain) but do not fit the categorical definition, requiring precise semantic filtering.
*   **Categorical Logic:** The item relies on the respondent's ability to distinguish between an anatomical entity and its biological output.
The level of the underlying latent trait required to correctly identify ""lungs"" and ""heart"" as organs is low, representing foundational biological literacy and basic semantic categorization skills.","Original Text: Choose two words that best go with the word organ.
sweat
lungs
heart
thought
The core task presented in this item is to select two words from a provided list of four that are most closely associated with the target word ""organ"".
The objective is to determine the primary construct, domain, or skill assessed by the provided text and justify this classification.

**Primary Domain:** Basic Anatomical Knowledge 

**Justification:** The item requires the respondent to correctly categorize ""lungs"" and ""heart"" as internal body structures, distinguishing them from bodily secretions (""sweat"") and cognitive processes (""thought"") based on the biological definition of an organ.
To assess the cognitive demand, required mental processes, and structural or semantic elements that influence the difficulty of this word association task:

This cognitive item primarily requires basic semantic recall and categorization. It does not require complex multi-step reasoning or synthesis. The cognitive load is slightly increased by the structural requirement to select exactly two options rather than one. Semantically, the distractor ""sweat"" acts as a tricky element because it shares a biological context with the correct answers (""lungs"" and ""heart"") but is a bodily secretion rather than an anatomical structure, requiring precise categorical differentiation. Additionally, the target word ""organ"" is polysemous (e.g., a musical instrument), requiring the respondent to use the provided options to infer the correct biological context.
Regarding the degree of the underlying latent trait necessary to successfully answer this item, a very low level of cognitive ability and verbal comprehension is required, as identifying ""lungs"" and ""heart"" as organs relies on elementary vocabulary and basic general knowledge.","Original Text: Choose two words that best go with the word organ.
sweat
lungs
heart
thought
The core task is to identify two terms from a provided list that share the strongest conceptual association with the word ""organ.""
This item measures **semantic categorization** (specifically within verbal reasoning and crystallized semantic memory). 

**Justification:** The task evaluates an individual's ability to identify superordinate-subordinate conceptual associations by requiring them to classify specific anatomical structures (""lungs"" and ""heart"") under the category heading of ""organ"" while correctly rejecting thematic or distractor concepts representing bodily products (""sweat"") and mental processes (""thought"").
Evaluating the cognitive demand, semantic complexity, and distractor difficulty of this categorical association item:

* **Cognitive Demand:** The item requires low-level **recall** and basic semantic classification (identifying biological body parts) rather than multi-step reasoning or synthesis.
* **Structural Elements:** The multi-response format (""Choose two"") introduces a minor processing load requiring the test-taker to confirm two discrete answers instead of one.
* **Semantic Elements and Distractors:** The phrasing is straightforward with no conditional logic. The distractors (*sweat* as a bodily secretion, *thought* as a brain process) are loosely thematic to the human body, but because *lungs* and *heart* are prototypical physical organs, the distractor plausibility is low and presents minimal cognitive conflict.
Determining the required magnitude of the latent construct for this semantic association task indicates that only a low to foundational level of basic verbal comprehension and general cognitive ability is necessary to correctly identify the associated words.","Original Text: Choose two words that best go with the word organ.
sweat
lungs
heart
thought
The task is to identify the two words that best associate with “organ” from the given options.
Primary domain: vocabulary/semantic association.

Justification: It measures the ability to identify words that are semantically related to “organ”; “lungs” and “heart” are body organs, while “sweat” and “thought” are not.
This is a low-demand vocabulary association item: it mainly requires simple recall and word matching, not multi-step reasoning or synthesis. The endorsement threshold is minimal, since the task is just to select two related words. The only mild load comes from the need to identify the intended semantic category of “organ,” with no tricky distractors, conditional logic, or emotionally loaded wording.
This item requires a moderate level of verbal-semantic knowledge and word association skill, specifically recognizing common collocations and category-related meanings.","Original Text: Choose two words that best go with the word organ.
sweat
lungs
heart
thought
The task is to select the two words most closely associated with “organ” from the list provided.
This item is primarily measuring verbal semantic association / vocabulary knowledge. It asks the respondent to identify which two options are most conceptually related to “organ,” with “lungs” and “heart” fitting as body organs, so success depends on lexical-semantic knowledge rather than a clinical or attitudinal construct.
This asks for the cognitive demand of the item and what features raise difficulty. It is a low-to-moderate cognitive-demand verbal association item: it mainly requires semantic knowledge/recall plus a small amount of comparison to select the two best fits, not deep multi-step reasoning or synthesis. Load is increased by the forced choice of exactly two answers, the ambiguity of “organ” having multiple meanings, and the presence of plausible distractors: “lungs” and “heart” fit the body-organ meaning, while “thought” can cue the musical-instrument meaning less directly; “sweat” is related to the body but is not itself an organ. No emotional wording, introspection, or high endorsement threshold is involved.
This item appears to require a relatively low to moderate level of the underlying trait, since the correct response depends on recognizing common semantic associations and identifying the two body parts that fit “organ” best.","Original Text: Choose two words that best go with the word organ.
sweat
lungs
heart
thought
Choose the two words associated with “organ”: **lungs** and **heart**.
**Primary domain:** General vocabulary and semantic categorization.  
**Justification:** The item tests whether the respondent recognizes **lungs** and **heart** as body organs, distinguishing them from “sweat” and “thought.”
This is a low-demand verbal-association item requiring simple semantic recall and categorization, not multi-step reasoning or synthesis. The intended answers are likely **lungs** and **heart**, both being organs. Its main difficulty is semantic ambiguity: “go with” could mean category membership or common collocation, while **sweat** and **thought** are related bodily or mental concepts that function as plausible distractors. Wording is otherwise simple, with no conditional logic or strong emotional content.
This item requires only a low-to-moderate level of verbal-conceptual ability: basic vocabulary and general knowledge to identify **lungs** and **heart** as bodily organs. It does not require high cognitive ability or any psychological/attitudinal trait.","Original Text: Choose two words that best go with the word organ.
sweat
lungs
heart
thought
Select the two words most closely associated with “organ” from the given options.
**Construct:** Receptive vocabulary and semantic word association.  
**Justification:** The item tests whether the respondent recognizes that **lungs** and **heart** are organs, distinguishing them from unrelated words.
This is a low-demand verbal association item requiring basic recall and categorization: **lungs** and **heart** are organs. Cognitive load is slightly increased by selecting exactly two options and by the distractor **“sweat,”** which is associated with organs but is not itself one; phrasing is simple with no conditional logic or emotional content.
This item requires a **low level of the underlying cognitive ability**, as identifying “lungs” and “heart” as organs is straightforward general knowledge.",2.9920866297871926,-0.9713428880363992,-1.9939396684765007,-2.142371925592217,0.1173761051919459,213.0,gilbert_meta_7,-1.208528617183116,0.48623487794736037,-1.0273554843703379,0.4133423581774174,-2.0059817943007743,0.5637599206257778,-1.6934478987285837,0.4759255820185028,-2.0405481569720574,0.5717904912273303,-1.7262366676001983,0.4837159607183254,0.5625858968325257,0.39497131720671147,0.6992137018041341,0.49089278342285136,-0.35250564042296173,0.41263693982289,-0.32737438761760496,0.38321873465864054,-2.0448067488749033,0.5951398052083052,-1.890339035257543,0.5501820677381067,-1.7162543386481195,0.5330096036296063,-1.4986929095037076,0.4654425021213902
s_vocab_5_2021,,Choose two words that best go with the word nervous.,"Choose two words that best go with the word nervous.
ribs
neuron
brain
toes","Original Text: Choose two words that best go with the word nervous.
ribs
neuron
brain
toes
Identify two anatomical terms from the provided list that are most closely associated with the biological concept of the nervous system.
This item measures the primary knowledge domain of **human anatomy and physiology**, specifically focusing on the nervous system. The task requires the respondent to identify the biological components—the brain and neurons—that constitute the nervous system, distinguishing them from unrelated anatomical structures.
This analysis evaluates the cognitive demand and structural complexity of the word association item for ""nervous.""

**Cognitive Demand**
This item requires **synthesis** and **multi-step reasoning**. The respondent must first resolve the semantic ambiguity of ""nervous""—shifting from its common emotional definition to its biological context—and then synthesize that category with the provided anatomical options.

**Structural and Semantic Elements**
*   **Polysemy:** The use of ""nervous"" acts as a linguistic pivot, requiring the test-taker to bypass the primary emotional meaning in favor of a technical biological system.
*   **Categorical Reasoning:** The item demands identifying a shared functional relationship (the nervous system) rather than simple synonym recognition.
*   **Multiple Selection:** Requiring two correct answers increases cognitive load by necessitating a comparative evaluation of all four distractors to find the most relevant pair.
The level of the underlying latent trait required to correctly associate ""neuron"" and ""brain"" with ""nervous"" is low to moderate cognitive ability and basic biological literacy. A respondent must possess sufficient vocabulary depth to bypass the common emotional connotation of ""nervous"" (anxiety) in favor of its physiological definition related to the nervous system.","Original Text: Choose two words that best go with the word nervous.
ribs
neuron
brain
toes
Providing a summary of the item's core task: the objective is to select two words from a list of four anatomical terms that are most closely associated with the target word ""nervous.""
Identifying the primary domain, skill, symptom, belief, or construct measured by the provided word association task, along with a brief justification:

**Primary Knowledge Domain:** Basic Biology / Human Anatomy 
**Justification:** The item requires the respondent to associate ""nervous"" with ""neuron"" and ""brain,"" testing factual knowledge of the anatomical components of the nervous system rather than the emotional definition of the word.
In analyzing the cognitive demand and structural complexity of this word association task, the item requires both recall and multi-step reasoning. The cognitive load is primarily increased by a semantic trick: ""nervous"" is most commonly used to describe an emotional state, but the correct options (""neuron"" and ""brain"") require the test-taker to shift to its anatomical definition (the nervous system). Additionally, the structural requirement to select exactly two words prevents simple single-option elimination and increases working memory load.
Regarding the overall magnitude of the underlying latent trait necessary to successfully answer this item, a low to moderate level of cognitive ability and basic biological knowledge is required to recognize the anatomical context and connect ""nervous"" with ""neuron"" and ""brain.""","Original Text: Choose two words that best go with the word nervous.
ribs
neuron
brain
toes
The core task is to identify two terms from the provided four-option list that share the strongest conceptual and anatomical association with the word ""nervous.""
**Target Construct:** Semantic association and domain-specific vocabulary knowledge (biological anatomy).

**Justification:** This item assesses the respondent's ability to recognize conceptual and anatomical relationships by connecting the target term (""nervous"") to its constituent biological components (""brain"" and ""neuron""), effectively differentiating relevant physiological concepts from unrelated anatomical distractors (""ribs"" and ""toes"").
Evaluating the cognitive demand of this semantic association item indicates that it relies on concept recall and categorical disambiguation rather than complex multi-step reasoning or synthesis. 

Elements influencing the item's difficulty and cognitive load include:

* **Semantic Polysemy:** The prompt relies on activating the anatomical definition of ""nervous"" (the nervous system) rather than its more common emotional meaning (anxiety).
* **Category Homogeneity in Distractors:** All response options (""ribs,"" ""toes,"" ""neuron,"" ""brain"") belong to the broad category of human anatomy, preventing elimination based purely on general domain mismatch and requiring specific biological knowledge.
* **Dual-Selection Constraint:** Requiring two correct answers (""brain"" and ""neuron"") slightly increases working memory demands compared to a single-choice format.
The level of the underlying latent trait of verbal reasoning and semantic knowledge required to successfully answer this item is low to moderate, as identifying ""neuron"" and ""brain"" in connection with ""nervous"" demands only foundational vocabulary and elementary biological comprehension.","Original Text: Choose two words that best go with the word nervous.
ribs
neuron
brain
toes
The task is to identify the two words that best associate with “nervous” from the given options.
Primary construct: verbal association / semantic knowledge.

Justification: It measures the ability to identify words semantically related to “nervous,” with “neuron” and “brain” being the best matches.
This is a low-demand word-association item: it mainly requires simple recall and basic semantic matching, not multi-step reasoning or deep synthesis. The endorsement threshold is minimal, since the task is just to pick two related words. The main cognitive load comes from the need to infer the intended association with “nervous,” while the distractors are straightforward and the wording is simple.
This item requires a low level of the underlying trait: basic verbal association and common vocabulary knowledge, with no strong cognitive or psychological demand.","Original Text: Choose two words that best go with the word nervous.
ribs
neuron
brain
toes
The task is to pick the two words most closely associated with “nervous” from the list: neuron and brain.
This item is primarily measuring **verbal semantic association / vocabulary knowledge**. It asks the respondent to identify words most meaningfully related to **“nervous”** in the sense of the **nervous system**, making **brain** and **neuron** the best matches.
Core ask: assess the item’s cognitive demand and any wording/features that affect difficulty.

This is a low-demand cognitive/ability item. It mainly requires simple semantic association/recall rather than multi-step reasoning or synthesis: selecting words most related to “nervous” points to “neuron” and “brain.” Structural load is low because the wording is short and direct, with no conditional logic or complex phrasing. Difficulty is slightly increased by the instruction to choose two words and by distractors (“ribs,” “toes”) that are body parts but less specifically tied to the nervous system.
This item appears to require a relatively low to moderate level of the underlying latent trait, since the correct associations (“neuron” and “brain”) are fairly direct and should be accessible to respondents with modest verbal reasoning or semantic association ability.","Original Text: Choose two words that best go with the word nervous.
ribs
neuron
brain
toes
Choose the two words most associated with “nervous” from the provided options.
**Primary domain:** Vocabulary and semantic knowledge, specifically the nervous system.  
**Justification:** The item tests whether the respondent can associate “nervous” with biologically related terms—**neuron** and **brain**—rather than unrelated body parts.
This is a basic semantic-association/recall item, not multi-step reasoning or synthesis. The likely choices are **neuron** and **brain**, based on their connection to the nervous system. The phrase **“go with”** is vague, and none of the options forms a standard phrase with **“nervous,”** increasing ambiguity; **ribs** and **toes** function as unrelated body-part distractors.
The item requires a **low-to-moderate level of verbal-semantic reasoning**. A respondent must recognize that **“neuron” and “brain”** are associated with the nervous system; it does not require advanced cognitive ability or specialized knowledge.","Original Text: Choose two words that best go with the word nervous.
ribs
neuron
brain
toes
Select the two words most closely associated with “nervous” from the provided options.
**Domain: Basic nervous-system anatomy and vocabulary.** It assesses recognition that **neuron** and **brain** are most closely associated with the word **nervous**.
A low-to-moderate demand verbal-association item requiring basic recall: select **neuron** and **brain** as most related to “nervous.” Cognitive load comes from choosing two answers and the vague phrase “go with”; **ribs** and **toes** are plausible distractors because both contain nerves.
This item requires a **moderate level of cognitive/verbal ability** to identify the conceptual relationship between “nervous,” “neuron,” and “brain.”",1.41242232339436,-0.4370026204578309,-0.6153210769657447,-0.6168388718327079,0.5396476395102651,514.0,gilbert_meta_7,1.389833447158111,0.45256851244278373,1.1814805160570472,0.3847229901722471,1.5611216836456951,0.45367169074268604,1.3178974217714368,0.38298920438041234,1.112904067957721,0.4259101294963194,0.9414802601281358,0.36030596980856416,-0.5126377546221286,0.3753309919324844,-0.6371353141129339,0.46648267179910113,-1.069243304621428,0.42326810950617966,-0.9930135348888531,0.3930919743053871,0.6371639418286733,0.3972128868592959,0.5890316391805852,0.3672068403288517,1.292251690358763,0.4331618879268656,1.1284390675803762,0.3782520081578262
s_vocab_29_2021,,Choose two words that best go with the word camouflage.,"Choose two words that best go with the word camouflage.
protect
air
tell
hide","Original Text: Choose two words that best go with the word camouflage.
protect
air
tell
hide
Identify two terms from a provided list that are most semantically related to the concept of camouflage.
This item measures **vocabulary knowledge**, specifically the skill of **semantic association**. By requiring the selection of words functionally related to ""camouflage""—namely ""protect"" and ""hide""—the task assesses a respondent's ability to identify synonyms and conceptual links within their lexicon.
This analysis evaluates the cognitive demand and structural complexity of the vocabulary association task for the word ""camouflage.""

**Cognitive Demand**
This item requires **multi-step reasoning** and **synthesis**. The respondent must retrieve the definition of the target word, evaluate the semantic relationship of four distinct options, and synthesize those relationships to select the two most relevant associations.

**Structural and Semantic Elements**
*   **Multi-select Constraint:** Requiring two answers increases cognitive load by preventing a simple process of elimination and forcing a comparative evaluation of all choices.
*   **Functional vs. Definitional Association:** The item uses ""hide"" (a synonym) and ""protect"" (a functional outcome), requiring the respondent to recognize different categories of semantic connection.
*   **Low-Complexity Distractors:** The words ""air"" and ""tell"" serve as simple distractors with no logical link, keeping the primary difficulty focused on the dual-selection logic rather than vocabulary depth.
The level of the underlying latent trait, specifically verbal comprehension and vocabulary knowledge, required to correctly identify ""protect"" and ""hide"" as associates of ""camouflage"" is low to moderate. This item necessitates a foundational understanding of common synonyms and the functional purpose of the concept rather than specialized or high-level cognitive processing.","Original Text: Choose two words that best go with the word camouflage.
protect
air
tell
hide
The core task presented in this item is to select two words from a provided list of four that are most closely associated with the target word ""camouflage.""
To identify the primary construct measured by the provided text and justify this classification:

**Construct:** Semantic knowledge (Vocabulary)
**Justification:** The item requires the respondent to understand the definition of the target word (""camouflage"") and recognize its semantic relationship to the correct options (""protect"" and ""hide"").
To evaluate the cognitive demand, required reasoning processes, and structural elements that affect the difficulty of the provided vocabulary item:

This cognitive item requires recall (retrieving the definition of ""camouflage"") and multi-step reasoning (evaluating each option's relationship to the target word). The cognitive load is increased by the structural requirement to ""Choose two words,"" which prevents the user from stopping after identifying a single correct option. Semantically, the phrase ""best go with"" requires associative synthesis rather than strict synonym identification, as the correct answers represent both a synonym (""hide"") and a function (""protect"") of the target word.
Regarding the overall degree of the underlying latent trait necessary to successfully answer this item, a low to moderate level of cognitive ability (specifically verbal comprehension and vocabulary) is required.","Original Text: Choose two words that best go with the word camouflage.
protect
air
tell
hide
The core task is to identify and select the two words from a provided four-option list that are most closely related in meaning or function to the concept of ""camouflage.""
This item is designed to measure the cognitive skill of **semantic association within receptive vocabulary**. 

**Justification:** The task assesses a test-taker's lexical knowledge by requiring them to understand the definition and functional context of the target word (""camouflage"") to correctly identify its semantically related concepts (""protect"" and ""hide"").
**Cognitive Demand:**
This vocabulary association task exhibits low cognitive demand, requiring semantic recall and basic conceptual association rather than multi-step reasoning or synthesis. 

**Structural and Semantic Load Elements:**
* **Multi-Selection Requirement:** Instructing the test-taker to select two responses increases working memory load relative to standard single-choice items.
* **Implicit Relational Prompting:** The vague phrasing ""best go with"" requires the test-taker to infer the implicit relationship (functional purpose and synonymy) without explicit categorization cues.
* **Low Distractor Plausibility:** The unrelated distractors (""air,"" ""tell"") share no semantic overlap with ""camouflage,"" keeping the cognitive threshold for elimination minimal.
The level of the underlying latent trait—specifically verbal reasoning and vocabulary comprehension—required to correctly identify the terms associated with ""camouflage"" is low-to-moderate. A foundational, elementary-to-intermediate level of semantic ability is sufficient to recognize the functional and synonymous relationships to ""hide"" and ""protect.""","Original Text: Choose two words that best go with the word camouflage.
protect
air
tell
hide
The task is to pick the two words most closely associated with “camouflage”: **protect** and **hide**.
Primary construct: verbal association / semantic knowledge of word meaning.

Justification: It assesses whether the respondent can identify words semantically related to “camouflage,” with “protect” and “hide” being the best matches.
This is a low-demand vocabulary association item: it mainly requires simple recall/recognition of which words fit the concept of camouflage. The endorsement threshold is minimal, since the task is just to select two matching words. Cognitive load is slightly increased by the need to choose exactly two options, but there is no multi-step reasoning or strong semantic complexity.
This item requires a low level of the underlying trait: basic verbal association and vocabulary knowledge, with the strongest response being “hide” and “protect” as the best matches to “camouflage.”","Original Text: Choose two words that best go with the word camouflage.
protect
air
tell
hide
The task is to select the two words most associated with “camouflage”: protect and hide.
This item is measuring verbal semantic association/vocabulary knowledge, specifically understanding the meaning of “camouflage.” The best matching words are “protect” and “hide,” so the task assesses recognition of related meanings rather than a clinical symptom or attitude.
This asks for the cognitive demand and any wording features that affect difficulty for the item “Choose two words that best go with the word camouflage.”

Low to moderate cognitive demand: it mainly requires vocabulary knowledge/semantic association plus a small amount of selection among options, not multi-step reasoning or synthesis. The main load comes from identifying two plausible associates rather than one. Structural/semantic features increasing difficulty slightly: the instruction to choose exactly two answers, and the presence of a plausible distractor (“protect”) that is related in meaning but less directly tied than “hide.” “Air” and “tell” are weak distractors. No conditional logic, complex phrasing, or emotional/severe endorsement threshold.
This item requires a relatively low to moderate level of the underlying trait, since identifying “protect” and “hide” as matching “camouflage” depends on fairly common verbal/conceptual knowledge rather than especially advanced ability.","Original Text: Choose two words that best go with the word camouflage.
protect
air
tell
hide
Choose the two options that best pair with “camouflage”: protect, air, tell, or hide.
**Primary construct:** Vocabulary and verbal-association reasoning.  
**Justification:** The item assesses whether the respondent recognizes that *camouflage* is used to **hide** and **protect** something, distinguishing semantically related words from unrelated distractors.
This is a low-demand verbal-association item requiring recall of common semantic relationships, not multi-step reasoning or synthesis. The best choices are **protect** and **hide**. The main load comes from selecting exactly two options and interpreting the vague phrase “go with”; **air** and **tell** function as relatively weak distractors. No severe symptom, strong belief, or deep introspection is involved.
The item requires a low-to-moderate level of verbal reasoning: recognizing that “camouflage” is associated with **protect** and **hide**.","Original Text: Choose two words that best go with the word camouflage.
protect
air
tell
hide
Select the two words most closely associated with “camouflage” from the given options.
**Construct: Receptive vocabulary/semantic word association.** The item assesses understanding of *camouflage* by identifying its most closely related meanings or functions: **protect** and **hide**.
This is a low-demand verbal association item requiring basic vocabulary recall. The respondent must select two semantically related words: **protect** and **hide**. Cognitive load is slightly increased by the instruction to choose two options, but phrasing is simple, with no conditional logic or tricky distractors.
A low level of the underlying cognitive/verbal ability is required, as “protect” and “hide” are straightforward associations with “camouflage.”",2.652388614445147,-0.8160348562243505,-1.6072970022970348,-1.704365784427848,0.1818877056180949,274.0,gilbert_meta_7,-1.0491950457508303,0.4302853958623242,-0.8919079524477495,0.36578038368175475,0.40551427447204474,0.37709187924481546,0.3423347599465626,0.31834060127018127,-1.280328329809952,0.4570675831860292,-1.0831156823884378,0.38666415147874983,-0.844805405175782,0.36908383932202765,-1.0499721340027535,0.4587183557593886,-0.1860446194964498,0.383938989992529,-0.17278090445338937,0.3565667533163777,-0.9576823984048061,0.4133191117507694,-0.8853376594535213,0.38209637726907414,-1.381441563486311,0.45643360070762495,-1.2063227631642608,0.39857367619451317
