id,theta_2PL,se_2PL,theta_1PL,se_1PL
1,-0.9119163785108297,0.8379877182518061,-1.0554939042752585,0.7936852262945893
2,0.16030343701798996,0.49144842326436766,0.11656468929844108,0.5806583454853816
3,1.369864740558179,0.6395196359866483,1.2049048998145708,0.638248544123742
4,-0.11388772580098412,0.483466895710725,-0.2192850419505637,0.5798488847737739
5,-0.0807050570940304,0.4834702575105206,-0.21928504195056395,0.5798488847737739
6,0.747634892011364,0.5484229304797543,0.817076757140977,0.6090083105987706
7,-0.22421524973159784,0.4850434853967932,0.11656468929844105,0.5806583454853818
8,-0.11388772580098412,0.483466895710725,-0.2192850419505637,0.5798488847737739
9,0.6497822678490182,0.5365926767899782,0.8170767571409769,0.6090083105987706
10,0.1352389249221033,0.48998589919557023,-0.21928504195056397,0.5798488847737742
11,-0.22715123999377784,0.4851140963027422,-0.2192850419505639,0.5798488847737742
12,1.1291088364706658,0.6022229377185689,1.2049048998145706,0.6382485441237418
13,-1.2308120920214143,0.5825684407492392,-0.9137098301735611,0.6047106626516954
14,0.5148167338659793,0.5217830993561043,0.45846982838184763,0.5902457864696803
15,-0.3594329432183352,0.48947852305321216,-0.21928504195056372,0.579848884773774
16,0.0250915975466892,0.4852341583290302,0.11656468929844105,0.5806583454853816
17,-0.4214439017090802,0.4922292115235523,-0.559223629948804,0.5876695275039814
18,0.020989034592037922,0.48511390568604046,0.11656468929844102,0.5806583454853818
19,-0.7459872853524714,0.5158566458783942,-0.5592236299488043,0.5876695275039815
20,1.1407168237904468,0.6039917894699895,0.8170767571409769,0.6090083105987707
21,-0.7467139820478403,0.515931112326834,-0.559223629948804,0.5876695275039815
22,0.05550224144815724,0.48625621916718365,0.11656468929844095,0.5806583454853815
23,0.6109476229873887,0.5321566408200713,0.8170767571409772,0.6090083105987705
24,-0.4214439017090802,0.4922292115235523,-0.559223629948804,0.5876695275039814
25,1.5553965957770506,0.6684628763997974,1.6376087363486298,0.679183224386796
26,0.9698107734082737,0.5785469375147227,0.8170767571409767,0.6090083105987705
27,-0.4436900638940441,0.4933252591011707,-0.5592236299488038,0.5876695275039814
28,0.04344023458771232,0.48582340251515377,0.11656468929844105,0.5806583454853816
29,0.6207787763592183,0.5332659423137157,0.45846982838184747,0.5902457864696804
30,-0.8779586620263858,0.5309758895216276,-0.5592236299488038,0.5876695275039814
31,-0.5857358664848505,0.5019350344363779,-0.5592236299488041,0.5876695275039815
32,1.0064078225047135,0.5838687183333235,0.8170767571409776,0.6090083105987708
33,0.2745987956326036,0.4995574480388486,0.11656468929844105,0.5806583454853816
34,0.44637644717528757,0.5148999105314577,0.45846982838184785,0.5902457864696804
35,1.0238908730472043,0.5864389669028715,0.8170767571409769,0.6090083105987706
36,-0.22305051895753014,0.4850158354740982,-0.2192850419505639,0.5798488847737742
37,-0.07754856191343829,0.5922883778169262,-0.16323219597633332,0.6559526476560472
38,1.305693223257161,0.6294965672605721,1.204904899814571,0.6382485441237422
39,-0.11249231754671503,0.48346212998594534,-0.21928504195056397,0.5798488847737742
40,-0.05663163817168604,0.48363108277920336,-0.2192850419505638,0.5798488847737742
41,-0.5022138726453791,0.49651170772988623,-0.5592236299488039,0.5876695275039814
42,-0.03763356457569157,0.4838560756391126,-0.21928504195056395,0.579848884773774
43,1.5553965957770506,0.6684628763997974,1.6376087363486298,0.679183224386796
44,-1.037803262788723,0.5528557890095969,-1.2951252402427849,0.6321977095657949
45,-0.0807050570940304,0.4834702575105206,-0.21928504195056395,0.5798488847737739
46,-0.5277809522333392,0.49805461527583655,-0.9137098301735611,0.6047106626516955
47,0.8519743192217667,0.5620496164980235,1.2049048998145704,0.6382485441237419
48,-0.03227054096047209,0.48393556638747887,0.11656468929844113,0.580658345485382
49,0.0250915975466892,0.4852341583290302,0.11656468929844105,0.5806583454853816
50,-0.3011591622618319,0.48729029712926925,-0.21928504195056375,0.579848884773774
51,-0.35814360130596323,0.4894259380264985,-0.21928504195056375,0.579848884773774
52,0.5406103314760643,0.5244839833320654,0.8170767571409765,0.6090083105987704
53,-0.9095157707588959,0.5350260294157967,-0.9137098301735614,0.6047106626516956
54,0.4889833896721335,0.5191369410410178,0.4584698283818478,0.5902457864696805
55,0.9698107734082737,0.5785469375147227,0.8170767571409767,0.6090083105987705
56,-0.9413812414343565,0.5392627089136998,-0.559223629948804,0.5876695275039816
57,-0.9022134841179505,0.5340755056496276,-0.5592236299488038,0.5876695275039814
58,-0.3964527011317899,0.49106791951101475,-0.21928504195056353,0.579848884773774
59,0.1413787380216602,0.490332156842301,0.11656468929844091,0.5806583454853815
60,-0.5035408833258305,0.4965894132845857,-0.5592236299488038,0.5876695275039814
61,0.41780642686279706,0.5121479242933547,0.45846982838184785,0.5902457864696803
62,1.5553965957770506,0.6684628763997974,1.6376087363486298,0.679183224386796
63,1.0064078225047135,0.5838687183333235,0.8170767571409776,0.6090083105987708
64,0.15910785157247015,0.49137575978039844,0.4584698283818479,0.5902457864696802
65,0.6811916440133143,0.5402876428087384,0.8170767571409775,0.6090083105987706
66,0.4288010435888589,0.6267330800034279,0.27277999702951417,0.6670223494274364
67,1.1407168237904468,0.6039917894699895,0.8170767571409769,0.6090083105987707
68,0.42123886381330694,0.5124747158535694,0.4584698283818474,0.5902457864696804
69,-0.8101434612523741,0.522817151030626,-0.5592236299488037,0.5876695275039813
70,0.2408370879348742,0.49694428165875476,0.11656468929844095,0.5806583454853818
71,-0.3359927206013561,0.48855167357196005,-0.2192850419505639,0.5798488847737742
72,-0.5028870443907524,0.49655109473015796,-0.559223629948804,0.5876695275039816
73,0.16030343701798996,0.49144842326436766,0.11656468929844108,0.5806583454853816
74,-0.08440003029596703,0.4834575826111385,-0.21928504195056392,0.5798488847737739
75,1.5553965957770506,0.6684628763997974,1.6376087363486298,0.679183224386796
76,-0.6530443377922042,0.5071825569873661,-0.21928504195056348,0.5798488847737742
77,-0.671488407723712,0.5087697217920902,-0.9137098301735613,0.6047106626516957
78,-0.01096268903379774,0.484321827930389,0.11656468929844117,0.5806583454853818
79,-0.8385830451421321,0.526143469848549,-0.9137098301735614,0.6047106626516957
80,0.5148167338659793,0.5217830993561043,0.45846982838184763,0.5902457864696803
81,-1.0300083500748616,0.5517188476961279,-0.9137098301735613,0.6047106626516957
82,0.19499524777034088,0.4936762445764844,0.1165646892984411,0.5806583454853816
83,0.6505685815341147,0.5366840018951453,0.8170767571409767,0.6090083105987705
84,1.2197700631989443,0.616143384541569,1.2049048998145706,0.6382485441237419
85,-1.0791654666300583,0.5589848250177187,-0.9137098301735614,0.6047106626516957
86,0.1352389249221033,0.48998589919557023,-0.21928504195056397,0.5798488847737742
87,0.550771884711654,0.5255643651226904,0.11656468929844087,0.5806583454853818
88,-0.3964527011317899,0.49106791951101475,-0.21928504195056353,0.579848884773774
89,-0.28731055492722724,0.48682881610780754,-0.21928504195056386,0.5798488847737742
90,0.10232033873185584,0.48826887227398647,0.11656468929844127,0.5806583454853816
91,-0.6831578204265144,0.5098080389409986,-0.5592236299488038,0.5876695275039813
92,1.1790589356017913,0.609864661056937,1.2049048998145706,0.638248544123742
93,0.27920591632899916,0.4999262588339712,0.4584698283818479,0.5902457864696804
94,0.44959583841740725,0.8327255670403261,0.1723450984744236,0.787038011688528
95,-0.3359927206013561,0.48855167357196005,-0.2192850419505639,0.5798488847737742
96,-1.3043785394350318,0.5944791755092479,-1.295125240242785,0.632197709565795
97,1.2197700631989443,0.616143384541569,1.2049048998145706,0.6382485441237419
98,-0.8385830451421321,0.526143469848549,-0.9137098301735614,0.6047106626516957
99,-0.7354689071113404,0.5147902683739951,-0.9137098301735613,0.6047106626516955
100,0.2408370879348742,0.49694428165875476,0.11656468929844095,0.5806583454853818
101,1.0064078225047135,0.5838687183333235,0.8170767571409776,0.6090083105987708
102,0.44984594214583107,0.5152390091775074,0.45846982838184763,0.5902457864696803
103,0.020346919625257545,0.8256806473665719,0.1723450984744237,0.787038011688528
104,0.7613887021836028,0.5501607613259059,0.458469828381848,0.5902457864696805
105,-0.5643991815234379,0.5004415493932162,-0.5592236299488038,0.5876695275039814
106,-0.8385830451421321,0.526143469848549,-0.9137098301735614,0.6047106626516957
107,0.8295155191396499,0.5590324644788447,0.45846982838184747,0.5902457864696804
108,-0.22960519890641864,0.4851741091227372,-0.21928504195056356,0.5798488847737738
109,-0.5310263315784165,0.4982575384366932,-0.9137098301735613,0.6047106626516957
110,-0.6228025436743084,0.5047210268688102,-0.5592236299488038,0.5876695275039813
111,0.5140734607832831,0.5217061452941549,0.45846982838184824,0.5902457864696805
112,-1.4442370900626589,0.617687080300601,-1.2951252402427846,0.6321977095657948
113,0.3146388790347467,0.502852324531592,0.11656468929844069,0.5806583454853818
114,-0.17105254999501057,0.4840053214799988,-0.2192850419505639,0.5798488847737742
115,0.747634892011364,0.5484229304797543,0.817076757140977,0.6090083105987706
116,-0.36190618248378914,0.48957991339912055,-0.21928504195056372,0.5798488847737739
117,-0.6596252787002703,0.5077413187450318,-0.5592236299488041,0.5876695275039815
118,0.6737439839949513,0.5394027704967107,0.4584698283818478,0.5902457864696804
119,0.6737439839949513,0.5394027704967107,0.4584698283818478,0.5902457864696804
120,0.6819888286111644,0.5403826806628029,0.8170767571409777,0.6090083105987708
121,0.18165952611943378,0.49279318151707735,0.11656468929844067,0.5806583454853816
122,0.020346919625257545,0.8256806473665719,0.1723450984744237,0.787038011688528
123,-0.595318296125918,0.5026315457048435,-0.5592236299488038,0.5876695275039814
124,0.7230224496936175,0.5453589357661344,0.817076757140977,0.6090083105987708
125,0.7952778367110024,0.5545199057399506,0.8170767571409772,0.6090083105987707
126,-0.8385830451421321,0.526143469848549,-0.9137098301735614,0.6047106626516957
127,0.9340749150692889,0.5734343345066434,1.2049048998145713,0.6382485441237422
128,0.04588289006914295,0.4859081544793815,0.11656468929844127,0.5806583454853816
129,0.01791191996324923,0.4850264778466055,0.11656468929844116,0.5806583454853818
130,-0.024794834764283902,0.4840582279486388,-0.21928504195056395,0.5798488847737739
131,-0.9022134841179505,0.5340755056496276,-0.5592236299488038,0.5876695275039814
132,-0.4482761744567264,0.493558762327872,-0.21928504195056372,0.579848884773774
133,-1.0791654666300583,0.5589848250177187,-0.9137098301735614,0.6047106626516957
134,0.8195657382811079,0.557710077660854,0.8170767571409772,0.6090083105987706
135,-0.4436900638940441,0.4933252591011707,-0.5592236299488038,0.5876695275039814
136,-0.9622773271055001,0.5421151283364881,-1.2951252402427844,0.6321977095657948
137,-0.6748755380494185,0.5090683653357067,-0.9137098301735613,0.6047106626516957
138,0.9776579827854398,0.5796810363393328,0.8170767571409774,0.6090083105987708
139,0.378956863197597,0.6219609980543072,0.7332656779586502,0.6925220491261446
140,1.305693223257161,0.6294965672605721,1.204904899814571,0.6382485441237422
141,-0.8399540297809371,0.5263073819945066,-0.559223629948804,0.5876695275039815
142,0.44914211049198627,0.5151701334171405,0.4584698283818481,0.5902457864696805
143,-0.9321222404446221,0.5380171865557379,-0.9137098301735616,0.6047106626516957
144,-0.46891918289894774,0.4946429491648697,-0.9137098301735613,0.6047106626516956
145,1.1790589356017913,0.609864661056937,1.2049048998145706,0.638248544123742
146,0.9247950888415781,0.5721213660707003,0.8170767571409767,0.6090083105987706
147,0.04344023458771232,0.48582340251515377,0.11656468929844105,0.5806583454853816
148,0.5148167338659793,0.5217830993561043,0.45846982838184763,0.5902457864696803
149,0.08052453363971752,0.48726714086107814,0.11656468929844106,0.5806583454853818
150,0.6207787763592183,0.5332659423137157,0.45846982838184747,0.5902457864696804
151,0.8519743192217667,0.5620496164980235,1.2049048998145704,0.6382485441237419
152,0.04344023458771232,0.48582340251515377,0.11656468929844105,0.5806583454853816
153,-0.9413812414343565,0.5392627089136998,-0.559223629948804,0.5876695275039816
154,-0.28253434548443135,0.486675144799632,-0.21928504195056386,0.5798488847737742
155,-0.7984380761457892,0.5214900001466363,-0.9137098301735616,0.6047106626516957
156,-1.6176717752211356,0.6470694945321382,-1.7187355097094603,0.6713735984197418
157,-0.3964527011317899,0.49106791951101475,-0.21928504195056353,0.579848884773774
158,-0.32990807461855576,0.4883212275566365,-0.5592236299488043,0.5876695275039815
159,-0.05907020046802414,0.4836085310450028,-0.21928504195056372,0.579848884773774
160,0.1263971747109501,0.48950135668621153,0.45846982838184785,0.5902457864696804
161,-1.1571353060712517,0.5709202607951053,-0.9137098301735613,0.6047106626516955
162,-0.4462958366033353,0.5914070279959422,-0.5939353942112641,0.6589374259623303
163,0.29821029693128587,0.5014764908045884,0.4584698283818478,0.5902457864696803
164,-0.013408083165217494,0.4842717513891578,0.11656468929844094,0.5806583454853815
165,0.23961465690140574,0.49685276971904924,0.4584698283818476,0.5902457864696803
166,0.8535389141485441,0.5622614419174188,0.8170767571409767,0.6090083105987705
167,-1.1221563173880362,0.565509771326829,-0.9137098301735614,0.6047106626516957
168,-1.4493099511835685,0.6848041057528201,-1.5151768073519336,0.7078863715276774
169,0.48475493818605253,0.518709373444173,0.4584698283818478,0.5902457864696805
170,0.8561097116956855,0.5626099494405278,1.2049048998145708,0.6382485441237419
171,0.4917948254105138,0.5194220879765568,0.4584698283818479,0.5902457864696804
172,-0.22305051895753014,0.4850158354740982,-0.2192850419505639,0.5798488847737742
173,1.369864740558179,0.6395196359866483,1.2049048998145708,0.638248544123742
174,0.8195657382811079,0.557710077660854,0.8170767571409772,0.6090083105987706
175,0.6811916440133143,0.5402876428087384,0.8170767571409775,0.6090083105987706
176,-1.6176717752211356,0.6470694945321382,-1.7187355097094603,0.6713735984197418
177,-0.8031826526826115,0.5220249359422343,-0.9137098301735616,0.6047106626516958
178,0.3985737508266901,0.5103365758522854,0.11656468929844095,0.5806583454853815
179,-0.4436900638940441,0.4933252591011707,-0.5592236299488038,0.5876695275039814
180,0.41910535327842824,0.5122714666727479,0.11656468929844108,0.5806583454853816
181,-1.2200133451607194,0.5808420096524078,-1.295125240242785,0.632197709565795
182,0.01843431372578344,0.48504115297219735,-0.2192850419505639,0.5798488847737742
183,-0.06589455238060406,0.48355297778958684,0.11656468929844128,0.5806583454853818
184,0.2408370879348742,0.49694428165875476,0.11656468929844095,0.5806583454853818
185,0.11315617429101749,0.8265291420563757,0.17234509847442367,0.787038011688528
186,-0.7459872853524714,0.5158566458783942,-0.5592236299488043,0.5876695275039815
187,-0.11388772580098412,0.483466895710725,-0.2192850419505637,0.5798488847737739
188,0.04344023458771232,0.48582340251515377,0.11656468929844105,0.5806583454853816
189,-1.3043785394350318,0.5944791755092479,-1.295125240242785,0.632197709565795
190,0.44959583841740725,0.8327255670403261,0.1723450984744236,0.787038011688528
191,0.747634892011364,0.5484229304797543,0.817076757140977,0.6090083105987706
192,-1.3844052283704307,0.6076837439356485,-1.2951252402427844,0.6321977095657948
193,0.7080034252443383,0.6571084658593129,0.7332656779586502,0.6925220491261446
194,0.4854896935142631,0.5187835576388634,0.4584698283818478,0.5902457864696805
195,-1.1221563173880362,0.565509771326829,-0.9137098301735614,0.6047106626516957
196,0.3889895166848698,0.5094466328888294,0.8170767571409773,0.6090083105987704
197,1.2197700631989443,0.616143384541569,1.2049048998145706,0.6382485441237419
198,-0.7375091646110321,0.5149954343706069,-0.9137098301735613,0.6047106626516957
199,-0.9095157707588959,0.5350260294157967,-0.9137098301735614,0.6047106626516956
200,-0.14684801131285333,0.4836981651871084,0.11656468929844117,0.5806583454853818
201,0.2389406818000055,0.4968024124566077,0.4584698283818479,0.5902457864696802
202,0.04652759504713995,0.4859307696175805,0.11656468929844117,0.5806583454853818
203,-0.47794770795141284,0.4951346727906401,-0.21928504195056342,0.5798488847737742
204,-0.8031826526826115,0.5220249359422343,-0.9137098301735616,0.6047106626516958
205,-0.06399424818475613,0.4835673322889234,0.4584698283818476,0.5902457864696802
206,0.747634892011364,0.5484229304797543,0.817076757140977,0.6090083105987706
207,0.550771884711654,0.5255643651226904,0.11656468929844087,0.5806583454853818
208,-1.2308120920214143,0.5825684407492392,-0.9137098301735611,0.6047106626516954
209,1.2197700631989443,0.616143384541569,1.2049048998145706,0.6382485441237419
210,0.642435736081021,0.5357423292992053,0.45846982838184824,0.5902457864696805
211,0.19499524777034088,0.4936762445764844,0.1165646892984411,0.5806583454853816
212,-0.4246134983096782,0.4923817267124862,-0.5592236299488038,0.5876695275039813
213,-0.8385830451421321,0.526143469848549,-0.9137098301735614,0.6047106626516957
214,0.3992849681418944,0.5104029561839115,0.11656468929844095,0.5806583454853815
215,0.01843431372578344,0.48504115297219735,-0.2192850419505639,0.5798488847737742
216,-0.20168490822903262,0.48454622214515247,-0.2192850419505638,0.5798488847737738
217,0.020989034592037922,0.48511390568604046,0.11656468929844102,0.5806583454853818
218,-0.8385830451421321,0.526143469848549,-0.9137098301735614,0.6047106626516957
219,-0.28731055492722724,0.48682881610780754,-0.21928504195056386,0.5798488847737742
220,0.07446017956628233,0.48700829832953346,-0.21928504195056392,0.5798488847737742
221,1.0064078225047135,0.5838687183333235,0.8170767571409776,0.6090083105987708
222,-0.9022134841179505,0.5340755056496276,-0.5592236299488038,0.5876695275039814
223,1.5553965957770506,0.6684628763997974,1.6376087363486298,0.679183224386796
224,0.8155695255765083,0.6700121799041618,0.7332656779586502,0.6925220491261446
225,0.04652759504713995,0.4859307696175805,0.11656468929844117,0.5806583454853818
226,0.3923857695311767,0.5097610107134326,0.8170767571409776,0.6090083105987706
227,1.2197700631989443,0.616143384541569,1.2049048998145706,0.6382485441237419
228,1.0064078225047135,0.5838687183333235,0.8170767571409776,0.6090083105987708
229,-0.5310263315784165,0.4982575384366932,-0.9137098301735613,0.6047106626516957
230,-0.9637328961572273,0.5423158961412617,-0.9137098301735609,0.6047106626516954
231,0.8969893472015525,0.5682257765984314,0.8170767571409767,0.6090083105987705
232,0.2745987956326036,0.4995574480388486,0.11656468929844105,0.5806583454853816
233,-0.14568969501831988,0.483686290998356,-0.21928504195056372,0.579848884773774
234,-0.33302732678850167,0.4884388375566185,-0.5592236299488039,0.5876695275039814
235,0.363668112711649,0.5071374786769165,0.4584698283818474,0.5902457864696804
236,-0.11388772580098412,0.483466895710725,-0.2192850419505637,0.5798488847737739
237,0.18165952611943378,0.49279318151707735,0.11656468929844067,0.5806583454853816
238,-0.8422063169519611,0.5265773578792163,-0.913709830173561,0.6047106626516955
239,0.21483663832489405,0.49504819922539867,0.11656468929844094,0.5806583454853815
240,0.3629862321945027,0.5070761614968634,0.45846982838184824,0.5902457864696805
241,1.0064078225047135,0.5838687183333235,0.8170767571409776,0.6090083105987708
242,0.611720984140155,0.532243569462762,0.8170767571409772,0.6090083105987707
243,0.04588289006914295,0.4859081544793815,0.11656468929844127,0.5806583454853816
244,0.33369185490729275,0.5044868773852331,0.1165646892984407,0.5806583454853818
245,1.0064078225047135,0.5838687183333235,0.8170767571409776,0.6090083105987708
246,-0.07663110813737938,0.483487894794758,-0.21928504195056392,0.5798488847737738
247,-0.9622773271055001,0.5421151283364881,-1.2951252402427844,0.6321977095657948
248,0.11315617429101749,0.8265291420563757,0.17234509847442367,0.787038011688528
249,-0.5986238548910964,0.502875600473147,-0.5592236299488039,0.5876695275039816
250,-0.14216230267027752,0.48365176716525354,-0.5592236299488038,0.5876695275039815
251,0.3930953828359857,0.509826833275992,0.8170767571409768,0.6090083105987707
252,0.1596440310357591,0.49140831176513383,0.11656468929844138,0.5806583454853818
253,-0.7165950824673507,0.5129308529282635,-0.21928504195056375,0.579848884773774
254,-0.9622773271055001,0.5421151283364881,-1.2951252402427844,0.6321977095657948
255,0.747634892011364,0.5484229304797543,0.817076757140977,0.6090083105987706
256,0.6737439839949513,0.5394027704967107,0.4584698283818478,0.5902457864696804
257,-1.3844052283704307,0.6076837439356485,-1.2951252402427844,0.6321977095657948
258,1.1407168237904468,0.6039917894699895,0.8170767571409769,0.6090083105987707
259,0.10864953120295184,0.4885802914184021,-0.21928504195056392,0.5798488847737738
260,0.04588289006914295,0.4859081544793815,0.11656468929844127,0.5806583454853816
261,-0.28253434548443135,0.486675144799632,-0.21928504195056386,0.5798488847737742
262,-0.44050835753070955,0.4931647991208747,-0.5592236299488038,0.5876695275039814
263,0.10930135962251275,0.48861287906700734,-0.21928504195056386,0.579848884773774
264,0.020346919625257545,0.8256806473665719,0.1723450984744237,0.787038011688528
265,0.5148167338659793,0.5217830993561043,0.45846982838184763,0.5902457864696803
266,0.21418686182664415,0.49500220928776173,0.11656468929844127,0.5806583454853818
267,-0.6831578204265144,0.5098080389409986,-0.5592236299488038,0.5876695275039813
268,0.5886309639923749,0.5296725311491992,0.11656468929844091,0.5806583454853815
269,1.0615054111107425,0.5920238914886269,0.8170767571409767,0.6090083105987707
270,0.020346919625257545,0.8256806473665719,0.1723450984744237,0.787038011688528
271,-0.23022939120377242,0.4851895175689805,-0.21928504195056364,0.5798488847737742
272,0.44984594214583107,0.5152390091775074,0.45846982838184763,0.5902457864696803
273,-0.4226436068916394,0.4922867985607607,-0.21928504195056395,0.579848884773774
274,0.44914211049198627,0.5151701334171405,0.4584698283818481,0.5902457864696805
275,-0.671488407723712,0.5087697217920902,-0.9137098301735613,0.6047106626516957
276,1.369864740558179,0.6395196359866483,1.2049048998145708,0.638248544123742
277,1.369864740558179,0.6395196359866483,1.2049048998145708,0.638248544123742
278,0.747634892011364,0.5484229304797543,0.817076757140977,0.6090083105987706
279,-0.4246134983096782,0.4923817267124862,-0.5592236299488038,0.5876695275039813
280,1.0064078225047135,0.5838687183333235,0.8170767571409776,0.6090083105987708
281,0.30624644929433725,0.5021454826796233,0.11656468929844127,0.5806583454853816
282,-1.037803262788723,0.5528557890095969,-1.2951252402427849,0.6321977095657949
283,-0.7467139820478403,0.515931112326834,-0.559223629948804,0.5876695275039815
284,-0.3052988059455961,0.48743275336023506,-0.21928504195056392,0.5798488847737738
285,0.42653845053645834,0.5129813431911008,0.45846982838184785,0.5902457864696804
286,-0.16979179428125407,0.48398661020842815,-0.2192850419505637,0.5798488847737738
287,0.03463333773331856,0.5968696508174048,-0.16323219597633332,0.6559526476560473
288,-0.3649229676598582,0.48970451311588215,-0.5592236299488039,0.5876695275039814
289,-1.6176717752211356,0.6470694945321382,-1.7187355097094603,0.6713735984197418
290,-0.0068737905630949225,0.48440890287327765,0.11656468929844133,0.5806583454853819
291,1.1790589356017913,0.609864661056937,1.2049048998145706,0.638248544123742
292,-0.7459872853524714,0.5158566458783942,-0.5592236299488043,0.5876695275039815
293,0.1853545245775299,0.49303460805176,0.4584698283818478,0.5902457864696805
294,0.24284465145124456,0.49709505849623986,0.4584698283818478,0.5902457864696805
295,1.0064078225047135,0.5838687183333235,0.8170767571409776,0.6090083105987708
296,-0.21554596974621704,0.484842680690697,-0.5592236299488039,0.5876695275039813
297,0.1352389249221033,0.48998589919557023,-0.21928504195056397,0.5798488847737742
298,-0.11388772580098412,0.483466895710725,-0.2192850419505637,0.5798488847737739
299,0.18722570054176163,0.49315782613022574,0.45846982838184824,0.5902457864696805
300,-0.33367876733444934,0.4884635397893792,-0.559223629948804,0.5876695275039816
301,-0.8385830451421321,0.526143469848549,-0.9137098301735614,0.6047106626516957
302,-0.6464907725150296,0.506634388667939,-0.5592236299488041,0.5876695275039815
303,0.03463333773331856,0.5968696508174048,-0.16323219597633332,0.6559526476560473
304,0.44841755098281433,0.5150992745703208,0.45846982838184835,0.5902457864696803
305,0.2804435363547524,0.5000258090298603,0.11656468929844127,0.5806583454853816
306,0.4854896935142631,0.5187835576388634,0.4584698283818478,0.5902457864696805
307,-0.3867664353505444,0.4906371341676518,-0.5592236299488041,0.5876695275039817
308,1.0064078225047135,0.5838687183333235,0.8170767571409776,0.6090083105987708
309,-0.6530443377922042,0.5071825569873661,-0.21928504195056348,0.5798488847737742
310,-0.2731585673145165,0.4863818750285138,-0.5592236299488038,0.5876695275039814
311,0.15228394635118803,0.4909665012063937,0.11656468929844126,0.5806583454853815
312,-1.2664871641276418,0.5883134617620125,-1.2951252402427846,0.6321977095657948
313,-0.5310263315784165,0.4982575384366932,-0.9137098301735613,0.6047106626516957
314,0.579694259675459,0.5286908672514332,0.45846982838184797,0.5902457864696804
315,0.07744536887418343,0.48713461858379414,0.11656468929844097,0.5806583454853816
316,-0.6596252787002703,0.5077413187450318,-0.5592236299488041,0.5876695275039815
317,-0.5986238548910964,0.502875600473147,-0.5592236299488039,0.5876695275039816
318,-0.4436900638940441,0.4933252591011707,-0.5592236299488038,0.5876695275039814
319,0.8195657382811079,0.557710077660854,0.8170767571409772,0.6090083105987706
320,-0.44050835753070955,0.4931647991208747,-0.5592236299488038,0.5876695275039814
321,-0.8779586620263858,0.5309758895216276,-0.5592236299488038,0.5876695275039814
322,0.42123886381330694,0.5124747158535694,0.4584698283818474,0.5902457864696804
323,-0.5585438720553009,0.500045218388228,-0.5592236299488038,0.5876695275039814
324,1.0238908730472043,0.5864389669028715,0.8170767571409769,0.6090083105987706
325,0.38236493024608686,0.5088365512063452,0.4584698283818478,0.5902457864696803
326,-0.595318296125918,0.5026315457048435,-0.5592236299488038,0.5876695275039814
327,0.23961465690140574,0.49685276971904924,0.4584698283818476,0.5902457864696803
328,-0.21230522962193094,0.5894181747340211,-0.16323219597633315,0.6559526476560473
329,-0.5290092670455626,0.4981312261707752,-0.5592236299488038,0.5876695275039813
330,1.369864740558179,0.6395196359866483,1.2049048998145708,0.638248544123742
331,0.747634892011364,0.5484229304797543,0.817076757140977,0.6090083105987706
332,0.18165952611943378,0.49279318151707735,0.11656468929844067,0.5806583454853816
333,0.21418686182664415,0.49500220928776173,0.11656468929844127,0.5806583454853818
334,0.3356511403473938,0.5046572388929171,0.11656468929844091,0.5806583454853815
335,-0.17285546824533093,0.48403258274938954,-0.21928504195056356,0.5798488847737738
336,0.9340749150692889,0.5734343345066434,1.2049048998145713,0.6382485441237422
337,-0.33367876733444934,0.4884635397893792,-0.559223629948804,0.5876695275039816
338,-0.3041226033631359,0.48739206866859064,-0.5592236299488041,0.5876695275039815
339,-1.037803262788723,0.5528557890095969,-1.2951252402427849,0.6321977095657949
340,0.21418686182664415,0.49500220928776173,0.11656468929844127,0.5806583454853818
341,-0.9413812414343565,0.5392627089136998,-0.559223629948804,0.5876695275039816
342,-0.20168490822903262,0.48454622214515247,-0.2192850419505638,0.5798488847737738
343,0.6737439839949513,0.5394027704967107,0.4584698283818478,0.5902457864696804
344,-1.6176717752211356,0.6470694945321382,-1.7187355097094603,0.6713735984197418
345,-0.8422063169519611,0.5265773578792163,-0.913709830173561,0.6047106626516955
346,0.24284465145124456,0.49709505849623986,0.4584698283818478,0.5902457864696805
347,-0.2756254499038816,0.4864579484956727,-0.5592236299488041,0.5876695275039815
348,-0.4766284475565768,0.49506213939915733,-0.21928504195056372,0.579848884773774
349,-0.5643991815234379,0.5004415493932162,-0.5592236299488038,0.5876695275039814
350,0.7080034252443383,0.6571084658593129,0.7332656779586502,0.6925220491261446
351,0.27391746783522297,0.49950314507959204,0.11656468929844105,0.5806583454853816
352,0.8969893472015525,0.5682257765984314,0.8170767571409767,0.6090083105987705
353,-0.2277938303765389,0.4851297239974117,-0.21928504195056392,0.5798488847737738
354,-0.35814360130596323,0.4894259380264985,-0.21928504195056375,0.579848884773774
355,0.5148167338659793,0.5217830993561043,0.45846982838184763,0.5902457864696803
356,-0.20475577886660296,0.48460923121758115,-0.21928504195056397,0.5798488847737742
357,-0.5986238548910964,0.502875600473147,-0.5592236299488039,0.5876695275039816
358,0.2408370879348742,0.49694428165875476,0.11656468929844095,0.5806583454853818
359,0.7537157586817779,0.8420886430624982,0.8105587489742259,0.8136981587191087
360,0.15910785157247015,0.49137575978039844,0.4584698283818479,0.5902457864696802
361,0.8295155191396499,0.5590324644788447,0.45846982838184747,0.5902457864696804
362,0.747634892011364,0.5484229304797543,0.817076757140977,0.6090083105987706
363,0.6819888286111644,0.5403826806628029,0.8170767571409777,0.6090083105987708
364,0.44914211049198627,0.5151701334171405,0.4584698283818481,0.5902457864696805
365,-0.30722993554415984,0.48749990812308325,-0.5592236299488038,0.5876695275039814
366,-1.1571353060712517,0.5709202607951053,-0.9137098301735613,0.6047106626516955
367,0.5140734607832831,0.5217061452941549,0.45846982838184824,0.5902457864696805
368,0.309545835942072,0.5024223842137845,0.11656468929844124,0.5806583454853818
369,-1.0791654666300583,0.5589848250177187,-0.9137098301735614,0.6047106626516957
370,1.2197700631989443,0.616143384541569,1.2049048998145706,0.6382485441237419
371,-0.28731055492722724,0.48682881610780754,-0.21928504195056386,0.5798488847737742
372,-0.5611254100528651,0.5002192509428585,-0.5592236299488039,0.5876695275039814
373,-0.11554913389905998,0.48347311678834637,-0.21928504195056353,0.5798488847737742
374,0.23961465690140574,0.49685276971904924,0.4584698283818476,0.5902457864696803
375,-0.42210550127403346,0.49226094781406754,-0.5592236299488041,0.5876695275039815
376,0.9698107734082737,0.5785469375147227,0.8170767571409767,0.6090083105987705
377,0.7080034252443383,0.6571084658593129,0.7332656779586502,0.6925220491261446
378,0.6497822678490182,0.5365926767899782,0.8170767571409769,0.6090083105987706
379,-0.8779586620263858,0.5309758895216276,-0.5592236299488038,0.5876695275039814
380,-1.1221563173880362,0.565509771326829,-0.9137098301735614,0.6047106626516957
381,0.6737439839949513,0.5394027704967107,0.4584698283818478,0.5902457864696804
382,0.608769257859313,0.531912090110503,0.8170767571409767,0.6090083105987705
383,0.2408370879348742,0.49694428165875476,0.11656468929844095,0.5806583454853818
384,-0.7669746919490816,0.5180482033150643,-0.5592236299488041,0.5876695275039815
385,0.1853545245775299,0.49303460805176,0.4584698283818478,0.5902457864696805
386,0.5886309639923749,0.5296725311491992,0.11656468929844091,0.5806583454853815
387,-0.9095157707588959,0.5350260294157967,-0.9137098301735614,0.6047106626516956
388,-0.20168490822903262,0.48454622214515247,-0.2192850419505638,0.5798488847737738
389,1.5553965957770506,0.6684628763997974,1.6376087363486298,0.679183224386796
390,0.5148167338659793,0.5217830993561043,0.45846982838184763,0.5902457864696803
391,-0.6810464048303677,0.509618200568796,-0.21928504195056372,0.579848884773774
392,-0.20475577886660296,0.48460923121758115,-0.21928504195056397,0.5798488847737742
393,0.08117285721178144,0.4872953307128984,0.11656468929844106,0.5806583454853816
394,-0.9731412879093114,0.5436199168779381,-0.5592236299488043,0.5876695275039815
395,-0.14772698961388026,0.4837073521258952,0.1165646892984415,0.5806583454853819
396,-0.23022939120377242,0.4851895175689805,-0.21928504195056364,0.5798488847737742
397,-1.0041491259147886,0.5479917996389649,-0.9137098301735613,0.6047106626516955
398,-0.36190618248378914,0.48957991339912055,-0.21928504195056372,0.5798488847737739
399,0.44984594214583107,0.5152390091775074,0.45846982838184763,0.5902457864696803
400,0.747634892011364,0.5484229304797543,0.817076757140977,0.6090083105987706
401,0.8535389141485441,0.5622614419174188,0.8170767571409767,0.6090083105987705
402,1.2082725231345148,0.7196221721292644,1.2394915218918436,0.7326935302592025
403,-0.6596252787002703,0.5077413187450318,-0.5592236299488041,0.5876695275039815
404,0.020989034592037922,0.48511390568604046,0.11656468929844102,0.5806583454853818
405,0.1340504295056658,0.48991979409993536,0.11656468929844127,0.5806583454853816
406,0.4854896935142631,0.5187835576388634,0.4584698283818478,0.5902457864696805
407,0.307495093117158,0.5022501239439771,-0.21928504195056397,0.5798488847737742
408,0.526524693624773,0.6367299116989495,0.27277999702951417,0.6670223494274365
409,-0.6261357597921358,0.5049838795538103,-0.5592236299488043,0.5876695275039815
410,-0.30477125173610803,0.48741448492237865,-0.5592236299488041,0.5876695275039815
411,-1.6176717752211356,0.6470694945321382,-1.7187355097094603,0.6713735984197418
412,-0.33367876733444934,0.4884635397893792,-0.559223629948804,0.5876695275039816
413,0.5148167338659793,0.5217830993561043,0.45846982838184763,0.5902457864696803
414,-1.071868575133293,0.5578923718502219,-0.9137098301735611,0.6047106626516954
415,1.2082725231345148,0.7196221721292644,1.2394915218918436,0.7326935302592025
416,-1.1058990823421537,0.5630251970862216,-0.9137098301735613,0.6047106626516957
417,0.6811916440133143,0.5402876428087384,0.8170767571409775,0.6090083105987706
418,0.642435736081021,0.5357423292992053,0.45846982838184824,0.5902457864696805
419,0.38969825462924457,0.50951214859678,0.8170767571409769,0.6090083105987705
420,-0.19277048751890635,0.4843721550499657,-0.21928504195056375,0.579848884773774
421,-0.46891918289894774,0.4946429491648697,-0.9137098301735613,0.6047106626516956
422,0.19499524777034088,0.4936762445764844,0.1165646892984411,0.5806583454853816
423,-0.4246134983096782,0.4923817267124862,-0.5592236299488038,0.5876695275039813
424,-0.16979179428125407,0.48398661020842815,-0.2192850419505637,0.5798488847737738
425,-0.6831578204265144,0.5098080389409986,-0.5592236299488038,0.5876695275039813
426,-0.2756254499038816,0.4864579484956727,-0.5592236299488041,0.5876695275039815
427,-0.11492933344701903,0.48347072658937307,-0.2192850419505636,0.5798488847737738
428,-0.23022939120377242,0.4851895175689805,-0.21928504195056364,0.5798488847737742
429,-0.03101004859580221,0.48395527902596863,0.11656468929844094,0.5806583454853815
430,0.168018570962047,0.4919240952319622,-0.21928504195056392,0.5798488847737739
431,-0.2718854528378302,0.4863429223351232,-0.5592236299488039,0.5876695275039813
432,1.1790589356017913,0.609864661056937,1.2049048998145706,0.638248544123742
433,0.08427913725416843,0.4874317758706034,0.11656468929844091,0.5806583454853815
434,1.5553965957770506,0.6684628763997974,1.6376087363486298,0.679183224386796
435,-0.44050835753070955,0.4931647991208747,-0.5592236299488038,0.5876695275039814
436,-0.9321222404446221,0.5380171865557379,-0.9137098301735616,0.6047106626516957
437,0.0992034653440455,0.4881188675055968,0.11656468929844117,0.5806583454853819
438,0.01791191996324923,0.4850264778466055,0.11656468929844116,0.5806583454853818
439,1.0064078225047135,0.5838687183333235,0.8170767571409776,0.6090083105987708
440,0.6737439839949513,0.5394027704967107,0.4584698283818478,0.5902457864696804
441,0.642435736081021,0.5357423292992053,0.45846982838184824,0.5902457864696805
442,-0.3964527011317899,0.49106791951101475,-0.21928504195056353,0.579848884773774
443,-0.32990807461855576,0.4883212275566365,-0.5592236299488043,0.5876695275039815
444,-0.7738428072879298,0.5187836626796501,-0.9137098301735611,0.6047106626516956
445,-0.3629844020562993,0.5896831890633568,-0.593935394211264,0.6589374259623303
446,-0.8399540297809371,0.5263073819945066,-0.559223629948804,0.5876695275039815
447,1.0064078225047135,0.5838687183333235,0.8170767571409776,0.6090083105987708
448,0.6723039324639746,0.5392323028231316,0.8170767571409767,0.6090083105987705
449,1.2197700631989443,0.616143384541569,1.2049048998145706,0.6382485441237419
450,-0.46891918289894774,0.4946429491648697,-0.9137098301735613,0.6047106626516956
451,-0.6254596481662635,0.5049303948274091,-0.5592236299488039,0.5876695275039814
452,-0.9622773271055001,0.5421151283364881,-1.2951252402427844,0.6321977095657948
453,-0.9622773271055001,0.5421151283364881,-1.2951252402427844,0.6321977095657948
454,-0.7669746919490816,0.5180482033150643,-0.5592236299488041,0.5876695275039815
455,-0.014029919993549633,0.4842592558893559,0.11656468929844128,0.5806583454853818
456,1.305693223257161,0.6294965672605721,1.204904899814571,0.6382485441237422
457,0.3930953828359857,0.509826833275992,0.8170767571409768,0.6090083105987707
458,-0.4766284475565768,0.49506213939915733,-0.21928504195056372,0.579848884773774
459,-0.08324282888372386,0.483461213731692,-0.5592236299488039,0.5876695275039812
460,-0.9095157707588959,0.5350260294157967,-0.9137098301735614,0.6047106626516956
461,0.8969893472015525,0.5682257765984314,0.8170767571409767,0.6090083105987705
462,-0.483566284077892,0.4954462317441634,-0.5592236299488038,0.5876695275039814
463,0.07744536887418343,0.48713461858379414,0.11656468929844097,0.5806583454853816
464,0.5148167338659793,0.5217830993561043,0.45846982838184763,0.5902457864696803
465,0.04344023458771232,0.48582340251515377,0.11656468929844105,0.5806583454853816
466,0.558597384212086,0.5264027470555133,0.4584698283818476,0.5902457864696806
467,0.9331772725309624,0.5733070575297995,1.2049048998145706,0.6382485441237419
468,0.15910785157247015,0.49137575978039844,0.4584698283818479,0.5902457864696802
469,0.746813818676141,0.548319764341004,0.8170767571409767,0.6090083105987705
470,-0.3323947569633911,0.4884148971243827,-0.5592236299488041,0.5876695275039815
471,1.5553965957770506,0.6684628763997974,1.6376087363486298,0.679183224386796
472,0.020346919625257545,0.8256806473665719,0.1723450984744237,0.787038011688528
473,-1.0791654666300583,0.5589848250177187,-0.9137098301735614,0.6047106626516957
474,-0.2731585673145165,0.4863818750285138,-0.5592236299488038,0.5876695275039814
475,-0.9095157707588959,0.5350260294157967,-0.9137098301735614,0.6047106626516956
476,0.39098383560829614,0.5096311080791242,0.45846982838184774,0.5902457864696805
477,0.172100329667952,0.6050429363583624,-0.16323219597633337,0.6559526476560474
478,-1.1221563173880362,0.565509771326829,-0.9137098301735614,0.6047106626516957
479,0.4854896935142631,0.5187835576388634,0.4584698283818478,0.5902457864696805
480,-0.058431605454119934,0.4836142988287463,-0.21928504195056356,0.5798488847737738
481,0.21418686182664415,0.49500220928776173,0.11656468929844127,0.5806583454853818
482,-0.2800839359614985,0.4865974170263772,-0.21928504195056409,0.579848884773774
483,0.39098383560829614,0.5096311080791242,0.45846982838184774,0.5902457864696805
484,-0.30477125173610803,0.48741448492237865,-0.5592236299488041,0.5876695275039815
485,0.5287568398460734,0.5232354321835594,0.4584698283818478,0.5902457864696803
486,0.18722570054176163,0.49315782613022574,0.45846982838184824,0.5902457864696805
487,-0.47474271480456276,0.49495886852146226,-0.21928504195056372,0.579848884773774
488,-0.004966644172776563,0.4844509485618773,0.45846982838184747,0.5902457864696803
489,0.8636524925061019,0.563635725317217,0.45846982838184763,0.5902457864696804
490,-0.6261357597921358,0.5049838795538103,-0.5592236299488043,0.5876695275039815
491,-0.7962290147461526,0.521242341290312,-0.559223629948804,0.5876695275039813
492,-0.418421602253615,0.49208489428031177,-0.21928504195056372,0.579848884773774
493,-0.9095157707588959,0.5350260294157967,-0.9137098301735614,0.6047106626516956
494,-1.4442370900626589,0.617687080300601,-1.2951252402427846,0.6321977095657948
495,-0.24756790967962128,0.4856402495937263,-0.5592236299488041,0.5876695275039815
496,-0.688402097605684,0.5102833269696023,-0.5592236299488043,0.5876695275039815
497,0.6723039324639746,0.5392323028231316,0.8170767571409767,0.6090083105987705
498,-0.7382334350731136,0.5150684609411705,-0.9137098301735616,0.6047106626516957
499,-0.3964527011317899,0.49106791951101475,-0.21928504195056353,0.579848884773774
500,0.2408370879348742,0.49694428165875476,0.11656468929844095,0.5806583454853818
501,0.23961465690140574,0.49685276971904924,0.4584698283818476,0.5902457864696803
502,0.9698107734082737,0.5785469375147227,0.8170767571409767,0.6090083105987705
503,1.1291088364706658,0.6022229377185689,1.2049048998145706,0.6382485441237418
504,1.1790589356017913,0.609864661056937,1.2049048998145706,0.638248544123742
505,-1.4442370900626589,0.617687080300601,-1.2951252402427846,0.6321977095657948
506,0.3024468136264903,0.5018282015073178,0.4584698283818478,0.5902457864696805
507,-0.679760879451122,0.5095030450310808,-0.559223629948804,0.5876695275039814
508,0.6109476229873887,0.5321566408200713,0.8170767571409772,0.6090083105987705
509,-0.8643804936766359,0.5292807902581721,-0.9137098301735616,0.6047106626516958
510,-0.660329272765557,0.507801586595104,-0.5592236299488039,0.5876695275039816
511,0.18045740125103965,0.49271518152040195,0.458469828381848,0.5902457864696802
512,0.16735788928182058,0.4918829058312745,-0.21928504195056392,0.5798488847737738
513,0.168018570962047,0.4919240952319622,-0.21928504195056392,0.5798488847737739
514,-0.9661245116728009,0.5426463460160781,-1.2951252402427844,0.6321977095657948
515,0.747634892011364,0.5484229304797543,0.817076757140977,0.6090083105987706
516,0.3992849681418944,0.5104029561839115,0.11656468929844095,0.5806583454853815
517,0.7673577233880917,0.6641680267248289,0.7332656779586504,0.6925220491261446
518,-1.0041491259147886,0.5479917996389649,-0.9137098301735613,0.6047106626516955
519,-1.1221563173880362,0.565509771326829,-0.9137098301735614,0.6047106626516957
520,1.1407168237904468,0.6039917894699895,0.8170767571409769,0.6090083105987707
521,-0.5965693270132805,0.5027236814861564,-0.21928504195056372,0.579848884773774
522,0.4258200323572732,0.5129125173866992,0.4584698283818478,0.5902457864696805
523,-0.28253434548443135,0.486675144799632,-0.21928504195056386,0.5798488847737742
524,-1.2308120920214143,0.5825684407492392,-0.9137098301735611,0.6047106626516954
525,-0.6530443377922042,0.5071825569873661,-0.21928504195056348,0.5798488847737742
526,-0.8422063169519611,0.5265773578792163,-0.913709830173561,0.6047106626516955
527,0.36228425208490267,0.507013085362301,0.45846982838184835,0.5902457864696804
528,0.746813818676141,0.548319764341004,0.8170767571409767,0.6090083105987705
529,1.5553965957770506,0.6684628763997974,1.6376087363486298,0.679183224386796
530,-0.5643991815234379,0.5004415493932162,-0.5592236299488038,0.5876695275039814
531,-0.3909634971525598,0.49082248539845685,-0.559223629948804,0.5876695275039816
532,-0.03763356457569157,0.4838560756391126,-0.21928504195056395,0.579848884773774
533,-0.4766284475565768,0.49506213939915733,-0.21928504195056372,0.579848884773774
534,-0.8272867857308958,0.6131527236203549,-0.5939353942112643,0.6589374259623302
535,0.5210248472515574,0.5224277568789687,0.11656468929844088,0.5806583454853815
536,-0.058431605454119934,0.4836142988287463,-0.21928504195056356,0.5798488847737738
537,-1.0791654666300583,0.5589848250177187,-0.9137098301735614,0.6047106626516957
538,0.44914211049198627,0.5151701334171405,0.4584698283818481,0.5902457864696805
539,0.6819888286111644,0.5403826806628029,0.8170767571409777,0.6090083105987708
540,-0.14378847356818397,0.4836673760638658,0.11656468929844116,0.5806583454853819
541,0.1270325752349725,0.4895356163648044,0.45846982838184747,0.5902457864696803
542,0.04344023458771232,0.48582340251515377,0.11656468929844105,0.5806583454853816
543,0.5886309639923749,0.5296725311491992,0.11656468929844091,0.5806583454853815
544,-0.17105254999501057,0.4840053214799988,-0.2192850419505639,0.5798488847737742
545,0.18045740125103965,0.49271518152040195,0.458469828381848,0.5902457864696802
546,0.01907671420053321,0.48505929313639073,-0.21928504195056372,0.579848884773774
547,-0.01160314404990001,0.4843085682091654,0.11656468929844106,0.5806583454853818
548,-1.4442370900626589,0.617687080300601,-1.2951252402427846,0.6321977095657948
549,0.023418213562731688,0.485184599909666,0.1165646892984413,0.5806583454853815
550,-0.23087218180556573,0.48520544568718577,-0.2192850419505635,0.579848884773774
551,0.7613887021836028,0.5501607613259059,0.458469828381848,0.5902457864696805
552,-0.5310263315784165,0.4982575384366932,-0.9137098301735613,0.6047106626516957
553,0.01726960615503173,0.4850085277124042,0.11656468929844127,0.5806583454853816
554,-0.8422063169519611,0.5265773578792163,-0.913709830173561,0.6047106626516955
555,-0.014029919993549633,0.4842592558893559,0.11656468929844128,0.5806583454853818
556,0.01907671420053321,0.48505929313639073,-0.21928504195056372,0.579848884773774
557,0.020346919625257545,0.8256806473665719,0.1723450984744237,0.787038011688528
558,-0.01096268903379774,0.484321827930389,0.11656468929844117,0.5806583454853818
559,0.6737439839949513,0.5394027704967107,0.4584698283818478,0.5902457864696804
560,-0.20284737512086046,0.4845698925563329,0.1165646892984411,0.5806583454853815
561,-0.9095157707588959,0.5350260294157967,-0.9137098301735614,0.6047106626516956
562,-1.0300083500748616,0.5517188476961279,-0.9137098301735613,0.6047106626516957
563,0.9698107734082737,0.5785469375147227,0.8170767571409767,0.6090083105987705
564,-1.0041491259147886,0.5479917996389649,-0.9137098301735613,0.6047106626516955
565,-0.04069502765954079,0.4838138700221178,-0.21928504195056386,0.5798488847737742
566,-0.6831578204265144,0.5098080389409986,-0.5592236299488038,0.5876695275039813
567,-0.3359927206013561,0.48855167357196005,-0.2192850419505639,0.5798488847737742
568,-0.365041609938828,0.4897094341115371,-0.2192850419505639,0.5798488847737742
569,-0.6228025436743084,0.5047210268688102,-0.5592236299488038,0.5876695275039813
570,-0.660329272765557,0.507801586595104,-0.5592236299488039,0.5876695275039816
571,0.746813818676141,0.548319764341004,0.8170767571409767,0.6090083105987705
572,0.03463333773331856,0.5968696508174048,-0.16323219597633332,0.6559526476560473
573,0.1295318533415057,0.48967122030643806,0.45846982838184763,0.5902457864696803
574,-0.4246134983096782,0.4923817267124862,-0.5592236299488038,0.5876695275039813
575,0.37581458982909455,0.6216682513759336,0.2727799970295142,0.6670223494274367
576,-0.17105254999501057,0.4840053214799988,-0.2192850419505639,0.5798488847737742
577,0.11540636797889042,0.4889227240045424,0.11656468929844067,0.5806583454853816
578,0.9698107734082737,0.5785469375147227,0.8170767571409767,0.6090083105987705
579,0.8969893472015525,0.5682257765984314,0.8170767571409767,0.6090083105987705
580,-1.071868575133293,0.5578923718502219,-0.9137098301735611,0.6047106626516954
581,0.5148167338659793,0.5217830993561043,0.45846982838184763,0.5902457864696803
582,-0.3323947569633911,0.4884148971243827,-0.5592236299488041,0.5876695275039815
583,0.020989034592037922,0.48511390568604046,0.11656468929844102,0.5806583454853818
584,0.41780642686279706,0.5121479242933547,0.45846982838184785,0.5902457864696803
585,1.5553965957770506,0.6684628763997974,1.6376087363486298,0.679183224386796
586,-0.23087218180556573,0.48520544568718577,-0.2192850419505635,0.579848884773774
587,-1.071868575133293,0.5578923718502219,-0.9137098301735611,0.6047106626516954
588,1.369864740558179,0.6395196359866483,1.2049048998145708,0.638248544123742
589,-0.4214439017090802,0.4922292115235523,-0.559223629948804,0.5876695275039814
590,0.44984594214583107,0.5152390091775074,0.45846982838184763,0.5902457864696803
591,1.0615054111107425,0.5920238914886269,0.8170767571409767,0.6090083105987707
592,-1.0791654666300583,0.5589848250177187,-0.9137098301735614,0.6047106626516957
593,1.1790589356017913,0.609864661056937,1.2049048998145706,0.638248544123742
594,0.01907671420053321,0.48505929313639073,-0.21928504195056372,0.579848884773774
595,0.19499524777034088,0.4936762445764844,0.1165646892984411,0.5806583454853816
596,1.305693223257161,0.6294965672605721,1.204904899814571,0.6382485441237422
597,0.9776579827854398,0.5796810363393328,0.8170767571409774,0.6090083105987708
598,-0.01160314404990001,0.4843085682091654,0.11656468929844106,0.5806583454853818
599,1.0064078225047135,0.5838687183333235,0.8170767571409776,0.6090083105987708
600,-0.0068737905630949225,0.48440890287327765,0.11656468929844133,0.5806583454853819
601,-0.9095157707588959,0.5350260294157967,-0.9137098301735614,0.6047106626516956
602,-0.5986238548910964,0.502875600473147,-0.5592236299488039,0.5876695275039816
603,0.9340749150692889,0.5734343345066434,1.2049048998145713,0.6382485441237422
604,-0.06399424818475613,0.4835673322889234,0.4584698283818476,0.5902457864696802
605,-0.9637328961572273,0.5423158961412617,-0.9137098301735609,0.6047106626516954
606,-0.5643991815234379,0.5004415493932162,-0.5592236299488038,0.5876695275039814
607,-0.9661245116728009,0.5426463460160781,-1.2951252402427844,0.6321977095657948
608,1.0064078225047135,0.5838687183333235,0.8170767571409776,0.6090083105987708
609,-0.6596252787002703,0.5077413187450318,-0.5592236299488041,0.5876695275039815
610,-0.4214439017090802,0.4922292115235523,-0.559223629948804,0.5876695275039814
611,1.2197700631989443,0.616143384541569,1.2049048998145706,0.6382485441237419
612,0.2745987956326036,0.4995574480388486,0.11656468929844105,0.5806583454853816
613,-0.20284737512086046,0.4845698925563329,0.1165646892984411,0.5806583454853815
614,1.1291088364706658,0.6022229377185689,1.2049048998145706,0.6382485441237418
615,-0.11832282355788262,0.5911126126845615,-0.5939353942112643,0.6589374259623304
616,-0.42210550127403346,0.49226094781406754,-0.5592236299488041,0.5876695275039815
617,-1.6176717752211356,0.6470694945321382,-1.7187355097094603,0.6713735984197418
618,1.369864740558179,0.6395196359866483,1.2049048998145708,0.638248544123742
619,-0.418421602253615,0.49208489428031177,-0.21928504195056372,0.579848884773774
620,-0.660329272765557,0.507801586595104,-0.5592236299488039,0.5876695275039816
621,-1.0300083500748616,0.5517188476961279,-0.9137098301735613,0.6047106626516957
622,0.3992849681418944,0.5104029561839115,0.11656468929844095,0.5806583454853815
623,-0.9413812414343565,0.5392627089136998,-0.559223629948804,0.5876695275039816
624,-0.9102975159696176,0.5351282499925301,-0.9137098301735611,0.6047106626516956
625,-0.619261101408053,0.5985332921858745,-0.5939353942112642,0.6589374259623303
626,1.0064078225047135,0.5838687183333235,0.8170767571409776,0.6090083105987708
627,0.4854896935142631,0.5187835576388634,0.4584698283818478,0.5902457864696805
628,-0.14568969501831988,0.483686290998356,-0.21928504195056372,0.579848884773774
629,0.642435736081021,0.5357423292992053,0.45846982838184824,0.5902457864696805
630,0.10930135962251275,0.48861287906700734,-0.21928504195056386,0.579848884773774
631,1.369864740558179,0.6395196359866483,1.2049048998145708,0.638248544123742
632,-1.4442370900626589,0.617687080300601,-1.2951252402427846,0.6321977095657948
633,1.1291088364706658,0.6022229377185689,1.2049048998145706,0.6382485441237418
634,-0.8031826526826115,0.5220249359422343,-0.9137098301735616,0.6047106626516958
635,-0.39459720206161464,0.4909845722745429,-0.21928504195056395,0.579848884773774
636,-0.4214439017090802,0.4922292115235523,-0.559223629948804,0.5876695275039814
637,-0.16500595787298222,0.5900930628771314,-0.1632321959763331,0.6559526476560473
638,-0.7738428072879298,0.5187836626796501,-0.9137098301735611,0.6047106626516956
639,1.2197700631989443,0.616143384541569,1.2049048998145706,0.6382485441237419
640,-0.6247635857556723,0.5048754210070858,-0.5592236299488038,0.5876695275039814
641,0.006717323973337658,0.5955481114899903,-0.16323219597633337,0.6559526476560473
642,-0.03407273550216951,0.4839080635517949,0.1165646892984412,0.5806583454853816
643,-0.08260462766248566,0.483463348201771,-0.5592236299488038,0.5876695275039812
644,0.38236493024608686,0.5088365512063452,0.4584698283818478,0.5902457864696803
645,-0.03407273550216951,0.4839080635517949,0.1165646892984412,0.5806583454853816
646,1.1407168237904468,0.6039917894699895,0.8170767571409769,0.6090083105987707
647,-0.9731412879093114,0.5436199168779381,-0.5592236299488043,0.5876695275039815
648,-0.26167536159479887,0.4860382079065562,-0.21928504195056392,0.5798488847737742
649,0.05602729286861985,0.4862758717240726,-0.21928504195056409,0.579848884773774
650,-0.32990807461855576,0.4883212275566365,-0.5592236299488043,0.5876695275039815
651,-0.3359927206013561,0.48855167357196005,-0.2192850419505639,0.5798488847737742
652,-0.056011421924780966,0.48363704639600713,-0.21928504195056392,0.5798488847737738
653,1.0238908730472043,0.5864389669028715,0.8170767571409769,0.6090083105987706
654,-1.6176717752211356,0.6470694945321382,-1.7187355097094603,0.6713735984197418
655,0.9331772725309624,0.5733070575297995,1.2049048998145706,0.6382485441237419
656,-0.8385830451421321,0.526143469848549,-0.9137098301735614,0.6047106626516957
657,0.5578408968662412,0.5263214579049045,0.45846982838184797,0.5902457864696805
658,0.0250915975466892,0.4852341583290302,0.11656468929844105,0.5806583454853816
659,-0.14378847356818397,0.4836673760638658,0.11656468929844116,0.5806583454853819
660,-0.5376148774156492,0.4986745478874152,-0.21928504195056409,0.5798488847737746
661,-0.4436900638940441,0.4933252591011707,-0.5592236299488038,0.5876695275039814
662,0.2625264653909093,0.6118172443157497,-0.16323219597633337,0.6559526476560474
663,-0.3391149316728898,0.4886715550466894,-0.21928504195056353,0.5798488847737742
664,-0.6247635857556723,0.5048754210070858,-0.5592236299488038,0.5876695275039814
665,-0.5310263315784165,0.4982575384366932,-0.9137098301735613,0.6047106626516957
666,-0.17285546824533093,0.48403258274938954,-0.21928504195056356,0.5798488847737738
667,-1.2308120920214143,0.5825684407492392,-0.9137098301735611,0.6047106626516954
668,1.305693223257161,0.6294965672605721,1.204904899814571,0.6382485441237422
669,1.305693223257161,0.6294965672605721,1.204904899814571,0.6382485441237422
670,-0.17285546824533093,0.48403258274938954,-0.21928504195056356,0.5798488847737738
671,0.3992849681418944,0.5104029561839115,0.11656468929844095,0.5806583454853815
672,-0.9661245116728009,0.5426463460160781,-1.2951252402427844,0.6321977095657948
673,1.2197700631989443,0.616143384541569,1.2049048998145706,0.6382485441237419
674,-0.11618736709283642,0.48347566419577365,-0.2192850419505635,0.5798488847737742
675,-0.671488407723712,0.5087697217920902,-0.9137098301735613,0.6047106626516957
676,-0.17285546824533093,0.48403258274938954,-0.21928504195056356,0.5798488847737738
677,-1.2308120920214143,0.5825684407492392,-0.9137098301735611,0.6047106626516954
678,0.2408370879348742,0.49694428165875476,0.11656468929844095,0.5806583454853818
679,1.305693223257161,0.6294965672605721,1.204904899814571,0.6382485441237422
680,1.5553965957770506,0.6684628763997974,1.6376087363486298,0.679183224386796
681,-0.010760286002266861,0.594781287544113,0.2727799970295141,0.6670223494274367
682,-0.27943745780911367,0.4865770372158024,-0.2192850419505639,0.5798488847737742
683,-1.4442370900626589,0.617687080300601,-1.2951252402427846,0.6321977095657948
684,0.41910535327842824,0.5122714666727479,0.11656468929844108,0.5806583454853816
685,-0.4494823794300079,0.49362061430561077,0.11656468929844127,0.5806583454853816
686,0.8195657382811079,0.557710077660854,0.8170767571409772,0.6090083105987706
687,0.5148167338659793,0.5217830993561043,0.45846982838184763,0.5902457864696803
688,1.305693223257161,0.6294965672605721,1.204904899814571,0.6382485441237422
689,-0.3359927206013561,0.48855167357196005,-0.2192850419505639,0.5798488847737742
690,-0.5100885585726808,0.4969765746586075,-0.21928504195056392,0.5798488847737742
691,0.642435736081021,0.5357423292992053,0.45846982838184824,0.5902457864696805
692,0.1340504295056658,0.48991979409993536,0.11656468929844127,0.5806583454853816
693,-0.610230842312285,0.8301117660186482,-0.4389287176427276,0.7800797730878822
694,1.5553965957770506,0.6684628763997974,1.6376087363486298,0.679183224386796
695,0.01843431372578344,0.48504115297219735,-0.2192850419505639,0.5798488847737742
696,0.04279581381593074,0.4858012894185895,0.1165646892984413,0.5806583454853815
697,-0.8101434612523741,0.522817151030626,-0.5592236299488037,0.5876695275039813
698,-0.20168490822903262,0.48454622214515247,-0.2192850419505638,0.5798488847737738
699,0.04344023458771232,0.48582340251515377,0.11656468929844105,0.5806583454853816
700,-1.6176717752211356,0.6470694945321382,-1.7187355097094603,0.6713735984197418
701,0.10681281526909045,0.4884889823223203,-0.21928504195056397,0.5798488847737742
702,-0.3128851896809667,0.4876991078639332,0.11656468929844127,0.5806583454853816
703,0.378956863197597,0.6219609980543072,0.7332656779586502,0.6925220491261446
704,1.2197700631989443,0.616143384541569,1.2049048998145706,0.6382485441237419
705,-1.0300083500748616,0.5517188476961279,-0.9137098301735613,0.6047106626516957
706,-1.2308120920214143,0.5825684407492392,-0.9137098301735611,0.6047106626516954
707,-0.5310263315784165,0.4982575384366932,-0.9137098301735613,0.6047106626516957
708,-0.8385830451421321,0.526143469848549,-0.9137098301735614,0.6047106626516957
709,-1.2664871641276418,0.5883134617620125,-1.2951252402427846,0.6321977095657948
710,-0.5643991815234379,0.5004415493932162,-0.5592236299488038,0.5876695275039814
711,-0.8031826526826115,0.5220249359422343,-0.9137098301735616,0.6047106626516958
712,-0.14568969501831988,0.483686290998356,-0.21928504195056372,0.579848884773774
713,-0.5035408833258305,0.4965894132845857,-0.5592236299488038,0.5876695275039814
714,0.1352389249221033,0.48998589919557023,-0.21928504195056397,0.5798488847737742
715,-0.16979179428125407,0.48398661020842815,-0.2192850419505637,0.5798488847737738
716,-0.04069502765954079,0.4838138700221178,-0.21928504195056386,0.5798488847737742
717,-1.1221563173880362,0.565509771326829,-0.9137098301735614,0.6047106626516957
718,0.38236493024608686,0.5088365512063452,0.4584698283818478,0.5902457864696803
719,0.642435736081021,0.5357423292992053,0.45846982838184824,0.5902457864696805
720,0.8519743192217667,0.5620496164980235,1.2049048998145704,0.6382485441237419
721,1.369864740558179,0.6395196359866483,1.2049048998145708,0.638248544123742
722,-0.27943745780911367,0.4865770372158024,-0.2192850419505639,0.5798488847737742
723,-0.30477125173610803,0.48741448492237865,-0.5592236299488041,0.5876695275039815
724,0.579694259675459,0.5286908672514332,0.45846982838184797,0.5902457864696804
725,0.9340749150692889,0.5734343345066434,1.2049048998145713,0.6382485441237422
726,-0.20284737512086046,0.4845698925563329,0.1165646892984411,0.5806583454853815
727,0.5210248472515574,0.5224277568789687,0.11656468929844088,0.5806583454853815
728,-0.5290092670455626,0.4981312261707752,-0.5592236299488038,0.5876695275039813
729,-0.4214439017090802,0.4922292115235523,-0.559223629948804,0.5876695275039814
730,-0.11492933344701903,0.48347072658937307,-0.2192850419505636,0.5798488847737738
731,0.04344023458771232,0.48582340251515377,0.11656468929844105,0.5806583454853816
732,-1.2664871641276418,0.5883134617620125,-1.2951252402427846,0.6321977095657948
733,-0.365041609938828,0.4897094341115371,-0.2192850419505639,0.5798488847737742
734,-1.3043785394350318,0.5944791755092479,-1.295125240242785,0.632197709565795
735,-0.6748755380494185,0.5090683653357067,-0.9137098301735613,0.6047106626516957
736,0.41910535327842824,0.5122714666727479,0.11656468929844108,0.5806583454853816
737,-0.11554913389905998,0.48347311678834637,-0.21928504195056353,0.5798488847737742
738,0.01907671420053321,0.48505929313639073,-0.21928504195056372,0.579848884773774
739,-0.5035408833258305,0.4965894132845857,-0.5592236299488038,0.5876695275039814
740,0.44914211049198627,0.5151701334171405,0.4584698283818481,0.5902457864696805
741,0.2173668769493879,0.4952279511711043,0.11656468929844117,0.5806583454853819
742,-0.20168490822903262,0.48454622214515247,-0.2192850419505638,0.5798488847737738
743,0.5530176910506663,0.5258043996894683,0.45846982838184797,0.5902457864696805
744,0.21163309047104514,0.49482214050821216,0.11656468929844119,0.5806583454853816
745,-1.2200133451607194,0.5808420096524078,-1.295125240242785,0.632197709565795
746,-0.3848104430520628,0.49055143422542,-0.21928504195056403,0.5798488847737743
747,-0.5376148774156492,0.4986745478874152,-0.21928504195056409,0.5798488847737746
748,-0.24565142628604575,0.485588311400406,-0.21928504195056372,0.5798488847737739
749,-0.6194996299661746,0.5044626024351735,-0.5592236299488046,0.5876695275039816
750,-0.5277809522333392,0.49805461527583655,-0.9137098301735611,0.6047106626516955
751,-0.9661245116728009,0.5426463460160781,-1.2951252402427844,0.6321977095657948
752,-1.3844052283704307,0.6076837439356485,-1.2951252402427844,0.6321977095657948
753,-1.4442370900626589,0.617687080300601,-1.2951252402427846,0.6321977095657948
754,-0.418421602253615,0.49208489428031177,-0.21928504195056372,0.579848884773774
755,-0.3257534297754795,0.4881663060663478,-0.5592236299488039,0.5876695275039812
756,-0.9731412879093114,0.5436199168779381,-0.5592236299488043,0.5876695275039815
757,0.5148167338659793,0.5217830993561043,0.45846982838184763,0.5902457864696803
758,0.6207787763592183,0.5332659423137157,0.45846982838184747,0.5902457864696804
759,0.07446017956628233,0.48700829832953346,-0.21928504195056392,0.5798488847737742
760,-1.6176717752211356,0.6470694945321382,-1.7187355097094603,0.6713735984197418
761,-0.7745777802161009,0.5188628948571583,-0.9137098301735614,0.6047106626516957
762,-0.09122069330551981,0.48344240930974286,0.11656468929844124,0.5806583454853815
763,-0.5003171076532066,0.49640108010353007,-0.5592236299488038,0.5876695275039814
764,-0.3964527011317899,0.49106791951101475,-0.21928504195056353,0.579848884773774
765,0.1853545245775299,0.49303460805176,0.4584698283818478,0.5902457864696805
766,0.8195657382811079,0.557710077660854,0.8170767571409772,0.6090083105987706
767,-0.9661245116728009,0.5426463460160781,-1.2951252402427844,0.6321977095657948
768,0.747634892011364,0.5484229304797543,0.817076757140977,0.6090083105987706
769,-0.2752381833997092,0.8255711564846686,-0.43892871764272773,0.7800797730878823
770,-0.22305051895753014,0.4850158354740982,-0.2192850419505639,0.5798488847737742
771,-0.8422063169519611,0.5265773578792163,-0.913709830173561,0.6047106626516955
772,0.7080034252443383,0.6571084658593129,0.7332656779586502,0.6925220491261446
773,0.38236493024608686,0.5088365512063452,0.4584698283818478,0.5902457864696803
774,0.6737439839949513,0.5394027704967107,0.4584698283818478,0.5902457864696804
775,0.01843431372578344,0.48504115297219735,-0.2192850419505639,0.5798488847737742
776,-1.1221563173880362,0.565509771326829,-0.9137098301735614,0.6047106626516957
777,0.7537157586817779,0.8420886430624982,0.8105587489742259,0.8136981587191087
778,-0.8779586620263858,0.5309758895216276,-0.5592236299488038,0.5876695275039814
779,0.5148167338659793,0.5217830993561043,0.45846982838184763,0.5902457864696803
780,-0.5629043559315775,0.5003398238686891,-0.5592236299488038,0.5876695275039814
781,-0.6748755380494185,0.5090683653357067,-0.9137098301735613,0.6047106626516957
782,-0.9661245116728009,0.5426463460160781,-1.2951252402427844,0.6321977095657948
783,0.42653845053645834,0.5129813431911008,0.45846982838184785,0.5902457864696804
784,-1.1221563173880362,0.565509771326829,-0.9137098301735614,0.6047106626516957
785,-0.03227054096047209,0.48393556638747887,0.11656468929844113,0.580658345485382
786,-0.6188048555610587,0.5044084998444655,-0.559223629948804,0.5876695275039816
787,-0.595318296125918,0.5026315457048435,-0.5592236299488038,0.5876695275039814
788,-0.055372750980659954,0.48364328420099284,-0.2192850419505637,0.5798488847737738
789,-0.10841875071533877,0.48345063052306525,-0.21928504195056392,0.5798488847737738
790,0.04344023458771232,0.48582340251515377,0.11656468929844105,0.5806583454853816
791,1.0238908730472043,0.5864389669028715,0.8170767571409769,0.6090083105987706
792,-0.660329272765557,0.507801586595104,-0.5592236299488039,0.5876695275039816
793,-0.5585438720553009,0.500045218388228,-0.5592236299488038,0.5876695275039814
794,0.44914211049198627,0.5151701334171405,0.4584698283818481,0.5902457864696805
795,-0.8399540297809371,0.5263073819945066,-0.559223629948804,0.5876695275039815
796,-0.9637328961572273,0.5423158961412617,-0.9137098301735609,0.6047106626516954
797,0.04652759504713995,0.4859307696175805,0.11656468929844117,0.5806583454853818
798,0.7537157586817779,0.8420886430624982,0.8105587489742259,0.8136981587191087
799,0.558597384212086,0.5264027470555133,0.4584698283818476,0.5902457864696806
800,-0.4246134983096782,0.4923817267124862,-0.5592236299488038,0.5876695275039813
801,0.7673577233880917,0.6641680267248289,0.7332656779586504,0.6925220491261446
802,-0.9102975159696176,0.5351282499925301,-0.9137098301735611,0.6047106626516956
803,-0.8399540297809371,0.5263073819945066,-0.559223629948804,0.5876695275039815
804,0.1352389249221033,0.48998589919557023,-0.21928504195056397,0.5798488847737742
805,0.04652759504713995,0.4859307696175805,0.11656468929844117,0.5806583454853818
806,0.6811916440133143,0.5402876428087384,0.8170767571409775,0.6090083105987706
807,0.558597384212086,0.5264027470555133,0.4584698283818476,0.5902457864696806
808,0.16030343701798996,0.49144842326436766,0.11656468929844108,0.5806583454853816
809,-0.08376183888570857,0.48345954705918975,-0.21928504195056397,0.5798488847737742
810,0.558597384212086,0.5264027470555133,0.4584698283818476,0.5902457864696806
811,-0.5310263315784165,0.4982575384366932,-0.9137098301735613,0.6047106626516957
812,-1.2308120920214143,0.5825684407492392,-0.9137098301735611,0.6047106626516954
813,0.41910535327842824,0.5122714666727479,0.11656468929844108,0.5806583454853816
814,-0.9321222404446221,0.5380171865557379,-0.9137098301735616,0.6047106626516957
815,-0.3977507240851961,0.4911264591092239,-0.2192850419505637,0.5798488847737744
816,-1.4442370900626589,0.617687080300601,-1.2951252402427846,0.6321977095657948
817,0.8195657382811079,0.557710077660854,0.8170767571409772,0.6090083105987706
818,0.22045425960875595,0.4954487094833096,0.45846982838184813,0.5902457864696804
819,1.369864740558179,0.6395196359866483,1.2049048998145708,0.638248544123742
820,-1.4442370900626589,0.617687080300601,-1.2951252402427846,0.6321977095657948
821,1.305693223257161,0.6294965672605721,1.204904899814571,0.6382485441237422
822,-0.17285546824533093,0.48403258274938954,-0.21928504195056356,0.5798488847737738
823,-0.610230842312285,0.8301117660186482,-0.4389287176427276,0.7800797730878822
824,-0.3977507240851961,0.4911264591092239,-0.2192850419505637,0.5798488847737744
825,-0.22421524973159784,0.4850434853967932,0.11656468929844105,0.5806583454853818
826,-0.22113893332132245,0.4849709045468643,0.11656468929844066,0.5806583454853818
827,-0.28060972118800975,0.4866140311397627,0.11656468929844109,0.5806583454853818
828,-1.0488535121023546,0.6349345388223243,-1.0379394534629274,0.6761002515693982
829,0.04652759504713995,0.4859307696175805,0.11656468929844117,0.5806583454853818
830,-0.03763356457569157,0.4838560756391126,-0.21928504195056395,0.579848884773774
831,0.3992849681418944,0.5104029561839115,0.11656468929844095,0.5806583454853815
832,-0.09122069330551981,0.48344240930974286,0.11656468929844124,0.5806583454853815
833,0.5210248472515574,0.5224277568789687,0.11656468929844088,0.5806583454853815
834,0.3930953828359857,0.509826833275992,0.8170767571409768,0.6090083105987707
835,-0.7459872853524714,0.5158566458783942,-0.5592236299488043,0.5876695275039815
836,1.369864740558179,0.6395196359866483,1.2049048998145708,0.638248544123742
837,0.21495168884598298,0.6081237421307453,0.27277999702951405,0.6670223494274364
838,-0.20475577886660296,0.48460923121758115,-0.21928504195056397,0.5798488847737742
839,-0.24805694914369986,0.5891481842581647,-0.1632321959763332,0.6559526476560472
840,-0.6596252787002703,0.5077413187450318,-0.5592236299488041,0.5876695275039815
841,-0.4246134983096782,0.4923817267124862,-0.5592236299488038,0.5876695275039813
842,-1.3043785394350318,0.5944791755092479,-1.295125240242785,0.632197709565795
843,-0.30722993554415984,0.48749990812308325,-0.5592236299488038,0.5876695275039814
844,0.8155695255765083,0.6700121799041618,0.7332656779586502,0.6925220491261446
845,-1.3043785394350318,0.5944791755092479,-1.295125240242785,0.632197709565795
846,0.4288010435888589,0.6267330800034279,0.27277999702951417,0.6670223494274364
847,-0.9022134841179505,0.5340755056496276,-0.5592236299488038,0.5876695275039814
848,0.30150087484822136,0.501749482166148,0.45846982838184824,0.5902457864696805
849,-0.5585438720553009,0.500045218388228,-0.5592236299488038,0.5876695275039814
850,-0.660329272765557,0.507801586595104,-0.5592236299488039,0.5876695275039816
851,0.5148167338659793,0.5217830993561043,0.45846982838184763,0.5902457864696803
852,0.02585438808362997,0.4852569813940586,0.1165646892984416,0.5806583454853818
853,0.608769257859313,0.531912090110503,0.8170767571409767,0.6090083105987705
854,1.5553965957770506,0.6684628763997974,1.6376087363486298,0.679183224386796
855,-1.0041491259147886,0.5479917996389649,-0.9137098301735613,0.6047106626516955
856,1.5553965957770506,0.6684628763997974,1.6376087363486298,0.679183224386796
857,-0.6228025436743084,0.5047210268688102,-0.5592236299488038,0.5876695275039813
858,-0.23087218180556573,0.48520544568718577,-0.2192850419505635,0.579848884773774
859,1.305693223257161,0.6294965672605721,1.204904899814571,0.6382485441237422
860,0.9331772725309624,0.5733070575297995,1.2049048998145706,0.6382485441237419
861,-1.4442370900626589,0.617687080300601,-1.2951252402427846,0.6321977095657948
862,-0.418421602253615,0.49208489428031177,-0.21928504195056372,0.579848884773774
863,0.6819888286111644,0.5403826806628029,0.8170767571409777,0.6090083105987708
864,1.2082725231345148,0.7196221721292644,1.2394915218918436,0.7326935302592025
865,-0.4214439017090802,0.4922292115235523,-0.559223629948804,0.5876695275039814
866,1.1407168237904468,0.6039917894699895,0.8170767571409769,0.6090083105987707
867,0.8195657382811079,0.557710077660854,0.8170767571409772,0.6090083105987706
868,-1.037803262788723,0.5528557890095969,-1.2951252402427849,0.6321977095657949
869,0.6811916440133143,0.5402876428087384,0.8170767571409775,0.6090083105987706
870,0.020346919625257545,0.8256806473665719,0.1723450984744237,0.787038011688528
871,-0.2752381833997092,0.8255711564846686,-0.43892871764272773,0.7800797730878823
872,-0.5552752619629607,0.4998264522446006,-0.5592236299488041,0.5876695275039815
873,1.1291088364706658,0.6022229377185689,1.2049048998145706,0.6382485441237418
874,-0.2752381833997092,0.8255711564846686,-0.43892871764272773,0.7800797730878823
875,-0.22960519890641864,0.4851741091227372,-0.21928504195056356,0.5798488847737738
876,0.21351789399244117,0.4949549344324456,0.11656468929844138,0.5806583454853818
877,0.1352389249221033,0.48998589919557023,-0.21928504195056397,0.5798488847737742
878,-0.32381703395482403,0.4880947772730931,-0.21928504195056372,0.5798488847737739
879,0.33634660903511815,0.5047178101550301,0.11656468929844127,0.5806583454853816
880,1.5553965957770506,0.6684628763997974,1.6376087363486298,0.679183224386796
881,0.020989034592037922,0.48511390568604046,0.11656468929844102,0.5806583454853818
882,-0.6831578204265144,0.5098080389409986,-0.5592236299488038,0.5876695275039813
883,0.44914211049198627,0.5151701334171405,0.4584698283818481,0.5902457864696805
884,1.0064078225047135,0.5838687183333235,0.8170767571409776,0.6090083105987708
885,0.9776579827854398,0.5796810363393328,0.8170767571409774,0.6090083105987708
886,0.41910535327842824,0.5122714666727479,0.11656468929844108,0.5806583454853816
887,0.37120392013572856,0.5078181930726628,0.116564689298441,0.5806583454853818
888,1.1407168237904468,0.6039917894699895,0.8170767571409769,0.6090083105987707
889,0.3857530370457034,0.5091480546344596,0.45846982838184813,0.5902457864696804
890,-0.5643991815234379,0.5004415493932162,-0.5592236299488038,0.5876695275039814
891,-0.9661245116728009,0.5426463460160781,-1.2951252402427844,0.6321977095657948
892,-0.20948170659420948,0.5894483139069993,0.2727799970295144,0.6670223494274365
893,-0.9022134841179505,0.5340755056496276,-0.5592236299488038,0.5876695275039814
894,0.747634892011364,0.5484229304797543,0.817076757140977,0.6090083105987706
895,0.4612682920293859,0.5163628334033337,0.11656468929844113,0.580658345485382
896,1.5553965957770506,0.6684628763997974,1.6376087363486298,0.679183224386796
897,-1.1571353060712517,0.5709202607951053,-0.9137098301735613,0.6047106626516955
898,-0.9413812414343565,0.5392627089136998,-0.559223629948804,0.5876695275039816
899,0.9331772725309624,0.5733070575297995,1.2049048998145706,0.6382485441237419
900,1.0064078225047135,0.5838687183333235,0.8170767571409776,0.6090083105987708
901,-0.06589455238060406,0.48355297778958684,0.11656468929844128,0.5806583454853818
902,-0.20475577886660296,0.48460923121758115,-0.21928504195056397,0.5798488847737742
903,-0.5986238548910964,0.502875600473147,-0.5592236299488039,0.5876695275039816
904,0.2745987956326036,0.4995574480388486,0.11656468929844105,0.5806583454853816
905,0.9247950888415781,0.5721213660707003,0.8170767571409767,0.6090083105987706
906,0.21418686182664415,0.49500220928776173,0.11656468929844127,0.5806583454853818
907,0.21163309047104514,0.49482214050821216,0.11656468929844119,0.5806583454853816
908,0.8636524925061019,0.563635725317217,0.45846982838184763,0.5902457864696804
909,-0.5035408833258305,0.4965894132845857,-0.5592236299488038,0.5876695275039814
910,1.369864740558179,0.6395196359866483,1.2049048998145708,0.638248544123742
911,0.24217001934552992,0.4970443230075602,0.4584698283818479,0.5902457864696804
912,-1.2200133451607194,0.5808420096524078,-1.295125240242785,0.632197709565795
913,0.04525685565539063,0.48588629255823645,0.11656468929844128,0.5806583454853818
914,0.08117285721178144,0.4872953307128984,0.11656468929844106,0.5806583454853816
915,0.3704998849539631,0.5077543603606592,0.11656468929844102,0.5806583454853818
916,0.579694259675459,0.5286908672514332,0.45846982838184797,0.5902457864696804
917,0.23961465690140574,0.49685276971904924,0.4584698283818476,0.5902457864696803
918,-1.2664871641276418,0.5883134617620125,-1.2951252402427846,0.6321977095657948
919,0.24284465145124456,0.49709505849623986,0.4584698283818478,0.5902457864696805
920,1.5553965957770506,0.6684628763997974,1.6376087363486298,0.679183224386796
921,1.1790589356017913,0.609864661056937,1.2049048998145706,0.638248544123742
922,-0.470130701200261,0.49470830094286544,-0.5592236299488038,0.5876695275039812
923,-0.14772698961388026,0.4837073521258952,0.1165646892984415,0.5806583454853819
924,-0.7962290147461526,0.521242341290312,-0.559223629948804,0.5876695275039813
925,-0.7103443046758999,0.5123304073464071,-0.9137098301735611,0.6047106626516956
926,-0.08816416121511576,0.4834478960998724,0.11656468929844102,0.5806583454853819
927,-0.4246134983096782,0.4923817267124862,-0.5592236299488038,0.5876695275039813
928,-0.23022939120377242,0.4851895175689805,-0.21928504195056364,0.5798488847737742
929,-0.6247635857556723,0.5048754210070858,-0.5592236299488038,0.5876695275039814
930,0.9340749150692889,0.5734343345066434,1.2049048998145713,0.6382485441237422
931,-0.3964527011317899,0.49106791951101475,-0.21928504195056353,0.579848884773774
932,0.21418686182664415,0.49500220928776173,0.11656468929844127,0.5806583454853818
933,0.21163309047104514,0.49482214050821216,0.11656468929844119,0.5806583454853816
934,-0.4246134983096782,0.4923817267124862,-0.5592236299488038,0.5876695275039813
935,-0.8385830451421321,0.526143469848549,-0.9137098301735614,0.6047106626516957
936,1.1790589356017913,0.609864661056937,1.2049048998145706,0.638248544123742
937,1.305693223257161,0.6294965672605721,1.204904899814571,0.6382485441237422
938,0.01907671420053321,0.48505929313639073,-0.21928504195056372,0.579848884773774
939,0.8195657382811079,0.557710077660854,0.8170767571409772,0.6090083105987706
940,0.8969893472015525,0.5682257765984314,0.8170767571409767,0.6090083105987705
941,-0.01096268903379774,0.484321827930389,0.11656468929844117,0.5806583454853818
942,-1.6176717752211356,0.6470694945321382,-1.7187355097094603,0.6713735984197418
943,0.1340504295056658,0.48991979409993536,0.11656468929844127,0.5806583454853816
944,-0.17105254999501057,0.4840053214799988,-0.2192850419505639,0.5798488847737742
945,-0.6247635857556723,0.5048754210070858,-0.5592236299488038,0.5876695275039814
946,-1.6176717752211356,0.6470694945321382,-1.7187355097094603,0.6713735984197418
947,0.5280094249732613,0.5231571260490534,0.4584698283818478,0.5902457864696804
948,0.37120392013572856,0.5078181930726628,0.116564689298441,0.5806583454853818
949,0.9698107734082737,0.5785469375147227,0.8170767571409767,0.6090083105987705
950,-0.4494823794300079,0.49362061430561077,0.11656468929844127,0.5806583454853816
951,-0.7389369918985478,0.5151394966499714,-0.9137098301735616,0.6047106626516957
952,-0.9102975159696176,0.5351282499925301,-0.9137098301735611,0.6047106626516956
953,-0.7103443046758999,0.5123304073464071,-0.9137098301735611,0.6047106626516956
954,-0.5986238548910964,0.502875600473147,-0.5592236299488039,0.5876695275039816
955,-0.11388772580098412,0.483466895710725,-0.2192850419505637,0.5798488847737739
956,-0.5313947984811261,0.5943200557794606,-0.16323219597633337,0.6559526476560474
957,0.168018570962047,0.4919240952319622,-0.21928504195056392,0.5798488847737739
958,0.16160699742220866,0.49152797207365756,0.4584698283818478,0.5902457864696804
959,0.9340749150692889,0.5734343345066434,1.2049048998145713,0.6382485441237422
960,-0.3391149316728898,0.4886715550466894,-0.21928504195056353,0.5798488847737742
961,-0.6254596481662635,0.5049303948274091,-0.5592236299488039,0.5876695275039814
962,-0.20539702944817045,0.48462258270594893,-0.21928504195056386,0.5798488847737742
963,-0.455713294258479,0.49394305485040707,-0.21928504195056375,0.5798488847737743
964,0.7537157586817779,0.8420886430624982,0.8105587489742259,0.8136981587191087
965,0.6761097636293892,0.5396832638152304,0.8170767571409766,0.6090083105987706
966,-0.18259271460813803,0.825180107293592,-0.4389287176427278,0.7800797730878821
967,-0.5369359409331834,0.49863126088189363,-0.2192850419505637,0.5798488847737744
968,-0.9661245116728009,0.5426463460160781,-1.2951252402427844,0.6321977095657948
969,-0.7389369918985478,0.5151394966499714,-0.9137098301735616,0.6047106626516957
970,1.2082725231345148,0.7196221721292644,1.2394915218918436,0.7326935302592025
971,0.2408370879348742,0.49694428165875476,0.11656468929844095,0.5806583454853818
972,-0.20284737512086046,0.4845698925563329,0.1165646892984411,0.5806583454853815
973,-0.5310263315784165,0.4982575384366932,-0.9137098301735613,0.6047106626516957
974,-1.1221563173880362,0.565509771326829,-0.9137098301735614,0.6047106626516957
975,-0.014029919993549633,0.4842592558893559,0.11656468929844128,0.5806583454853818
976,1.369864740558179,0.6395196359866483,1.2049048998145708,0.638248544123742
977,0.48475493818605253,0.518709373444173,0.4584698283818478,0.5902457864696805
978,1.5553965957770506,0.6684628763997974,1.6376087363486298,0.679183224386796
979,-0.1654711428369109,0.4839247024689637,0.11656468929844106,0.5806583454853818
980,1.5553965957770506,0.6684628763997974,1.6376087363486298,0.679183224386796
981,1.2197700631989443,0.616143384541569,1.2049048998145706,0.6382485441237419
982,0.44984594214583107,0.5152390091775074,0.45846982838184763,0.5902457864696803
983,-0.1720965045927303,0.48402103468119484,-0.21928504195056334,0.579848884773774
984,-0.2756254499038816,0.4864579484956727,-0.5592236299488041,0.5876695275039815
985,0.5140734607832831,0.5217061452941549,0.45846982838184824,0.5902457864696805
986,-0.024794834764283902,0.4840582279486388,-0.21928504195056395,0.5798488847737739
987,1.5553965957770506,0.6684628763997974,1.6376087363486298,0.679183224386796
988,0.0250915975466892,0.4852341583290302,0.11656468929844105,0.5806583454853816
989,-0.5028870443907524,0.49655109473015796,-0.559223629948804,0.5876695275039816
990,-0.16611057731671933,0.4839336469960837,0.11656468929844106,0.5806583454853818
991,0.020346919625257545,0.8256806473665719,0.1723450984744237,0.787038011688528
992,-0.08816416121511576,0.4834478960998724,0.11656468929844102,0.5806583454853819
993,0.44637644717528757,0.5148999105314577,0.45846982838184785,0.5902457864696804
994,0.2508870796858714,0.49770509624401243,0.11656468929844127,0.5806583454853816
995,0.01907671420053321,0.48505929313639073,-0.21928504195056372,0.579848884773774
996,0.4889833896721335,0.5191369410410178,0.4584698283818478,0.5902457864696805
997,0.9247950888415781,0.5721213660707003,0.8170767571409767,0.6090083105987706
998,-0.9622773271055001,0.5421151283364881,-1.2951252402427844,0.6321977095657948
999,0.1263971747109501,0.48950135668621153,0.45846982838184785,0.5902457864696804
1000,1.5553965957770506,0.6684628763997974,1.6376087363486298,0.679183224386796
1001,-0.014029919993549633,0.4842592558893559,0.11656468929844128,0.5806583454853818
1002,0.04344023458771232,0.48582340251515377,0.11656468929844105,0.5806583454853816
1003,-1.2308120920214143,0.5825684407492392,-0.9137098301735611,0.6047106626516954
1004,0.8561097116956855,0.5626099494405278,1.2049048998145708,0.6382485441237419
1005,0.747634892011364,0.5484229304797543,0.817076757140977,0.6090083105987706
1006,0.38969825462924457,0.50951214859678,0.8170767571409769,0.6090083105987705
1007,-0.9661245116728009,0.5426463460160781,-1.2951252402427844,0.6321977095657948
1008,0.168018570962047,0.4919240952319622,-0.21928504195056392,0.5798488847737739
1009,0.3629862321945027,0.5070761614968634,0.45846982838184824,0.5902457864696805
1010,0.4288010435888589,0.6267330800034279,0.27277999702951417,0.6670223494274364
1011,-0.706913799097824,0.5120041321335834,-0.9137098301735616,0.6047106626516958
1012,0.8636524925061019,0.563635725317217,0.45846982838184763,0.5902457864696804
1013,-0.8334821661193551,0.5255364544188156,-0.559223629948804,0.5876695275039817
1014,1.305693223257161,0.6294965672605721,1.204904899814571,0.6382485441237422
1015,1.0064078225047135,0.5838687183333235,0.8170767571409776,0.6090083105987708
1016,0.747634892011364,0.5484229304797543,0.817076757140977,0.6090083105987706
1017,0.8636524925061019,0.563635725317217,0.45846982838184763,0.5902457864696804
1018,-0.36385441429095466,0.4896602630816693,-0.559223629948804,0.5876695275039814
1019,-0.8385830451421321,0.526143469848549,-0.9137098301735614,0.6047106626516957
1020,-1.2664871641276418,0.5883134617620125,-1.2951252402427846,0.6321977095657948
1021,1.5553965957770506,0.6684628763997974,1.6376087363486298,0.679183224386796
1022,-0.4214439017090802,0.4922292115235523,-0.559223629948804,0.5876695275039814
1023,-0.11618736709283642,0.48347566419577365,-0.2192850419505635,0.5798488847737742
1024,0.44914211049198627,0.5151701334171405,0.4584698283818481,0.5902457864696805
1025,0.579694259675459,0.5286908672514332,0.45846982838184797,0.5902457864696804
1026,-1.6176717752211356,0.6470694945321382,-1.7187355097094603,0.6713735984197418
1027,0.747634892011364,0.5484229304797543,0.817076757140977,0.6090083105987706
1028,0.747634892011364,0.5484229304797543,0.817076757140977,0.6090083105987706
1029,-0.05907020046802414,0.4836085310450028,-0.21928504195056372,0.579848884773774
1030,0.42653845053645834,0.5129813431911008,0.45846982838184785,0.5902457864696804
1031,0.3043426095190813,0.6152876929598919,0.272779997029514,0.6670223494274364
1032,-0.3971111799550331,0.49109759221632354,-0.21928504195056353,0.5798488847737742
1033,-1.2308120920214143,0.5825684407492392,-0.9137098301735611,0.6047106626516954
1034,-0.1987557160280135,0.48448756440746127,0.11656468929844131,0.5806583454853815
1035,0.33634660903511815,0.5047178101550301,0.11656468929844127,0.5806583454853816
1036,0.608769257859313,0.531912090110503,0.8170767571409767,0.6090083105987705
1037,1.5553965957770506,0.6684628763997974,1.6376087363486298,0.679183224386796
1038,1.0064078225047135,0.5838687183333235,0.8170767571409776,0.6090083105987708
1039,-1.1221563173880362,0.565509771326829,-0.9137098301735614,0.6047106626516957
1040,-0.8334821661193551,0.5255364544188156,-0.559223629948804,0.5876695275039817
1041,-1.0791654666300583,0.5589848250177187,-0.9137098301735614,0.6047106626516957
1042,-0.9102975159696176,0.5351282499925301,-0.9137098301735611,0.6047106626516956
1043,0.44914211049198627,0.5151701334171405,0.4584698283818481,0.5902457864696805
1044,0.10681281526909045,0.4884889823223203,-0.21928504195056397,0.5798488847737742
1045,-1.1571353060712517,0.5709202607951053,-0.9137098301735613,0.6047106626516955
1046,0.3930953828359857,0.509826833275992,0.8170767571409768,0.6090083105987707
1047,1.369864740558179,0.6395196359866483,1.2049048998145708,0.638248544123742
1048,1.2197700631989443,0.616143384541569,1.2049048998145706,0.6382485441237419
1049,-0.004966644172776563,0.4844509485618773,0.45846982838184747,0.5902457864696803
1050,0.642435736081021,0.5357423292992053,0.45846982838184824,0.5902457864696805
1051,-0.07060787340276098,0.48352106658123345,0.11656468929844105,0.5806583454853818
1052,-0.23087218180556573,0.48520544568718577,-0.2192850419505635,0.579848884773774
1053,-0.22715123999377784,0.4851140963027422,-0.2192850419505639,0.5798488847737742
1054,-1.3043785394350318,0.5944791755092479,-1.295125240242785,0.632197709565795
1055,0.10993445246998505,0.4886446216964804,-0.21928504195056392,0.5798488847737738
1056,0.0006172822319641669,0.48457929810655703,-0.2192850419505637,0.5798488847737738
1057,0.44841755098281433,0.5150992745703208,0.45846982838184835,0.5902457864696803
1058,0.8969893472015525,0.5682257765984314,0.8170767571409767,0.6090083105987705
1059,-1.6176717752211356,0.6470694945321382,-1.7187355097094603,0.6713735984197418
1060,-0.6831578204265144,0.5098080389409986,-0.5592236299488038,0.5876695275039813
1061,0.642435736081021,0.5357423292992053,0.45846982838184824,0.5902457864696805
1062,1.305693223257161,0.6294965672605721,1.204904899814571,0.6382485441237422
1063,0.9340749150692889,0.5734343345066434,1.2049048998145713,0.6382485441237422
1064,1.305693223257161,0.6294965672605721,1.204904899814571,0.6382485441237422
1065,1.0064078225047135,0.5838687183333235,0.8170767571409776,0.6090083105987708
1066,0.3992849681418944,0.5104029561839115,0.11656468929844095,0.5806583454853815
1067,-0.679760879451122,0.5095030450310808,-0.559223629948804,0.5876695275039814
1068,-0.49322199260732147,0.5928700583388908,-0.16323219597633332,0.6559526476560475
1069,0.7952778367110024,0.5545199057399506,0.8170767571409772,0.6090083105987707
1070,-0.6261357597921358,0.5049838795538103,-0.5592236299488043,0.5876695275039815
1071,1.0064078225047135,0.5838687183333235,0.8170767571409776,0.6090083105987708
1072,1.2197700631989443,0.616143384541569,1.2049048998145706,0.6382485441237419
1073,-0.3964527011317899,0.49106791951101475,-0.21928504195056353,0.579848884773774
1074,0.363668112711649,0.5071374786769165,0.4584698283818474,0.5902457864696804
1075,0.9698107734082737,0.5785469375147227,0.8170767571409767,0.6090083105987705
1076,-0.3257534297754795,0.4881663060663478,-0.5592236299488039,0.5876695275039812
1077,-1.2308120920214143,0.5825684407492392,-0.9137098301735611,0.6047106626516954
1078,0.5148167338659793,0.5217830993561043,0.45846982838184763,0.5902457864696803
1079,1.1790589356017913,0.609864661056937,1.2049048998145706,0.638248544123742
1080,0.33634660903511815,0.5047178101550301,0.11656468929844127,0.5806583454853816
1081,-0.679760879451122,0.5095030450310808,-0.559223629948804,0.5876695275039814
1082,-0.19341110914637366,0.48438421968648854,-0.21928504195056375,0.579848884773774
1083,-0.7962290147461526,0.521242341290312,-0.559223629948804,0.5876695275039813
1084,0.1853545245775299,0.49303460805176,0.4584698283818478,0.5902457864696805
1085,0.04525685565539063,0.48588629255823645,0.11656468929844128,0.5806583454853818
1086,0.363668112711649,0.5071374786769165,0.4584698283818474,0.5902457864696804
1087,-0.9119163785108297,0.8379877182518061,-1.0554939042752585,0.7936852262945893
1088,0.747634892011364,0.5484229304797543,0.817076757140977,0.6090083105987706
1089,1.5553965957770506,0.6684628763997974,1.6376087363486298,0.679183224386796
1090,0.8969893472015525,0.5682257765984314,0.8170767571409767,0.6090083105987705
1091,-0.27497934178935673,0.48643794814101426,-0.559223629948804,0.5876695275039814
1092,-0.6596252787002703,0.5077413187450318,-0.5592236299488041,0.5876695275039815
1093,-0.28253434548443135,0.486675144799632,-0.21928504195056386,0.5798488847737742
1094,0.9776579827854398,0.5796810363393328,0.8170767571409774,0.6090083105987708
1095,0.32890208210004984,0.5040721614669135,0.4584698283818478,0.5902457864696804
1096,-0.17285546824533093,0.48403258274938954,-0.21928504195056356,0.5798488847737738
1097,-0.5277809522333392,0.49805461527583655,-0.9137098301735611,0.6047106626516955
1098,-0.6261357597921358,0.5049838795538103,-0.5592236299488043,0.5876695275039815
1099,-0.5986238548910964,0.502875600473147,-0.5592236299488039,0.5876695275039816
1100,-0.8399540297809371,0.5263073819945066,-0.559223629948804,0.5876695275039815
1101,-0.8399540297809371,0.5263073819945066,-0.559223629948804,0.5876695275039815
1102,0.6761097636293892,0.5396832638152304,0.8170767571409766,0.6090083105987706
1103,-0.9022134841179505,0.5340755056496276,-0.5592236299488038,0.5876695275039814
1104,-0.14568969501831988,0.483686290998356,-0.21928504195056372,0.579848884773774
1105,-0.22305051895753014,0.4850158354740982,-0.2192850419505639,0.5798488847737742
1106,-0.9413812414343565,0.5392627089136998,-0.559223629948804,0.5876695275039816
1107,0.608769257859313,0.531912090110503,0.8170767571409767,0.6090083105987705
1108,0.37120392013572856,0.5078181930726628,0.116564689298441,0.5806583454853818
1109,-0.3359927206013561,0.48855167357196005,-0.2192850419505639,0.5798488847737742
1110,0.3992849681418944,0.5104029561839115,0.11656468929844095,0.5806583454853815
1111,0.30150087484822136,0.501749482166148,0.45846982838184824,0.5902457864696805
1112,0.2745987956326036,0.4995574480388486,0.11656468929844105,0.5806583454853816
1113,0.3043426095190813,0.6152876929598919,0.272779997029514,0.6670223494274364
1114,0.44984594214583107,0.5152390091775074,0.45846982838184763,0.5902457864696803
1115,0.5140734607832831,0.5217061452941549,0.45846982838184824,0.5902457864696805
1116,-0.7389369918985478,0.5151394966499714,-0.9137098301735616,0.6047106626516957
1117,1.5553965957770506,0.6684628763997974,1.6376087363486298,0.679183224386796
1118,0.558597384212086,0.5264027470555133,0.4584698283818476,0.5902457864696806
1119,-0.6748755380494185,0.5090683653357067,-0.9137098301735613,0.6047106626516957
1120,0.8636524925061019,0.563635725317217,0.45846982838184763,0.5902457864696804
1121,0.3024468136264903,0.5018282015073178,0.4584698283818478,0.5902457864696805
1122,0.36228425208490267,0.507013085362301,0.45846982838184835,0.5902457864696804
1123,-0.08376183888570857,0.48345954705918975,-0.21928504195056397,0.5798488847737742
1124,0.23961465690140574,0.49685276971904924,0.4584698283818476,0.5902457864696803
1125,-0.008035481516969811,0.48438373840205834,0.4584698283818479,0.5902457864696803
1126,-0.11249231754671503,0.48346212998594534,-0.21928504195056397,0.5798488847737742
1127,0.746813818676141,0.548319764341004,0.8170767571409767,0.6090083105987705
1128,1.5553965957770506,0.6684628763997974,1.6376087363486298,0.679183224386796
1129,-0.610230842312285,0.8301117660186482,-0.4389287176427276,0.7800797730878822
1130,-0.5214467199020614,0.49766322116239725,-0.5592236299488041,0.5876695275039815
1131,-1.2200133451607194,0.5808420096524078,-1.295125240242785,0.632197709565795
1132,0.42653845053645834,0.5129813431911008,0.45846982838184785,0.5902457864696804
1133,-0.46891918289894774,0.4946429491648697,-0.9137098301735613,0.6047106626516956
1134,-0.19277048751890635,0.4843721550499657,-0.21928504195056375,0.579848884773774
1135,0.07756276921533999,0.48713962992841237,-0.21928504195056375,0.579848884773774
1136,0.5406103314760643,0.5244839833320654,0.8170767571409765,0.6090083105987704
1137,-0.8399540297809371,0.5263073819945066,-0.559223629948804,0.5876695275039815
1138,-0.4226436068916394,0.4922867985607607,-0.21928504195056395,0.579848884773774
1139,1.369864740558179,0.6395196359866483,1.2049048998145708,0.638248544123742
1140,0.37120392013572856,0.5078181930726628,0.116564689298441,0.5806583454853818
1141,1.5553965957770506,0.6684628763997974,1.6376087363486298,0.679183224386796
1142,-1.4442370900626589,0.617687080300601,-1.2951252402427846,0.6321977095657948
1143,0.0006172822319641669,0.48457929810655703,-0.2192850419505637,0.5798488847737738
1144,-0.45146298702257504,0.493722574050236,-0.21928504195056386,0.5798488847737742
1145,-1.037803262788723,0.5528557890095969,-1.2951252402427849,0.6321977095657949
1146,0.16160699742220866,0.49152797207365756,0.4584698283818478,0.5902457864696804
1147,-0.8031826526826115,0.5220249359422343,-0.9137098301735616,0.6047106626516958
1148,0.9247950888415781,0.5721213660707003,0.8170767571409767,0.6090083105987706
1149,0.04652759504713995,0.4859307696175805,0.11656468929844117,0.5806583454853818
1150,0.8195657382811079,0.557710077660854,0.8170767571409772,0.6090083105987706
1151,0.44984594214583107,0.5152390091775074,0.45846982838184763,0.5902457864696803
1152,-0.660329272765557,0.507801586595104,-0.5592236299488039,0.5876695275039816
1153,1.0064078225047135,0.5838687183333235,0.8170767571409776,0.6090083105987708
1154,0.363668112711649,0.5071374786769165,0.4584698283818474,0.5902457864696804
1155,-1.4442370900626589,0.617687080300601,-1.2951252402427846,0.6321977095657948
1156,-1.2308120920214143,0.5825684407492392,-0.9137098301735611,0.6047106626516954
1157,0.2408370879348742,0.49694428165875476,0.11656468929844095,0.5806583454853818
1158,-0.5965693270132805,0.5027236814861564,-0.21928504195056372,0.579848884773774
1159,0.48475493818605253,0.518709373444173,0.4584698283818478,0.5902457864696805
1160,-0.14568969501831988,0.483686290998356,-0.21928504195056372,0.579848884773774
1161,-1.2308120920214143,0.5825684407492392,-0.9137098301735611,0.6047106626516954
1162,-0.5310263315784165,0.4982575384366932,-0.9137098301735613,0.6047106626516957
1163,-0.004966644172776563,0.4844509485618773,0.45846982838184747,0.5902457864696803
1164,-0.23087218180556573,0.48520544568718577,-0.2192850419505635,0.579848884773774
1165,-0.4669312028792812,0.49453613360966914,-0.559223629948804,0.5876695275039814
1166,-1.1571353060712517,0.5709202607951053,-0.9137098301735613,0.6047106626516955
1167,0.16160699742220866,0.49152797207365756,0.4584698283818478,0.5902457864696804
1168,0.6723039324639746,0.5392323028231316,0.8170767571409767,0.6090083105987705
1169,0.8636524925061019,0.563635725317217,0.45846982838184763,0.5902457864696804
1170,-0.03407273550216951,0.4839080635517949,0.1165646892984412,0.5806583454853816
1171,0.7230224496936175,0.5453589357661344,0.817076757140977,0.6090083105987708
1172,1.2197700631989443,0.616143384541569,1.2049048998145706,0.6382485441237419
1173,0.16226672493792568,0.49156835947637934,0.4584698283818479,0.5902457864696804
1174,-0.3359927206013561,0.48855167357196005,-0.2192850419505639,0.5798488847737742
1175,-0.6530443377922042,0.5071825569873661,-0.21928504195056348,0.5798488847737742
1176,-1.4442370900626589,0.617687080300601,-1.2951252402427846,0.6321977095657948
1177,-0.38296229083813454,0.4904708560379336,-0.5592236299488043,0.5876695275039815
1178,0.7874342008860244,0.5535013282407818,0.4584698283818479,0.5902457864696804
1179,-0.18259271460813803,0.825180107293592,-0.4389287176427278,0.7800797730878821
1180,0.0006172822319641669,0.48457929810655703,-0.2192850419505637,0.5798488847737738
1181,1.5553965957770506,0.6684628763997974,1.6376087363486298,0.679183224386796
1182,1.0064078225047135,0.5838687183333235,0.8170767571409776,0.6090083105987708
1183,0.1352389249221033,0.48998589919557023,-0.21928504195056397,0.5798488847737742
1184,-0.0807050570940304,0.4834702575105206,-0.21928504195056395,0.5798488847737739
1185,0.2745987956326036,0.4995574480388486,0.11656468929844105,0.5806583454853816
1186,-0.32381703395482403,0.4880947772730931,-0.21928504195056372,0.5798488847737739
1187,0.9247950888415781,0.5721213660707003,0.8170767571409767,0.6090083105987706
1188,1.2197700631989443,0.616143384541569,1.2049048998145706,0.6382485441237419
1189,-1.071868575133293,0.5578923718502219,-0.9137098301735611,0.6047106626516954
1190,0.9340749150692889,0.5734343345066434,1.2049048998145713,0.6382485441237422
1191,0.5148167338659793,0.5217830993561043,0.45846982838184763,0.5902457864696803
1192,-0.5986238548910964,0.502875600473147,-0.5592236299488039,0.5876695275039816
1193,-0.7103443046758999,0.5123304073464071,-0.9137098301735611,0.6047106626516956
1194,0.7080034252443383,0.6571084658593129,0.7332656779586502,0.6925220491261446
1195,0.3428639326228369,0.5052879452284121,0.4584698283818478,0.5902457864696803
1196,0.19499524777034088,0.4936762445764844,0.1165646892984411,0.5806583454853816
1197,-1.0488535121023546,0.6349345388223243,-1.0379394534629274,0.6761002515693982
1198,0.44914211049198627,0.5151701334171405,0.4584698283818481,0.5902457864696805
1199,-0.41763721719052405,0.49204761565576693,-0.2192850419505638,0.5798488847737746
1200,1.5553965957770506,0.6684628763997974,1.6376087363486298,0.679183224386796
1201,0.28247612436504277,0.5001897369215278,0.45846982838184797,0.5902457864696805
1202,0.37581458982909455,0.6216682513759336,0.2727799970295142,0.6670223494274367
1203,0.16735788928182058,0.4918829058312745,-0.21928504195056392,0.5798488847737738
1204,-0.5611254100528651,0.5002192509428585,-0.5592236299488039,0.5876695275039814
1205,-0.3649229676598582,0.48970451311588215,-0.5592236299488039,0.5876695275039814
1206,0.10321607014493869,0.48831239207669885,0.11656468929844128,0.5806583454853818
1207,0.747634892011364,0.5484229304797543,0.817076757140977,0.6090083105987706
1208,0.3146388790347467,0.502852324531592,0.11656468929844069,0.5806583454853818
1209,-0.36385441429095466,0.4896602630816693,-0.559223629948804,0.5876695275039814
1210,1.0064078225047135,0.5838687183333235,0.8170767571409776,0.6090083105987708
1211,-0.5643991815234379,0.5004415493932162,-0.5592236299488038,0.5876695275039814
1212,-0.46891918289894774,0.4946429491648697,-0.9137098301735613,0.6047106626516956
1213,0.6207787763592183,0.5332659423137157,0.45846982838184747,0.5902457864696804
1214,1.1407168237904468,0.6039917894699895,0.8170767571409769,0.6090083105987707
1215,-0.33302732678850167,0.4884388375566185,-0.5592236299488039,0.5876695275039814
1216,-1.0791654666300583,0.5589848250177187,-0.9137098301735614,0.6047106626516957
1217,-0.08260462766248566,0.483463348201771,-0.5592236299488038,0.5876695275039812
1218,-0.9321222404446221,0.5380171865557379,-0.9137098301735616,0.6047106626516957
1219,0.8195657382811079,0.557710077660854,0.8170767571409772,0.6090083105987706
1220,0.8195657382811079,0.557710077660854,0.8170767571409772,0.6090083105987706
1221,1.0064078225047135,0.5838687183333235,0.8170767571409776,0.6090083105987708
1222,-0.8643804936766359,0.5292807902581721,-0.9137098301735616,0.6047106626516958
1223,0.3930953828359857,0.509826833275992,0.8170767571409768,0.6090083105987707
1224,0.15910785157247015,0.49137575978039844,0.4584698283818479,0.5902457864696802
1225,0.4288010435888589,0.6267330800034279,0.27277999702951417,0.6670223494274364
1226,0.41910535327842824,0.5122714666727479,0.11656468929844108,0.5806583454853816
1227,0.28247612436504277,0.5001897369215278,0.45846982838184797,0.5902457864696805
1228,-0.17349518900040972,0.48404239762245815,-0.21928504195056353,0.5798488847737739
1229,-1.038638004426784,0.5529778977796991,-1.2951252402427849,0.6321977095657949
1230,-1.3043785394350318,0.5944791755092479,-1.295125240242785,0.632197709565795
1231,-0.8399540297809371,0.5263073819945066,-0.559223629948804,0.5876695275039815
1232,-0.13910333381749573,0.48362383779322876,-0.5592236299488039,0.5876695275039812
1233,0.44984594214583107,0.5152390091775074,0.45846982838184763,0.5902457864696803
1234,0.2745987956326036,0.4995574480388486,0.11656468929844105,0.5806583454853816
1235,-0.05663163817168604,0.48363108277920336,-0.2192850419505638,0.5798488847737742
1236,-0.20284737512086046,0.4845698925563329,0.1165646892984411,0.5806583454853815
1237,0.6207787763592183,0.5332659423137157,0.45846982838184747,0.5902457864696804
1238,-0.5643991815234379,0.5004415493932162,-0.5592236299488038,0.5876695275039814
1239,0.3276443709387486,0.5039636816008578,0.8170767571409772,0.6090083105987705
1240,0.44914211049198627,0.5151701334171405,0.4584698283818481,0.5902457864696805
1241,0.7874342008860244,0.5535013282407818,0.4584698283818479,0.5902457864696804
1242,0.8155695255765083,0.6700121799041618,0.7332656779586502,0.6925220491261446
1243,-0.3848104430520628,0.49055143422542,-0.21928504195056403,0.5798488847737743
1244,0.9331772725309624,0.5733070575297995,1.2049048998145706,0.6382485441237419
1245,0.7080034252443383,0.6571084658593129,0.7332656779586502,0.6925220491261446
1246,0.23961465690140574,0.49685276971904924,0.4584698283818476,0.5902457864696803
1247,0.9340749150692889,0.5734343345066434,1.2049048998145713,0.6382485441237422
1248,0.48475493818605253,0.518709373444173,0.4584698283818478,0.5902457864696805
1249,0.01907671420053321,0.48505929313639073,-0.21928504195056372,0.579848884773774
1250,-0.6254596481662635,0.5049303948274091,-0.5592236299488039,0.5876695275039814
1251,0.1295318533415057,0.48967122030643806,0.45846982838184763,0.5902457864696803
1252,-0.8101434612523741,0.522817151030626,-0.5592236299488037,0.5876695275039813
1253,-0.9622773271055001,0.5421151283364881,-1.2951252402427844,0.6321977095657948
1254,-0.36385441429095466,0.4896602630816693,-0.559223629948804,0.5876695275039814
1255,-0.24756790967962128,0.4856402495937263,-0.5592236299488041,0.5876695275039815
1256,0.455933279787214,0.5158365133077089,0.8170767571409769,0.6090083105987706
1257,0.4854896935142631,0.5187835576388634,0.4584698283818478,0.5902457864696805
1258,-1.3844052283704307,0.6076837439356485,-1.2951252402427844,0.6321977095657948
1259,-0.25499596441692807,0.4858463915207421,0.11656468929844128,0.5806583454853816
1260,0.5148167338659793,0.5217830993561043,0.45846982838184763,0.5902457864696803
1261,-0.36385441429095466,0.4896602630816693,-0.559223629948804,0.5876695275039814
1262,-0.7738428072879298,0.5187836626796501,-0.9137098301735611,0.6047106626516956
1263,-0.24565142628604575,0.485588311400406,-0.21928504195056372,0.5798488847737739
1264,-0.7354689071113404,0.5147902683739951,-0.9137098301735613,0.6047106626516955
1265,0.18853486909836822,0.4932444157257695,0.4584698283818479,0.5902457864696803
1266,-0.9731412879093114,0.5436199168779381,-0.5592236299488043,0.5876695275039815
1267,-0.46891918289894774,0.4946429491648697,-0.9137098301735613,0.6047106626516956
1268,-0.8779586620263858,0.5309758895216276,-0.5592236299488038,0.5876695275039814
1269,0.5287568398460734,0.5232354321835594,0.4584698283818478,0.5902457864696803
1270,-1.038638004426784,0.5529778977796991,-1.2951252402427849,0.6321977095657949
1271,-0.679760879451122,0.5095030450310808,-0.559223629948804,0.5876695275039814
1272,-0.2980544869680794,0.48718480771522027,-0.21928504195056353,0.5798488847737742
1273,-0.38610918966921715,0.49060828935151307,-0.5592236299488039,0.5876695275039814
1274,0.42653845053645834,0.5129813431911008,0.45846982838184785,0.5902457864696804
1275,-1.6176717752211356,0.6470694945321382,-1.7187355097094603,0.6713735984197418
1276,-0.21554596974621704,0.484842680690697,-0.5592236299488039,0.5876695275039813
1277,-0.8399540297809371,0.5263073819945066,-0.559223629948804,0.5876695275039815
1278,0.2745987956326036,0.4995574480388486,0.11656468929844105,0.5806583454853816
1279,-0.06283650807481482,0.4835764986390635,0.11656468929844122,0.5806583454853818
1280,0.8535389141485441,0.5622614419174188,0.8170767571409767,0.6090083105987705
1281,-0.03407273550216951,0.4839080635517949,0.1165646892984412,0.5806583454853816
1282,0.1627735367528001,0.6044045262332502,0.2727799970295144,0.6670223494274368
1283,0.3146388790347467,0.502852324531592,0.11656468929844069,0.5806583454853818
1284,-0.3305592011679621,0.48834568630969705,-0.5592236299488041,0.5876695275039815
1285,-1.6176717752211356,0.6470694945321382,-1.7187355097094603,0.6713735984197418
1286,0.2508870796858714,0.49770509624401243,0.11656468929844127,0.5806583454853816
1287,-0.16431175122983938,0.48390867853369085,-0.21928504195056392,0.5798488847737738
1288,0.4917948254105138,0.5194220879765568,0.4584698283818479,0.5902457864696804
1289,-0.2980544869680794,0.48718480771522027,-0.21928504195056353,0.5798488847737742
1290,0.3992849681418944,0.5104029561839115,0.11656468929844095,0.5806583454853815
1291,-0.06589455238060406,0.48355297778958684,0.11656468929844128,0.5806583454853818
1292,0.41910535327842824,0.5122714666727479,0.11656468929844108,0.5806583454853816
1293,-1.2664871641276418,0.5883134617620125,-1.2951252402427846,0.6321977095657948
1294,0.5210248472515574,0.5224277568789687,0.11656468929844088,0.5806583454853815
1295,-1.4442370900626589,0.617687080300601,-1.2951252402427846,0.6321977095657948
1296,1.0064078225047135,0.5838687183333235,0.8170767571409776,0.6090083105987708
1297,0.6737439839949513,0.5394027704967107,0.4584698283818478,0.5902457864696804
1298,0.2408370879348742,0.49694428165875476,0.11656468929844095,0.5806583454853818
1299,0.04344023458771232,0.48582340251515377,0.11656468929844105,0.5806583454853816
1300,0.5140734607832831,0.5217061452941549,0.45846982838184824,0.5902457864696805
1301,0.020989034592037922,0.48511390568604046,0.11656468929844102,0.5806583454853818
1302,-0.21554596974621704,0.484842680690697,-0.5592236299488039,0.5876695275039813
1303,1.5553965957770506,0.6684628763997974,1.6376087363486298,0.679183224386796
1304,-1.4442370900626589,0.617687080300601,-1.2951252402427846,0.6321977095657948
1305,0.6207787763592183,0.5332659423137157,0.45846982838184747,0.5902457864696804
1306,-0.20168490822903262,0.48454622214515247,-0.2192850419505638,0.5798488847737738
1307,-0.11388772580098412,0.483466895710725,-0.2192850419505637,0.5798488847737739
1308,1.1790589356017913,0.609864661056937,1.2049048998145706,0.638248544123742
1309,-0.470130701200261,0.49470830094286544,-0.5592236299488038,0.5876695275039812
1310,0.6200024425144218,0.5331780087891458,0.45846982838184797,0.5902457864696805
1311,0.5140734607832831,0.5217061452941549,0.45846982838184824,0.5902457864696805
1312,-1.1571353060712517,0.5709202607951053,-0.9137098301735613,0.6047106626516955
1313,0.2745987956326036,0.4995574480388486,0.11656468929844105,0.5806583454853816
1314,0.16735788928182058,0.4918829058312745,-0.21928504195056392,0.5798488847737738
1315,-0.6748755380494185,0.5090683653357067,-0.9137098301735613,0.6047106626516957
1316,-0.36190618248378914,0.48957991339912055,-0.21928504195056372,0.5798488847737739
1317,0.307495093117158,0.5022501239439771,-0.21928504195056397,0.5798488847737742
1318,0.37581458982909455,0.6216682513759336,0.2727799970295142,0.6670223494274367
1319,0.44914211049198627,0.5151701334171405,0.4584698283818481,0.5902457864696805
1320,0.1784849707296084,0.4925877844517979,0.11656468929844116,0.5806583454853818
1321,-0.6188048555610587,0.5044084998444655,-0.559223629948804,0.5876695275039816
1322,0.22045425960875595,0.4954487094833096,0.45846982838184813,0.5902457864696804
1323,0.2408370879348742,0.49694428165875476,0.11656468929844095,0.5806583454853818
1324,1.2197700631989443,0.616143384541569,1.2049048998145706,0.6382485441237419
1325,-0.8779586620263858,0.5309758895216276,-0.5592236299488038,0.5876695275039814
1326,0.9921662173792245,0.6920336811518312,0.7332656779586499,0.6925220491261447
1327,-0.5310263315784165,0.4982575384366932,-0.9137098301735613,0.6047106626516957
1328,0.612472259543611,0.5323280700654754,0.8170767571409769,0.6090083105987706
1329,0.7961175913088172,0.554629297268228,0.8170767571409769,0.6090083105987707
1330,0.24284465145124456,0.49709505849623986,0.4584698283818478,0.5902457864696805
1331,0.39027476681732687,0.5095654761804593,0.458469828381848,0.5902457864696803
1332,0.747634892011364,0.5484229304797543,0.817076757140977,0.6090083105987706
1333,-0.17285546824533093,0.48403258274938954,-0.21928504195056356,0.5798488847737738
1334,-0.6228025436743084,0.5047210268688102,-0.5592236299488038,0.5876695275039813
1335,-0.9102975159696176,0.5351282499925301,-0.9137098301735611,0.6047106626516956
1336,-0.8031826526826115,0.5220249359422343,-0.9137098301735616,0.6047106626516958
1337,-0.024794834764283902,0.4840582279486388,-0.21928504195056395,0.5798488847737739
1338,0.5530176910506663,0.5258043996894683,0.45846982838184797,0.5902457864696805
1339,-0.01096268903379774,0.484321827930389,0.11656468929844117,0.5806583454853818
1340,0.9698107734082737,0.5785469375147227,0.8170767571409767,0.6090083105987705
1341,-0.16979179428125407,0.48398661020842815,-0.2192850419505637,0.5798488847737738
1342,0.33702215873799235,0.5047766964218915,0.11656468929844095,0.5806583454853815
1343,-0.5100885585726808,0.4969765746586075,-0.21928504195056392,0.5798488847737742
1344,-0.11388772580098412,0.483466895710725,-0.2192850419505637,0.5798488847737739
1345,0.6723039324639746,0.5392323028231316,0.8170767571409767,0.6090083105987705
1346,0.07744536887418343,0.48713461858379414,0.11656468929844097,0.5806583454853816
1347,-0.5022138726453791,0.49651170772988623,-0.5592236299488039,0.5876695275039814
1348,-0.7738428072879298,0.5187836626796501,-0.9137098301735611,0.6047106626516956
1349,0.6109476229873887,0.5321566408200713,0.8170767571409772,0.6090083105987705
1350,-0.5284583179182193,0.49809683425791024,-0.9137098301735613,0.6047106626516956
1351,-0.9095157707588959,0.5350260294157967,-0.9137098301735614,0.6047106626516956
1352,0.39027476681732687,0.5095654761804593,0.458469828381848,0.5902457864696803
1353,1.1790589356017913,0.609864661056937,1.2049048998145706,0.638248544123742
1354,-0.7459872853524714,0.5158566458783942,-0.5592236299488043,0.5876695275039815
1355,-0.9022134841179505,0.5340755056496276,-0.5592236299488038,0.5876695275039814
1356,0.747634892011364,0.5484229304797543,0.817076757140977,0.6090083105987706
1357,-0.8385830451421321,0.526143469848549,-0.9137098301735614,0.6047106626516957
1358,-1.4442370900626589,0.617687080300601,-1.2951252402427846,0.6321977095657948
1359,0.42653845053645834,0.5129813431911008,0.45846982838184785,0.5902457864696804
1360,-0.5611254100528651,0.5002192509428585,-0.5592236299488039,0.5876695275039814
1361,-0.03407273550216951,0.4839080635517949,0.1165646892984412,0.5806583454853816
1362,0.18165952611943378,0.49279318151707735,0.11656468929844067,0.5806583454853816
1363,0.21351789399244117,0.4949549344324456,0.11656468929844138,0.5806583454853818
1364,-0.07943642137007073,0.5922281039403215,-0.16323219597633337,0.6559526476560475
1365,0.3629862321945027,0.5070761614968634,0.45846982838184824,0.5902457864696805
1366,-0.3359927206013561,0.48855167357196005,-0.2192850419505639,0.5798488847737742
1367,-0.9203918737599346,0.6216164052007163,-0.5939353942112642,0.6589374259623303
1368,-0.45146298702257504,0.493722574050236,-0.21928504195056386,0.5798488847737742
1369,0.30624644929433725,0.5021454826796233,0.11656468929844127,0.5806583454853816
1370,0.30150087484822136,0.501749482166148,0.45846982838184824,0.5902457864696805
1371,-0.5585438720553009,0.500045218388228,-0.5592236299488038,0.5876695275039814
1372,-0.4214439017090802,0.4922292115235523,-0.559223629948804,0.5876695275039814
1373,1.5553965957770506,0.6684628763997974,1.6376087363486298,0.679183224386796
1374,-1.6176717752211356,0.6470694945321382,-1.7187355097094603,0.6713735984197418
1375,-0.33367876733444934,0.4884635397893792,-0.559223629948804,0.5876695275039816
1376,-0.5965693270132805,0.5027236814861564,-0.21928504195056372,0.579848884773774
1377,0.5280094249732613,0.5231571260490534,0.4584698283818478,0.5902457864696804
1378,-0.483566284077892,0.4954462317441634,-0.5592236299488038,0.5876695275039814
1379,-0.14026134736710824,0.483634190074685,-0.21928504195056392,0.5798488847737738
1380,-0.7669746919490816,0.5180482033150643,-0.5592236299488041,0.5876695275039815
1381,-0.28253434548443135,0.486675144799632,-0.21928504195056386,0.5798488847737742
1382,-0.6188048555610587,0.5044084998444655,-0.559223629948804,0.5876695275039816
1383,0.6761097636293892,0.5396832638152304,0.8170767571409766,0.6090083105987706
1384,1.369864740558179,0.6395196359866483,1.2049048998145708,0.638248544123742
1385,0.2745987956326036,0.4995574480388486,0.11656468929844105,0.5806583454853816
1386,0.4854896935142631,0.5187835576388634,0.4584698283818478,0.5902457864696805
1387,-0.20475577886660296,0.48460923121758115,-0.21928504195056397,0.5798488847737742
1388,1.5553965957770506,0.6684628763997974,1.6376087363486298,0.679183224386796
1389,1.305693223257161,0.6294965672605721,1.204904899814571,0.6382485441237422
1390,-0.6247635857556723,0.5048754210070858,-0.5592236299488038,0.5876695275039814
1391,1.305693223257161,0.6294965672605721,1.204904899814571,0.6382485441237422
1392,0.550771884711654,0.5255643651226904,0.11656468929844087,0.5806583454853818
1393,0.558597384212086,0.5264027470555133,0.4584698283818476,0.5902457864696806
1394,-0.6596252787002703,0.5077413187450318,-0.5592236299488041,0.5876695275039815
1395,-1.0791654666300583,0.5589848250177187,-0.9137098301735614,0.6047106626516957
1396,-0.14568969501831988,0.483686290998356,-0.21928504195056372,0.579848884773774
1397,-0.9022134841179505,0.5340755056496276,-0.5592236299488038,0.5876695275039814
1398,-0.8779586620263858,0.5309758895216276,-0.5592236299488038,0.5876695275039814
1399,-0.23022939120377242,0.4851895175689805,-0.21928504195056364,0.5798488847737742
1400,-0.32381703395482403,0.4880947772730931,-0.21928504195056372,0.5798488847737739
1401,-0.3323947569633911,0.4884148971243827,-0.5592236299488041,0.5876695275039815
1402,0.48475493818605253,0.518709373444173,0.4584698283818478,0.5902457864696805
1403,-0.6188048555610587,0.5044084998444655,-0.559223629948804,0.5876695275039816
1404,-0.36190618248378914,0.48957991339912055,-0.21928504195056372,0.5798488847737739
1405,-0.28125629777586797,0.48663451006841124,0.11656468929844117,0.5806583454853819
1406,0.24715412023029282,0.49742075412619685,0.45846982838184824,0.5902457864696805
1407,0.2408370879348742,0.49694428165875476,0.11656468929844095,0.5806583454853818
1408,0.19499524777034088,0.4936762445764844,0.1165646892984411,0.5806583454853816
1409,-1.6176717752211356,0.6470694945321382,-1.7187355097094603,0.6713735984197418
1410,-0.3391149316728898,0.4886715550466894,-0.21928504195056353,0.5798488847737742
1411,-0.04069502765954079,0.4838138700221178,-0.21928504195056386,0.5798488847737742
1412,0.41910535327842824,0.5122714666727479,0.11656468929844108,0.5806583454853816
1413,0.01726960615503173,0.4850085277124042,0.11656468929844127,0.5806583454853816
1414,-0.5965693270132805,0.5027236814861564,-0.21928504195056372,0.579848884773774
1415,-0.08260462766248566,0.483463348201771,-0.5592236299488038,0.5876695275039812
1416,-0.5843801828903384,0.5018378014532712,-0.559223629948804,0.5876695275039814
1417,0.5494047219967242,0.5254184648254066,0.4584698283818479,0.5902457864696803
1418,0.27920591632899916,0.4999262588339712,0.4584698283818479,0.5902457864696804
1419,0.01791191996324923,0.4850264778466055,0.11656468929844116,0.5806583454853818
1420,1.5553965957770506,0.6684628763997974,1.6376087363486298,0.679183224386796
1421,-0.17285546824533093,0.48403258274938954,-0.21928504195056356,0.5798488847737738
1422,0.6109476229873887,0.5321566408200713,0.8170767571409772,0.6090083105987705
1423,-1.4493099511835685,0.6848041057528201,-1.5151768073519336,0.7078863715276774
1424,0.21163309047104514,0.49482214050821216,0.11656468929844119,0.5806583454853816
1425,-0.3841534267526765,0.4905227446154389,-0.21928504195056375,0.579848884773774
1426,-1.3844052283704307,0.6076837439356485,-1.2951252402427844,0.6321977095657948
1427,-0.8101434612523741,0.522817151030626,-0.5592236299488037,0.5876695275039813
1428,-0.455713294258479,0.49394305485040707,-0.21928504195056375,0.5798488847737743
1429,0.6272930352025008,0.6477945041295233,0.27277999702951394,0.6670223494274364
1430,-0.8039268447623074,0.522109213642853,-0.9137098301735613,0.6047106626516957
1431,0.2408370879348742,0.49694428165875476,0.11656468929844095,0.5806583454853818
1432,1.369864740558179,0.6395196359866483,1.2049048998145708,0.638248544123742
1433,-0.5915110072275042,0.5023528621704346,-0.9137098301735613,0.6047106626516956
1434,0.5148167338659793,0.5217830993561043,0.45846982838184763,0.5902457864696803
1435,0.18045740125103965,0.49271518152040195,0.458469828381848,0.5902457864696802
1436,-1.0300083500748616,0.5517188476961279,-0.9137098301735613,0.6047106626516957
1437,1.2082725231345148,0.7196221721292644,1.2394915218918436,0.7326935302592025
1438,0.41910535327842824,0.5122714666727479,0.11656468929844108,0.5806583454853816
1439,-0.9095157707588959,0.5350260294157967,-0.9137098301735614,0.6047106626516956
1440,-0.9119163785108297,0.8379877182518061,-1.0554939042752585,0.7936852262945893
1441,0.2534707832068599,0.49790308825822643,0.11656468929844124,0.5806583454853818
1442,0.8195657382811079,0.557710077660854,0.8170767571409772,0.6090083105987706
1443,0.307495093117158,0.5022501239439771,-0.21928504195056397,0.5798488847737742
1444,1.0064078225047135,0.5838687183333235,0.8170767571409776,0.6090083105987708
1445,-0.9102975159696176,0.5351282499925301,-0.9137098301735611,0.6047106626516956
1446,0.7613887021836028,0.5501607613259059,0.458469828381848,0.5902457864696805
1447,0.9340749150692889,0.5734343345066434,1.2049048998145713,0.6382485441237422
1448,-0.455713294258479,0.49394305485040707,-0.21928504195056375,0.5798488847737743
1449,0.4917948254105138,0.5194220879765568,0.4584698283818479,0.5902457864696804
1450,0.4258200323572732,0.5129125173866992,0.4584698283818478,0.5902457864696805
1451,0.747634892011364,0.5484229304797543,0.817076757140977,0.6090083105987706
1452,-1.3043785394350318,0.5944791755092479,-1.295125240242785,0.632197709565795
1453,-0.26167536159479887,0.4860382079065562,-0.21928504195056392,0.5798488847737742
1454,0.4288010435888589,0.6267330800034279,0.27277999702951417,0.6670223494274364
1455,0.5530176910506663,0.5258043996894683,0.45846982838184797,0.5902457864696805
1456,0.1784849707296084,0.4925877844517979,0.11656468929844116,0.5806583454853818
1457,0.01843431372578344,0.48504115297219735,-0.2192850419505639,0.5798488847737742
1458,-0.7467139820478403,0.515931112326834,-0.559223629948804,0.5876695275039815
1459,0.611720984140155,0.532243569462762,0.8170767571409772,0.6090083105987707
1460,1.5553965957770506,0.6684628763997974,1.6376087363486298,0.679183224386796
1461,0.44914211049198627,0.5151701334171405,0.4584698283818481,0.5902457864696805
1462,-0.671488407723712,0.5087697217920902,-0.9137098301735613,0.6047106626516957
1463,-0.6261357597921358,0.5049838795538103,-0.5592236299488043,0.5876695275039815
1464,-0.16979179428125407,0.48398661020842815,-0.2192850419505637,0.5798488847737738
1465,-0.595318296125918,0.5026315457048435,-0.5592236299488038,0.5876695275039814
1466,0.642435736081021,0.5357423292992053,0.45846982838184824,0.5902457864696805
1467,0.39098383560829614,0.5096311080791242,0.45846982838184774,0.5902457864696805
1468,0.2754073497905756,0.4996219714055309,0.11656468929844106,0.5806583454853818
1469,-0.4246134983096782,0.4923817267124862,-0.5592236299488038,0.5876695275039813
1470,-0.42527550827503324,0.49241373256152077,-0.5592236299488038,0.5876695275039814
1471,-0.22715123999377784,0.4851140963027422,-0.2192850419505639,0.5798488847737742
1472,0.16226672493792568,0.49156835947637934,0.4584698283818479,0.5902457864696804
1473,-1.0041491259147886,0.5479917996389649,-0.9137098301735613,0.6047106626516955
1474,-0.003335023850694674,0.4844876435486979,-0.21928504195056375,0.579848884773774
1475,0.39098383560829614,0.5096311080791242,0.45846982838184774,0.5902457864696805
1476,0.3428639326228369,0.5052879452284121,0.4584698283818478,0.5902457864696803
1477,0.21351789399244117,0.4949549344324456,0.11656468929844138,0.5806583454853818
1478,0.44959583841740725,0.8327255670403261,0.1723450984744236,0.787038011688528
1479,1.1291088364706658,0.6022229377185689,1.2049048998145706,0.6382485441237418
1480,1.369864740558179,0.6395196359866483,1.2049048998145708,0.638248544123742
1481,0.746813818676141,0.548319764341004,0.8170767571409767,0.6090083105987705
1482,0.48475493818605253,0.518709373444173,0.4584698283818478,0.5902457864696805
1483,0.8295155191396499,0.5590324644788447,0.45846982838184747,0.5902457864696804
1484,-0.014029919993549633,0.4842592558893559,0.11656468929844128,0.5806583454853818
1485,0.42123886381330694,0.5124747158535694,0.4584698283818474,0.5902457864696804
1486,-0.3041226033631359,0.48739206866859064,-0.5592236299488041,0.5876695275039815
1487,0.3992849681418944,0.5104029561839115,0.11656468929844095,0.5806583454853815
1488,0.6207787763592183,0.5332659423137157,0.45846982838184747,0.5902457864696804
1489,-0.3964527011317899,0.49106791951101475,-0.21928504195056353,0.579848884773774
1490,-0.8385830451421321,0.526143469848549,-0.9137098301735614,0.6047106626516957
1491,0.23961465690140574,0.49685276971904924,0.4584698283818476,0.5902457864696803
1492,-0.4152558105603498,0.4919348808520181,-0.2192850419505635,0.5798488847737739
1493,0.21418686182664415,0.49500220928776173,0.11656468929844127,0.5806583454853818
1494,0.37581458982909455,0.6216682513759336,0.2727799970295142,0.6670223494274367
1495,1.305693223257161,0.6294965672605721,1.204904899814571,0.6382485441237422
1496,-0.35814360130596323,0.4894259380264985,-0.21928504195056375,0.579848884773774
1497,0.8969893472015525,0.5682257765984314,0.8170767571409767,0.6090083105987705
1498,0.4854896935142631,0.5187835576388634,0.4584698283818478,0.5902457864696805
1499,-0.14568969501831988,0.483686290998356,-0.21928504195056372,0.579848884773774
1500,0.1413787380216602,0.490332156842301,0.11656468929844091,0.5806583454853815
1501,0.5406103314760643,0.5244839833320654,0.8170767571409765,0.6090083105987704
1502,-1.2664871641276418,0.5883134617620125,-1.2951252402427846,0.6321977095657948
1503,-0.8385830451421321,0.526143469848549,-0.9137098301735614,0.6047106626516957
1504,-0.5824426091436511,0.5016993916767356,-0.559223629948804,0.5876695275039814
1505,-0.671488407723712,0.5087697217920902,-0.9137098301735613,0.6047106626516957
1506,1.369864740558179,0.6395196359866483,1.2049048998145708,0.638248544123742
1507,-0.5022138726453791,0.49651170772988623,-0.5592236299488039,0.5876695275039814
1508,0.21483663832489405,0.49504819922539867,0.11656468929844094,0.5806583454853815
1509,0.9331772725309624,0.5733070575297995,1.2049048998145706,0.6382485441237419
1510,0.04652759504713995,0.4859307696175805,0.11656468929844117,0.5806583454853818
1511,-0.11618736709283642,0.48347566419577365,-0.2192850419505635,0.5798488847737742
1512,0.7537157586817779,0.8420886430624982,0.8105587489742259,0.8136981587191087
1513,-0.038792626794698956,0.48383982612066545,0.11656468929844127,0.5806583454853816
1514,0.44637644717528757,0.5148999105314577,0.45846982838184785,0.5902457864696804
1515,0.5886309639923749,0.5296725311491992,0.11656468929844091,0.5806583454853815
1516,-0.08260462766248566,0.483463348201771,-0.5592236299488038,0.5876695275039812
1517,-0.5003171076532066,0.49640108010353007,-0.5592236299488038,0.5876695275039814
1518,-1.4442370900626589,0.617687080300601,-1.2951252402427846,0.6321977095657948
1519,0.5148167338659793,0.5217830993561043,0.45846982838184763,0.5902457864696803
1520,-0.8385830451421321,0.526143469848549,-0.9137098301735614,0.6047106626516957
1521,0.01907671420053321,0.48505929313639073,-0.21928504195056372,0.579848884773774
1522,0.44914211049198627,0.5151701334171405,0.4584698283818481,0.5902457864696805
1523,-1.1571353060712517,0.5709202607951053,-0.9137098301735613,0.6047106626516955
1524,-0.4462958366033353,0.5914070279959422,-0.5939353942112641,0.6589374259623303
1525,-0.46891918289894774,0.4946429491648697,-0.9137098301735613,0.6047106626516956
1526,0.1263971747109501,0.48950135668621153,0.45846982838184785,0.5902457864696804
1527,1.2197700631989443,0.616143384541569,1.2049048998145706,0.6382485441237419
1528,0.8535389141485441,0.5622614419174188,0.8170767571409767,0.6090083105987705
1529,-0.44050835753070955,0.4931647991208747,-0.5592236299488038,0.5876695275039814
1530,-0.20168490822903262,0.48454622214515247,-0.2192850419505638,0.5798488847737738
1531,0.24284465145124456,0.49709505849623986,0.4584698283818478,0.5902457864696805
1532,-0.27497934178935673,0.48643794814101426,-0.559223629948804,0.5876695275039814
1533,0.363668112711649,0.5071374786769165,0.4584698283818474,0.5902457864696804
1534,-1.1058990823421537,0.5630251970862216,-0.9137098301735613,0.6047106626516957
1535,-0.47474271480456276,0.49495886852146226,-0.21928504195056372,0.579848884773774
1536,-1.6176717752211356,0.6470694945321382,-1.7187355097094603,0.6713735984197418
1537,-0.5986238548910964,0.502875600473147,-0.5592236299488039,0.5876695275039816
1538,0.3985737508266901,0.5103365758522854,0.11656468929844095,0.5806583454853815
1539,-0.595318296125918,0.5026315457048435,-0.5592236299488038,0.5876695275039814
1540,0.8519743192217667,0.5620496164980235,1.2049048998145704,0.6382485441237419
1541,1.305693223257161,0.6294965672605721,1.204904899814571,0.6382485441237422
1542,0.3356511403473938,0.5046572388929171,0.11656468929844091,0.5806583454853815
1543,-0.11388772580098412,0.483466895710725,-0.2192850419505637,0.5798488847737739
1544,1.5553965957770506,0.6684628763997974,1.6376087363486298,0.679183224386796
1545,-0.47729769099681624,0.49509890524799927,-0.21928504195056375,0.579848884773774
1546,-0.5643991815234379,0.5004415493932162,-0.5592236299488038,0.5876695275039814
1547,-0.05907020046802414,0.4836085310450028,-0.21928504195056372,0.579848884773774
1548,-0.024794834764283902,0.4840582279486388,-0.21928504195056395,0.5798488847737739
1549,-0.23087218180556573,0.48520544568718577,-0.2192850419505635,0.579848884773774
1550,0.747634892011364,0.5484229304797543,0.817076757140977,0.6090083105987706
1551,0.7537157586817779,0.8420886430624982,0.8105587489742259,0.8136981587191087
1552,-0.33367876733444934,0.4884635397893792,-0.559223629948804,0.5876695275039816
1553,0.5578408968662412,0.5263214579049045,0.45846982838184797,0.5902457864696805
1554,0.2408370879348742,0.49694428165875476,0.11656468929844095,0.5806583454853818
1555,-0.20168490822903262,0.48454622214515247,-0.2192850419505638,0.5798488847737738
1556,-0.9622773271055001,0.5421151283364881,-1.2951252402427844,0.6321977095657948
1557,0.7961175913088172,0.554629297268228,0.8170767571409769,0.6090083105987707
1558,0.42653845053645834,0.5129813431911008,0.45846982838184785,0.5902457864696804
1559,0.1784849707296084,0.4925877844517979,0.11656468929844116,0.5806583454853818
1560,-0.20475577886660296,0.48460923121758115,-0.21928504195056397,0.5798488847737742
1561,-0.6228025436743084,0.5047210268688102,-0.5592236299488038,0.5876695275039813
1562,-0.6810464048303677,0.509618200568796,-0.21928504195056372,0.579848884773774
1563,0.01907671420053321,0.48505929313639073,-0.21928504195056372,0.579848884773774
1564,-1.2308120920214143,0.5825684407492392,-0.9137098301735611,0.6047106626516954
1565,0.168018570962047,0.4919240952319622,-0.21928504195056392,0.5798488847737739
1566,1.5553965957770506,0.6684628763997974,1.6376087363486298,0.679183224386796
1567,0.020989034592037922,0.48511390568604046,0.11656468929844102,0.5806583454853818
1568,1.1790589356017913,0.609864661056937,1.2049048998145706,0.638248544123742
1569,-0.4669312028792812,0.49453613360966914,-0.559223629948804,0.5876695275039814
1570,-0.3052988059455961,0.48743275336023506,-0.21928504195056392,0.5798488847737738
1571,0.5494047219967242,0.5254184648254066,0.4584698283818479,0.5902457864696803
1572,0.2745987956326036,0.4995574480388486,0.11656468929844105,0.5806583454853816
1573,-1.1571353060712517,0.5709202607951053,-0.9137098301735613,0.6047106626516955
1574,0.0006172822319641669,0.48457929810655703,-0.2192850419505637,0.5798488847737738
1575,0.8535389141485441,0.5622614419174188,0.8170767571409767,0.6090083105987705
1576,1.5553965957770506,0.6684628763997974,1.6376087363486298,0.679183224386796
1577,0.23961465690140574,0.49685276971904924,0.4584698283818476,0.5902457864696803
1578,-0.16979179428125407,0.48398661020842815,-0.2192850419505637,0.5798488847737738
1579,-0.9637328961572273,0.5423158961412617,-0.9137098301735609,0.6047106626516954
1580,0.9340749150692889,0.5734343345066434,1.2049048998145713,0.6382485441237422
1581,0.307495093117158,0.5022501239439771,-0.21928504195056397,0.5798488847737742
1582,-0.660329272765557,0.507801586595104,-0.5592236299488039,0.5876695275039816
1583,-0.46891918289894774,0.4946429491648697,-0.9137098301735613,0.6047106626516956
1584,1.305693223257161,0.6294965672605721,1.204904899814571,0.6382485441237422
1585,0.04525685565539063,0.48588629255823645,0.11656468929844128,0.5806583454853818
1586,-1.3043785394350318,0.5944791755092479,-1.295125240242785,0.632197709565795
1587,-0.6831578204265144,0.5098080389409986,-0.5592236299488038,0.5876695275039813
1588,-0.5028870443907524,0.49655109473015796,-0.559223629948804,0.5876695275039816
1589,-0.5342659055804508,0.5944384962399194,-0.5939353942112642,0.6589374259623303
1590,0.2408370879348742,0.49694428165875476,0.11656468929844095,0.5806583454853818
1591,-1.4442370900626589,0.617687080300601,-1.2951252402427846,0.6321977095657948
1592,0.4889833896721335,0.5191369410410178,0.4584698283818478,0.5902457864696805
1593,-1.1571353060712517,0.5709202607951053,-0.9137098301735613,0.6047106626516955
1594,-1.3043785394350318,0.5944791755092479,-1.295125240242785,0.632197709565795
1595,1.0615054111107425,0.5920238914886269,0.8170767571409767,0.6090083105987707
1596,-0.04069502765954079,0.4838138700221178,-0.21928504195056386,0.5798488847737742
1597,-0.13554652504316106,0.4835937334432778,-0.21928504195056375,0.579848884773774
1598,-0.42330536140159386,0.4923186366480217,-0.21928504195056392,0.5798488847737738
1599,0.5148167338659793,0.5217830993561043,0.45846982838184763,0.5902457864696803
1600,-0.483566284077892,0.4954462317441634,-0.5592236299488038,0.5876695275039814
1601,-0.8385830451421321,0.526143469848549,-0.9137098301735614,0.6047106626516957
1602,0.03463333773331856,0.5968696508174048,-0.16323219597633332,0.6559526476560473
1603,1.1407168237904468,0.6039917894699895,0.8170767571409769,0.6090083105987707
1604,0.8969893472015525,0.5682257765984314,0.8170767571409767,0.6090083105987705
1605,0.44914211049198627,0.5151701334171405,0.4584698283818481,0.5902457864696805
1606,0.6497822678490182,0.5365926767899782,0.8170767571409769,0.6090083105987706
1607,0.18853486909836822,0.4932444157257695,0.4584698283818479,0.5902457864696803
1608,-0.6247635857556723,0.5048754210070858,-0.5592236299488038,0.5876695275039814
1609,0.9698107734082737,0.5785469375147227,0.8170767571409767,0.6090083105987705
1610,0.44914211049198627,0.5151701334171405,0.4584698283818481,0.5902457864696805
1611,0.455933279787214,0.5158365133077089,0.8170767571409769,0.6090083105987706
1612,-0.5643991815234379,0.5004415493932162,-0.5592236299488038,0.5876695275039814
1613,-0.8385830451421321,0.526143469848549,-0.9137098301735614,0.6047106626516957
1614,0.3024468136264903,0.5018282015073178,0.4584698283818478,0.5902457864696805
1615,0.3629862321945027,0.5070761614968634,0.45846982838184824,0.5902457864696805
1616,-0.13554652504316106,0.4835937334432778,-0.21928504195056375,0.579848884773774
1617,1.305693223257161,0.6294965672605721,1.204904899814571,0.6382485441237422
1618,-0.07943642137007073,0.5922281039403215,-0.16323219597633337,0.6559526476560475
1619,0.27214453979087705,0.49936213081727965,0.11656468929844131,0.5806583454853815
1620,-0.20475577886660296,0.48460923121758115,-0.21928504195056397,0.5798488847737742
1621,0.37581458982909455,0.6216682513759336,0.2727799970295142,0.6670223494274367
1622,-0.3011591622618319,0.48729029712926925,-0.21928504195056375,0.579848884773774
1623,0.10681281526909045,0.4884889823223203,-0.21928504195056397,0.5798488847737742
1624,-0.5369359409331834,0.49863126088189363,-0.2192850419505637,0.5798488847737744
1625,0.9698107734082737,0.5785469375147227,0.8170767571409767,0.6090083105987705
1626,0.1554375312347033,0.49115447181687566,0.11656468929844127,0.5806583454853816
1627,-0.36385441429095466,0.4896602630816693,-0.559223629948804,0.5876695275039814
1628,-0.1987557160280135,0.48448756440746127,0.11656468929844131,0.5806583454853815
1629,0.2745987956326036,0.4995574480388486,0.11656468929844105,0.5806583454853816
1630,0.21351789399244117,0.4949549344324456,0.11656468929844138,0.5806583454853818
1631,-0.8031826526826115,0.5220249359422343,-0.9137098301735616,0.6047106626516958
1632,-0.20168490822903262,0.48454622214515247,-0.2192850419505638,0.5798488847737738
1633,0.2745987956326036,0.4995574480388486,0.11656468929844105,0.5806583454853816
1634,1.5553965957770506,0.6684628763997974,1.6376087363486298,0.679183224386796
1635,-0.688402097605684,0.5102833269696023,-0.5592236299488043,0.5876695275039815
1636,-1.1221563173880362,0.565509771326829,-0.9137098301735614,0.6047106626516957
1637,0.747634892011364,0.5484229304797543,0.817076757140977,0.6090083105987706
1638,-0.11388772580098412,0.483466895710725,-0.2192850419505637,0.5798488847737739
1639,0.7961175913088172,0.554629297268228,0.8170767571409769,0.6090083105987707
1640,0.5210248472515574,0.5224277568789687,0.11656468929844088,0.5806583454853815
1641,1.5553965957770506,0.6684628763997974,1.6376087363486298,0.679183224386796
1642,0.746813818676141,0.548319764341004,0.8170767571409767,0.6090083105987705
1643,0.7537157586817779,0.8420886430624982,0.8105587489742259,0.8136981587191087
1644,0.612472259543611,0.5323280700654754,0.8170767571409769,0.6090083105987706
1645,0.2389406818000055,0.4968024124566077,0.4584698283818479,0.5902457864696802
1646,0.04588289006914295,0.4859081544793815,0.11656468929844127,0.5806583454853816
1647,-0.5022138726453791,0.49651170772988623,-0.5592236299488039,0.5876695275039814
1648,1.0064078225047135,0.5838687183333235,0.8170767571409776,0.6090083105987708
1649,-0.619261101408053,0.5985332921858745,-0.5939353942112642,0.6589374259623303
1650,-0.3964527011317899,0.49106791951101475,-0.21928504195056353,0.579848884773774
1651,-0.4226436068916394,0.4922867985607607,-0.21928504195056395,0.579848884773774
1652,-0.6866484458290771,0.6025744999081158,-0.5939353942112645,0.6589374259623304
1653,0.11540636797889042,0.4889227240045424,0.11656468929844067,0.5806583454853816
1654,0.9340749150692889,0.5734343345066434,1.2049048998145713,0.6382485441237422
1655,1.5553965957770506,0.6684628763997974,1.6376087363486298,0.679183224386796
1656,0.01791191996324923,0.4850264778466055,0.11656468929844116,0.5806583454853818
1657,0.44914211049198627,0.5151701334171405,0.4584698283818481,0.5902457864696805
1658,-0.3977507240851961,0.4911264591092239,-0.2192850419505637,0.5798488847737744
1659,1.5553965957770506,0.6684628763997974,1.6376087363486298,0.679183224386796
1660,-0.5552752619629607,0.4998264522446006,-0.5592236299488041,0.5876695275039815
1661,-0.47729769099681624,0.49509890524799927,-0.21928504195056375,0.579848884773774
1662,-0.11618736709283642,0.48347566419577365,-0.2192850419505635,0.5798488847737742
1663,0.21418686182664415,0.49500220928776173,0.11656468929844127,0.5806583454853818
1664,1.0064078225047135,0.5838687183333235,0.8170767571409776,0.6090083105987708
1665,-0.8334821661193551,0.5255364544188156,-0.559223629948804,0.5876695275039817
1666,-0.16979179428125407,0.48398661020842815,-0.2192850419505637,0.5798488847737738
1667,1.5553965957770506,0.6684628763997974,1.6376087363486298,0.679183224386796
1668,-0.20168490822903262,0.48454622214515247,-0.2192850419505638,0.5798488847737738
1669,0.3923857695311767,0.5097610107134326,0.8170767571409776,0.6090083105987706
1670,0.9340749150692889,0.5734343345066434,1.2049048998145713,0.6382485441237422
1671,0.44841755098281433,0.5150992745703208,0.45846982838184835,0.5902457864696803
1672,0.71913630997296,0.5448805634637552,0.8170767571409769,0.6090083105987708
1673,0.747634892011364,0.5484229304797543,0.817076757140977,0.6090083105987706
1674,0.747634892011364,0.5484229304797543,0.817076757140977,0.6090083105987706
1675,0.020989034592037922,0.48511390568604046,0.11656468929844102,0.5806583454853818
1676,-0.7354689071113404,0.5147902683739951,-0.9137098301735613,0.6047106626516955
1677,-0.23022939120377242,0.4851895175689805,-0.21928504195056364,0.5798488847737742
1678,-0.3649229676598582,0.48970451311588215,-0.5592236299488039,0.5876695275039814
1679,-0.014029919993549633,0.4842592558893559,0.11656468929844128,0.5806583454853818
1680,-0.31353465647639983,0.48772222560597134,0.11656468929844163,0.5806583454853821
1681,-1.2664871641276418,0.5883134617620125,-1.2951252402427846,0.6321977095657948
1682,0.44637644717528757,0.5148999105314577,0.45846982838184785,0.5902457864696804
1683,-0.8422063169519611,0.5265773578792163,-0.913709830173561,0.6047106626516955
1684,-0.42210550127403346,0.49226094781406754,-0.5592236299488041,0.5876695275039815
1685,-1.4442370900626589,0.617687080300601,-1.2951252402427846,0.6321977095657948
1686,-1.4442370900626589,0.617687080300601,-1.2951252402427846,0.6321977095657948
1687,1.305693223257161,0.6294965672605721,1.204904899814571,0.6382485441237422
1688,1.1790589356017913,0.609864661056937,1.2049048998145706,0.638248544123742
1689,0.9331772725309624,0.5733070575297995,1.2049048998145706,0.6382485441237419
1690,0.07744536887418343,0.48713461858379414,0.11656468929844097,0.5806583454853816
1691,0.41910535327842824,0.5122714666727479,0.11656468929844108,0.5806583454853816
1692,-0.30722993554415984,0.48749990812308325,-0.5592236299488038,0.5876695275039814
1693,-0.6810464048303677,0.509618200568796,-0.21928504195056372,0.579848884773774
1694,0.9340749150692889,0.5734343345066434,1.2049048998145713,0.6382485441237422
1695,-0.08376183888570857,0.48345954705918975,-0.21928504195056397,0.5798488847737742
1696,0.9698107734082737,0.5785469375147227,0.8170767571409767,0.6090083105987705
1697,0.1263971747109501,0.48950135668621153,0.45846982838184785,0.5902457864696804
1698,1.5553965957770506,0.6684628763997974,1.6376087363486298,0.679183224386796
1699,-0.7103443046758999,0.5123304073464071,-0.9137098301735611,0.6047106626516956
1700,0.7537157586817779,0.8420886430624982,0.8105587489742259,0.8136981587191087
1701,-0.3400121248261985,0.48870620811584414,-0.21928504195056403,0.579848884773774
1702,1.369864740558179,0.6395196359866483,1.2049048998145708,0.638248544123742
1703,-0.8334821661193551,0.5255364544188156,-0.559223629948804,0.5876695275039817
1704,-0.24756790967962128,0.4856402495937263,-0.5592236299488041,0.5876695275039815
1705,0.4917948254105138,0.5194220879765568,0.4584698283818479,0.5902457864696804
1706,-0.20475577886660296,0.48460923121758115,-0.21928504195056397,0.5798488847737742
1707,-0.5100885585726808,0.4969765746586075,-0.21928504195056392,0.5798488847737742
1708,0.03463333773331856,0.5968696508174048,-0.16323219597633332,0.6559526476560473
1709,0.04652759504713995,0.4859307696175805,0.11656468929844117,0.5806583454853818
1710,0.2745987956326036,0.4995574480388486,0.11656468929844105,0.5806583454853816
1711,0.747634892011364,0.5484229304797543,0.817076757140977,0.6090083105987706
1712,-0.6188048555610587,0.5044084998444655,-0.559223629948804,0.5876695275039816
1713,1.5553965957770506,0.6684628763997974,1.6376087363486298,0.679183224386796
1714,-0.3964527011317899,0.49106791951101475,-0.21928504195056353,0.579848884773774
1715,-0.4246134983096782,0.4923817267124862,-0.5592236299488038,0.5876695275039813
1716,0.24715412023029282,0.49742075412619685,0.45846982838184824,0.5902457864696805
1717,-0.41697619045119316,0.49201625604391525,-0.21928504195056356,0.5798488847737738
1718,0.1352389249221033,0.48998589919557023,-0.21928504195056397,0.5798488847737742
1719,-0.03763356457569157,0.4838560756391126,-0.21928504195056395,0.579848884773774
1720,0.0992034653440455,0.4881188675055968,0.11656468929844117,0.5806583454853819
1721,-0.4214439017090802,0.4922292115235523,-0.559223629948804,0.5876695275039814
1722,-1.4442370900626589,0.617687080300601,-1.2951252402427846,0.6321977095657948
1723,1.0064078225047135,0.5838687183333235,0.8170767571409776,0.6090083105987708
1724,0.01843431372578344,0.48504115297219735,-0.2192850419505639,0.5798488847737742
1725,-0.5277809522333392,0.49805461527583655,-0.9137098301735611,0.6047106626516955
1726,-0.22305051895753014,0.4850158354740982,-0.2192850419505639,0.5798488847737742
1727,-0.6261357597921358,0.5049838795538103,-0.5592236299488043,0.5876695275039815
1728,-1.4442370900626589,0.617687080300601,-1.2951252402427846,0.6321977095657948
1729,0.2745987956326036,0.4995574480388486,0.11656468929844105,0.5806583454853816
1730,-0.5376148774156492,0.4986745478874152,-0.21928504195056409,0.5798488847737746
1731,-0.3391149316728898,0.4886715550466894,-0.21928504195056353,0.5798488847737742
1732,1.1291088364706658,0.6022229377185689,1.2049048998145706,0.6382485441237418
1733,-1.0791654666300583,0.5589848250177187,-0.9137098301735614,0.6047106626516957
1734,0.6723039324639746,0.5392323028231316,0.8170767571409767,0.6090083105987705
1735,0.2745987956326036,0.4995574480388486,0.11656468929844105,0.5806583454853816
1736,-0.19568636781067644,0.4844276291096343,0.11656468929844102,0.5806583454853819
1737,0.18853486909836822,0.4932444157257695,0.4584698283818479,0.5902457864696803
1738,0.8561097116956855,0.5626099494405278,1.2049048998145708,0.6382485441237419
1739,0.9331772725309624,0.5733070575297995,1.2049048998145706,0.6382485441237419
1740,-0.06589455238060406,0.48355297778958684,0.11656468929844128,0.5806583454853818
1741,-0.5796037470748878,0.5964816892440384,-0.16323219597633315,0.6559526476560474
1742,-0.8422063169519611,0.5265773578792163,-0.913709830173561,0.6047106626516955
1743,-0.24992500698332115,0.5891397684339212,-0.16323219597633326,0.6559526476560475
1744,-0.595318296125918,0.5026315457048435,-0.5592236299488038,0.5876695275039814
1745,-0.9622773271055001,0.5421151283364881,-1.2951252402427844,0.6321977095657948
1746,0.9247950888415781,0.5721213660707003,0.8170767571409767,0.6090083105987706
1747,0.04344023458771232,0.48582340251515377,0.11656468929844105,0.5806583454853816
1748,-0.4246134983096782,0.4923817267124862,-0.5592236299488038,0.5876695275039813
1749,0.6819888286111644,0.5403826806628029,0.8170767571409777,0.6090083105987708
1750,-0.8399540297809371,0.5263073819945066,-0.559223629948804,0.5876695275039815
1751,-1.4442370900626589,0.617687080300601,-1.2951252402427846,0.6321977095657948
1752,-0.20475577886660296,0.48460923121758115,-0.21928504195056397,0.5798488847737742
1753,0.22045425960875595,0.4954487094833096,0.45846982838184813,0.5902457864696804
1754,0.7136660770807222,0.5442097039957526,0.4584698283818477,0.5902457864696805
1755,-0.30722993554415984,0.48749990812308325,-0.5592236299488038,0.5876695275039814
1756,0.41780642686279706,0.5121479242933547,0.45846982838184785,0.5902457864696803
1757,-0.20284737512086046,0.4845698925563329,0.1165646892984411,0.5806583454853815
1758,-0.16979179428125407,0.48398661020842815,-0.2192850419505637,0.5798488847737738
1759,0.8636524925061019,0.563635725317217,0.45846982838184763,0.5902457864696804
1760,0.3704998849539631,0.5077543603606592,0.11656468929844102,0.5806583454853818
1761,0.550771884711654,0.5255643651226904,0.11656468929844087,0.5806583454853818
1762,0.21418686182664415,0.49500220928776173,0.11656468929844127,0.5806583454853818
1763,1.0064078225047135,0.5838687183333235,0.8170767571409776,0.6090083105987708
1764,-0.706913799097824,0.5120041321335834,-0.9137098301735616,0.6047106626516958
1765,-1.2308120920214143,0.5825684407492392,-0.9137098301735611,0.6047106626516954
1766,-0.5965693270132805,0.5027236814861564,-0.21928504195056372,0.579848884773774
1767,0.04344023458771232,0.48582340251515377,0.11656468929844105,0.5806583454853816
1768,0.8969893472015525,0.5682257765984314,0.8170767571409767,0.6090083105987705
1769,-0.28060972118800975,0.4866140311397627,0.11656468929844109,0.5806583454853818
1770,0.5148167338659793,0.5217830993561043,0.45846982838184763,0.5902457864696803
1771,-1.6176717752211356,0.6470694945321382,-1.7187355097094603,0.6713735984197418
1772,0.747634892011364,0.5484229304797543,0.817076757140977,0.6090083105987706
1773,-0.28253434548443135,0.486675144799632,-0.21928504195056386,0.5798488847737742
1774,0.6497822678490182,0.5365926767899782,0.8170767571409769,0.6090083105987706
1775,0.3704998849539631,0.5077543603606592,0.11656468929844102,0.5806583454853818
1776,0.24016286472286252,0.496893780906027,0.11656468929844108,0.5806583454853816
1777,-0.529686841315348,0.4981735867766845,-0.5592236299488041,0.5876695275039815
1778,0.21483663832489405,0.49504819922539867,0.11656468929844094,0.5806583454853815
1779,0.24284465145124456,0.49709505849623986,0.4584698283818478,0.5902457864696805
1780,-0.4246134983096782,0.4923817267124862,-0.5592236299488038,0.5876695275039813
1781,0.01907671420053321,0.48505929313639073,-0.21928504195056372,0.579848884773774
1782,-0.4669312028792812,0.49453613360966914,-0.559223629948804,0.5876695275039814
1783,-1.2200133451607194,0.5808420096524078,-1.295125240242785,0.632197709565795
1784,0.41780642686279706,0.5121479242933547,0.45846982838184785,0.5902457864696803
1785,-0.7165950824673507,0.5129308529282635,-0.21928504195056375,0.579848884773774
1786,-0.610230842312285,0.8301117660186482,-0.4389287176427276,0.7800797730878822
1787,0.9698107734082737,0.5785469375147227,0.8170767571409767,0.6090083105987705
1788,-1.4442370900626589,0.617687080300601,-1.2951252402427846,0.6321977095657948
1789,1.1291088364706658,0.6022229377185689,1.2049048998145706,0.6382485441237418
1790,-0.8385830451421321,0.526143469848549,-0.9137098301735614,0.6047106626516957
1791,0.0006172822319641669,0.48457929810655703,-0.2192850419505637,0.5798488847737738
1792,0.9698107734082737,0.5785469375147227,0.8170767571409767,0.6090083105987705
1793,-0.03407273550216951,0.4839080635517949,0.1165646892984412,0.5806583454853816
1794,-1.4442370900626589,0.617687080300601,-1.2951252402427846,0.6321977095657948
1795,0.747634892011364,0.5484229304797543,0.817076757140977,0.6090083105987706
1796,0.747634892011364,0.5484229304797543,0.817076757140977,0.6090083105987706
1797,-1.4442370900626589,0.617687080300601,-1.2951252402427846,0.6321977095657948
1798,-0.20475577886660296,0.48460923121758115,-0.21928504195056397,0.5798488847737742
1799,-0.4246134983096782,0.4923817267124862,-0.5592236299488038,0.5876695275039813
1800,0.21351789399244117,0.4949549344324456,0.11656468929844138,0.5806583454853818
1801,0.41910535327842824,0.5122714666727479,0.11656468929844108,0.5806583454853816
1802,0.7136660770807222,0.5442097039957526,0.4584698283818477,0.5902457864696805
1803,-0.23022939120377242,0.4851895175689805,-0.21928504195056364,0.5798488847737742
1804,-0.28253434548443135,0.486675144799632,-0.21928504195056386,0.5798488847737742
1805,1.1291088364706658,0.6022229377185689,1.2049048998145706,0.6382485441237418
1806,-0.07060787340276098,0.48352106658123345,0.11656468929844105,0.5806583454853818
1807,-0.8385830451421321,0.526143469848549,-0.9137098301735614,0.6047106626516957
1808,0.16030343701798996,0.49144842326436766,0.11656468929844108,0.5806583454853816
1809,-0.3128851896809667,0.4876991078639332,0.11656468929844127,0.5806583454853816
1810,0.5148167338659793,0.5217830993561043,0.45846982838184763,0.5902457864696803
1811,0.020989034592037922,0.48511390568604046,0.11656468929844102,0.5806583454853818
1812,-0.4246134983096782,0.4923817267124862,-0.5592236299488038,0.5876695275039813
1813,0.1853545245775299,0.49303460805176,0.4584698283818478,0.5902457864696805
1814,0.2408370879348742,0.49694428165875476,0.11656468929844095,0.5806583454853818
1815,0.7136660770807222,0.5442097039957526,0.4584698283818477,0.5902457864696805
1816,-0.11388772580098412,0.483466895710725,-0.2192850419505637,0.5798488847737739
1817,-0.2718854528378302,0.4863429223351232,-0.5592236299488039,0.5876695275039813
1818,-1.6176717752211356,0.6470694945321382,-1.7187355097094603,0.6713735984197418
1819,-0.47474271480456276,0.49495886852146226,-0.21928504195056372,0.579848884773774
1820,0.6737439839949513,0.5394027704967107,0.4584698283818478,0.5902457864696804
1821,0.5148167338659793,0.5217830993561043,0.45846982838184763,0.5902457864696803
1822,-0.17285546824533093,0.48403258274938954,-0.21928504195056356,0.5798488847737738
1823,0.1295318533415057,0.48967122030643806,0.45846982838184763,0.5902457864696803
1824,-0.11618736709283642,0.48347566419577365,-0.2192850419505635,0.5798488847737742
1825,0.01907671420053321,0.48505929313639073,-0.21928504195056372,0.579848884773774
1826,0.04652759504713995,0.4859307696175805,0.11656468929844117,0.5806583454853818
1827,0.8969893472015525,0.5682257765984314,0.8170767571409767,0.6090083105987705
1828,-0.3359927206013561,0.48855167357196005,-0.2192850419505639,0.5798488847737742
1829,-0.4436900638940441,0.4933252591011707,-0.5592236299488038,0.5876695275039814
1830,0.04344023458771232,0.48582340251515377,0.11656468929844105,0.5806583454853816
1831,-1.3043785394350318,0.5944791755092479,-1.295125240242785,0.632197709565795
1832,-0.0002648467549863365,0.4845585016745585,-0.21928504195056409,0.579848884773774
1833,0.8519743192217667,0.5620496164980235,1.2049048998145704,0.6382485441237419
1834,0.2745987956326036,0.4995574480388486,0.11656468929844105,0.5806583454853816
1835,0.8195657382811079,0.557710077660854,0.8170767571409772,0.6090083105987706
1836,-0.3964527011317899,0.49106791951101475,-0.21928504195056353,0.579848884773774
1837,-0.3867664353505444,0.4906371341676518,-0.5592236299488041,0.5876695275039817
1838,-0.8422063169519611,0.5265773578792163,-0.913709830173561,0.6047106626516955
1839,0.2408370879348742,0.49694428165875476,0.11656468929844095,0.5806583454853818
1840,0.04652759504713995,0.4859307696175805,0.11656468929844117,0.5806583454853818
1841,-0.014029919993549633,0.4842592558893559,0.11656468929844128,0.5806583454853818
1842,0.6200024425144218,0.5331780087891458,0.45846982838184797,0.5902457864696805
1843,1.1407168237904468,0.6039917894699895,0.8170767571409769,0.6090083105987707
1844,0.7537157586817779,0.8420886430624982,0.8105587489742259,0.8136981587191087
1845,0.39098383560829614,0.5096311080791242,0.45846982838184774,0.5902457864696805
1846,0.01907671420053321,0.48505929313639073,-0.21928504195056372,0.579848884773774
1847,0.2817930718254609,0.5001345889855994,0.4584698283818477,0.59024578646968
1848,1.0064078225047135,0.5838687183333235,0.8170767571409776,0.6090083105987708
1849,-1.0488535121023546,0.6349345388223243,-1.0379394534629274,0.6761002515693982
1850,-0.5643991815234379,0.5004415493932162,-0.5592236299488038,0.5876695275039814
1851,0.8295155191396499,0.5590324644788447,0.45846982838184747,0.5902457864696804
1852,-0.8385830451421321,0.526143469848549,-0.9137098301735614,0.6047106626516957
1853,-0.14568969501831988,0.483686290998356,-0.21928504195056372,0.579848884773774
1854,-0.6254596481662635,0.5049303948274091,-0.5592236299488039,0.5876695275039814
1855,0.5494047219967242,0.5254184648254066,0.4584698283818479,0.5902457864696803
1856,0.05794928810042038,0.48634838696481875,0.11656468929844116,0.5806583454853815
1857,0.44914211049198627,0.5151701334171405,0.4584698283818481,0.5902457864696805
1858,0.8195657382811079,0.557710077660854,0.8170767571409772,0.6090083105987706
1859,0.4612682920293859,0.5163628334033337,0.11656468929844113,0.580658345485382
1860,0.307495093117158,0.5022501239439771,-0.21928504195056397,0.5798488847737742
1861,0.6819888286111644,0.5403826806628029,0.8170767571409777,0.6090083105987708
1862,-0.7984380761457892,0.5214900001466363,-0.9137098301735616,0.6047106626516957
1863,-1.037803262788723,0.5528557890095969,-1.2951252402427849,0.6321977095657949
1864,-0.679760879451122,0.5095030450310808,-0.559223629948804,0.5876695275039814
1865,0.21418686182664415,0.49500220928776173,0.11656468929844127,0.5806583454853818
1866,-1.4442370900626589,0.617687080300601,-1.2951252402427846,0.6321977095657948
1867,0.07756276921533999,0.48713962992841237,-0.21928504195056375,0.579848884773774
1868,-0.9095157707588959,0.5350260294157967,-0.9137098301735614,0.6047106626516956
1869,1.1291088364706658,0.6022229377185689,1.2049048998145706,0.6382485441237418
1870,-0.09122069330551981,0.48344240930974286,0.11656468929844124,0.5806583454853815
1871,-1.0791654666300583,0.5589848250177187,-0.9137098301735614,0.6047106626516957
1872,0.1340504295056658,0.48991979409993536,0.11656468929844127,0.5806583454853816
1873,0.10321607014493869,0.48831239207669885,0.11656468929844128,0.5806583454853818
1874,-1.038638004426784,0.5529778977796991,-1.2951252402427849,0.6321977095657949
1875,1.0238908730472043,0.5864389669028715,0.8170767571409769,0.6090083105987706
1876,0.37120392013572856,0.5078181930726628,0.116564689298441,0.5806583454853818
1877,-0.20475577886660296,0.48460923121758115,-0.21928504195056397,0.5798488847737742
1878,0.3889895166848698,0.5094466328888294,0.8170767571409773,0.6090083105987704
1879,-0.8422063169519611,0.5265773578792163,-0.913709830173561,0.6047106626516955
1880,0.9247950888415781,0.5721213660707003,0.8170767571409767,0.6090083105987706
1881,-0.455713294258479,0.49394305485040707,-0.21928504195056375,0.5798488847737743
1882,0.9247950888415781,0.5721213660707003,0.8170767571409767,0.6090083105987706
1883,0.8636524925061019,0.563635725317217,0.45846982838184763,0.5902457864696804
1884,0.9331772725309624,0.5733070575297995,1.2049048998145706,0.6382485441237419
1885,0.3428639326228369,0.5052879452284121,0.4584698283818478,0.5902457864696803
1886,-0.9022134841179505,0.5340755056496276,-0.5592236299488038,0.5876695275039814
1887,0.27391746783522297,0.49950314507959204,0.11656468929844105,0.5806583454853816
1888,0.5819668975056291,0.5289398033841474,0.8170767571409769,0.6090083105987706
1889,-1.2200133451607194,0.5808420096524078,-1.295125240242785,0.632197709565795
1890,-1.2664871641276418,0.5883134617620125,-1.2951252402427846,0.6321977095657948
1891,0.7136660770807222,0.5442097039957526,0.4584698283818477,0.5902457864696805
1892,-0.4436900638940441,0.4933252591011707,-0.5592236299488038,0.5876695275039814
1893,-0.5643991815234379,0.5004415493932162,-0.5592236299488038,0.5876695275039814
1894,0.8969893472015525,0.5682257765984314,0.8170767571409767,0.6090083105987705
1895,0.5442104359649643,0.5248656833742009,0.8170767571409772,0.6090083105987706
1896,0.04652759504713995,0.4859307696175805,0.11656468929844117,0.5806583454853818
1897,-1.037803262788723,0.5528557890095969,-1.2951252402427849,0.6321977095657949
1898,0.04344023458771232,0.48582340251515377,0.11656468929844105,0.5806583454853816
1899,-1.2200133451607194,0.5808420096524078,-1.295125240242785,0.632197709565795
1900,0.3356511403473938,0.5046572388929171,0.11656468929844091,0.5806583454853815
1901,-0.20284737512086046,0.4845698925563329,0.1165646892984411,0.5806583454853815
1902,0.8535389141485441,0.5622614419174188,0.8170767571409767,0.6090083105987705
1903,-0.610230842312285,0.8301117660186482,-0.4389287176427276,0.7800797730878822
1904,1.0238908730472043,0.5864389669028715,0.8170767571409769,0.6090083105987706
1905,1.0615054111107425,0.5920238914886269,0.8170767571409767,0.6090083105987707
1906,0.020989034592037922,0.48511390568604046,0.11656468929844102,0.5806583454853818
1907,0.21418686182664415,0.49500220928776173,0.11656468929844127,0.5806583454853818
1908,-0.8422063169519611,0.5265773578792163,-0.913709830173561,0.6047106626516955
1909,1.2082725231345148,0.7196221721292644,1.2394915218918436,0.7326935302592025
1910,-0.5376148774156492,0.4986745478874152,-0.21928504195056409,0.5798488847737746
1911,0.9331772725309624,0.5733070575297995,1.2049048998145706,0.6382485441237419
1912,0.3024468136264903,0.5018282015073178,0.4584698283818478,0.5902457864696805
1913,0.7136660770807222,0.5442097039957526,0.4584698283818477,0.5902457864696805
1914,-0.9022134841179505,0.5340755056496276,-0.5592236299488038,0.5876695275039814
