item,section_prompt,item_text,combined_text,CGCoT_Breakdown_gemini-3-flash-preview,CGCoT_Breakdown_gemini-3.1-pro-preview,CGCoT_Breakdown_gemini-3.7-flash,CGCoT_Breakdown_gpt-5.4-mini,CGCoT_Breakdown_gpt-5.4,CGCoT_Breakdown_gpt-5.6-luna,CGCoT_Breakdown_gpt-5.6-sol,a_2PL,b_2PL,b_1PL,BT_Item_Score_Bipartite,BT_Item_Strength_Bipartite,BT_Item_Total_Wins_Bipartite,table,Bradley_Terry_Log_Score_gemini-3-flash-preview,Bradley_Terry_Log_SE_gemini-3-flash-preview,Bradley_Terry_Z_Score_gemini-3-flash-preview,Bradley_Terry_Z_SE_gemini-3-flash-preview,Bradley_Terry_Log_Score_gemini-3.1-pro-preview,Bradley_Terry_Log_SE_gemini-3.1-pro-preview,Bradley_Terry_Z_Score_gemini-3.1-pro-preview,Bradley_Terry_Z_SE_gemini-3.1-pro-preview,Bradley_Terry_Log_Score_gemini-3.7-flash,Bradley_Terry_Log_SE_gemini-3.7-flash,Bradley_Terry_Z_Score_gemini-3.7-flash,Bradley_Terry_Z_SE_gemini-3.7-flash,Bradley_Terry_Log_Score_gpt-5.4-mini,Bradley_Terry_Log_SE_gpt-5.4-mini,Bradley_Terry_Z_Score_gpt-5.4-mini,Bradley_Terry_Z_SE_gpt-5.4-mini,Bradley_Terry_Log_Score_gpt-5.4,Bradley_Terry_Log_SE_gpt-5.4,Bradley_Terry_Z_Score_gpt-5.4,Bradley_Terry_Z_SE_gpt-5.4,Bradley_Terry_Log_Score_gpt-5.6-luna,Bradley_Terry_Log_SE_gpt-5.6-luna,Bradley_Terry_Z_Score_gpt-5.6-luna,Bradley_Terry_Z_SE_gpt-5.6-luna,Bradley_Terry_Log_Score_gpt-5.6-sol,Bradley_Terry_Log_SE_gpt-5.6-sol,Bradley_Terry_Z_Score_gpt-5.6-sol,Bradley_Terry_Z_SE_gpt-5.6-sol
s_cc_22_2021,"Some birds that are here today are smaller than they were many years ago. Why is this happening? It is a mystery. How do scientists study a mystery? First, scientists try to understand the bird’s skeletal and muscular systems. Those systems help birds to fly. One thing scientists know is that birds’ bones are hollow inside. So, they don’t weigh much. Birds’ skeletons weigh less than their feathers. They have also learned that a bird wing works like a human arm. Birds contract their chest muscles to make their wings flap. Second, scientists try to diagnose the reasons that the birds’ bodies might have changed over time. Some scientists thought that birds’ skeletal or muscular systems might have changed. So, they studied migratory birds in North America. Migratory birds fly long distances to warmer places for the winter. Third, scientists measured the physical characteristics of the birds. They measured the size of the birds’ bones. They found some of the birds’ bones were shorter than they were 40 years ago. For example, the lower leg bone of many birds is smaller. Fourth, scientists measured the migratory birds’ wings. They found the birds’ wings are longer than they used to be. Many scientists asked, “Why are the birds’ bones smaller than they used be. But their wings are longer?” They thought about the long distance the birds fly in winter. They thought that the birds’ bodies changed to adapt to the long winter flight. They would need a lot of energy for the flight. A smaller body would have smaller muscles and less fat. But smaller bones and longer wings would make flying easier. Over time, these characteristics of birds have become more common. The scientists came up with some very good ideas about why these skeletal changes might be occurring.",What is this passage mostly about?,"Some birds that are here today are smaller than they were many years ago. Why is this happening? It is a mystery. How do scientists study a mystery? First, scientists try to understand the bird’s skeletal and muscular systems. Those systems help birds to fly. One thing scientists know is that birds’ bones are hollow inside. So, they don’t weigh much. Birds’ skeletons weigh less than their feathers. They have also learned that a bird wing works like a human arm. Birds contract their chest muscles to make their wings flap. Second, scientists try to diagnose the reasons that the birds’ bodies might have changed over time. Some scientists thought that birds’ skeletal or muscular systems might have changed. So, they studied migratory birds in North America. Migratory birds fly long distances to warmer places for the winter. Third, scientists measured the physical characteristics of the birds. They measured the size of the birds’ bones. They found some of the birds’ bones were shorter than they were 40 years ago. For example, the lower leg bone of many birds is smaller. Fourth, scientists measured the migratory birds’ wings. They found the birds’ wings are longer than they used to be. Many scientists asked, “Why are the birds’ bones smaller than they used be. But their wings are longer?” They thought about the long distance the birds fly in winter. They thought that the birds’ bodies changed to adapt to the long winter flight. They would need a lot of energy for the flight. A smaller body would have smaller muscles and less fat. But smaller bones and longer wings would make flying easier. Over time, these characteristics of birds have become more common. The scientists came up with some very good ideas about why these skeletal changes might be occurring.: What is this passage mostly about?
Where scientists found over 50,000 birds to study
How migratory birds’ skeletal system works
How scientists measure the size of birds’ bones
Why migratory birds’ bones are changing","Original Text: Some birds that are here today are smaller than they were many years ago. Why is this happening? It is a mystery. How do scientists study a mystery? First, scientists try to understand the bird’s skeletal and muscular systems. Those systems help birds to fly. One thing scientists know is that birds’ bones are hollow inside. So, they don’t weigh much. Birds’ skeletons weigh less than their feathers. They have also learned that a bird wing works like a human arm. Birds contract their chest muscles to make their wings flap. Second, scientists try to diagnose the reasons that the birds’ bodies might have changed over time. Some scientists thought that birds’ skeletal or muscular systems might have changed. So, they studied migratory birds in North America. Migratory birds fly long distances to warmer places for the winter. Third, scientists measured the physical characteristics of the birds. They measured the size of the birds’ bones. They found some of the birds’ bones were shorter than they were 40 years ago. For example, the lower leg bone of many birds is smaller. Fourth, scientists measured the migratory birds’ wings. They found the birds’ wings are longer than they used to be. Many scientists asked, “Why are the birds’ bones smaller than they used be. But their wings are longer?” They thought about the long distance the birds fly in winter. They thought that the birds’ bodies changed to adapt to the long winter flight. They would need a lot of energy for the flight. A smaller body would have smaller muscles and less fat. But smaller bones and longer wings would make flying easier. Over time, these characteristics of birds have become more common. The scientists came up with some very good ideas about why these skeletal changes might be occurring.: What is this passage mostly about?
Where scientists found over 50,000 birds to study
How migratory birds’ skeletal system works
How scientists measure the size of birds’ bones
Why migratory birds’ bones are changing
The core task is to identify the primary subject of a passage describing the scientific investigation into why migratory birds' skeletal structures have changed over time to adapt to long-distance flight.
This item measures the **Reading Comprehension** skill of **identifying the main idea**.

**Justification:** The question ""What is this passage mostly about?"" requires the reader to synthesize the entire text—which details the scientific investigation into avian physical adaptations—to distinguish the central theme from specific supporting details or procedural descriptions.
This analysis evaluates the cognitive demand and structural complexity of the provided reading comprehension item.

**Cognitive Demand**
This item requires **synthesis**. To identify the main idea, the reader must integrate information across the entire passage—moving from the initial mystery and the scientific steps taken to the final hypothesis—to determine the overarching purpose of the text.

**Structural and Semantic Elements**
*   **Plausible Distractors:** Options 2 and 3 function as ""partial truths,"" focusing on specific details (skeletal systems and measurement techniques) mentioned in the text. These increase cognitive load by requiring the reader to distinguish between supporting evidence and the central theme.
*   **Sequential Logic:** The text’s use of ordinal markers (First, Second, Third, Fourth) requires the reader to track a chronological scientific process, necessitating the integration of multiple stages of an investigation.
*   **Categorical Abstraction:** The correct answer requires the reader to generalize specific data points (shorter leg bones, longer wings, energy efficiency) into the broader conceptual category of ""why"" changes are occurring.
To describe the level of the latent trait—specifically reading comprehension and cognitive synthesis—required to correctly identify the main idea of this passage:

The item requires a **low-to-moderate level of reading comprehension**. A respondent must possess the cognitive ability to synthesize information across a multi-paragraph text and distinguish between specific supporting details (such as bone measurements or wing mechanics) and the overarching central thesis. Because the passage uses a clear sequential structure and accessible vocabulary to explain a singular phenomenon, the respondent needs only basic literal and inferential processing skills to determine that the text focuses on the reasons behind the physical adaptation of migratory birds.","Original Text: Some birds that are here today are smaller than they were many years ago. Why is this happening? It is a mystery. How do scientists study a mystery? First, scientists try to understand the bird’s skeletal and muscular systems. Those systems help birds to fly. One thing scientists know is that birds’ bones are hollow inside. So, they don’t weigh much. Birds’ skeletons weigh less than their feathers. They have also learned that a bird wing works like a human arm. Birds contract their chest muscles to make their wings flap. Second, scientists try to diagnose the reasons that the birds’ bodies might have changed over time. Some scientists thought that birds’ skeletal or muscular systems might have changed. So, they studied migratory birds in North America. Migratory birds fly long distances to warmer places for the winter. Third, scientists measured the physical characteristics of the birds. They measured the size of the birds’ bones. They found some of the birds’ bones were shorter than they were 40 years ago. For example, the lower leg bone of many birds is smaller. Fourth, scientists measured the migratory birds’ wings. They found the birds’ wings are longer than they used to be. Many scientists asked, “Why are the birds’ bones smaller than they used be. But their wings are longer?” They thought about the long distance the birds fly in winter. They thought that the birds’ bodies changed to adapt to the long winter flight. They would need a lot of energy for the flight. A smaller body would have smaller muscles and less fat. But smaller bones and longer wings would make flying easier. Over time, these characteristics of birds have become more common. The scientists came up with some very good ideas about why these skeletal changes might be occurring.: What is this passage mostly about?
Where scientists found over 50,000 birds to study
How migratory birds’ skeletal system works
How scientists measure the size of birds’ bones
Why migratory birds’ bones are changing
The core task presented in this item is to identify the main idea of a reading passage regarding the scientific investigation into why the skeletal structures of migratory birds are changing over time.
In identifying the primary skill this item attempts to measure and providing a concise justification:

Primary Skill: Reading Comprehension (Identifying the Main Idea)

Justification: The question explicitly asks what the passage is ""mostly about,"" requiring the reader to synthesize the informational text regarding scientists studying changes in bird anatomy and distinguish the overarching theme from minor supporting details.
To analyze the cognitive demand and structural elements of this reading comprehension item: 

This cognitive item requires synthesis to determine the overarching main idea of the text. The cognitive load is increased by the passage's sequential presentation of multiple scientific sub-topics (anatomy, measurement, and adaptation) and the use of tricky distractors. Specifically, the distractors (such as how the skeletal system works or how bones are measured) represent localized supporting details explicitly stated in the text, requiring the reader to successfully distinguish between narrow facts and the holistic theme of why migratory birds' bodies are changing.
The overall level of the underlying latent trait, specifically reading comprehension, required for a respondent to successfully answer this main-idea question is low to moderate.","Original Text: Some birds that are here today are smaller than they were many years ago. Why is this happening? It is a mystery. How do scientists study a mystery? First, scientists try to understand the bird’s skeletal and muscular systems. Those systems help birds to fly. One thing scientists know is that birds’ bones are hollow inside. So, they don’t weigh much. Birds’ skeletons weigh less than their feathers. They have also learned that a bird wing works like a human arm. Birds contract their chest muscles to make their wings flap. Second, scientists try to diagnose the reasons that the birds’ bodies might have changed over time. Some scientists thought that birds’ skeletal or muscular systems might have changed. So, they studied migratory birds in North America. Migratory birds fly long distances to warmer places for the winter. Third, scientists measured the physical characteristics of the birds. They measured the size of the birds’ bones. They found some of the birds’ bones were shorter than they were 40 years ago. For example, the lower leg bone of many birds is smaller. Fourth, scientists measured the migratory birds’ wings. They found the birds’ wings are longer than they used to be. Many scientists asked, “Why are the birds’ bones smaller than they used be. But their wings are longer?” They thought about the long distance the birds fly in winter. They thought that the birds’ bodies changed to adapt to the long winter flight. They would need a lot of energy for the flight. A smaller body would have smaller muscles and less fat. But smaller bones and longer wings would make flying easier. Over time, these characteristics of birds have become more common. The scientists came up with some very good ideas about why these skeletal changes might be occurring.: What is this passage mostly about?
Where scientists found over 50,000 birds to study
How migratory birds’ skeletal system works
How scientists measure the size of birds’ bones
Why migratory birds’ bones are changing
The core task asks the reader to identify the primary topic of an informational passage detailing scientific investigations into why migratory birds' body sizes and skeletal structures are changing over time.
The target skill this assessment item measures is **reading comprehension, specifically the ability to determine the main idea or central theme of an informational text**. 

**Justification:** The question asks ""What is this passage mostly about?"", requiring the reader to synthesize details across the entire scientific passage regarding skeletal adaptations in migratory birds and distinguish the overarching topic from minor supporting details or unmentioned facts.
**Cognitive Demand Assessment:**
This reading comprehension item requires **synthesis**. Rather than relying on simple recall or localized reasoning, the reader must integrate information across the entire multi-paragraph passage to distinguish the overarching central idea from supporting details.

**Elements Influencing Cognitive Load:**
* **Plausible Detail Distractors:** Distractors B and C pull directly from explicit supporting details (how skeletal systems work and how bones are measured). This increases cognitive demand by requiring the test-taker to differentiate between localized, paragraph-level facts and the global main idea.
* **Procedural Structural Framing:** The text uses sequential transitional markers (*""First,"" ""Second,"" ""Third,"" ""Fourth""*), which frames the passage as a step-by-step scientific method. This structure increases processing load, as the reader must look beyond the chronological investigative steps to identify the underlying causal focus: why migratory birds' bodies are changing over time.
The level of the underlying latent trait—specifically reading comprehension and verbal cognitive ability—required to successfully identify the central theme of this passage is **low-to-moderate (basic to intermediate)**. 

Because the text relies on straightforward vocabulary, clear chronological transitions (""First,"" ""Second,"" etc.), and explicit statements regarding the core investigation into avian physical changes, a respondent needs only foundational skills in synthesizing explicit text evidence rather than high-level inferential reasoning.","Original Text: Some birds that are here today are smaller than they were many years ago. Why is this happening? It is a mystery. How do scientists study a mystery? First, scientists try to understand the bird’s skeletal and muscular systems. Those systems help birds to fly. One thing scientists know is that birds’ bones are hollow inside. So, they don’t weigh much. Birds’ skeletons weigh less than their feathers. They have also learned that a bird wing works like a human arm. Birds contract their chest muscles to make their wings flap. Second, scientists try to diagnose the reasons that the birds’ bodies might have changed over time. Some scientists thought that birds’ skeletal or muscular systems might have changed. So, they studied migratory birds in North America. Migratory birds fly long distances to warmer places for the winter. Third, scientists measured the physical characteristics of the birds. They measured the size of the birds’ bones. They found some of the birds’ bones were shorter than they were 40 years ago. For example, the lower leg bone of many birds is smaller. Fourth, scientists measured the migratory birds’ wings. They found the birds’ wings are longer than they used to be. Many scientists asked, “Why are the birds’ bones smaller than they used be. But their wings are longer?” They thought about the long distance the birds fly in winter. They thought that the birds’ bodies changed to adapt to the long winter flight. They would need a lot of energy for the flight. A smaller body would have smaller muscles and less fat. But smaller bones and longer wings would make flying easier. Over time, these characteristics of birds have become more common. The scientists came up with some very good ideas about why these skeletal changes might be occurring.: What is this passage mostly about?
Where scientists found over 50,000 birds to study
How migratory birds’ skeletal system works
How scientists measure the size of birds’ bones
Why migratory birds’ bones are changing
The passage is mainly about why migratory birds’ bones are changing over time.
Primary domain: reading comprehension, specifically identifying the main idea/purpose of an informational science passage. The passage is mostly about why migratory birds’ bones are changing over time, as shown by the scientists’ measurements and explanation of adaptation for long-distance flight.
This is a moderate-complexity reading-comprehension item requiring synthesis across the passage, not simple recall. The correct choice depends on identifying the main idea rather than a detail, with some cognitive load from repeated scientific steps, cause-effect reasoning, and a few distracting specifics. The wording is straightforward, with no strong emotional language or conditional logic; the main challenge is distinguishing the passage’s overall focus from supporting details.
A moderate reading-comprehension level is needed: the respondent must infer the main idea from a science passage and distinguish it from supporting details, but the item does not require advanced domain knowledge.","Original Text: Some birds that are here today are smaller than they were many years ago. Why is this happening? It is a mystery. How do scientists study a mystery? First, scientists try to understand the bird’s skeletal and muscular systems. Those systems help birds to fly. One thing scientists know is that birds’ bones are hollow inside. So, they don’t weigh much. Birds’ skeletons weigh less than their feathers. They have also learned that a bird wing works like a human arm. Birds contract their chest muscles to make their wings flap. Second, scientists try to diagnose the reasons that the birds’ bodies might have changed over time. Some scientists thought that birds’ skeletal or muscular systems might have changed. So, they studied migratory birds in North America. Migratory birds fly long distances to warmer places for the winter. Third, scientists measured the physical characteristics of the birds. They measured the size of the birds’ bones. They found some of the birds’ bones were shorter than they were 40 years ago. For example, the lower leg bone of many birds is smaller. Fourth, scientists measured the migratory birds’ wings. They found the birds’ wings are longer than they used to be. Many scientists asked, “Why are the birds’ bones smaller than they used be. But their wings are longer?” They thought about the long distance the birds fly in winter. They thought that the birds’ bodies changed to adapt to the long winter flight. They would need a lot of energy for the flight. A smaller body would have smaller muscles and less fat. But smaller bones and longer wings would make flying easier. Over time, these characteristics of birds have become more common. The scientists came up with some very good ideas about why these skeletal changes might be occurring.: What is this passage mostly about?
Where scientists found over 50,000 birds to study
How migratory birds’ skeletal system works
How scientists measure the size of birds’ bones
Why migratory birds’ bones are changing
The item asks for the main idea of a passage explaining scientists’ investigation into why migratory birds’ bones have become smaller over time and how those body changes may help with long-distance flight.
This item is primarily measuring **reading comprehension of main idea in an informational science passage**. The task asks the reader to identify what the passage is mostly about, requiring synthesis of the overall explanation—scientists’ ideas about **why migratory birds’ bones are changing**—rather than recall of a single detail.
Core ask: assess the item’s cognitive demand and identify wording/structure that raises difficulty.

Moderate demand: mainly reading comprehension with multi-step synthesis, not simple recall. The reader must integrate the passage’s sequence of observations and explanations to identify the main idea, not just retrieve one fact.

Load-increasing elements:
- Long passage with multiple details and stages (“first… second… third… fourth”).
- Requires distinguishing main idea from supporting details.
- Distractors are lifted from real passage details, making them plausible:
  - where birds were studied,
  - how skeletal systems work,
  - how bones were measured.
- Causal reasoning is needed: observations about smaller bones/longer wings are tied to adaptation and why bones are changing.
- Some mildly complex phrasing and repeated scientific detail increase memory load, but no tricky conditional logic or emotionally charged wording.
This item appears to require a moderately high level of the latent trait—specifically, solid reading comprehension and main-idea identification—because the respondent must integrate multiple details across the passage and recognize that they all support the broader explanation of why migratory birds’ bones are changing.","Original Text: Some birds that are here today are smaller than they were many years ago. Why is this happening? It is a mystery. How do scientists study a mystery? First, scientists try to understand the bird’s skeletal and muscular systems. Those systems help birds to fly. One thing scientists know is that birds’ bones are hollow inside. So, they don’t weigh much. Birds’ skeletons weigh less than their feathers. They have also learned that a bird wing works like a human arm. Birds contract their chest muscles to make their wings flap. Second, scientists try to diagnose the reasons that the birds’ bodies might have changed over time. Some scientists thought that birds’ skeletal or muscular systems might have changed. So, they studied migratory birds in North America. Migratory birds fly long distances to warmer places for the winter. Third, scientists measured the physical characteristics of the birds. They measured the size of the birds’ bones. They found some of the birds’ bones were shorter than they were 40 years ago. For example, the lower leg bone of many birds is smaller. Fourth, scientists measured the migratory birds’ wings. They found the birds’ wings are longer than they used to be. Many scientists asked, “Why are the birds’ bones smaller than they used be. But their wings are longer?” They thought about the long distance the birds fly in winter. They thought that the birds’ bodies changed to adapt to the long winter flight. They would need a lot of energy for the flight. A smaller body would have smaller muscles and less fat. But smaller bones and longer wings would make flying easier. Over time, these characteristics of birds have become more common. The scientists came up with some very good ideas about why these skeletal changes might be occurring.: What is this passage mostly about?
Where scientists found over 50,000 birds to study
How migratory birds’ skeletal system works
How scientists measure the size of birds’ bones
Why migratory birds’ bones are changing
The passage mainly explains why migratory birds’ bones have become smaller over time.
**Primary skill:** Reading comprehension—identifying the main idea.  
**Justification:** The passage focuses on scientists’ investigation into why migratory birds’ bones have become smaller, making **“Why migratory birds’ bones are changing”** the best summary.
This is a moderate-demand reading-comprehension item requiring synthesis of the passage’s central idea rather than simple recall. The correct focus is why migratory birds’ bones are changing. Distractors are plausible but limited details (location, skeletal function, measurement methods), requiring distinguishing the overall explanation from supporting information. No complex conditional logic or strong emotional wording is present.
The item requires a **low-to-moderate level of cognitive ability**, primarily basic reading comprehension and identification of the passage’s central idea. A respondent must recognize that the passage explains **why migratory birds’ bones are changing**, rather than focus on individual details.","Original Text: Some birds that are here today are smaller than they were many years ago. Why is this happening? It is a mystery. How do scientists study a mystery? First, scientists try to understand the bird’s skeletal and muscular systems. Those systems help birds to fly. One thing scientists know is that birds’ bones are hollow inside. So, they don’t weigh much. Birds’ skeletons weigh less than their feathers. They have also learned that a bird wing works like a human arm. Birds contract their chest muscles to make their wings flap. Second, scientists try to diagnose the reasons that the birds’ bodies might have changed over time. Some scientists thought that birds’ skeletal or muscular systems might have changed. So, they studied migratory birds in North America. Migratory birds fly long distances to warmer places for the winter. Third, scientists measured the physical characteristics of the birds. They measured the size of the birds’ bones. They found some of the birds’ bones were shorter than they were 40 years ago. For example, the lower leg bone of many birds is smaller. Fourth, scientists measured the migratory birds’ wings. They found the birds’ wings are longer than they used to be. Many scientists asked, “Why are the birds’ bones smaller than they used be. But their wings are longer?” They thought about the long distance the birds fly in winter. They thought that the birds’ bodies changed to adapt to the long winter flight. They would need a lot of energy for the flight. A smaller body would have smaller muscles and less fat. But smaller bones and longer wings would make flying easier. Over time, these characteristics of birds have become more common. The scientists came up with some very good ideas about why these skeletal changes might be occurring.: What is this passage mostly about?
Where scientists found over 50,000 birds to study
How migratory birds’ skeletal system works
How scientists measure the size of birds’ bones
Why migratory birds’ bones are changing
Why migratory birds’ bones are changing.
**Primary skill: Reading comprehension—identifying the main idea.** The item asks the reader to determine that the passage primarily explains **why migratory birds’ bones are changing**, rather than select a supporting detail.
Moderate cognitive demand: requires synthesizing the passage’s main idea rather than recalling one detail. The correct answer is **“Why migratory birds’ bones are changing.”** Load is increased by the long passage, scientific vocabulary, sequential explanations, and plausible distractors that reflect specific details rather than the overall focus. No strong emotional wording or complex conditional logic.
This item requires a **low to moderate level of reading comprehension**, as respondents must identify the passage’s central idea—why migratory birds’ bones are changing—while distinguishing it from supporting details.",1.5095129141176695,0.2080894490359665,0.3598309622338603,0.432083495090648,1.5404637309505147,734.0,gilbert_meta_8,0.968311823289547,0.4158176850014998,0.7870687361533345,0.33798730112838105,1.2516409725667097,0.45877164779968566,0.9061864543258898,0.33215008295255005,1.5466055688921445,0.467370255902097,1.1017126047705852,0.3329276141110949,1.5654119508378948,0.465457892419191,1.4196629077720018,0.42212102995864015,1.6570541367098077,0.4610244062081211,1.2206586751153825,0.3396107757802323,1.4310350480576581,0.436434897051799,1.0780451947583742,0.32878058733094057,1.2957932241928543,0.4386377976587458,0.9867406915910127,0.3340207031020347
s_cc_34_2021,"In many ways, skyscrapers are like the human body. They have bones that keep it tall and strong and skin to protect the body. They have a command center that is like a brain. How do engineers design and build strong and smart skyscrapers? It is very challenging to build a skyscraper because there are many parts that have to work together. If one part is broken, the skyscraper will not work properly. First, engineers need a strong and tall frame that supports the floors and walls. This frame is like the bones of a skyscraper. The bones of a skyscraper are made of concrete, steel and other materials. The columns are like the backbone of a human body. The columns go up. The steel columns hold up each floor. There are also steel beams that go across each floor. The steel columns and beams must be strong to resist the force of gravity. The steel columns and beams must work together to form a strong backbone. Second, engineers need to design a command center. The command center is a computer that sends signals through wires in a skyscraper. For example, it sends signals to help bring fresh air into rooms, just like your lungs. The command center also controls the heating and air conditioning. It helps the building cool down when it’s too hot and warm up when it’s too cold. A skyscraper has many different parts that work together. The bones make the building tall and strong. The skin protects the inside of the building. The skin of a skyscraper can be made of metal, stone, or glass. The brain controls the building temperature. The anatomy of a skyscraper is like a human body. All the parts have to work together. That's how a city skyscraper works properly.",What is this passage mostly about?,"In many ways, skyscrapers are like the human body. They have bones that keep it tall and strong and skin to protect the body. They have a command center that is like a brain. How do engineers design and build strong and smart skyscrapers? It is very challenging to build a skyscraper because there are many parts that have to work together. If one part is broken, the skyscraper will not work properly. First, engineers need a strong and tall frame that supports the floors and walls. This frame is like the bones of a skyscraper. The bones of a skyscraper are made of concrete, steel and other materials. The columns are like the backbone of a human body. The columns go up. The steel columns hold up each floor. There are also steel beams that go across each floor. The steel columns and beams must be strong to resist the force of gravity. The steel columns and beams must work together to form a strong backbone. Second, engineers need to design a command center. The command center is a computer that sends signals through wires in a skyscraper. For example, it sends signals to help bring fresh air into rooms, just like your lungs. The command center also controls the heating and air conditioning. It helps the building cool down when it’s too hot and warm up when it’s too cold. A skyscraper has many different parts that work together. The bones make the building tall and strong. The skin protects the inside of the building. The skin of a skyscraper can be made of metal, stone, or glass. The brain controls the building temperature. The anatomy of a skyscraper is like a human body. All the parts have to work together. That's how a city skyscraper works properly.: What is this passage mostly about?
How a skyscraper’s body is like the structure of a human body
How engineers design and build tall and safe skyscrapers
How a skyscraper resists the force of gravity and stands tall
How steel, concrete, and wires are part of skyscrapers","Original Text: In many ways, skyscrapers are like the human body. They have bones that keep it tall and strong and skin to protect the body. They have a command center that is like a brain. How do engineers design and build strong and smart skyscrapers? It is very challenging to build a skyscraper because there are many parts that have to work together. If one part is broken, the skyscraper will not work properly. First, engineers need a strong and tall frame that supports the floors and walls. This frame is like the bones of a skyscraper. The bones of a skyscraper are made of concrete, steel and other materials. The columns are like the backbone of a human body. The columns go up. The steel columns hold up each floor. There are also steel beams that go across each floor. The steel columns and beams must be strong to resist the force of gravity. The steel columns and beams must work together to form a strong backbone. Second, engineers need to design a command center. The command center is a computer that sends signals through wires in a skyscraper. For example, it sends signals to help bring fresh air into rooms, just like your lungs. The command center also controls the heating and air conditioning. It helps the building cool down when it’s too hot and warm up when it’s too cold. A skyscraper has many different parts that work together. The bones make the building tall and strong. The skin protects the inside of the building. The skin of a skyscraper can be made of metal, stone, or glass. The brain controls the building temperature. The anatomy of a skyscraper is like a human body. All the parts have to work together. That's how a city skyscraper works properly.: What is this passage mostly about?
How a skyscraper’s body is like the structure of a human body
How engineers design and build tall and safe skyscrapers
How a skyscraper resists the force of gravity and stands tall
How steel, concrete, and wires are part of skyscrapers
This item asks for the main idea of a passage that uses a human body analogy to explain the structural and functional components of a skyscraper.
This item measures the **Reading Comprehension** skill, specifically the ability to identify the **Main Idea** of a text.

**Justification:** The question asks what the passage is ""mostly about,"" requiring the reader to synthesize the entire text and recognize that the central theme is the structural and functional analogy between a skyscraper and the human body, rather than focusing on isolated details or specific engineering processes.
This analysis evaluates the cognitive demand and structural complexity of the provided reading comprehension item regarding the main idea of the skyscraper passage.

**Cognitive Demand**
The item requires **synthesis**. To identify the correct answer, the reader must integrate information across the entire text—specifically the recurring analogy between skyscrapers and human anatomy—rather than recalling a single isolated fact.

**Structural and Semantic Elements**
*   **Extended Analogy:** The text relies on a metaphorical framework (bones, brain, skin), requiring the reader to map biological concepts onto engineering structures.
*   **Part-to-Whole Distractors:** Options 2, 3, and 4 function as ""tricky distractors"" because they contain factual information mentioned in the text (engineers, gravity, materials) but represent narrow supporting details rather than the central theme.
*   **Repetitive Framing:** The correct response is signaled by the semantic alignment between the opening and closing sentences, which explicitly state the human body comparison, lowering the threshold for readers who recognize structural cues.
To identify the main idea of the provided passage, a respondent requires a **low to moderate** level of reading comprehension and structural synthesis. This level of the latent trait is necessary to recognize the explicit and repeated analogy between skyscraper components and human anatomy as the central theme, rather than focusing on isolated technical details or general engineering objectives.","Original Text: In many ways, skyscrapers are like the human body. They have bones that keep it tall and strong and skin to protect the body. They have a command center that is like a brain. How do engineers design and build strong and smart skyscrapers? It is very challenging to build a skyscraper because there are many parts that have to work together. If one part is broken, the skyscraper will not work properly. First, engineers need a strong and tall frame that supports the floors and walls. This frame is like the bones of a skyscraper. The bones of a skyscraper are made of concrete, steel and other materials. The columns are like the backbone of a human body. The columns go up. The steel columns hold up each floor. There are also steel beams that go across each floor. The steel columns and beams must be strong to resist the force of gravity. The steel columns and beams must work together to form a strong backbone. Second, engineers need to design a command center. The command center is a computer that sends signals through wires in a skyscraper. For example, it sends signals to help bring fresh air into rooms, just like your lungs. The command center also controls the heating and air conditioning. It helps the building cool down when it’s too hot and warm up when it’s too cold. A skyscraper has many different parts that work together. The bones make the building tall and strong. The skin protects the inside of the building. The skin of a skyscraper can be made of metal, stone, or glass. The brain controls the building temperature. The anatomy of a skyscraper is like a human body. All the parts have to work together. That's how a city skyscraper works properly.: What is this passage mostly about?
How a skyscraper’s body is like the structure of a human body
How engineers design and build tall and safe skyscrapers
How a skyscraper resists the force of gravity and stands tall
How steel, concrete, and wires are part of skyscrapers
The objective of this request is to summarize the primary question and scenario presented in the provided text. 

The core task of the item is a reading comprehension question requiring the reader to identify the main idea of a passage that compares the structural and functional components of a skyscraper to the anatomy of the human body.
In identifying the primary skill this item attempts to measure and providing a concise justification for the text asking what the skyscraper passage is mostly about:

**Primary Skill:** Reading Comprehension (Identifying the Main Idea)

**Justification:** The question requires the reader to synthesize the provided informational text and distinguish the overarching, central theme from narrower supporting details.
In evaluating the cognitive demand and structural elements that increase the difficulty of this reading comprehension item, this question requires synthesis. The reader must integrate information across the entire passage to identify the overarching main idea rather than relying on simple recall. The cognitive load is elevated by tricky distractors; the incorrect options represent explicitly stated supporting details or secondary themes (such as engineering, gravity, and building materials) that force the reader to distinguish between localized facts and the central analogy of the human body.
To determine the overall level of the underlying latent trait required for a respondent to successfully answer this item, a low to moderate degree of reading comprehension (cognitive ability) is needed, as the main idea is explicitly stated in both the introduction and conclusion of the passage.","Original Text: In many ways, skyscrapers are like the human body. They have bones that keep it tall and strong and skin to protect the body. They have a command center that is like a brain. How do engineers design and build strong and smart skyscrapers? It is very challenging to build a skyscraper because there are many parts that have to work together. If one part is broken, the skyscraper will not work properly. First, engineers need a strong and tall frame that supports the floors and walls. This frame is like the bones of a skyscraper. The bones of a skyscraper are made of concrete, steel and other materials. The columns are like the backbone of a human body. The columns go up. The steel columns hold up each floor. There are also steel beams that go across each floor. The steel columns and beams must be strong to resist the force of gravity. The steel columns and beams must work together to form a strong backbone. Second, engineers need to design a command center. The command center is a computer that sends signals through wires in a skyscraper. For example, it sends signals to help bring fresh air into rooms, just like your lungs. The command center also controls the heating and air conditioning. It helps the building cool down when it’s too hot and warm up when it’s too cold. A skyscraper has many different parts that work together. The bones make the building tall and strong. The skin protects the inside of the building. The skin of a skyscraper can be made of metal, stone, or glass. The brain controls the building temperature. The anatomy of a skyscraper is like a human body. All the parts have to work together. That's how a city skyscraper works properly.: What is this passage mostly about?
How a skyscraper’s body is like the structure of a human body
How engineers design and build tall and safe skyscrapers
How a skyscraper resists the force of gravity and stands tall
How steel, concrete, and wires are part of skyscrapers
The core task of this item is to identify the primary theme of a reading passage that uses human anatomy as an analogy to explain the structural components and functional systems of a skyscraper.
**Construct Measured:** Reading Comprehension: Identifying the Main Idea (English Language Arts / Literacy)

**Justification:** This assessment item evaluates a reader's ability to synthesize information across an entire informational passage to determine its central theme—specifically, how a skyscraper's engineering systems parallel human anatomy—rather than merely recalling isolated, supporting factual details.
This analysis evaluates the cognitive demand and structural complexity of the provided main-idea reading comprehension item.

**Cognitive Demand:**
* **Synthesis:** The item requires synthesis rather than simple recall. The reader must integrate the overarching theme across multiple paragraphs and recognize an extended metaphorical framework rather than locating an isolated detail.

**Elements Increasing Cognitive Load:**
* **Text-Matched Distractor:** Option B (""How engineers design and build..."") directly borrows rhetorical phrasing from the second paragraph, creating a tricky trap for test-takers relying on superficial keyword matching rather than holistic comprehension.
* **Scope/Detail Distractors:** Options C and D utilize accurate, explicitly stated supporting details (materials and gravity) to test the reader's ability to differentiate localized evidence from the primary central idea.
* **Extended Analogical Framing:** The passage relies on conceptual mapping between human anatomy (bones, brain, lungs, skin) and architectural components, requiring the reader to track and synthesize a multi-point metaphor to arrive at the correct answer (Option A).
The level of latent reading comprehension ability required to correctly identify the central theme of this item is low to moderate (basic to intermediate). Because the passage explicitly states and reinforces the metaphor comparing a skyscraper's structural systems to the human body across the introduction, body, and conclusion, determining the correct answer requires straightforward textual synthesis and basic main-idea identification rather than complex inferential reasoning.","Original Text: In many ways, skyscrapers are like the human body. They have bones that keep it tall and strong and skin to protect the body. They have a command center that is like a brain. How do engineers design and build strong and smart skyscrapers? It is very challenging to build a skyscraper because there are many parts that have to work together. If one part is broken, the skyscraper will not work properly. First, engineers need a strong and tall frame that supports the floors and walls. This frame is like the bones of a skyscraper. The bones of a skyscraper are made of concrete, steel and other materials. The columns are like the backbone of a human body. The columns go up. The steel columns hold up each floor. There are also steel beams that go across each floor. The steel columns and beams must be strong to resist the force of gravity. The steel columns and beams must work together to form a strong backbone. Second, engineers need to design a command center. The command center is a computer that sends signals through wires in a skyscraper. For example, it sends signals to help bring fresh air into rooms, just like your lungs. The command center also controls the heating and air conditioning. It helps the building cool down when it’s too hot and warm up when it’s too cold. A skyscraper has many different parts that work together. The bones make the building tall and strong. The skin protects the inside of the building. The skin of a skyscraper can be made of metal, stone, or glass. The brain controls the building temperature. The anatomy of a skyscraper is like a human body. All the parts have to work together. That's how a city skyscraper works properly.: What is this passage mostly about?
How a skyscraper’s body is like the structure of a human body
How engineers design and build tall and safe skyscrapers
How a skyscraper resists the force of gravity and stands tall
How steel, concrete, and wires are part of skyscrapers
The passage is mainly about how a skyscraper’s parts are designed to work together like a human body, with the best match being how engineers design and build tall and safe skyscrapers.
Reading comprehension: identifying the main idea of an informational passage. The passage mainly explains how a skyscraper’s parts are compared to human body parts to show how engineers design and build a strong, functional skyscraper.
This is a moderate-complexity reading comprehension item: it requires synthesis across the passage to identify the main idea, not just recall. The wording is straightforward, but the body/skyscraper analogy and repeated details create some distractor pressure; the correct choice is the broad overview rather than the specific materials or gravity details.
A low latent trait level is required; this is a straightforward reading-comprehension item that mainly needs basic understanding of the passage’s central idea.","Original Text: In many ways, skyscrapers are like the human body. They have bones that keep it tall and strong and skin to protect the body. They have a command center that is like a brain. How do engineers design and build strong and smart skyscrapers? It is very challenging to build a skyscraper because there are many parts that have to work together. If one part is broken, the skyscraper will not work properly. First, engineers need a strong and tall frame that supports the floors and walls. This frame is like the bones of a skyscraper. The bones of a skyscraper are made of concrete, steel and other materials. The columns are like the backbone of a human body. The columns go up. The steel columns hold up each floor. There are also steel beams that go across each floor. The steel columns and beams must be strong to resist the force of gravity. The steel columns and beams must work together to form a strong backbone. Second, engineers need to design a command center. The command center is a computer that sends signals through wires in a skyscraper. For example, it sends signals to help bring fresh air into rooms, just like your lungs. The command center also controls the heating and air conditioning. It helps the building cool down when it’s too hot and warm up when it’s too cold. A skyscraper has many different parts that work together. The bones make the building tall and strong. The skin protects the inside of the building. The skin of a skyscraper can be made of metal, stone, or glass. The brain controls the building temperature. The anatomy of a skyscraper is like a human body. All the parts have to work together. That's how a city skyscraper works properly.: What is this passage mostly about?
How a skyscraper’s body is like the structure of a human body
How engineers design and build tall and safe skyscrapers
How a skyscraper resists the force of gravity and stands tall
How steel, concrete, and wires are part of skyscrapers
The item asks for the main idea of a passage explaining how engineers design and build skyscrapers by making many parts work together, using a comparison to the human body.
This item is primarily measuring **reading comprehension/main idea identification**. It asks the reader to determine what the passage is mostly about by integrating the overall explanation and distinguishing the central theme from supporting details and analogies.
Core ask: assess the item’s cognitive demand and what features raise difficulty.

Moderate cognitive demand: mainly reading comprehension with synthesis. It requires integrating the whole passage to identify the main idea, not mere recall, but not deep multi-step reasoning.

Load-increasing elements:
- Extended analogy between skyscrapers and the human body, which can distract from the actual main idea.
- Several plausible distractors drawn from real passage details:
  - body-structure analogy,
  - gravity/standing tall,
  - materials like steel, concrete, wires.
- Need to distinguish central theme from supporting details.
- Repetition of descriptive details may make narrower options seem correct.

No severe endorsement threshold applies; this is a cognitive item, not psychological/attitudinal.
This item appears to require a low to moderately low level of the latent trait, since the main idea is stated repeatedly and explicitly, making successful response likely for respondents with only basic reading comprehension or verbal reasoning.","Original Text: In many ways, skyscrapers are like the human body. They have bones that keep it tall and strong and skin to protect the body. They have a command center that is like a brain. How do engineers design and build strong and smart skyscrapers? It is very challenging to build a skyscraper because there are many parts that have to work together. If one part is broken, the skyscraper will not work properly. First, engineers need a strong and tall frame that supports the floors and walls. This frame is like the bones of a skyscraper. The bones of a skyscraper are made of concrete, steel and other materials. The columns are like the backbone of a human body. The columns go up. The steel columns hold up each floor. There are also steel beams that go across each floor. The steel columns and beams must be strong to resist the force of gravity. The steel columns and beams must work together to form a strong backbone. Second, engineers need to design a command center. The command center is a computer that sends signals through wires in a skyscraper. For example, it sends signals to help bring fresh air into rooms, just like your lungs. The command center also controls the heating and air conditioning. It helps the building cool down when it’s too hot and warm up when it’s too cold. A skyscraper has many different parts that work together. The bones make the building tall and strong. The skin protects the inside of the building. The skin of a skyscraper can be made of metal, stone, or glass. The brain controls the building temperature. The anatomy of a skyscraper is like a human body. All the parts have to work together. That's how a city skyscraper works properly.: What is this passage mostly about?
How a skyscraper’s body is like the structure of a human body
How engineers design and build tall and safe skyscrapers
How a skyscraper resists the force of gravity and stands tall
How steel, concrete, and wires are part of skyscrapers
How a skyscraper’s body is like the structure of a human body.
**Primary skill:** Reading comprehension—identifying the main idea.  
**Justification:** The item asks readers to determine the passage’s overall focus: how a skyscraper’s structural and control systems correspond to parts of the human body.
This is a **main-idea comprehension** item requiring **synthesis** of the passage’s repeated comparison between a skyscraper and the human body, rather than simple recall. The correct answer is **“How a skyscraper’s body is like the structure of a human body.”** Distractors are plausible but focus on narrower details (engineering, gravity, or materials). Language and sentence structure are simple, with no conditional logic, complex phrasing, or emotional wording.
The item requires a **low-to-moderate level of reading comprehension**: the respondent must identify the passage’s central analogy between a skyscraper and the human body, rather than focus on supporting details about construction materials or gravity.","Original Text: In many ways, skyscrapers are like the human body. They have bones that keep it tall and strong and skin to protect the body. They have a command center that is like a brain. How do engineers design and build strong and smart skyscrapers? It is very challenging to build a skyscraper because there are many parts that have to work together. If one part is broken, the skyscraper will not work properly. First, engineers need a strong and tall frame that supports the floors and walls. This frame is like the bones of a skyscraper. The bones of a skyscraper are made of concrete, steel and other materials. The columns are like the backbone of a human body. The columns go up. The steel columns hold up each floor. There are also steel beams that go across each floor. The steel columns and beams must be strong to resist the force of gravity. The steel columns and beams must work together to form a strong backbone. Second, engineers need to design a command center. The command center is a computer that sends signals through wires in a skyscraper. For example, it sends signals to help bring fresh air into rooms, just like your lungs. The command center also controls the heating and air conditioning. It helps the building cool down when it’s too hot and warm up when it’s too cold. A skyscraper has many different parts that work together. The bones make the building tall and strong. The skin protects the inside of the building. The skin of a skyscraper can be made of metal, stone, or glass. The brain controls the building temperature. The anatomy of a skyscraper is like a human body. All the parts have to work together. That's how a city skyscraper works properly.: What is this passage mostly about?
How a skyscraper’s body is like the structure of a human body
How engineers design and build tall and safe skyscrapers
How a skyscraper resists the force of gravity and stands tall
How steel, concrete, and wires are part of skyscrapers
Identifying the passage’s main idea about how a skyscraper’s structure and systems resemble parts of the human body.
**Reading comprehension—identifying the main idea.** The item measures whether the reader can distinguish the passage’s central focus—how skyscraper structures function like parts of the human body—from supporting details about engineering, gravity, and materials.
This is a moderate-demand main-idea item requiring synthesis across multiple paragraphs, not simple recall. The reader must distinguish the central comparison—how a skyscraper’s structure functions like a human body—from narrower details about gravity or materials and the broader engineering distractor. Repeated body-part analogies support the first option, while the passage’s length and overlapping plausible choices increase cognitive load.
This item requires a **low-to-moderate level of reading comprehension ability**, as respondents must identify the passage’s broad main idea—the comparison between a skyscraper’s structure and the human body—rather than select narrower supporting details.",1.862971185991872,-0.1741645967941618,-0.1793479138374751,-0.152916203817179,0.8582016328193388,572.0,gilbert_meta_8,-0.41035304280211804,0.4183765343707149,-0.33354549950420376,0.34006719965961346,0.6376260454916874,0.4322647248618158,0.4616404368459222,0.31295910483771555,1.5483479679908867,0.46836053070679545,1.1029537893933719,0.33363302876656165,0.7604726826551576,0.40550393282034947,0.6896682112088939,0.3677491359846747,0.48807182363347973,0.4236892873214751,0.3595350884434781,0.31210809150104657,1.1292762295503564,0.436498405137131,0.8507204729010702,0.3288284300349424,1.5145770333276696,0.4651313042147002,1.1533435747547804,0.35419538876453877
s_cc_23_2021,"Some birds that are here today are smaller than they were many years ago. Why is this happening? It is a mystery. How do scientists study a mystery? First, scientists try to understand the bird’s skeletal and muscular systems. Those systems help birds to fly. One thing scientists know is that birds’ bones are hollow inside. So, they don’t weigh much. Birds’ skeletons weigh less than their feathers. They have also learned that a bird wing works like a human arm. Birds contract their chest muscles to make their wings flap. Second, scientists try to diagnose the reasons that the birds’ bodies might have changed over time. Some scientists thought that birds’ skeletal or muscular systems might have changed. So, they studied migratory birds in North America. Migratory birds fly long distances to warmer places for the winter. Third, scientists measured the physical characteristics of the birds. They measured the size of the birds’ bones. They found some of the birds’ bones were shorter than they were 40 years ago. For example, the lower leg bone of many birds is smaller. Fourth, scientists measured the migratory birds’ wings. They found the birds’ wings are longer than they used to be. Many scientists asked, “Why are the birds’ bones smaller than they used be. But their wings are longer?” They thought about the long distance the birds fly in winter. They thought that the birds’ bodies changed to adapt to the long winter flight. They would need a lot of energy for the flight. A smaller body would have smaller muscles and less fat. But smaller bones and longer wings would make flying easier. Over time, these characteristics of birds have become more common. The scientists came up with some very good ideas about why these skeletal changes might be occurring.","In order to study the mystery of change in birds’ body size, what did scientists do first?","Some birds that are here today are smaller than they were many years ago. Why is this happening? It is a mystery. How do scientists study a mystery? First, scientists try to understand the bird’s skeletal and muscular systems. Those systems help birds to fly. One thing scientists know is that birds’ bones are hollow inside. So, they don’t weigh much. Birds’ skeletons weigh less than their feathers. They have also learned that a bird wing works like a human arm. Birds contract their chest muscles to make their wings flap. Second, scientists try to diagnose the reasons that the birds’ bodies might have changed over time. Some scientists thought that birds’ skeletal or muscular systems might have changed. So, they studied migratory birds in North America. Migratory birds fly long distances to warmer places for the winter. Third, scientists measured the physical characteristics of the birds. They measured the size of the birds’ bones. They found some of the birds’ bones were shorter than they were 40 years ago. For example, the lower leg bone of many birds is smaller. Fourth, scientists measured the migratory birds’ wings. They found the birds’ wings are longer than they used to be. Many scientists asked, “Why are the birds’ bones smaller than they used be. But their wings are longer?” They thought about the long distance the birds fly in winter. They thought that the birds’ bodies changed to adapt to the long winter flight. They would need a lot of energy for the flight. A smaller body would have smaller muscles and less fat. But smaller bones and longer wings would make flying easier. Over time, these characteristics of birds have become more common. The scientists came up with some very good ideas about why these skeletal changes might be occurring.: In order to study the mystery of change in birds’ body size, what did scientists do first?
Scientists focused on the birds’ skeletal system
Scientists examined the human muscular system
Scientists flew to North America
Scientists studied the environment that birds live in","Original Text: Some birds that are here today are smaller than they were many years ago. Why is this happening? It is a mystery. How do scientists study a mystery? First, scientists try to understand the bird’s skeletal and muscular systems. Those systems help birds to fly. One thing scientists know is that birds’ bones are hollow inside. So, they don’t weigh much. Birds’ skeletons weigh less than their feathers. They have also learned that a bird wing works like a human arm. Birds contract their chest muscles to make their wings flap. Second, scientists try to diagnose the reasons that the birds’ bodies might have changed over time. Some scientists thought that birds’ skeletal or muscular systems might have changed. So, they studied migratory birds in North America. Migratory birds fly long distances to warmer places for the winter. Third, scientists measured the physical characteristics of the birds. They measured the size of the birds’ bones. They found some of the birds’ bones were shorter than they were 40 years ago. For example, the lower leg bone of many birds is smaller. Fourth, scientists measured the migratory birds’ wings. They found the birds’ wings are longer than they used to be. Many scientists asked, “Why are the birds’ bones smaller than they used be. But their wings are longer?” They thought about the long distance the birds fly in winter. They thought that the birds’ bodies changed to adapt to the long winter flight. They would need a lot of energy for the flight. A smaller body would have smaller muscles and less fat. But smaller bones and longer wings would make flying easier. Over time, these characteristics of birds have become more common. The scientists came up with some very good ideas about why these skeletal changes might be occurring.: In order to study the mystery of change in birds’ body size, what did scientists do first?
Scientists focused on the birds’ skeletal system
Scientists examined the human muscular system
Scientists flew to North America
Scientists studied the environment that birds live in
The core task is to identify the initial action scientists took to investigate the reduction in bird body size. According to the text, the first step was focusing on the birds' skeletal and muscular systems.
This item measures the **Reading Comprehension** skill, specifically **Literal Information Retrieval**.

**Justification:** The item requires the reader to locate and identify a specific, explicitly stated detail within the text—the first step in a chronological sequence—to determine the correct answer.
This cognitive item requires **recall** and **sequencing** based on explicit textual markers. To identify the initial step in the scientists' process, the reader must locate the ordinal transition ""First"" and match the subsequent information to the correct option.

**Structural and Semantic Elements:**
*   **Explicit Ordinal Markers:** The use of ""First,"" ""Second,"" ""Third,"" and ""Fourth"" provides a clear chronological framework, which lowers the cognitive load for identifying the sequence.
*   **Keyword Distractors:** Options 2 and 3 utilize specific terminology found later in the text (human muscular system, North America) to divert readers who rely on simple word recognition rather than chronological accuracy.
*   **Simplified Paraphrasing:** The correct option simplifies the text’s ""skeletal and muscular systems"" to ""skeletal system,"" requiring the reader to identify a partial but accurate match.
To describe the level of the latent trait—specifically literal reading comprehension—required to identify the first step scientists took in studying bird size changes, this item requires a **low level** of proficiency. The respondent must perform a direct information retrieval task, as the correct answer is explicitly stated in the text and signaled by the clear organizational marker ""First."" No complex inference, synthesis, or prior scientific knowledge is necessary to successfully answer the item.","Original Text: Some birds that are here today are smaller than they were many years ago. Why is this happening? It is a mystery. How do scientists study a mystery? First, scientists try to understand the bird’s skeletal and muscular systems. Those systems help birds to fly. One thing scientists know is that birds’ bones are hollow inside. So, they don’t weigh much. Birds’ skeletons weigh less than their feathers. They have also learned that a bird wing works like a human arm. Birds contract their chest muscles to make their wings flap. Second, scientists try to diagnose the reasons that the birds’ bodies might have changed over time. Some scientists thought that birds’ skeletal or muscular systems might have changed. So, they studied migratory birds in North America. Migratory birds fly long distances to warmer places for the winter. Third, scientists measured the physical characteristics of the birds. They measured the size of the birds’ bones. They found some of the birds’ bones were shorter than they were 40 years ago. For example, the lower leg bone of many birds is smaller. Fourth, scientists measured the migratory birds’ wings. They found the birds’ wings are longer than they used to be. Many scientists asked, “Why are the birds’ bones smaller than they used be. But their wings are longer?” They thought about the long distance the birds fly in winter. They thought that the birds’ bodies changed to adapt to the long winter flight. They would need a lot of energy for the flight. A smaller body would have smaller muscles and less fat. But smaller bones and longer wings would make flying easier. Over time, these characteristics of birds have become more common. The scientists came up with some very good ideas about why these skeletal changes might be occurring.: In order to study the mystery of change in birds’ body size, what did scientists do first?
Scientists focused on the birds’ skeletal system
Scientists examined the human muscular system
Scientists flew to North America
Scientists studied the environment that birds live in
The core task presented in this item is to read a passage about scientific research on changes in bird anatomy and answer a multiple-choice comprehension question identifying the initial step scientists took to investigate this phenomenon.
The objective of this analysis is to determine the primary construct, domain, or skill assessed by the provided text and multiple-choice question, along with a brief rationale.

**Primary Skill:** Reading Comprehension (Explicit Information Retrieval)

**Justification:** The item requires the reader to locate and extract a specific, explicitly stated detail from the text regarding the first chronological step scientists took in their investigation.
In evaluating the cognitive demand and structural complexity of this reading comprehension item, the task requires basic recall and literal text matching. The cognitive load is low because explicit chronological signposting in the text (""First, scientists try to understand..."") directly answers the prompt. The primary structural challenge stems from tricky distractors that rely on semantic confusion—such as substituting ""human"" for ""bird"" systems or attributing the birds' flight to North America to the scientists—which requires careful reading to avoid superficial keyword matching.
To successfully answer this item, the required level of the underlying latent trait—specifically reading comprehension—is low, as it necessitates only basic, literal information retrieval directly from the provided text.","Original Text: Some birds that are here today are smaller than they were many years ago. Why is this happening? It is a mystery. How do scientists study a mystery? First, scientists try to understand the bird’s skeletal and muscular systems. Those systems help birds to fly. One thing scientists know is that birds’ bones are hollow inside. So, they don’t weigh much. Birds’ skeletons weigh less than their feathers. They have also learned that a bird wing works like a human arm. Birds contract their chest muscles to make their wings flap. Second, scientists try to diagnose the reasons that the birds’ bodies might have changed over time. Some scientists thought that birds’ skeletal or muscular systems might have changed. So, they studied migratory birds in North America. Migratory birds fly long distances to warmer places for the winter. Third, scientists measured the physical characteristics of the birds. They measured the size of the birds’ bones. They found some of the birds’ bones were shorter than they were 40 years ago. For example, the lower leg bone of many birds is smaller. Fourth, scientists measured the migratory birds’ wings. They found the birds’ wings are longer than they used to be. Many scientists asked, “Why are the birds’ bones smaller than they used be. But their wings are longer?” They thought about the long distance the birds fly in winter. They thought that the birds’ bodies changed to adapt to the long winter flight. They would need a lot of energy for the flight. A smaller body would have smaller muscles and less fat. But smaller bones and longer wings would make flying easier. Over time, these characteristics of birds have become more common. The scientists came up with some very good ideas about why these skeletal changes might be occurring.: In order to study the mystery of change in birds’ body size, what did scientists do first?
Scientists focused on the birds’ skeletal system
Scientists examined the human muscular system
Scientists flew to North America
Scientists studied the environment that birds live in
The core task is a multiple-choice reading comprehension question that asks the reader to identify the initial action scientists took to investigate why modern birds have decreased in body size over time.
**Construct/Skill Measured:** Reading Comprehension (Explicit Information Retrieval and Sequence of Events)

**Justification:** This item evaluates a reader's ability to directly locate and extract explicitly stated factual details from an informational passage, specifically assessing the comprehension of chronological sequence (identifying the first step scientists took in their investigation).
This reading comprehension item exhibits low cognitive demand, requiring direct recall and targeted information retrieval rather than multi-step reasoning or complex synthesis. 

Cognitive load is kept minimal through explicit chronological signposts in the passage (e.g., ""First,"" ""Second,"" ""Third""), which allow for direct literal matching between the stem and the text. The distractors introduce mild lexical interference by repurposing secondary details from the passage—such as the reference to North America and human muscle comparisons—but the simple syntax and absence of complex conditional logic keep the analytical threshold low.
To determine the degree of the latent trait required to correctly answer this question, a respondent needs a **low to basic level of cognitive ability (specifically literal reading comprehension)**. The item requires only direct text retrieval, as the question explicitly asks for the initial step, which is clearly signaled in the passage by the sequential keyword ""First"" and directly matched in the text without requiring abstract reasoning or inference.","Original Text: Some birds that are here today are smaller than they were many years ago. Why is this happening? It is a mystery. How do scientists study a mystery? First, scientists try to understand the bird’s skeletal and muscular systems. Those systems help birds to fly. One thing scientists know is that birds’ bones are hollow inside. So, they don’t weigh much. Birds’ skeletons weigh less than their feathers. They have also learned that a bird wing works like a human arm. Birds contract their chest muscles to make their wings flap. Second, scientists try to diagnose the reasons that the birds’ bodies might have changed over time. Some scientists thought that birds’ skeletal or muscular systems might have changed. So, they studied migratory birds in North America. Migratory birds fly long distances to warmer places for the winter. Third, scientists measured the physical characteristics of the birds. They measured the size of the birds’ bones. They found some of the birds’ bones were shorter than they were 40 years ago. For example, the lower leg bone of many birds is smaller. Fourth, scientists measured the migratory birds’ wings. They found the birds’ wings are longer than they used to be. Many scientists asked, “Why are the birds’ bones smaller than they used be. But their wings are longer?” They thought about the long distance the birds fly in winter. They thought that the birds’ bodies changed to adapt to the long winter flight. They would need a lot of energy for the flight. A smaller body would have smaller muscles and less fat. But smaller bones and longer wings would make flying easier. Over time, these characteristics of birds have become more common. The scientists came up with some very good ideas about why these skeletal changes might be occurring.: In order to study the mystery of change in birds’ body size, what did scientists do first?
Scientists focused on the birds’ skeletal system
Scientists examined the human muscular system
Scientists flew to North America
Scientists studied the environment that birds live in
The task is to identify the first step scientists took to investigate why some birds have become smaller over time; they first focused on the birds’ skeletal system.
Primary domain: reading comprehension / scientific informational text. The item measures the ability to identify the first step in a described scientific investigation from the passage. The correct choice is that scientists focused on the birds’ skeletal system.
This is a low-to-moderate cognitive item: it mainly requires recall of a stated sequence, with minimal reasoning. The correct choice is directly supported by the passage, so endorsement is not demanding. Structural load is modest, but the item includes several distractors that are semantically related yet incorrect, plus a “first” sequencing cue that requires attention to order.
A low-to-moderate reading comprehension and inference level is needed to identify the first scientific step.","Original Text: Some birds that are here today are smaller than they were many years ago. Why is this happening? It is a mystery. How do scientists study a mystery? First, scientists try to understand the bird’s skeletal and muscular systems. Those systems help birds to fly. One thing scientists know is that birds’ bones are hollow inside. So, they don’t weigh much. Birds’ skeletons weigh less than their feathers. They have also learned that a bird wing works like a human arm. Birds contract their chest muscles to make their wings flap. Second, scientists try to diagnose the reasons that the birds’ bodies might have changed over time. Some scientists thought that birds’ skeletal or muscular systems might have changed. So, they studied migratory birds in North America. Migratory birds fly long distances to warmer places for the winter. Third, scientists measured the physical characteristics of the birds. They measured the size of the birds’ bones. They found some of the birds’ bones were shorter than they were 40 years ago. For example, the lower leg bone of many birds is smaller. Fourth, scientists measured the migratory birds’ wings. They found the birds’ wings are longer than they used to be. Many scientists asked, “Why are the birds’ bones smaller than they used be. But their wings are longer?” They thought about the long distance the birds fly in winter. They thought that the birds’ bodies changed to adapt to the long winter flight. They would need a lot of energy for the flight. A smaller body would have smaller muscles and less fat. But smaller bones and longer wings would make flying easier. Over time, these characteristics of birds have become more common. The scientists came up with some very good ideas about why these skeletal changes might be occurring.: In order to study the mystery of change in birds’ body size, what did scientists do first?
Scientists focused on the birds’ skeletal system
Scientists examined the human muscular system
Scientists flew to North America
Scientists studied the environment that birds live in
The item asks what scientists did first to investigate why some birds have become smaller over time; the correct idea is that they first focused on understanding the birds’ skeletal and muscular systems, especially the skeletal system.
This item primarily measures **reading comprehension of informational science text**, specifically the skill of **sequencing and recalling explicitly stated details**. The question asks what scientists did “first,” and the passage directly states that first they tried to understand the birds’ skeletal and muscular systems, so the correct focus is identifying the initial step in the described process.
Core ask: assess the item’s cognitive demand and note wording/features that raise difficulty.

Moderate cognitive demand: mainly recall of explicitly stated sequence information, with light multi-step reasoning to map “what did scientists do first?” to the passage’s ordered structure (“First…”). No real synthesis required.

Load-increasing elements:
- Long passage with multiple procedural steps, increasing memory/search demands.
- Temporal/sequence cue is crucial (“first”), so the item depends on tracking ordered information.
- One distractor is partially plausible: “Scientists focused on the birds’ skeletal system” matches the first step, though the passage says “skeletal and muscular systems,” making it slightly imprecise.
- Other distractors are easier eliminations because they are unsupported or distort details from the passage.
- No tricky conditional logic or strong emotional wording.
This item appears to require a relatively low to moderate level of the underlying trait, since the correct response depends mainly on recalling an explicitly stated first step in the passage rather than making a complex inference. Successful respondents would likely have basic to somewhat developed reading comprehension or verbal reasoning, but not an especially high level of the latent trait.","Original Text: Some birds that are here today are smaller than they were many years ago. Why is this happening? It is a mystery. How do scientists study a mystery? First, scientists try to understand the bird’s skeletal and muscular systems. Those systems help birds to fly. One thing scientists know is that birds’ bones are hollow inside. So, they don’t weigh much. Birds’ skeletons weigh less than their feathers. They have also learned that a bird wing works like a human arm. Birds contract their chest muscles to make their wings flap. Second, scientists try to diagnose the reasons that the birds’ bodies might have changed over time. Some scientists thought that birds’ skeletal or muscular systems might have changed. So, they studied migratory birds in North America. Migratory birds fly long distances to warmer places for the winter. Third, scientists measured the physical characteristics of the birds. They measured the size of the birds’ bones. They found some of the birds’ bones were shorter than they were 40 years ago. For example, the lower leg bone of many birds is smaller. Fourth, scientists measured the migratory birds’ wings. They found the birds’ wings are longer than they used to be. Many scientists asked, “Why are the birds’ bones smaller than they used be. But their wings are longer?” They thought about the long distance the birds fly in winter. They thought that the birds’ bodies changed to adapt to the long winter flight. They would need a lot of energy for the flight. A smaller body would have smaller muscles and less fat. But smaller bones and longer wings would make flying easier. Over time, these characteristics of birds have become more common. The scientists came up with some very good ideas about why these skeletal changes might be occurring.: In order to study the mystery of change in birds’ body size, what did scientists do first?
Scientists focused on the birds’ skeletal system
Scientists examined the human muscular system
Scientists flew to North America
Scientists studied the environment that birds live in
Scientists first focused on the birds’ skeletal system.
This item measures **understanding the sequence of scientific investigation**, specifically identifying the first step scientists took: **studying the birds’ skeletal system**. The passage explicitly states this occurred before diagnosing causes, measuring characteristics, or studying the environment.
This is a low-demand recall/comprehension item. It requires identifying the first step stated in the passage, not multi-step reasoning or synthesis. The sequential structure (“First… Second…”) provides a clear cue. Distractors are plausible but refer to later actions, a different system, or information not described; distinguishing “birds’ skeletal system” from “human muscular system” adds minor semantic demand.
The item requires a **low-to-moderate level of reading comprehension and attention**: the respondent must understand and recall the passage’s stated sequence, identifying that scientists first studied the birds’ skeletal and muscular systems.","Original Text: Some birds that are here today are smaller than they were many years ago. Why is this happening? It is a mystery. How do scientists study a mystery? First, scientists try to understand the bird’s skeletal and muscular systems. Those systems help birds to fly. One thing scientists know is that birds’ bones are hollow inside. So, they don’t weigh much. Birds’ skeletons weigh less than their feathers. They have also learned that a bird wing works like a human arm. Birds contract their chest muscles to make their wings flap. Second, scientists try to diagnose the reasons that the birds’ bodies might have changed over time. Some scientists thought that birds’ skeletal or muscular systems might have changed. So, they studied migratory birds in North America. Migratory birds fly long distances to warmer places for the winter. Third, scientists measured the physical characteristics of the birds. They measured the size of the birds’ bones. They found some of the birds’ bones were shorter than they were 40 years ago. For example, the lower leg bone of many birds is smaller. Fourth, scientists measured the migratory birds’ wings. They found the birds’ wings are longer than they used to be. Many scientists asked, “Why are the birds’ bones smaller than they used be. But their wings are longer?” They thought about the long distance the birds fly in winter. They thought that the birds’ bodies changed to adapt to the long winter flight. They would need a lot of energy for the flight. A smaller body would have smaller muscles and less fat. But smaller bones and longer wings would make flying easier. Over time, these characteristics of birds have become more common. The scientists came up with some very good ideas about why these skeletal changes might be occurring.: In order to study the mystery of change in birds’ body size, what did scientists do first?
Scientists focused on the birds’ skeletal system
Scientists examined the human muscular system
Scientists flew to North America
Scientists studied the environment that birds live in
Identify the first step scientists took to investigate changes in birds’ body size: they focused on the birds’ skeletal system.
**Primary skill: Reading comprehension—sequencing and retrieving explicit information.** The item asks learners to identify the first step scientists took, directly stated in the passage: focusing on birds’ skeletal and muscular systems.
Low-demand recall item. It asks readers to retrieve the explicitly sequenced first step: scientists focused on birds’ skeletal systems. “First” provides a clear cue, and distractors are easily rejected because they misstate the passage. Minimal reasoning or synthesis is required; passage length adds modest scanning load.
A low level of reading comprehension is required, as the correct response is explicitly stated in the passage’s sequence of events.",1.7632797293286484,-0.3225638397108497,-0.4103150988890872,-0.400227018222376,0.670167888442292,524.0,gilbert_meta_8,-2.9805686906966247,0.6477118676716603,-2.422682834167265,0.5264768526196233,-1.6295593404099882,0.47989895614415096,-1.1797988665803756,0.34744622702081274,-1.7128447935665125,0.5121654900843922,-1.2201318403629102,0.36483715531857674,0.04728640916040838,0.40117117918377515,0.0428837668518053,0.36381978714901103,-0.6224940518616846,0.42966039846461523,-0.45855639099482215,0.31650667357237483,-0.6538191602942353,0.431763327689392,-0.4925432154529287,0.3252613423551038,-1.1777273692934658,0.4502772642610881,-0.8968340759816634,0.3428841043843649
s_cc_14_2021,"Some birds that are here today are smaller than they were many years ago. Why is this happening? It is a mystery. How do scientists study a mystery? First, scientists try to understand the bird’s skeletal and muscular systems. Those systems help birds to fly. One thing scientists know is that birds’ bones are hollow inside. So, they don’t weigh much. Birds’ skeletons weigh less than their feathers. They have also learned that a bird wing works like a human arm. Birds contract their chest muscles to make their wings flap. Second, scientists try to diagnose the reasons that the birds’ bodies might have changed over time. Some scientists thought that birds’ skeletal or muscular systems might have changed. So, they studied migratory birds in North America. Migratory birds fly long distances to warmer places for the winter. Third, scientists measured the physical characteristics of the birds. They measured the size of the birds’ bones. They found some of the birds’ bones were shorter than they were 40 years ago. For example, the lower leg bone of many birds is smaller. Fourth, scientists measured the migratory birds’ wings. They found the birds’ wings are longer than they used to be. Many scientists asked, “Why are the birds’ bones smaller than they used be. But their wings are longer?” They thought about the long distance the birds fly in winter. They thought that the birds’ bodies changed to adapt to the long winter flight. They would need a lot of energy for the flight. A smaller body would have smaller muscles and less fat. But smaller bones and longer wings would make flying easier. Over time, these characteristics of birds have become more common. The scientists came up with some very good ideas about why these skeletal changes might be occurring.",What is the main question that scientists are trying to answer in this passage?,"Some birds that are here today are smaller than they were many years ago. Why is this happening? It is a mystery. How do scientists study a mystery? First, scientists try to understand the bird’s skeletal and muscular systems. Those systems help birds to fly. One thing scientists know is that birds’ bones are hollow inside. So, they don’t weigh much. Birds’ skeletons weigh less than their feathers. They have also learned that a bird wing works like a human arm. Birds contract their chest muscles to make their wings flap. Second, scientists try to diagnose the reasons that the birds’ bodies might have changed over time. Some scientists thought that birds’ skeletal or muscular systems might have changed. So, they studied migratory birds in North America. Migratory birds fly long distances to warmer places for the winter. Third, scientists measured the physical characteristics of the birds. They measured the size of the birds’ bones. They found some of the birds’ bones were shorter than they were 40 years ago. For example, the lower leg bone of many birds is smaller. Fourth, scientists measured the migratory birds’ wings. They found the birds’ wings are longer than they used to be. Many scientists asked, “Why are the birds’ bones smaller than they used be. But their wings are longer?” They thought about the long distance the birds fly in winter. They thought that the birds’ bodies changed to adapt to the long winter flight. They would need a lot of energy for the flight. A smaller body would have smaller muscles and less fat. But smaller bones and longer wings would make flying easier. Over time, these characteristics of birds have become more common. The scientists came up with some very good ideas about why these skeletal changes might be occurring.: What is the main question that scientists are trying to answer in this passage?
How do birds fly long distances?
Where do birds find food in the winter?
Why are birds getting smaller?
Why are birds dying in Chicago?","Original Text: Some birds that are here today are smaller than they were many years ago. Why is this happening? It is a mystery. How do scientists study a mystery? First, scientists try to understand the bird’s skeletal and muscular systems. Those systems help birds to fly. One thing scientists know is that birds’ bones are hollow inside. So, they don’t weigh much. Birds’ skeletons weigh less than their feathers. They have also learned that a bird wing works like a human arm. Birds contract their chest muscles to make their wings flap. Second, scientists try to diagnose the reasons that the birds’ bodies might have changed over time. Some scientists thought that birds’ skeletal or muscular systems might have changed. So, they studied migratory birds in North America. Migratory birds fly long distances to warmer places for the winter. Third, scientists measured the physical characteristics of the birds. They measured the size of the birds’ bones. They found some of the birds’ bones were shorter than they were 40 years ago. For example, the lower leg bone of many birds is smaller. Fourth, scientists measured the migratory birds’ wings. They found the birds’ wings are longer than they used to be. Many scientists asked, “Why are the birds’ bones smaller than they used be. But their wings are longer?” They thought about the long distance the birds fly in winter. They thought that the birds’ bodies changed to adapt to the long winter flight. They would need a lot of energy for the flight. A smaller body would have smaller muscles and less fat. But smaller bones and longer wings would make flying easier. Over time, these characteristics of birds have become more common. The scientists came up with some very good ideas about why these skeletal changes might be occurring.: What is the main question that scientists are trying to answer in this passage?
How do birds fly long distances?
Where do birds find food in the winter?
Why are birds getting smaller?
Why are birds dying in Chicago?
The core task is to identify the primary research question addressed in the passage regarding changes in bird physiology. The text describes a scientific investigation into why certain bird species have decreased in body size over several decades while their wings have lengthened. The main question scientists are trying to answer is why birds are getting smaller.
This item measures the **Reading Comprehension skill of identifying the main idea**.

**Justification:** The question requires the reader to synthesize the entire passage and distinguish the central research objective—the cause of decreasing bird size—from supporting details regarding anatomy, migration, and specific physical measurements.
This analysis evaluates the cognitive demand and structural elements of the reading comprehension item regarding the main question scientists are investigating.

**Cognitive Demand**
The item requires **synthesis**. To identify the main question, the reader must integrate the introductory premise (birds becoming smaller) with the subsequent scientific process and the concluding hypothesis about adaptation, rather than simply recalling a single detail.

**Structural and Semantic Elements**
*   **Plausible Sub-topic Distractors:** The first distractor (""How do birds fly long distances?"") targets a significant detail mentioned in the text, requiring the reader to distinguish between a supporting explanation and the primary inquiry.
*   **Sequential Framing:** The text’s use of ordinal transitions (First, Second, Third, Fourth) increases cognitive load by presenting a series of specific actions that the reader must aggregate into a singular purpose.
*   **Explicit Semantic Anchoring:** The opening sentences (""Why is this happening? It is a mystery."") provide a direct semantic cue that lowers the threshold for endorsement by explicitly stating the problem the rest of the passage seeks to address.
To describe the level of the latent trait—specifically reading comprehension and cognitive processing—required to identify the main question of the passage, this item necessitates a low to moderate level of ability. The respondent must possess the foundational literacy skills to recognize that the central inquiry is explicitly stated in the introductory sentences and distinguish it from supporting details or irrelevant distractors.","Original Text: Some birds that are here today are smaller than they were many years ago. Why is this happening? It is a mystery. How do scientists study a mystery? First, scientists try to understand the bird’s skeletal and muscular systems. Those systems help birds to fly. One thing scientists know is that birds’ bones are hollow inside. So, they don’t weigh much. Birds’ skeletons weigh less than their feathers. They have also learned that a bird wing works like a human arm. Birds contract their chest muscles to make their wings flap. Second, scientists try to diagnose the reasons that the birds’ bodies might have changed over time. Some scientists thought that birds’ skeletal or muscular systems might have changed. So, they studied migratory birds in North America. Migratory birds fly long distances to warmer places for the winter. Third, scientists measured the physical characteristics of the birds. They measured the size of the birds’ bones. They found some of the birds’ bones were shorter than they were 40 years ago. For example, the lower leg bone of many birds is smaller. Fourth, scientists measured the migratory birds’ wings. They found the birds’ wings are longer than they used to be. Many scientists asked, “Why are the birds’ bones smaller than they used be. But their wings are longer?” They thought about the long distance the birds fly in winter. They thought that the birds’ bodies changed to adapt to the long winter flight. They would need a lot of energy for the flight. A smaller body would have smaller muscles and less fat. But smaller bones and longer wings would make flying easier. Over time, these characteristics of birds have become more common. The scientists came up with some very good ideas about why these skeletal changes might be occurring.: What is the main question that scientists are trying to answer in this passage?
How do birds fly long distances?
Where do birds find food in the winter?
Why are birds getting smaller?
Why are birds dying in Chicago?
The core task of this item is to identify the primary research question investigated by scientists in the passage, specifically asking the reader to determine why birds are decreasing in size over time.
To identify the primary skill or construct this item attempts to measure along with a concise justification:

**Primary Skill:** Reading Comprehension (Identifying the Main Idea)

**Justification:** The item requires the reader to synthesize the provided informational text to determine the central focus of the passage, which is the scientists' overarching investigation into why birds are decreasing in size.
In analyzing the cognitive demand, required reasoning processes, and structural elements that influence the difficulty of this reading comprehension item:

This cognitive item requires basic synthesis to identify the overarching theme, though it relies heavily on direct recall of the passage's opening sentences. The cognitive load is slightly increased by a tricky distractor (""How do birds fly long distances?""), which leverages the passage's detailed middle sections on flight mechanics and migration to divert attention from the primary question (""Why are birds getting smaller?""). Otherwise, the straightforward phrasing, simple chronological sequencing, and absence of complex conditional logic keep the overall threshold for correct endorsement low.
The overall level of the underlying latent trait required to successfully answer this item is a low level of reading comprehension, as the correct answer is explicitly stated in the opening lines of the text and the distractors are easily eliminated.","Original Text: Some birds that are here today are smaller than they were many years ago. Why is this happening? It is a mystery. How do scientists study a mystery? First, scientists try to understand the bird’s skeletal and muscular systems. Those systems help birds to fly. One thing scientists know is that birds’ bones are hollow inside. So, they don’t weigh much. Birds’ skeletons weigh less than their feathers. They have also learned that a bird wing works like a human arm. Birds contract their chest muscles to make their wings flap. Second, scientists try to diagnose the reasons that the birds’ bodies might have changed over time. Some scientists thought that birds’ skeletal or muscular systems might have changed. So, they studied migratory birds in North America. Migratory birds fly long distances to warmer places for the winter. Third, scientists measured the physical characteristics of the birds. They measured the size of the birds’ bones. They found some of the birds’ bones were shorter than they were 40 years ago. For example, the lower leg bone of many birds is smaller. Fourth, scientists measured the migratory birds’ wings. They found the birds’ wings are longer than they used to be. Many scientists asked, “Why are the birds’ bones smaller than they used be. But their wings are longer?” They thought about the long distance the birds fly in winter. They thought that the birds’ bodies changed to adapt to the long winter flight. They would need a lot of energy for the flight. A smaller body would have smaller muscles and less fat. But smaller bones and longer wings would make flying easier. Over time, these characteristics of birds have become more common. The scientists came up with some very good ideas about why these skeletal changes might be occurring.: What is the main question that scientists are trying to answer in this passage?
How do birds fly long distances?
Where do birds find food in the winter?
Why are birds getting smaller?
Why are birds dying in Chicago?
This item is a reading comprehension task that requires identifying the primary research question scientists are investigating in the provided passage regarding why modern birds have decreased in physical size over time.
**Primary Skill Measured:** Reading Comprehension (specifically, identifying the main idea and central inquiry of an informational text).

**Justification:** This item evaluates a reader's ability to synthesize the primary theme of a passage by distinguishing the overarching research question being investigated—why birds' body sizes are decreasing—from supporting physiological details and irrelevant options.
Evaluating the cognitive demand of this reading comprehension item reveals that it primarily requires basic synthesis and main-idea extraction, supported by direct recall of the opening problem statement. 

Structural and semantic elements influencing cognitive load include:

* **Distractor Interference:** The distractor regarding long-distance flight draws directly from supporting details in the text about migration and wing adaptation, requiring the reader to differentiate between a sub-topic mechanism and the overarching research inquiry.
* **Procedural Sub-steps:** The sequential framing (""First,"" ""Second,"" ""Third,"" ""Fourth"") introduces intermediate physiological measurements and muscular mechanics, adding slight cognitive load by embedding the central premise within a multi-step investigative process.
* **Low Syntactic Complexity:** Short, simple sentences and the explicit restatement of the central question early in the text keep the cognitive threshold relatively low.
The overall level of the underlying latent trait—specifically reading comprehension and basic cognitive ability—required to successfully identify the passage's central question is **low to moderate (basic/elementary level)**. 

The passage explicitly states the core scientific inquiry (""Why is this happening?"" regarding birds becoming smaller) in the introductory sentences and reinforces it throughout the text. Because the correct answer relies on straightforward literal recognition of the main idea with minimal complex inference, and the distractors are either completely unmentioned or secondary details, a respondent needs only foundational informational-text processing skills to answer correctly.","Original Text: Some birds that are here today are smaller than they were many years ago. Why is this happening? It is a mystery. How do scientists study a mystery? First, scientists try to understand the bird’s skeletal and muscular systems. Those systems help birds to fly. One thing scientists know is that birds’ bones are hollow inside. So, they don’t weigh much. Birds’ skeletons weigh less than their feathers. They have also learned that a bird wing works like a human arm. Birds contract their chest muscles to make their wings flap. Second, scientists try to diagnose the reasons that the birds’ bodies might have changed over time. Some scientists thought that birds’ skeletal or muscular systems might have changed. So, they studied migratory birds in North America. Migratory birds fly long distances to warmer places for the winter. Third, scientists measured the physical characteristics of the birds. They measured the size of the birds’ bones. They found some of the birds’ bones were shorter than they were 40 years ago. For example, the lower leg bone of many birds is smaller. Fourth, scientists measured the migratory birds’ wings. They found the birds’ wings are longer than they used to be. Many scientists asked, “Why are the birds’ bones smaller than they used be. But their wings are longer?” They thought about the long distance the birds fly in winter. They thought that the birds’ bodies changed to adapt to the long winter flight. They would need a lot of energy for the flight. A smaller body would have smaller muscles and less fat. But smaller bones and longer wings would make flying easier. Over time, these characteristics of birds have become more common. The scientists came up with some very good ideas about why these skeletal changes might be occurring.: What is the main question that scientists are trying to answer in this passage?
How do birds fly long distances?
Where do birds find food in the winter?
Why are birds getting smaller?
Why are birds dying in Chicago?
The passage is about scientists investigating why some birds have become smaller over time, especially in relation to long-distance migration. The main question is: **Why are birds getting smaller?**
Primary domain: reading comprehension / scientific reasoning. The item measures the ability to identify the passage’s central research question: why birds are getting smaller over time. The correct focus is “Why are birds getting smaller?”
This is a moderate recall-and-reasoning item: it requires identifying the passage’s central research question and matching it to the best paraphrase. The wording is straightforward, with a few distractors that shift to unrelated topics (food, death, flight mechanics). The correct choice is the one about why birds are getting smaller.
A moderate reading-comprehension and inference level is needed to identify the passage’s central scientific question: why birds are getting smaller.","Original Text: Some birds that are here today are smaller than they were many years ago. Why is this happening? It is a mystery. How do scientists study a mystery? First, scientists try to understand the bird’s skeletal and muscular systems. Those systems help birds to fly. One thing scientists know is that birds’ bones are hollow inside. So, they don’t weigh much. Birds’ skeletons weigh less than their feathers. They have also learned that a bird wing works like a human arm. Birds contract their chest muscles to make their wings flap. Second, scientists try to diagnose the reasons that the birds’ bodies might have changed over time. Some scientists thought that birds’ skeletal or muscular systems might have changed. So, they studied migratory birds in North America. Migratory birds fly long distances to warmer places for the winter. Third, scientists measured the physical characteristics of the birds. They measured the size of the birds’ bones. They found some of the birds’ bones were shorter than they were 40 years ago. For example, the lower leg bone of many birds is smaller. Fourth, scientists measured the migratory birds’ wings. They found the birds’ wings are longer than they used to be. Many scientists asked, “Why are the birds’ bones smaller than they used be. But their wings are longer?” They thought about the long distance the birds fly in winter. They thought that the birds’ bodies changed to adapt to the long winter flight. They would need a lot of energy for the flight. A smaller body would have smaller muscles and less fat. But smaller bones and longer wings would make flying easier. Over time, these characteristics of birds have become more common. The scientists came up with some very good ideas about why these skeletal changes might be occurring.: What is the main question that scientists are trying to answer in this passage?
How do birds fly long distances?
Where do birds find food in the winter?
Why are birds getting smaller?
Why are birds dying in Chicago?
The item asks for the main scientific question in the passage: why some birds are becoming smaller over time.
This item is primarily measuring **reading comprehension of main idea/central question identification**. The task is to determine the passage’s overarching research question, and the correct focus is the scientists’ effort to explain **why some birds are becoming smaller over time**.
This item asks for the cognitive demand and endorsement threshold; it is a moderate-demand reading-comprehension item requiring recall plus light synthesis, not deep multi-step reasoning.

- Primary demand: identify the passage’s central question from repeated statements and the overall structure.
- Reasoning level: mainly gist extraction across several paragraphs; some synthesis because the passage includes supporting details about bones, wings, migration, and adaptation that must be filtered out.
- Cognitive load increasers:
  - Long passage with sequential “First/Second/Third/Fourth” structure, which adds detail but can distract from the main idea.
  - Several plausible distractors tied to mentioned details: long-distance flight, winter, and migration.
  - The phrase “It is a mystery” and discussion of scientists’ methods may pull attention away from the core question.
  - Minor wording complexity: the correct answer paraphrases the opening idea (“smaller than they were many years ago”) as “getting smaller.”
- Threshold for endorsement: not applicable; this is not a psychological/attitudinal item.
This item appears to require a moderately low to moderate level of the underlying trait, since the correct response depends mainly on identifying the passage’s central question from repeatedly stated details rather than making a complex inference.","Original Text: Some birds that are here today are smaller than they were many years ago. Why is this happening? It is a mystery. How do scientists study a mystery? First, scientists try to understand the bird’s skeletal and muscular systems. Those systems help birds to fly. One thing scientists know is that birds’ bones are hollow inside. So, they don’t weigh much. Birds’ skeletons weigh less than their feathers. They have also learned that a bird wing works like a human arm. Birds contract their chest muscles to make their wings flap. Second, scientists try to diagnose the reasons that the birds’ bodies might have changed over time. Some scientists thought that birds’ skeletal or muscular systems might have changed. So, they studied migratory birds in North America. Migratory birds fly long distances to warmer places for the winter. Third, scientists measured the physical characteristics of the birds. They measured the size of the birds’ bones. They found some of the birds’ bones were shorter than they were 40 years ago. For example, the lower leg bone of many birds is smaller. Fourth, scientists measured the migratory birds’ wings. They found the birds’ wings are longer than they used to be. Many scientists asked, “Why are the birds’ bones smaller than they used be. But their wings are longer?” They thought about the long distance the birds fly in winter. They thought that the birds’ bodies changed to adapt to the long winter flight. They would need a lot of energy for the flight. A smaller body would have smaller muscles and less fat. But smaller bones and longer wings would make flying easier. Over time, these characteristics of birds have become more common. The scientists came up with some very good ideas about why these skeletal changes might be occurring.: What is the main question that scientists are trying to answer in this passage?
How do birds fly long distances?
Where do birds find food in the winter?
Why are birds getting smaller?
Why are birds dying in Chicago?
The scientists are trying to determine why birds are getting smaller over time.
**Primary skill:** Reading comprehension—identifying the central question or main idea.  

**Justification:** The passage focuses on scientists investigating why birds’ body sizes and bones have decreased over time, so the correct answer is **“Why are birds getting smaller?”**
This is a basic reading-comprehension item requiring recall of the passage’s central question, not multi-step reasoning or synthesis. The correct answer is **“Why are birds getting smaller?”** Cognitive load is low; distractors concern related but unaddressed topics (flight, food, or deaths), requiring attention to the passage’s main focus.
The item requires a **moderate level of reading comprehension**: the respondent must identify the passage’s central question—**why birds are getting smaller**—rather than recall a supporting detail.","Original Text: Some birds that are here today are smaller than they were many years ago. Why is this happening? It is a mystery. How do scientists study a mystery? First, scientists try to understand the bird’s skeletal and muscular systems. Those systems help birds to fly. One thing scientists know is that birds’ bones are hollow inside. So, they don’t weigh much. Birds’ skeletons weigh less than their feathers. They have also learned that a bird wing works like a human arm. Birds contract their chest muscles to make their wings flap. Second, scientists try to diagnose the reasons that the birds’ bodies might have changed over time. Some scientists thought that birds’ skeletal or muscular systems might have changed. So, they studied migratory birds in North America. Migratory birds fly long distances to warmer places for the winter. Third, scientists measured the physical characteristics of the birds. They measured the size of the birds’ bones. They found some of the birds’ bones were shorter than they were 40 years ago. For example, the lower leg bone of many birds is smaller. Fourth, scientists measured the migratory birds’ wings. They found the birds’ wings are longer than they used to be. Many scientists asked, “Why are the birds’ bones smaller than they used be. But their wings are longer?” They thought about the long distance the birds fly in winter. They thought that the birds’ bodies changed to adapt to the long winter flight. They would need a lot of energy for the flight. A smaller body would have smaller muscles and less fat. But smaller bones and longer wings would make flying easier. Over time, these characteristics of birds have become more common. The scientists came up with some very good ideas about why these skeletal changes might be occurring.: What is the main question that scientists are trying to answer in this passage?
How do birds fly long distances?
Where do birds find food in the winter?
Why are birds getting smaller?
Why are birds dying in Chicago?
Why are birds getting smaller?
**Reading comprehension—identifying the main research question.** The item measures whether the reader can determine the passage’s central inquiry: **why birds are getting smaller**, rather than select supporting details or unrelated topics.
Low-to-moderate cognitive demand: requires identifying the passage’s central question, mainly through recall and basic synthesis of repeated details. The correct answer, **“Why are birds getting smaller?”**, is stated near the beginning and reinforced throughout. Lengthy background information increases reading load, but phrasing is straightforward, with no conditional logic. Distractors are plausible passage-related details but are clearly unsupported as the main focus.
This item requires a **low level of reading comprehension ability**, because the central question—why birds are getting smaller—is stated explicitly and repeated throughout the passage.",1.4735667074618863,-0.1112043781404093,-0.0838852708114271,-0.0531808397970725,0.9482085231398096,629.0,gilbert_meta_8,-0.6916556043314234,0.42498811068836756,-0.5621954511565663,0.345441258812003,-0.6859861169926526,0.43203660463378946,-0.4966530664137597,0.31279394608602396,0.047300153420533286,0.4213383637402125,0.03369390119829456,0.30013714908482736,1.3694170748487657,0.4344377750493777,1.2419163054120244,0.3939890676332687,0.8927960284843288,0.42127216759791586,0.6576726693080924,0.3103275352150501,0.6248475516393698,0.4119702194907474,0.47071796139140903,0.3103505508885752,-0.13017917845861904,0.4144574098287115,-0.09913085682557171,0.315607446908934
s_cc_18_2021,"Some birds that are here today are smaller than they were many years ago. Why is this happening? It is a mystery. How do scientists study a mystery? First, scientists try to understand the bird’s skeletal and muscular systems. Those systems help birds to fly. One thing scientists know is that birds’ bones are hollow inside. So, they don’t weigh much. Birds’ skeletons weigh less than their feathers. They have also learned that a bird wing works like a human arm. Birds contract their chest muscles to make their wings flap. Second, scientists try to diagnose the reasons that the birds’ bodies might have changed over time. Some scientists thought that birds’ skeletal or muscular systems might have changed. So, they studied migratory birds in North America. Migratory birds fly long distances to warmer places for the winter. Third, scientists measured the physical characteristics of the birds. They measured the size of the birds’ bones. They found some of the birds’ bones were shorter than they were 40 years ago. For example, the lower leg bone of many birds is smaller. Fourth, scientists measured the migratory birds’ wings. They found the birds’ wings are longer than they used to be. Many scientists asked, “Why are the birds’ bones smaller than they used be. But their wings are longer?” They thought about the long distance the birds fly in winter. They thought that the birds’ bodies changed to adapt to the long winter flight. They would need a lot of energy for the flight. A smaller body would have smaller muscles and less fat. But smaller bones and longer wings would make flying easier. Over time, these characteristics of birds have become more common. The scientists came up with some very good ideas about why these skeletal changes might be occurring.",What is the main idea of this passage?,"Some birds that are here today are smaller than they were many years ago. Why is this happening? It is a mystery. How do scientists study a mystery? First, scientists try to understand the bird’s skeletal and muscular systems. Those systems help birds to fly. One thing scientists know is that birds’ bones are hollow inside. So, they don’t weigh much. Birds’ skeletons weigh less than their feathers. They have also learned that a bird wing works like a human arm. Birds contract their chest muscles to make their wings flap. Second, scientists try to diagnose the reasons that the birds’ bodies might have changed over time. Some scientists thought that birds’ skeletal or muscular systems might have changed. So, they studied migratory birds in North America. Migratory birds fly long distances to warmer places for the winter. Third, scientists measured the physical characteristics of the birds. They measured the size of the birds’ bones. They found some of the birds’ bones were shorter than they were 40 years ago. For example, the lower leg bone of many birds is smaller. Fourth, scientists measured the migratory birds’ wings. They found the birds’ wings are longer than they used to be. Many scientists asked, “Why are the birds’ bones smaller than they used be. But their wings are longer?” They thought about the long distance the birds fly in winter. They thought that the birds’ bodies changed to adapt to the long winter flight. They would need a lot of energy for the flight. A smaller body would have smaller muscles and less fat. But smaller bones and longer wings would make flying easier. Over time, these characteristics of birds have become more common. The scientists came up with some very good ideas about why these skeletal changes might be occurring.: What is the main idea of this passage?
Birds migrate to warmer climates
Birds change over time
Many birds have been dying
Birds have remained the same","Original Text: Some birds that are here today are smaller than they were many years ago. Why is this happening? It is a mystery. How do scientists study a mystery? First, scientists try to understand the bird’s skeletal and muscular systems. Those systems help birds to fly. One thing scientists know is that birds’ bones are hollow inside. So, they don’t weigh much. Birds’ skeletons weigh less than their feathers. They have also learned that a bird wing works like a human arm. Birds contract their chest muscles to make their wings flap. Second, scientists try to diagnose the reasons that the birds’ bodies might have changed over time. Some scientists thought that birds’ skeletal or muscular systems might have changed. So, they studied migratory birds in North America. Migratory birds fly long distances to warmer places for the winter. Third, scientists measured the physical characteristics of the birds. They measured the size of the birds’ bones. They found some of the birds’ bones were shorter than they were 40 years ago. For example, the lower leg bone of many birds is smaller. Fourth, scientists measured the migratory birds’ wings. They found the birds’ wings are longer than they used to be. Many scientists asked, “Why are the birds’ bones smaller than they used be. But their wings are longer?” They thought about the long distance the birds fly in winter. They thought that the birds’ bodies changed to adapt to the long winter flight. They would need a lot of energy for the flight. A smaller body would have smaller muscles and less fat. But smaller bones and longer wings would make flying easier. Over time, these characteristics of birds have become more common. The scientists came up with some very good ideas about why these skeletal changes might be occurring.: What is the main idea of this passage?
Birds migrate to warmer climates
Birds change over time
Many birds have been dying
Birds have remained the same
The core task of this item is to identify the main idea of a passage detailing the scientific process used to investigate how and why birds' physical characteristics have changed over time to adapt to migration.
This item measures the skill of **Reading Comprehension**, specifically the ability to **identify the main idea**.

**Justification:** The item requires the respondent to synthesize information across multiple paragraphs—detailing scientific observations of skeletal and muscular changes in birds—to determine the central theme of biological adaptation over time.
To analyze the cognitive demand and structural elements of this main idea question:

**Cognitive Demand**
This item requires **synthesis**. The reader must integrate multiple specific observations—shorter leg bones, longer wings, and skeletal adaptations—to identify the overarching conclusion that birds are physically changing over time.

**Structural and Semantic Elements**
*   **Plausible Distractors:** The first option (""Birds migrate to warmer climates"") functions as a ""partial truth"" distractor; it is a factual detail mentioned in the text that requires the reader to distinguish between a supporting premise and the primary thesis.
*   **Sequential Logic:** The text uses a four-step chronological structure (""First"" through ""Fourth"") to describe a scientific process, increasing the cognitive load as the reader must track the progression of evidence to reach the final synthesis.
*   **Abstract Generalization:** The correct answer requires the reader to map concrete, technical descriptions (skeletal/muscular systems, hollow bones, lower leg bones) to the more abstract concept of ""change.""
To describe the level of the latent trait—specifically reading comprehension and cognitive synthesis—required to identify the main idea of the passage:

The item requires a **low to moderate** level of the underlying latent trait. A respondent must possess the foundational literacy skills to synthesize specific details regarding skeletal and muscular adaptations into the generalized concept that birds change over time. While the text uses ordinal markers to organize information, the respondent must distinguish the central theme from supporting details, such as migration, to select the correct answer.","Original Text: Some birds that are here today are smaller than they were many years ago. Why is this happening? It is a mystery. How do scientists study a mystery? First, scientists try to understand the bird’s skeletal and muscular systems. Those systems help birds to fly. One thing scientists know is that birds’ bones are hollow inside. So, they don’t weigh much. Birds’ skeletons weigh less than their feathers. They have also learned that a bird wing works like a human arm. Birds contract their chest muscles to make their wings flap. Second, scientists try to diagnose the reasons that the birds’ bodies might have changed over time. Some scientists thought that birds’ skeletal or muscular systems might have changed. So, they studied migratory birds in North America. Migratory birds fly long distances to warmer places for the winter. Third, scientists measured the physical characteristics of the birds. They measured the size of the birds’ bones. They found some of the birds’ bones were shorter than they were 40 years ago. For example, the lower leg bone of many birds is smaller. Fourth, scientists measured the migratory birds’ wings. They found the birds’ wings are longer than they used to be. Many scientists asked, “Why are the birds’ bones smaller than they used be. But their wings are longer?” They thought about the long distance the birds fly in winter. They thought that the birds’ bodies changed to adapt to the long winter flight. They would need a lot of energy for the flight. A smaller body would have smaller muscles and less fat. But smaller bones and longer wings would make flying easier. Over time, these characteristics of birds have become more common. The scientists came up with some very good ideas about why these skeletal changes might be occurring.: What is the main idea of this passage?
Birds migrate to warmer climates
Birds change over time
Many birds have been dying
Birds have remained the same
The core task presented in this scenario is to determine the main idea of a passage about scientists investigating the physical adaptations of migratory birds over time by selecting the most accurate statement from four multiple-choice options.
To determine the primary skill this item attempts to measure and provide a concise justification:

**Skill:** Reading Comprehension (Identifying the Main Idea)

**Justification:** The item requires the reader to synthesize the provided informational text about scientific observations of bird anatomy and select the overarching theme from the given multiple-choice options.
In analyzing the cognitive demand and structural elements that influence the difficulty of this reading comprehension item regarding the passage's main idea:

This cognitive item requires synthesis to abstract the overarching theme from the provided text rather than simple recall. The cognitive load is increased by a tricky distractor (""Birds migrate to warmer climates""), which is a supporting detail explicitly stated in the passage, requiring the reader to differentiate between local facts and the global main idea. Additionally, the passage's sequential structure (""First,"" ""Second,"" ""Third,"" ""Fourth"") forces the reader to hold multiple pieces of evidence in working memory to successfully synthesize the correct conclusion (""Birds change over time"").
To successfully answer this item by identifying the main idea of the passage, a respondent requires a low to moderate level of the underlying latent trait of reading comprehension. The correct answer is explicitly supported by repeated statements throughout the text, while the distractors are either minor supporting details or directly contradicted by the passage.","Original Text: Some birds that are here today are smaller than they were many years ago. Why is this happening? It is a mystery. How do scientists study a mystery? First, scientists try to understand the bird’s skeletal and muscular systems. Those systems help birds to fly. One thing scientists know is that birds’ bones are hollow inside. So, they don’t weigh much. Birds’ skeletons weigh less than their feathers. They have also learned that a bird wing works like a human arm. Birds contract their chest muscles to make their wings flap. Second, scientists try to diagnose the reasons that the birds’ bodies might have changed over time. Some scientists thought that birds’ skeletal or muscular systems might have changed. So, they studied migratory birds in North America. Migratory birds fly long distances to warmer places for the winter. Third, scientists measured the physical characteristics of the birds. They measured the size of the birds’ bones. They found some of the birds’ bones were shorter than they were 40 years ago. For example, the lower leg bone of many birds is smaller. Fourth, scientists measured the migratory birds’ wings. They found the birds’ wings are longer than they used to be. Many scientists asked, “Why are the birds’ bones smaller than they used be. But their wings are longer?” They thought about the long distance the birds fly in winter. They thought that the birds’ bodies changed to adapt to the long winter flight. They would need a lot of energy for the flight. A smaller body would have smaller muscles and less fat. But smaller bones and longer wings would make flying easier. Over time, these characteristics of birds have become more common. The scientists came up with some very good ideas about why these skeletal changes might be occurring.: What is the main idea of this passage?
Birds migrate to warmer climates
Birds change over time
Many birds have been dying
Birds have remained the same
The core task of this item is a multiple-choice reading comprehension question that requires identifying the main idea of an informational text explaining scientific investigations into why birds' physical structures adapt and evolve over time.
**Target Skill/Construct:** Reading Comprehension (specifically, identifying the main idea/central theme in an informational text).

**Justification:** The item evaluates a reader's ability to synthesize multi-paragraph expository text, distinguish supporting scientific details from overarching concepts, and extract the primary message regarding how and why birds' physical structures adapt over time.
This evaluation assesses the cognitive demand and structural complexity of the reading comprehension item.

* **Cognitive Demand:** The item requires **synthesis**. Determining the main idea necessitates integrating multiple sequential points across the entire passage rather than relying on simple direct recall.
* **Structural and Semantic Load Elements:**
  * **Detail-Based Distractor:** The option *""Birds migrate to warmer climates""* creates cognitive interference because it is a factually true statement explicitly mentioned in the text, requiring the reader to differentiate between a supporting detail and the overarching theme.
  * **Informational Density:** The sequential framework (""First,"" ""Second,"" etc.) incorporates background anatomical facts (hollow bones, muscle contraction) that add non-essential information the reader must filter out to isolate the central claim. 
  * **Linguistic Level:** The syntax relies on short, simple declarative sentences and basic vocabulary, keeping the linguistic load low and focusing the difficulty primarily on global text aggregation.
To successfully answer this multiple-choice reading comprehension item, a respondent requires a **low to low-intermediate level of cognitive ability and reading comprehension**. The passage relies on simple vocabulary, explicit sequential transitions, and repeated references to the central theme, allowing readers with basic elementary-level reading skills to easily identify the main idea and eliminate the straightforward distractors.","Original Text: Some birds that are here today are smaller than they were many years ago. Why is this happening? It is a mystery. How do scientists study a mystery? First, scientists try to understand the bird’s skeletal and muscular systems. Those systems help birds to fly. One thing scientists know is that birds’ bones are hollow inside. So, they don’t weigh much. Birds’ skeletons weigh less than their feathers. They have also learned that a bird wing works like a human arm. Birds contract their chest muscles to make their wings flap. Second, scientists try to diagnose the reasons that the birds’ bodies might have changed over time. Some scientists thought that birds’ skeletal or muscular systems might have changed. So, they studied migratory birds in North America. Migratory birds fly long distances to warmer places for the winter. Third, scientists measured the physical characteristics of the birds. They measured the size of the birds’ bones. They found some of the birds’ bones were shorter than they were 40 years ago. For example, the lower leg bone of many birds is smaller. Fourth, scientists measured the migratory birds’ wings. They found the birds’ wings are longer than they used to be. Many scientists asked, “Why are the birds’ bones smaller than they used be. But their wings are longer?” They thought about the long distance the birds fly in winter. They thought that the birds’ bodies changed to adapt to the long winter flight. They would need a lot of energy for the flight. A smaller body would have smaller muscles and less fat. But smaller bones and longer wings would make flying easier. Over time, these characteristics of birds have become more common. The scientists came up with some very good ideas about why these skeletal changes might be occurring.: What is the main idea of this passage?
Birds migrate to warmer climates
Birds change over time
Many birds have been dying
Birds have remained the same
The passage’s main idea is that birds change over time, with scientists studying why some birds have become smaller and developed longer wings.
Primary domain: reading comprehension / main idea identification. The item measures the ability to infer the central theme of a passage about scientific observations of changing bird anatomy over time.
This is a low-severity reading-comprehension item requiring recall plus synthesis of the passage’s central claim. The main idea is supported by multiple details about changing bird bones and wings, so endorsement depends on integrating evidence rather than spotting a single fact. The wording is straightforward, with no strong distractors or emotional language; the only structural load comes from the multi-step explanation of scientific investigation.
A low-to-moderate reading comprehension level is sufficient; the item mainly requires identifying the passage’s central theme that birds change over time.","Original Text: Some birds that are here today are smaller than they were many years ago. Why is this happening? It is a mystery. How do scientists study a mystery? First, scientists try to understand the bird’s skeletal and muscular systems. Those systems help birds to fly. One thing scientists know is that birds’ bones are hollow inside. So, they don’t weigh much. Birds’ skeletons weigh less than their feathers. They have also learned that a bird wing works like a human arm. Birds contract their chest muscles to make their wings flap. Second, scientists try to diagnose the reasons that the birds’ bodies might have changed over time. Some scientists thought that birds’ skeletal or muscular systems might have changed. So, they studied migratory birds in North America. Migratory birds fly long distances to warmer places for the winter. Third, scientists measured the physical characteristics of the birds. They measured the size of the birds’ bones. They found some of the birds’ bones were shorter than they were 40 years ago. For example, the lower leg bone of many birds is smaller. Fourth, scientists measured the migratory birds’ wings. They found the birds’ wings are longer than they used to be. Many scientists asked, “Why are the birds’ bones smaller than they used be. But their wings are longer?” They thought about the long distance the birds fly in winter. They thought that the birds’ bodies changed to adapt to the long winter flight. They would need a lot of energy for the flight. A smaller body would have smaller muscles and less fat. But smaller bones and longer wings would make flying easier. Over time, these characteristics of birds have become more common. The scientists came up with some very good ideas about why these skeletal changes might be occurring.: What is the main idea of this passage?
Birds migrate to warmer climates
Birds change over time
Many birds have been dying
Birds have remained the same
The core idea is identifying the passage’s main idea: scientists found that some birds have become smaller with longer wings over time, showing that birds change over time.
This item is primarily measuring reading comprehension, specifically identifying the main idea of an informational science passage. The reader must synthesize details about scientists observing smaller bones and longer wings over time to infer the broad central idea that birds change over time.
Core ask: assess the item’s cognitive demand and note features that raise difficulty.

Moderate cognitive demand: this is a reading-comprehension/main-idea item that requires integrating multiple parts of the passage and distinguishing the broad takeaway from supporting details, so it involves light synthesis rather than simple recall.

Load-increasing elements:
- Long passage with sequential structure (“First… Second… Third… Fourth…”), requiring tracking across steps.
- Several scientific details about bones, muscles, wings, migration, and adaptation that can distract from the central idea.
- Plausible distractors drawn from mentioned details, especially “Birds migrate to warmer climates.”
- Main-idea wording is broad, so the correct answer depends on abstracting above specific examples.
- Some causal/speculative language (“might,” “they thought”) adds mild interpretive complexity.
This item appears to require a moderately high level of the latent trait, since successfully answering it depends on integrating multiple details across the passage and identifying the broad central theme rather than recalling a single fact.","Original Text: Some birds that are here today are smaller than they were many years ago. Why is this happening? It is a mystery. How do scientists study a mystery? First, scientists try to understand the bird’s skeletal and muscular systems. Those systems help birds to fly. One thing scientists know is that birds’ bones are hollow inside. So, they don’t weigh much. Birds’ skeletons weigh less than their feathers. They have also learned that a bird wing works like a human arm. Birds contract their chest muscles to make their wings flap. Second, scientists try to diagnose the reasons that the birds’ bodies might have changed over time. Some scientists thought that birds’ skeletal or muscular systems might have changed. So, they studied migratory birds in North America. Migratory birds fly long distances to warmer places for the winter. Third, scientists measured the physical characteristics of the birds. They measured the size of the birds’ bones. They found some of the birds’ bones were shorter than they were 40 years ago. For example, the lower leg bone of many birds is smaller. Fourth, scientists measured the migratory birds’ wings. They found the birds’ wings are longer than they used to be. Many scientists asked, “Why are the birds’ bones smaller than they used be. But their wings are longer?” They thought about the long distance the birds fly in winter. They thought that the birds’ bodies changed to adapt to the long winter flight. They would need a lot of energy for the flight. A smaller body would have smaller muscles and less fat. But smaller bones and longer wings would make flying easier. Over time, these characteristics of birds have become more common. The scientists came up with some very good ideas about why these skeletal changes might be occurring.: What is the main idea of this passage?
Birds migrate to warmer climates
Birds change over time
Many birds have been dying
Birds have remained the same
The passage’s main idea is that **birds change over time**.
**Primary skill:** Reading comprehension—identifying the main idea.  
**Justification:** The passage focuses on how migratory birds’ body structures have changed over time, making **“Birds change over time”** the correct answer.
This is a **moderate-demand comprehension item** requiring **synthesis** of the passage’s repeated evidence that birds’ bodies have changed over time, rather than simple recall. It involves identifying the central idea across multiple details about bones, wings, migration, and adaptation. Distractors include a supporting detail (“migrate”), an unsupported claim (“dying”), and a direct opposite (“remained the same”); technical vocabulary adds slight cognitive load, but phrasing and logic are straightforward.
The item requires a **low-to-moderate level of cognitive ability**, primarily basic reading comprehension and identifying the passage’s central idea: **birds change over time**.","Original Text: Some birds that are here today are smaller than they were many years ago. Why is this happening? It is a mystery. How do scientists study a mystery? First, scientists try to understand the bird’s skeletal and muscular systems. Those systems help birds to fly. One thing scientists know is that birds’ bones are hollow inside. So, they don’t weigh much. Birds’ skeletons weigh less than their feathers. They have also learned that a bird wing works like a human arm. Birds contract their chest muscles to make their wings flap. Second, scientists try to diagnose the reasons that the birds’ bodies might have changed over time. Some scientists thought that birds’ skeletal or muscular systems might have changed. So, they studied migratory birds in North America. Migratory birds fly long distances to warmer places for the winter. Third, scientists measured the physical characteristics of the birds. They measured the size of the birds’ bones. They found some of the birds’ bones were shorter than they were 40 years ago. For example, the lower leg bone of many birds is smaller. Fourth, scientists measured the migratory birds’ wings. They found the birds’ wings are longer than they used to be. Many scientists asked, “Why are the birds’ bones smaller than they used be. But their wings are longer?” They thought about the long distance the birds fly in winter. They thought that the birds’ bodies changed to adapt to the long winter flight. They would need a lot of energy for the flight. A smaller body would have smaller muscles and less fat. But smaller bones and longer wings would make flying easier. Over time, these characteristics of birds have become more common. The scientists came up with some very good ideas about why these skeletal changes might be occurring.: What is the main idea of this passage?
Birds migrate to warmer climates
Birds change over time
Many birds have been dying
Birds have remained the same
Scientists found that birds’ bodies have changed over time, with smaller bones and longer wings that may help migration.
**Reading comprehension—identifying the main idea.** The item measures whether the respondent can synthesize supporting details about changes in birds’ body size, bones, and wings over time to select the central idea: **“Birds change over time.”**
**Moderate cognitive demand:** Requires synthesis of details across the passage to identify the main idea, not simple recall. The correct answer, **“Birds change over time,”** is broadly stated and supported by changes in bone and wing size. Distractors include one prominent supporting detail (migration) and two clearly contradicted claims. Lengthy scientific vocabulary, multiple procedural steps, comparisons across time, and causal speculation increase cognitive load.
This item requires a **low level of reading comprehension ability**, as the main idea—**birds change over time**—is stated repeatedly and is clearly distinguished from the distractors.",2.349351758804155,-0.3727978694105497,-0.5382457904100993,-0.5387850665957258,0.5834566829529281,497.0,gilbert_meta_8,0.8889618935433121,0.40718945991159455,0.7225710739157127,0.3309740580248446,0.8883506808664278,0.4378122677455369,0.6431647503848656,0.3169755187504937,0.6317716032426566,0.41689853718514575,0.45003765189280454,0.2969744727198276,0.6322352505879525,0.39704437200821374,0.573370436941681,0.3600772099497403,1.5763628911154688,0.4585581880835044,1.1612179684066886,0.3377940514609427,1.2396388089255646,0.43806913973221007,0.9338601895265075,0.3300117154371861,0.9262446818237567,0.429915188485938,0.7053311445540058,0.32737847558690336
s_cc_32_2021,"In many ways, skyscrapers are like the human body. They have bones that keep it tall and strong and skin to protect the body. They have a command center that is like a brain. How do engineers design and build strong and smart skyscrapers? It is very challenging to build a skyscraper because there are many parts that have to work together. If one part is broken, the skyscraper will not work properly. First, engineers need a strong and tall frame that supports the floors and walls. This frame is like the bones of a skyscraper. The bones of a skyscraper are made of concrete, steel and other materials. The columns are like the backbone of a human body. The columns go up. The steel columns hold up each floor. There are also steel beams that go across each floor. The steel columns and beams must be strong to resist the force of gravity. The steel columns and beams must work together to form a strong backbone. Second, engineers need to design a command center. The command center is a computer that sends signals through wires in a skyscraper. For example, it sends signals to help bring fresh air into rooms, just like your lungs. The command center also controls the heating and air conditioning. It helps the building cool down when it’s too hot and warm up when it’s too cold. A skyscraper has many different parts that work together. The bones make the building tall and strong. The skin protects the inside of the building. The skin of a skyscraper can be made of metal, stone, or glass. The brain controls the building temperature. The anatomy of a skyscraper is like a human body. All the parts have to work together. That's how a city skyscraper works properly.",Why does the author compare the steel and concrete of a skyscraper to a human skeleton?,"In many ways, skyscrapers are like the human body. They have bones that keep it tall and strong and skin to protect the body. They have a command center that is like a brain. How do engineers design and build strong and smart skyscrapers? It is very challenging to build a skyscraper because there are many parts that have to work together. If one part is broken, the skyscraper will not work properly. First, engineers need a strong and tall frame that supports the floors and walls. This frame is like the bones of a skyscraper. The bones of a skyscraper are made of concrete, steel and other materials. The columns are like the backbone of a human body. The columns go up. The steel columns hold up each floor. There are also steel beams that go across each floor. The steel columns and beams must be strong to resist the force of gravity. The steel columns and beams must work together to form a strong backbone. Second, engineers need to design a command center. The command center is a computer that sends signals through wires in a skyscraper. For example, it sends signals to help bring fresh air into rooms, just like your lungs. The command center also controls the heating and air conditioning. It helps the building cool down when it’s too hot and warm up when it’s too cold. A skyscraper has many different parts that work together. The bones make the building tall and strong. The skin protects the inside of the building. The skin of a skyscraper can be made of metal, stone, or glass. The brain controls the building temperature. The anatomy of a skyscraper is like a human body. All the parts have to work together. That's how a city skyscraper works properly.: Why does the author compare the steel and concrete of a skyscraper to a human skeleton?
These materials are strong and hold up the building
These materials are easily destroyed by wind and earthquakes
The wires inside the skyscraper are like human bones
Tall buildings have fast and safe passenger elevators","Original Text: In many ways, skyscrapers are like the human body. They have bones that keep it tall and strong and skin to protect the body. They have a command center that is like a brain. How do engineers design and build strong and smart skyscrapers? It is very challenging to build a skyscraper because there are many parts that have to work together. If one part is broken, the skyscraper will not work properly. First, engineers need a strong and tall frame that supports the floors and walls. This frame is like the bones of a skyscraper. The bones of a skyscraper are made of concrete, steel and other materials. The columns are like the backbone of a human body. The columns go up. The steel columns hold up each floor. There are also steel beams that go across each floor. The steel columns and beams must be strong to resist the force of gravity. The steel columns and beams must work together to form a strong backbone. Second, engineers need to design a command center. The command center is a computer that sends signals through wires in a skyscraper. For example, it sends signals to help bring fresh air into rooms, just like your lungs. The command center also controls the heating and air conditioning. It helps the building cool down when it’s too hot and warm up when it’s too cold. A skyscraper has many different parts that work together. The bones make the building tall and strong. The skin protects the inside of the building. The skin of a skyscraper can be made of metal, stone, or glass. The brain controls the building temperature. The anatomy of a skyscraper is like a human body. All the parts have to work together. That's how a city skyscraper works properly.: Why does the author compare the steel and concrete of a skyscraper to a human skeleton?
These materials are strong and hold up the building
These materials are easily destroyed by wind and earthquakes
The wires inside the skyscraper are like human bones
Tall buildings have fast and safe passenger elevators
The core task is to identify the functional justification for the analogy between a skyscraper's structural materials (steel and concrete) and the human skeleton.
This item measures the **Reading Comprehension** skill, specifically the ability to **identify supporting details and interpret analogies** within an informational text.

**Justification:** The question requires the reader to connect the functional description of a skyscraper’s structural materials (steel and concrete) to the biological analogy of a human skeleton provided in the text to explain how they provide support and strength.
This analysis evaluates the cognitive demand and structural complexity of the reading comprehension item regarding the skyscraper-human body analogy.

**Cognitive Demand**
This item requires **multi-step reasoning** and **synthesis**. The reader must first identify the specific metaphorical mapping (steel/concrete as ""bones"") and then synthesize the functional description provided in the text—that bones keep the body ""tall and strong""—to infer the purpose of the comparison.

**Structural and Semantic Elements**
*   **Analogy Mapping:** The primary cognitive load stems from the requirement to translate figurative language (""bones"") into literal engineering functions (structural support).
*   **Keyword Distractors:** Option 3 employs a ""tricky distractor"" by mixing keywords from the text (wires, bones) in a way that contradicts the established analogy, testing for precise detail rather than general association.
*   **Functional Inference:** The correct answer requires the reader to move beyond simple recall of the materials to understand the underlying logic of the author's comparison.
To determine why the author compares skyscraper materials to a human skeleton, a respondent requires a **low to moderate** level of reading comprehension. This item necessitates basic literal retrieval and the ability to identify a direct functional analogy explicitly mapped within the text.","Original Text: In many ways, skyscrapers are like the human body. They have bones that keep it tall and strong and skin to protect the body. They have a command center that is like a brain. How do engineers design and build strong and smart skyscrapers? It is very challenging to build a skyscraper because there are many parts that have to work together. If one part is broken, the skyscraper will not work properly. First, engineers need a strong and tall frame that supports the floors and walls. This frame is like the bones of a skyscraper. The bones of a skyscraper are made of concrete, steel and other materials. The columns are like the backbone of a human body. The columns go up. The steel columns hold up each floor. There are also steel beams that go across each floor. The steel columns and beams must be strong to resist the force of gravity. The steel columns and beams must work together to form a strong backbone. Second, engineers need to design a command center. The command center is a computer that sends signals through wires in a skyscraper. For example, it sends signals to help bring fresh air into rooms, just like your lungs. The command center also controls the heating and air conditioning. It helps the building cool down when it’s too hot and warm up when it’s too cold. A skyscraper has many different parts that work together. The bones make the building tall and strong. The skin protects the inside of the building. The skin of a skyscraper can be made of metal, stone, or glass. The brain controls the building temperature. The anatomy of a skyscraper is like a human body. All the parts have to work together. That's how a city skyscraper works properly.: Why does the author compare the steel and concrete of a skyscraper to a human skeleton?
These materials are strong and hold up the building
These materials are easily destroyed by wind and earthquakes
The wires inside the skyscraper are like human bones
Tall buildings have fast and safe passenger elevators
The core objective of this prompt is to summarize the provided reading comprehension item. The item requires the reader to analyze an informational passage comparing skyscraper architecture to human anatomy and select the correct multiple-choice option explaining why the author likens steel and concrete materials to a human skeleton.
To identify the primary skill this item attempts to measure and provide a concise justification:

**Primary Skill:** Reading comprehension (analyzing analogies and author's purpose). 

**Justification:** The item requires the reader to comprehend an informational text and interpret why the author uses a specific comparative analogy (steel and concrete to a human skeleton) to explain the structural function of building materials.
In analyzing the cognitive demand, reasoning requirements, and structural elements that influence the difficulty of this reading comprehension item, this question primarily requires basic recall and simple synthesis. The reader must map an explicitly stated analogy from the text (steel and concrete act as bones to provide strength and support). The cognitive load is low due to straightforward phrasing and easily eliminated distractors. The incorrect options either directly contradict the passage (materials being easily destroyed), conflate different parts of the analogy (wires acting as bones), or introduce entirely unmentioned concepts (elevators), requiring no complex logic or multi-step reasoning to bypass.
Evaluating the degree of the underlying latent trait—specifically reading comprehension and cognitive ability—necessary to correctly answer this question indicates that a low level is required. The respondent only needs basic literal comprehension and direct recall to connect explicitly stated information in the text regarding how steel and concrete act as a strong frame to hold up the building.","Original Text: In many ways, skyscrapers are like the human body. They have bones that keep it tall and strong and skin to protect the body. They have a command center that is like a brain. How do engineers design and build strong and smart skyscrapers? It is very challenging to build a skyscraper because there are many parts that have to work together. If one part is broken, the skyscraper will not work properly. First, engineers need a strong and tall frame that supports the floors and walls. This frame is like the bones of a skyscraper. The bones of a skyscraper are made of concrete, steel and other materials. The columns are like the backbone of a human body. The columns go up. The steel columns hold up each floor. There are also steel beams that go across each floor. The steel columns and beams must be strong to resist the force of gravity. The steel columns and beams must work together to form a strong backbone. Second, engineers need to design a command center. The command center is a computer that sends signals through wires in a skyscraper. For example, it sends signals to help bring fresh air into rooms, just like your lungs. The command center also controls the heating and air conditioning. It helps the building cool down when it’s too hot and warm up when it’s too cold. A skyscraper has many different parts that work together. The bones make the building tall and strong. The skin protects the inside of the building. The skin of a skyscraper can be made of metal, stone, or glass. The brain controls the building temperature. The anatomy of a skyscraper is like a human body. All the parts have to work together. That's how a city skyscraper works properly.: Why does the author compare the steel and concrete of a skyscraper to a human skeleton?
These materials are strong and hold up the building
These materials are easily destroyed by wind and earthquakes
The wires inside the skyscraper are like human bones
Tall buildings have fast and safe passenger elevators
The core task is a multiple-choice reading comprehension question that requires identifying the reason the author draws an analogy between a skyscraper's steel and concrete frame and the human skeletal system based on the provided passage.
**Primary Skill / Knowledge Domain:** Reading Comprehension (Analyzing Author's Use of Analogy / Informational Text Analysis)

**Justification:** The item evaluates a reader's ability to interpret figurative language and conceptual analogies within an informational passage by requiring them to connect the supportive, structural function of a human skeleton directly to the purpose of steel and concrete in a skyscraper's frame.
**Demand Analysis of the Reading Comprehension Item:**

* **Cognitive Demand Level:** **Low (Direct Recall and Basic Relational Matching).** The item does not require complex synthesis or multi-step reasoning. It asks the reader to identify an explicitly stated metaphor directly mapped out in the passage (bones/skeleton = strong frame that supports/holds up the structure).
* **Structural and Semantic Elements Affecting Load:**
  * **Low Phrasing Complexity:** The text utilizes short, repetitive sentences and direct definitions (e.g., ""The bones make the building tall and strong""), minimizing reading burden.
  * **Transparent Distractors:** Cognitive load is kept low due to weak distractor design: one option is factually contradictory to the passage (""easily destroyed""), one introduces completely irrelevant external content (""passenger elevators""), and one swaps explicit textual analogies (""wires inside the skyscraper"").
The level of the underlying latent trait—specifically reading comprehension and basic analogical reasoning—required to correctly answer this item is **low to moderate-low**. The question relies on direct textual retrieval and simple literal comprehension, as the text explicitly states that the steel and concrete ""bones"" keep the structure strong and hold up the building, demanding minimal inferential processing.","Original Text: In many ways, skyscrapers are like the human body. They have bones that keep it tall and strong and skin to protect the body. They have a command center that is like a brain. How do engineers design and build strong and smart skyscrapers? It is very challenging to build a skyscraper because there are many parts that have to work together. If one part is broken, the skyscraper will not work properly. First, engineers need a strong and tall frame that supports the floors and walls. This frame is like the bones of a skyscraper. The bones of a skyscraper are made of concrete, steel and other materials. The columns are like the backbone of a human body. The columns go up. The steel columns hold up each floor. There are also steel beams that go across each floor. The steel columns and beams must be strong to resist the force of gravity. The steel columns and beams must work together to form a strong backbone. Second, engineers need to design a command center. The command center is a computer that sends signals through wires in a skyscraper. For example, it sends signals to help bring fresh air into rooms, just like your lungs. The command center also controls the heating and air conditioning. It helps the building cool down when it’s too hot and warm up when it’s too cold. A skyscraper has many different parts that work together. The bones make the building tall and strong. The skin protects the inside of the building. The skin of a skyscraper can be made of metal, stone, or glass. The brain controls the building temperature. The anatomy of a skyscraper is like a human body. All the parts have to work together. That's how a city skyscraper works properly.: Why does the author compare the steel and concrete of a skyscraper to a human skeleton?
These materials are strong and hold up the building
These materials are easily destroyed by wind and earthquakes
The wires inside the skyscraper are like human bones
Tall buildings have fast and safe passenger elevators
The item asks why the author compares a skyscraper’s steel and concrete to a human skeleton: because these materials are strong and support the building.
Primary domain: reading comprehension / science text understanding. The item measures the ability to identify an analogy in an informational passage and infer that steel and concrete are compared to a skeleton because they provide structural support and strength.
This is a low-severity reading-comprehension item requiring simple recall and basic inference from the passage. The correct choice depends on matching the “bones/skeleton” analogy to structural support, with no multi-step reasoning or deep synthesis. The wording is straightforward, with minimal distractors; the incorrect options are clearly off-topic or semantically mismatched, so the endorsement threshold is low.
A low level of the underlying trait is needed; the item mainly requires basic reading comprehension and a simple analogy match rather than advanced ability.","Original Text: In many ways, skyscrapers are like the human body. They have bones that keep it tall and strong and skin to protect the body. They have a command center that is like a brain. How do engineers design and build strong and smart skyscrapers? It is very challenging to build a skyscraper because there are many parts that have to work together. If one part is broken, the skyscraper will not work properly. First, engineers need a strong and tall frame that supports the floors and walls. This frame is like the bones of a skyscraper. The bones of a skyscraper are made of concrete, steel and other materials. The columns are like the backbone of a human body. The columns go up. The steel columns hold up each floor. There are also steel beams that go across each floor. The steel columns and beams must be strong to resist the force of gravity. The steel columns and beams must work together to form a strong backbone. Second, engineers need to design a command center. The command center is a computer that sends signals through wires in a skyscraper. For example, it sends signals to help bring fresh air into rooms, just like your lungs. The command center also controls the heating and air conditioning. It helps the building cool down when it’s too hot and warm up when it’s too cold. A skyscraper has many different parts that work together. The bones make the building tall and strong. The skin protects the inside of the building. The skin of a skyscraper can be made of metal, stone, or glass. The brain controls the building temperature. The anatomy of a skyscraper is like a human body. All the parts have to work together. That's how a city skyscraper works properly.: Why does the author compare the steel and concrete of a skyscraper to a human skeleton?
These materials are strong and hold up the building
These materials are easily destroyed by wind and earthquakes
The wires inside the skyscraper are like human bones
Tall buildings have fast and safe passenger elevators
The item asks why the passage compares a skyscraper’s steel and concrete framework to a human skeleton, with the core idea that these materials are strong and support the building’s structure.
This item is measuring reading comprehension, specifically understanding an analogy and identifying supporting details from an informational passage. The correct idea is that steel and concrete are compared to a human skeleton because they provide strength and support for the building, mirroring how bones hold up the body.
Core ask: assess the item’s cognitive demand and note features that raise difficulty.

This is a low-to-moderate cognitive-demand reading-comprehension item. It mainly requires recall of an explicitly stated analogy (“bones”/skeleton = steel and concrete frame that keeps the building tall and strong), with light inference to map the comparison to the correct option. It does not require multi-step reasoning or synthesis.

Load/threshold-increasing features:
- Long passage increases memory load before the final question.
- Analogy structure (skyscraper body parts ↔ human body) requires semantic mapping.
- Distractors are mostly easy, but one is thematically related (“wires”) and could mislead if the reader confuses “brain/command center” with “bones.”
- Question wording is straightforward; no conditional logic or strong emotional language.
The item appears to require a relatively low to moderate level of the underlying trait, since the correct answer can be derived from an explicit, central comparison stated repeatedly in the passage: steel and concrete are compared to a skeleton because they are strong and support the building.","Original Text: In many ways, skyscrapers are like the human body. They have bones that keep it tall and strong and skin to protect the body. They have a command center that is like a brain. How do engineers design and build strong and smart skyscrapers? It is very challenging to build a skyscraper because there are many parts that have to work together. If one part is broken, the skyscraper will not work properly. First, engineers need a strong and tall frame that supports the floors and walls. This frame is like the bones of a skyscraper. The bones of a skyscraper are made of concrete, steel and other materials. The columns are like the backbone of a human body. The columns go up. The steel columns hold up each floor. There are also steel beams that go across each floor. The steel columns and beams must be strong to resist the force of gravity. The steel columns and beams must work together to form a strong backbone. Second, engineers need to design a command center. The command center is a computer that sends signals through wires in a skyscraper. For example, it sends signals to help bring fresh air into rooms, just like your lungs. The command center also controls the heating and air conditioning. It helps the building cool down when it’s too hot and warm up when it’s too cold. A skyscraper has many different parts that work together. The bones make the building tall and strong. The skin protects the inside of the building. The skin of a skyscraper can be made of metal, stone, or glass. The brain controls the building temperature. The anatomy of a skyscraper is like a human body. All the parts have to work together. That's how a city skyscraper works properly.: Why does the author compare the steel and concrete of a skyscraper to a human skeleton?
These materials are strong and hold up the building
These materials are easily destroyed by wind and earthquakes
The wires inside the skyscraper are like human bones
Tall buildings have fast and safe passenger elevators
The task is to identify why the author compares a skyscraper’s steel and concrete to a human skeleton: they are strong and support the building.
**Primary skill:** Reading comprehension—understanding an analogy and identifying explicit textual evidence.  

**Justification:** The item asks students to connect the steel and concrete “bones” to the stated function of a skeleton: providing strength and support for the skyscraper.
This is a **low-demand reading-comprehension item** requiring **recall with simple analogy mapping**, not multi-step reasoning or synthesis. The reader must connect “skeleton” to the passage’s stated function: supporting the building.

Cognitive load is slightly increased by the extended human-body analogy and multiple details, but the question directly targets explicit text. Distractors are largely implausible or unrelated, making the correct answer relatively easy to identify.
The item requires a **low-to-moderate level of cognitive ability**, primarily basic reading comprehension and the ability to identify an explicitly stated analogy: steel and concrete are like bones because they are strong and support the structure.","Original Text: In many ways, skyscrapers are like the human body. They have bones that keep it tall and strong and skin to protect the body. They have a command center that is like a brain. How do engineers design and build strong and smart skyscrapers? It is very challenging to build a skyscraper because there are many parts that have to work together. If one part is broken, the skyscraper will not work properly. First, engineers need a strong and tall frame that supports the floors and walls. This frame is like the bones of a skyscraper. The bones of a skyscraper are made of concrete, steel and other materials. The columns are like the backbone of a human body. The columns go up. The steel columns hold up each floor. There are also steel beams that go across each floor. The steel columns and beams must be strong to resist the force of gravity. The steel columns and beams must work together to form a strong backbone. Second, engineers need to design a command center. The command center is a computer that sends signals through wires in a skyscraper. For example, it sends signals to help bring fresh air into rooms, just like your lungs. The command center also controls the heating and air conditioning. It helps the building cool down when it’s too hot and warm up when it’s too cold. A skyscraper has many different parts that work together. The bones make the building tall and strong. The skin protects the inside of the building. The skin of a skyscraper can be made of metal, stone, or glass. The brain controls the building temperature. The anatomy of a skyscraper is like a human body. All the parts have to work together. That's how a city skyscraper works properly.: Why does the author compare the steel and concrete of a skyscraper to a human skeleton?
These materials are strong and hold up the building
These materials are easily destroyed by wind and earthquakes
The wires inside the skyscraper are like human bones
Tall buildings have fast and safe passenger elevators
Identify why the author compares a skyscraper’s steel and concrete framework to a human skeleton.
**Primary skill: Reading comprehension—interpreting an analogy.** The item assesses whether the reader understands that steel and concrete are compared to a human skeleton because they provide structural strength and support, holding the skyscraper upright.
This is a low-demand reading-comprehension item requiring direct recall and a simple analogy: steel and concrete are like a skeleton because they are strong and support the building. The lengthy passage adds reading load, but the question is straightforward; distractors are clearly unsupported, with no conditional logic, synthesis, or tricky phrasing.
This item requires a **low level of the underlying reading-comprehension ability**, as respondents only need to recognize the passage’s explicit analogy that steel and concrete form a strong supporting structure like a human skeleton.",1.0589435866017385,0.123966843170534,0.1740401284958955,0.2292363486613633,1.2576392452383989,666.0,gilbert_meta_8,0.23901694534380458,0.340339198886664,0.1942791160515717,0.27663644777273955,-2.1950950279238266,0.6333101733935689,-1.5892459769701766,0.4585157509977928,-0.8332296596666717,0.4185244890242968,-0.5935447519311849,0.2981327070311302,-0.7155748257759531,0.3852633176366202,-0.6489506083978603,0.3493930409060299,-1.7835423004526503,0.5691153614713282,-1.3138353981636017,0.4192353090531902,-0.5538325857402372,0.3997915037258045,-0.4172200803664814,0.3011759286271953,-1.5460998979965135,0.5068763451383524,-1.177348093919974,0.3859840490094307
s_cc_10_2021,"A human is a primate. In primates, the heart sends oxygen in the blood all around the body. The body must have oxygen to function properly. The strong heart muscle contracts to pump blood all around the body. A healthy heart never rests. But what happens when a person’s heart gets weaker? People with weak hearts need help. Scientists have to study a medical mystery. Then they might be able to help people. First, scientists need to diagnose the reasons that a human heart gets weak. They need to do tests. But sometimes it would be hard on a sick person to have tests done. So, scientists study animals that have body systems like humans. Scientists knew that the macaque monkey’s heart is similar to the human heart. So, they did tests with macaque monkeys. The scientists learned what happens when a monkey has a heart attack. After a heart attack, the monkey’s heart muscle has scar tissue where it was damaged. The scar tissue cannot contract like a strong heart muscle can. Then the monkey’s heart cannot pump enough blood to give the body the oxygen it needs. Without enough oxygen, the monkey’s body cannot function properly. Second, scientists wanted to try out new solutions that would keep the heart working. Sometimes the new solutions might fail. So, scientists didn’t want to try the solutions with people right away. They tried a solution with macaque monkeys. Scientists developed an idea. Then, they tested an idea. They injected human stem cells from the human heart into the monkey’s heart. After four weeks the human heart cells grew where the monkey’s scar tissue was. After three months, the monkey’s heart got stronger. Now scientists are using what they found in this experiment to help humans who have had heart attacks.",How did scientists know that they successfully found a way to help humans from a macaque money’s heart?,"A human is a primate. In primates, the heart sends oxygen in the blood all around the body. The body must have oxygen to function properly. The strong heart muscle contracts to pump blood all around the body. A healthy heart never rests. But what happens when a person’s heart gets weaker? People with weak hearts need help. Scientists have to study a medical mystery. Then they might be able to help people. First, scientists need to diagnose the reasons that a human heart gets weak. They need to do tests. But sometimes it would be hard on a sick person to have tests done. So, scientists study animals that have body systems like humans. Scientists knew that the macaque monkey’s heart is similar to the human heart. So, they did tests with macaque monkeys. The scientists learned what happens when a monkey has a heart attack. After a heart attack, the monkey’s heart muscle has scar tissue where it was damaged. The scar tissue cannot contract like a strong heart muscle can. Then the monkey’s heart cannot pump enough blood to give the body the oxygen it needs. Without enough oxygen, the monkey’s body cannot function properly. Second, scientists wanted to try out new solutions that would keep the heart working. Sometimes the new solutions might fail. So, scientists didn’t want to try the solutions with people right away. They tried a solution with macaque monkeys. Scientists developed an idea. Then, they tested an idea. They injected human stem cells from the human heart into the monkey’s heart. After four weeks the human heart cells grew where the monkey’s scar tissue was. After three months, the monkey’s heart got stronger. Now scientists are using what they found in this experiment to help humans who have had heart attacks.: How did scientists know that they successfully found a way to help humans from a macaque money’s heart?
The scar tissue on the monkey’s heart grew bigger
The monkey’s heart did not pump blood to give the body oxygen
The monkey got a heart attack after three months
The monkey’s heart with human stem cells became stronger","Original Text: A human is a primate. In primates, the heart sends oxygen in the blood all around the body. The body must have oxygen to function properly. The strong heart muscle contracts to pump blood all around the body. A healthy heart never rests. But what happens when a person’s heart gets weaker? People with weak hearts need help. Scientists have to study a medical mystery. Then they might be able to help people. First, scientists need to diagnose the reasons that a human heart gets weak. They need to do tests. But sometimes it would be hard on a sick person to have tests done. So, scientists study animals that have body systems like humans. Scientists knew that the macaque monkey’s heart is similar to the human heart. So, they did tests with macaque monkeys. The scientists learned what happens when a monkey has a heart attack. After a heart attack, the monkey’s heart muscle has scar tissue where it was damaged. The scar tissue cannot contract like a strong heart muscle can. Then the monkey’s heart cannot pump enough blood to give the body the oxygen it needs. Without enough oxygen, the monkey’s body cannot function properly. Second, scientists wanted to try out new solutions that would keep the heart working. Sometimes the new solutions might fail. So, scientists didn’t want to try the solutions with people right away. They tried a solution with macaque monkeys. Scientists developed an idea. Then, they tested an idea. They injected human stem cells from the human heart into the monkey’s heart. After four weeks the human heart cells grew where the monkey’s scar tissue was. After three months, the monkey’s heart got stronger. Now scientists are using what they found in this experiment to help humans who have had heart attacks.: How did scientists know that they successfully found a way to help humans from a macaque money’s heart?
The scar tissue on the monkey’s heart grew bigger
The monkey’s heart did not pump blood to give the body oxygen
The monkey got a heart attack after three months
The monkey’s heart with human stem cells became stronger
This item presents a scenario where scientists use macaque monkeys as biological models to test human stem cell therapy for heart damage and asks to identify the specific evidence that confirmed the treatment's effectiveness.
This item measures the **Reading Comprehension** skill, specifically the ability to perform **literal retrieval of information**.

**Justification:** The item requires the reader to locate and extract a specific, explicitly stated detail from the text—that the monkey's heart became stronger after the stem cell injection—to identify the successful outcome of the experiment.
This analysis evaluates the cognitive demand and structural complexity of the provided reading comprehension item.

**Cognitive Demand**
This item requires **multi-step reasoning** and **synthesis**. To identify the correct answer, the reader must synthesize information across the final paragraph, connecting the experimental intervention (stem cell injection) to the specific positive outcome (the heart getting stronger) and inferring that this result constitutes the ""success"" mentioned in the prompt.

**Structural and Semantic Elements**
*   **Sequential Logic:** The passage uses a problem-solution-result structure; the reader must navigate through the description of the ailment and the experimental process to isolate the final result.
*   **Plausible Distractors:** The incorrect options utilize ""tricky distractors"" by pulling verbatim terminology from the text (scar tissue, heart attack, oxygen) that describes the problem rather than the solution, increasing the cognitive load required to distinguish between the experimental baseline and the successful outcome.
*   **Semantic Mapping:** The question requires mapping the abstract concept of ""successfully found a way to help"" to the specific textual evidence that the ""heart got stronger.""
To describe the level of the latent trait (reading comprehension) required to correctly identify how scientists validated their heart treatment experiment, this item requires a **low to moderate** level of cognitive ability. The task involves literal retrieval and basic causal reasoning, as the correct answer is explicitly stated in the final paragraph of the passage.","Original Text: A human is a primate. In primates, the heart sends oxygen in the blood all around the body. The body must have oxygen to function properly. The strong heart muscle contracts to pump blood all around the body. A healthy heart never rests. But what happens when a person’s heart gets weaker? People with weak hearts need help. Scientists have to study a medical mystery. Then they might be able to help people. First, scientists need to diagnose the reasons that a human heart gets weak. They need to do tests. But sometimes it would be hard on a sick person to have tests done. So, scientists study animals that have body systems like humans. Scientists knew that the macaque monkey’s heart is similar to the human heart. So, they did tests with macaque monkeys. The scientists learned what happens when a monkey has a heart attack. After a heart attack, the monkey’s heart muscle has scar tissue where it was damaged. The scar tissue cannot contract like a strong heart muscle can. Then the monkey’s heart cannot pump enough blood to give the body the oxygen it needs. Without enough oxygen, the monkey’s body cannot function properly. Second, scientists wanted to try out new solutions that would keep the heart working. Sometimes the new solutions might fail. So, scientists didn’t want to try the solutions with people right away. They tried a solution with macaque monkeys. Scientists developed an idea. Then, they tested an idea. They injected human stem cells from the human heart into the monkey’s heart. After four weeks the human heart cells grew where the monkey’s scar tissue was. After three months, the monkey’s heart got stronger. Now scientists are using what they found in this experiment to help humans who have had heart attacks.: How did scientists know that they successfully found a way to help humans from a macaque money’s heart?
The scar tissue on the monkey’s heart grew bigger
The monkey’s heart did not pump blood to give the body oxygen
The monkey got a heart attack after three months
The monkey’s heart with human stem cells became stronger
To summarize the central scenario and task presented in the item: The scenario describes scientists using macaque monkeys to study heart attacks and test human stem cell injections as a treatment for damaged heart muscle. The core task requires the reader to answer a multiple-choice question by identifying the specific outcome from the text that proved this stem cell experiment was successful.
To identify the primary construct measured by the provided text and question, along with a concise justification:

**Primary Skill:** Reading Comprehension (Literal Comprehension)

**Justification:** The item requires the reader to locate and extract explicitly stated details from the informational passage to identify the successful outcome of the scientific experiment.
In evaluating the cognitive demand and structural complexity of this reading comprehension item, the question primarily requires targeted recall and basic synthesis to connect the experiment's timeline to its successful outcome. The cognitive load is increased by slightly awkward question phrasing and tricky distractors that rely on verbatim text from the passage's description of the medical problem (e.g., scar tissue, lack of oxygen). This forces the reader to differentiate between the initial symptoms and the final experimental results rather than simply word-matching. Additionally, the passage's chronological structure requires tracking temporal logic to identify the ultimate success.
In determining the overall level of the underlying latent trait required to successfully answer this item, a low to moderate level of reading comprehension is necessary, as the correct answer relies on basic information retrieval explicitly stated in the text.","Original Text: A human is a primate. In primates, the heart sends oxygen in the blood all around the body. The body must have oxygen to function properly. The strong heart muscle contracts to pump blood all around the body. A healthy heart never rests. But what happens when a person’s heart gets weaker? People with weak hearts need help. Scientists have to study a medical mystery. Then they might be able to help people. First, scientists need to diagnose the reasons that a human heart gets weak. They need to do tests. But sometimes it would be hard on a sick person to have tests done. So, scientists study animals that have body systems like humans. Scientists knew that the macaque monkey’s heart is similar to the human heart. So, they did tests with macaque monkeys. The scientists learned what happens when a monkey has a heart attack. After a heart attack, the monkey’s heart muscle has scar tissue where it was damaged. The scar tissue cannot contract like a strong heart muscle can. Then the monkey’s heart cannot pump enough blood to give the body the oxygen it needs. Without enough oxygen, the monkey’s body cannot function properly. Second, scientists wanted to try out new solutions that would keep the heart working. Sometimes the new solutions might fail. So, scientists didn’t want to try the solutions with people right away. They tried a solution with macaque monkeys. Scientists developed an idea. Then, they tested an idea. They injected human stem cells from the human heart into the monkey’s heart. After four weeks the human heart cells grew where the monkey’s scar tissue was. After three months, the monkey’s heart got stronger. Now scientists are using what they found in this experiment to help humans who have had heart attacks.: How did scientists know that they successfully found a way to help humans from a macaque money’s heart?
The scar tissue on the monkey’s heart grew bigger
The monkey’s heart did not pump blood to give the body oxygen
The monkey got a heart attack after three months
The monkey’s heart with human stem cells became stronger
The core task is to identify the experimental evidence demonstrating that scientists successfully used human stem cells to repair and strengthen a macaque monkey's damaged heart.
The primary construct this assessment item measures is **reading comprehension**, specifically the ability to **extract explicit details and factual evidence from an informational science text**. 

**Justification:** The question requires the reader to locate, understand, and recall explicitly stated information from the passage regarding the successful outcome of the stem-cell experiment (i.e., that the monkey's heart became stronger after the treatment) rather than requiring specialized outside scientific knowledge.
**Cognitive Demand Assessment**

This cognitive reading comprehension item evaluates **multi-step reasoning and chronological tracking** to identify cause-and-effect relationships rather than isolated recall. To determine success, the reader must connect the experimental intervention to its specific positive outcome rather than its baseline symptoms or mechanisms of damage.

**Structural and Semantic Load Factors**

* **Chronological Tracking:** The passage follows a multi-stage narrative (identifying the issue, explaining animal testing rationale, inducing heart damage, and testing stem cell treatment). The reader must navigate past earlier stages to locate the final outcome.
* **Text-Based Distractors:** All incorrect options incorporate authentic keywords and concepts mentioned earlier in the text (scar tissue, lack of oxygen, heart attack occurrence), creating interference by describing the problem phase rather than the solution.
* **Minor Semantic Distraction:** A typographical error in the question stem (""macaque *money’s* heart"") adds slight semantic noise, though the target concept remains clear.
The level of the underlying latent trait—specifically reading comprehension and explicit information retrieval ability—required to successfully answer this item is **low to moderate (basic)**. The text is written at an elementary reading level with simple syntax, and the correct answer directly reflects explicitly stated details in the final paragraph with minimal need for complex inferencing.","Original Text: A human is a primate. In primates, the heart sends oxygen in the blood all around the body. The body must have oxygen to function properly. The strong heart muscle contracts to pump blood all around the body. A healthy heart never rests. But what happens when a person’s heart gets weaker? People with weak hearts need help. Scientists have to study a medical mystery. Then they might be able to help people. First, scientists need to diagnose the reasons that a human heart gets weak. They need to do tests. But sometimes it would be hard on a sick person to have tests done. So, scientists study animals that have body systems like humans. Scientists knew that the macaque monkey’s heart is similar to the human heart. So, they did tests with macaque monkeys. The scientists learned what happens when a monkey has a heart attack. After a heart attack, the monkey’s heart muscle has scar tissue where it was damaged. The scar tissue cannot contract like a strong heart muscle can. Then the monkey’s heart cannot pump enough blood to give the body the oxygen it needs. Without enough oxygen, the monkey’s body cannot function properly. Second, scientists wanted to try out new solutions that would keep the heart working. Sometimes the new solutions might fail. So, scientists didn’t want to try the solutions with people right away. They tried a solution with macaque monkeys. Scientists developed an idea. Then, they tested an idea. They injected human stem cells from the human heart into the monkey’s heart. After four weeks the human heart cells grew where the monkey’s scar tissue was. After three months, the monkey’s heart got stronger. Now scientists are using what they found in this experiment to help humans who have had heart attacks.: How did scientists know that they successfully found a way to help humans from a macaque money’s heart?
The scar tissue on the monkey’s heart grew bigger
The monkey’s heart did not pump blood to give the body oxygen
The monkey got a heart attack after three months
The monkey’s heart with human stem cells became stronger
The item asks how scientists determined their macaque-monkey experiment showed a potential way to help humans with weak hearts. The correct choice is: **The monkey’s heart with human stem cells became stronger**.
This item primarily measures reading comprehension of a scientific passage, especially understanding cause-and-effect and identifying the experimental result. The correct choice is that the monkey’s heart with human stem cells became stronger, which shows the scientists’ solution worked.
Low demand: this is a straightforward reading-comprehension item requiring recall of the passage’s stated result, not multi-step reasoning or synthesis. The wording is simple, with no tricky distractors or conditional logic; the correct choice is directly supported by the text, while the other options are plainly inconsistent.
A low level of the underlying trait is needed here: the item mainly requires basic reading comprehension and simple inference, not high cognitive ability or strong domain knowledge.","Original Text: A human is a primate. In primates, the heart sends oxygen in the blood all around the body. The body must have oxygen to function properly. The strong heart muscle contracts to pump blood all around the body. A healthy heart never rests. But what happens when a person’s heart gets weaker? People with weak hearts need help. Scientists have to study a medical mystery. Then they might be able to help people. First, scientists need to diagnose the reasons that a human heart gets weak. They need to do tests. But sometimes it would be hard on a sick person to have tests done. So, scientists study animals that have body systems like humans. Scientists knew that the macaque monkey’s heart is similar to the human heart. So, they did tests with macaque monkeys. The scientists learned what happens when a monkey has a heart attack. After a heart attack, the monkey’s heart muscle has scar tissue where it was damaged. The scar tissue cannot contract like a strong heart muscle can. Then the monkey’s heart cannot pump enough blood to give the body the oxygen it needs. Without enough oxygen, the monkey’s body cannot function properly. Second, scientists wanted to try out new solutions that would keep the heart working. Sometimes the new solutions might fail. So, scientists didn’t want to try the solutions with people right away. They tried a solution with macaque monkeys. Scientists developed an idea. Then, they tested an idea. They injected human stem cells from the human heart into the monkey’s heart. After four weeks the human heart cells grew where the monkey’s scar tissue was. After three months, the monkey’s heart got stronger. Now scientists are using what they found in this experiment to help humans who have had heart attacks.: How did scientists know that they successfully found a way to help humans from a macaque money’s heart?
The scar tissue on the monkey’s heart grew bigger
The monkey’s heart did not pump blood to give the body oxygen
The monkey got a heart attack after three months
The monkey’s heart with human stem cells became stronger
The item asks which result showed scientists’ macaque-monkey heart experiment could help humans: the evidence was that the monkey’s heart became stronger after receiving human stem cells.
This item primarily measures reading comprehension of scientific/biomedical informational text, specifically identifying evidence-based outcomes in a passage. The correct choice is “The monkey’s heart with human stem cells became stronger” because the passage states that after treatment and three months, the monkey’s heart got stronger, which is the result scientists used to help humans.
Core ask: assess the item’s cognitive demand and note wording/features that raise difficulty.

Moderate cognitive demand: mainly recall/inference from a long passage, with light multi-step reasoning to connect the experiment outcome to “successfully found a way to help humans.”

Load-increasing elements:
- Long, multi-paragraph passage with many supporting details.
- Requires tracking causal sequence: heart attack → scar tissue → weaker pumping → stem-cell treatment → stronger heart.
- Final question is awkwardly phrased (“help humans from a macaque monkey’s heart”), increasing interpretation burden.
- One typo/distractor cue (“macaque money’s heart”) may add confusion.
- Distractors are mostly straightforward contradictions of the passage, so synthesis demand is limited.
- No emotional or attitudinal endorsement threshold; this is a factual comprehension item.
The item appears to require a low-to-moderate level of the latent trait: a respondent mainly needs basic reading comprehension and the ability to identify the explicitly stated outcome that showed success, namely that the monkey’s heart became stronger after receiving human stem cells.","Original Text: A human is a primate. In primates, the heart sends oxygen in the blood all around the body. The body must have oxygen to function properly. The strong heart muscle contracts to pump blood all around the body. A healthy heart never rests. But what happens when a person’s heart gets weaker? People with weak hearts need help. Scientists have to study a medical mystery. Then they might be able to help people. First, scientists need to diagnose the reasons that a human heart gets weak. They need to do tests. But sometimes it would be hard on a sick person to have tests done. So, scientists study animals that have body systems like humans. Scientists knew that the macaque monkey’s heart is similar to the human heart. So, they did tests with macaque monkeys. The scientists learned what happens when a monkey has a heart attack. After a heart attack, the monkey’s heart muscle has scar tissue where it was damaged. The scar tissue cannot contract like a strong heart muscle can. Then the monkey’s heart cannot pump enough blood to give the body the oxygen it needs. Without enough oxygen, the monkey’s body cannot function properly. Second, scientists wanted to try out new solutions that would keep the heart working. Sometimes the new solutions might fail. So, scientists didn’t want to try the solutions with people right away. They tried a solution with macaque monkeys. Scientists developed an idea. Then, they tested an idea. They injected human stem cells from the human heart into the monkey’s heart. After four weeks the human heart cells grew where the monkey’s scar tissue was. After three months, the monkey’s heart got stronger. Now scientists are using what they found in this experiment to help humans who have had heart attacks.: How did scientists know that they successfully found a way to help humans from a macaque money’s heart?
The scar tissue on the monkey’s heart grew bigger
The monkey’s heart did not pump blood to give the body oxygen
The monkey got a heart attack after three months
The monkey’s heart with human stem cells became stronger
Scientists knew the treatment worked because the monkey’s heart became stronger after receiving human stem cells.
**Primary domain:** Reading comprehension—identifying explicit evidence supporting a scientific conclusion.  

**Justification:** The item requires recognizing that the monkey’s heart becoming stronger after receiving human stem cells demonstrated the treatment’s success and potential to help humans.
This is a **reading-comprehension item requiring recall plus a simple causal/timeline connection**, not synthesis. The correct answer is **“The monkey’s heart with human stem cells became stronger.”**

Cognitive load is increased by the lengthy passage, medical vocabulary, multiple stages, and several similar heart-related outcomes. Distractors are text-based but contradict the passage or reverse the outcome (larger scar tissue, inadequate pumping, or a later heart attack).
The item requires a **low-to-moderate level of reading comprehension and basic causal reasoning**: the respondent must identify that the monkey’s heart became stronger after receiving human stem cells, indicating the treatment might help humans.","Original Text: A human is a primate. In primates, the heart sends oxygen in the blood all around the body. The body must have oxygen to function properly. The strong heart muscle contracts to pump blood all around the body. A healthy heart never rests. But what happens when a person’s heart gets weaker? People with weak hearts need help. Scientists have to study a medical mystery. Then they might be able to help people. First, scientists need to diagnose the reasons that a human heart gets weak. They need to do tests. But sometimes it would be hard on a sick person to have tests done. So, scientists study animals that have body systems like humans. Scientists knew that the macaque monkey’s heart is similar to the human heart. So, they did tests with macaque monkeys. The scientists learned what happens when a monkey has a heart attack. After a heart attack, the monkey’s heart muscle has scar tissue where it was damaged. The scar tissue cannot contract like a strong heart muscle can. Then the monkey’s heart cannot pump enough blood to give the body the oxygen it needs. Without enough oxygen, the monkey’s body cannot function properly. Second, scientists wanted to try out new solutions that would keep the heart working. Sometimes the new solutions might fail. So, scientists didn’t want to try the solutions with people right away. They tried a solution with macaque monkeys. Scientists developed an idea. Then, they tested an idea. They injected human stem cells from the human heart into the monkey’s heart. After four weeks the human heart cells grew where the monkey’s scar tissue was. After three months, the monkey’s heart got stronger. Now scientists are using what they found in this experiment to help humans who have had heart attacks.: How did scientists know that they successfully found a way to help humans from a macaque money’s heart?
The scar tissue on the monkey’s heart grew bigger
The monkey’s heart did not pump blood to give the body oxygen
The monkey got a heart attack after three months
The monkey’s heart with human stem cells became stronger
Identify the evidence showing that human stem cells successfully strengthened a macaque monkey’s damaged heart, suggesting a potential treatment for humans after heart attacks.
**Reading comprehension—identifying evidence in an informational science text.** The item measures whether the reader recognizes that the monkey’s heart becoming stronger after receiving human stem cells demonstrated the treatment’s potential to help humans.
This is a low-to-moderate-demand reading-comprehension item requiring recall and a simple causal inference. The correct answer is **“The monkey’s heart with human stem cells became stronger.”** Cognitive load is increased slightly by the long passage, scientific vocabulary, and the need to connect the treatment to the three-month outcome. Distractors directly contradict the text or confuse the experiment’s timeline. The typo **“macaque money’s heart”** may also cause minor confusion.
This item requires a **low level of reading-comprehension ability**, because the correct answer—**the monkey’s heart became stronger after receiving human stem cells**—is directly stated in the passage.",1.4075443685827569,0.1521118512358898,0.2670625551349688,0.3266618870240255,1.3863326608666728,739.0,gilbert_meta_8,-0.07445791059325058,0.39356204369364794,-0.06052130334230564,0.31989734389028274,0.6089236362496308,0.42602515903035576,0.44085992947060637,0.3084416672008277,0.7246892807317975,0.4129240038503037,0.5162268461869404,0.29414324440851813,-0.8217646112420094,0.40986604103980495,-0.7452535014029474,0.37170510631921416,0.723021173571633,0.41070989645223205,0.5326090730896124,0.30254690354027597,1.304559617214799,0.4272224147406102,0.9827671436301354,0.3218405251005615,0.6394201777859738,0.41068347889432427,0.48691557932693463,0.31273361553623674
s_cc_5_2021,"A human is a primate. In primates, the heart sends oxygen in the blood all around the body. The body must have oxygen to function properly. The strong heart muscle contracts to pump blood all around the body. A healthy heart never rests. But what happens when a person’s heart gets weaker? People with weak hearts need help. Scientists have to study a medical mystery. Then they might be able to help people. First, scientists need to diagnose the reasons that a human heart gets weak. They need to do tests. But sometimes it would be hard on a sick person to have tests done. So, scientists study animals that have body systems like humans. Scientists knew that the macaque monkey’s heart is similar to the human heart. So, they did tests with macaque monkeys. The scientists learned what happens when a monkey has a heart attack. After a heart attack, the monkey’s heart muscle has scar tissue where it was damaged. The scar tissue cannot contract like a strong heart muscle can. Then the monkey’s heart cannot pump enough blood to give the body the oxygen it needs. Without enough oxygen, the monkey’s body cannot function properly. Second, scientists wanted to try out new solutions that would keep the heart working. Sometimes the new solutions might fail. So, scientists didn’t want to try the solutions with people right away. They tried a solution with macaque monkeys. Scientists developed an idea. Then, they tested an idea. They injected human stem cells from the human heart into the monkey’s heart. After four weeks the human heart cells grew where the monkey’s scar tissue was. After three months, the monkey’s heart got stronger. Now scientists are using what they found in this experiment to help humans who have had heart attacks.",Why do scientists study monkey hearts?,"A human is a primate. In primates, the heart sends oxygen in the blood all around the body. The body must have oxygen to function properly. The strong heart muscle contracts to pump blood all around the body. A healthy heart never rests. But what happens when a person’s heart gets weaker? People with weak hearts need help. Scientists have to study a medical mystery. Then they might be able to help people. First, scientists need to diagnose the reasons that a human heart gets weak. They need to do tests. But sometimes it would be hard on a sick person to have tests done. So, scientists study animals that have body systems like humans. Scientists knew that the macaque monkey’s heart is similar to the human heart. So, they did tests with macaque monkeys. The scientists learned what happens when a monkey has a heart attack. After a heart attack, the monkey’s heart muscle has scar tissue where it was damaged. The scar tissue cannot contract like a strong heart muscle can. Then the monkey’s heart cannot pump enough blood to give the body the oxygen it needs. Without enough oxygen, the monkey’s body cannot function properly. Second, scientists wanted to try out new solutions that would keep the heart working. Sometimes the new solutions might fail. So, scientists didn’t want to try the solutions with people right away. They tried a solution with macaque monkeys. Scientists developed an idea. Then, they tested an idea. They injected human stem cells from the human heart into the monkey’s heart. After four weeks the human heart cells grew where the monkey’s scar tissue was. After three months, the monkey’s heart got stronger. Now scientists are using what they found in this experiment to help humans who have had heart attacks.: Why do scientists study monkey hearts?
Because they want to help humans who have heart attacks
Because they want to diagnose monkey problems
Because they want to provide a home for monkeys
Because they want to cover up scars","Original Text: A human is a primate. In primates, the heart sends oxygen in the blood all around the body. The body must have oxygen to function properly. The strong heart muscle contracts to pump blood all around the body. A healthy heart never rests. But what happens when a person’s heart gets weaker? People with weak hearts need help. Scientists have to study a medical mystery. Then they might be able to help people. First, scientists need to diagnose the reasons that a human heart gets weak. They need to do tests. But sometimes it would be hard on a sick person to have tests done. So, scientists study animals that have body systems like humans. Scientists knew that the macaque monkey’s heart is similar to the human heart. So, they did tests with macaque monkeys. The scientists learned what happens when a monkey has a heart attack. After a heart attack, the monkey’s heart muscle has scar tissue where it was damaged. The scar tissue cannot contract like a strong heart muscle can. Then the monkey’s heart cannot pump enough blood to give the body the oxygen it needs. Without enough oxygen, the monkey’s body cannot function properly. Second, scientists wanted to try out new solutions that would keep the heart working. Sometimes the new solutions might fail. So, scientists didn’t want to try the solutions with people right away. They tried a solution with macaque monkeys. Scientists developed an idea. Then, they tested an idea. They injected human stem cells from the human heart into the monkey’s heart. After four weeks the human heart cells grew where the monkey’s scar tissue was. After three months, the monkey’s heart got stronger. Now scientists are using what they found in this experiment to help humans who have had heart attacks.: Why do scientists study monkey hearts?
Because they want to help humans who have heart attacks
Because they want to diagnose monkey problems
Because they want to provide a home for monkeys
Because they want to cover up scars
This item presents a reading comprehension task requiring the identification of the scientific rationale for using macaque monkeys as biological models to research and develop treatments for human heart attacks.
This item measures the **Reading Comprehension (Literal Retrieval)** skill. It requires the reader to identify the explicit purpose of the scientific research described in the text, testing the ability to locate and extract specific information to explain a cause-and-effect relationship.
This analysis evaluates the cognitive demand and structural complexity of the question regarding why scientists study monkey hearts.

The item requires **multi-step reasoning and synthesis**. To identify the correct answer, the reader must integrate information across the narrative arc, connecting the initial problem (human heart failure) and the methodology (using monkeys as biological proxies) to the ultimate objective (human medical application). 

Structural and semantic elements increasing cognitive load include:
*   **Conditional Logic:** The text relies on a ""problem-so-solution"" chain (e.g., ""sometimes it would be hard on a sick person... So, scientists study animals"") that requires tracking causal relationships.
*   **Plausible Distractors:** The option ""diagnose monkey problems"" acts as a tricky distractor because the text explicitly describes scientists diagnosing monkey heart tissue, requiring the reader to distinguish between a procedural step and the primary research goal.
*   **Global Synthesis:** The answer is not found in a single sentence but requires synthesizing the introductory premise with the concluding results.
To correctly identify why scientists study monkey hearts, a respondent requires a low to moderate level of the underlying latent trait of reading comprehension. The item necessitates basic literal retrieval skills, as the correct answer is explicitly stated in the text, and the ability to distinguish a primary objective from procedural details or irrelevant distractors.","Original Text: A human is a primate. In primates, the heart sends oxygen in the blood all around the body. The body must have oxygen to function properly. The strong heart muscle contracts to pump blood all around the body. A healthy heart never rests. But what happens when a person’s heart gets weaker? People with weak hearts need help. Scientists have to study a medical mystery. Then they might be able to help people. First, scientists need to diagnose the reasons that a human heart gets weak. They need to do tests. But sometimes it would be hard on a sick person to have tests done. So, scientists study animals that have body systems like humans. Scientists knew that the macaque monkey’s heart is similar to the human heart. So, they did tests with macaque monkeys. The scientists learned what happens when a monkey has a heart attack. After a heart attack, the monkey’s heart muscle has scar tissue where it was damaged. The scar tissue cannot contract like a strong heart muscle can. Then the monkey’s heart cannot pump enough blood to give the body the oxygen it needs. Without enough oxygen, the monkey’s body cannot function properly. Second, scientists wanted to try out new solutions that would keep the heart working. Sometimes the new solutions might fail. So, scientists didn’t want to try the solutions with people right away. They tried a solution with macaque monkeys. Scientists developed an idea. Then, they tested an idea. They injected human stem cells from the human heart into the monkey’s heart. After four weeks the human heart cells grew where the monkey’s scar tissue was. After three months, the monkey’s heart got stronger. Now scientists are using what they found in this experiment to help humans who have had heart attacks.: Why do scientists study monkey hearts?
Because they want to help humans who have heart attacks
Because they want to diagnose monkey problems
Because they want to provide a home for monkeys
Because they want to cover up scars
The core request is to summarize the item's main scenario and question. The item presents a reading comprehension scenario explaining how and why scientists use macaque monkeys to research and test stem cell treatments for human heart attacks, concluding with a multiple-choice question asking the reader to identify the primary reason scientists study monkey hearts.
The objective is to determine the primary construct or skill assessed by the provided text and question, along with a brief rationale. 

**Primary Skill:** Reading comprehension (identifying explicit details and cause-and-effect relationships).

**Justification:** The item requires the reader to comprehend an informational passage and locate the explicitly stated reason within the text explaining why scientists use monkeys as animal models for human medical research.
In analyzing the cognitive demand and structural elements that affect the difficulty of this reading comprehension item, this question requires basic synthesis and recall. The reader must connect the passage's intermediate details about animal testing to the overarching main idea of treating human cardiac issues. The cognitive load is increased by text-based distractors—specifically ""diagnose monkey problems"" and ""cover up scars""—which reuse exact vocabulary from the passage (""diagnose,"" ""scar tissue"") to trap readers who rely on superficial word-matching rather than comprehending the text's causal logic.
Regarding the assessment of the overall level of the underlying latent trait required to successfully answer the item about why scientists study monkey hearts, a low level of reading comprehension and cognitive ability is needed, as the correct answer is explicitly stated in the passage and the distractors are easily eliminated.","Original Text: A human is a primate. In primates, the heart sends oxygen in the blood all around the body. The body must have oxygen to function properly. The strong heart muscle contracts to pump blood all around the body. A healthy heart never rests. But what happens when a person’s heart gets weaker? People with weak hearts need help. Scientists have to study a medical mystery. Then they might be able to help people. First, scientists need to diagnose the reasons that a human heart gets weak. They need to do tests. But sometimes it would be hard on a sick person to have tests done. So, scientists study animals that have body systems like humans. Scientists knew that the macaque monkey’s heart is similar to the human heart. So, they did tests with macaque monkeys. The scientists learned what happens when a monkey has a heart attack. After a heart attack, the monkey’s heart muscle has scar tissue where it was damaged. The scar tissue cannot contract like a strong heart muscle can. Then the monkey’s heart cannot pump enough blood to give the body the oxygen it needs. Without enough oxygen, the monkey’s body cannot function properly. Second, scientists wanted to try out new solutions that would keep the heart working. Sometimes the new solutions might fail. So, scientists didn’t want to try the solutions with people right away. They tried a solution with macaque monkeys. Scientists developed an idea. Then, they tested an idea. They injected human stem cells from the human heart into the monkey’s heart. After four weeks the human heart cells grew where the monkey’s scar tissue was. After three months, the monkey’s heart got stronger. Now scientists are using what they found in this experiment to help humans who have had heart attacks.: Why do scientists study monkey hearts?
Because they want to help humans who have heart attacks
Because they want to diagnose monkey problems
Because they want to provide a home for monkeys
Because they want to cover up scars
The provided item presents a reading comprehension multiple-choice question asking the reader to identify the primary reason scientists conduct research on monkey hearts, based on an informational passage detailing how studying primate biology helps develop medical treatments for human heart attack patients.
The primary skill assessed by this item is **reading comprehension of informational text**, specifically the ability to identify key details and causal relationships. 

**Justification:** The question requires the reader to locate and comprehend explicitly stated information within the scientific passage regarding the purpose and rationale behind using animal models to study human cardiovascular conditions.
**Cognitive Demand Evaluation**

This reading comprehension item requires **direct recall and low-level synthesis**, evaluating the ability to identify the central purpose of a research procedure explicitly detailed across an informational text. 

**Demand and Structural Elements**
* **Cognitive Processing Level:** Low. The target idea (using monkey research to develop human heart treatments) is directly reinforced in the opening, middle, and concluding sentences, requiring straightforward textual retrieval rather than complex inferential reasoning.
* **Distractor Viability:** Low-to-moderate. Distractors contain obvious non-sequiturs (""provide a home"") or literal surface-level misinterpretations (""diagnose monkey problems,"" ""cover up scars"") taken from isolated words in the text, creating minimal interference.
* **Linguistic and Structural Load:** Low. The passage uses short, basic declarative sentences, simple chronological markers (*First*, *Second*), and explicit cause-and-effect transitions (*So*, *Then*), minimizing working memory load and conditional complexity.
To successfully determine why researchers study monkey hearts based on the provided text, a respondent requires a **low to low-moderate level of reading comprehension ability**. The item demands only fundamental cognitive skills in literal information retrieval and basic main-idea identification, as the causal relationship is explicitly detailed in the passage and the distractors are easily ruled out without advanced inferential reasoning.","Original Text: A human is a primate. In primates, the heart sends oxygen in the blood all around the body. The body must have oxygen to function properly. The strong heart muscle contracts to pump blood all around the body. A healthy heart never rests. But what happens when a person’s heart gets weaker? People with weak hearts need help. Scientists have to study a medical mystery. Then they might be able to help people. First, scientists need to diagnose the reasons that a human heart gets weak. They need to do tests. But sometimes it would be hard on a sick person to have tests done. So, scientists study animals that have body systems like humans. Scientists knew that the macaque monkey’s heart is similar to the human heart. So, they did tests with macaque monkeys. The scientists learned what happens when a monkey has a heart attack. After a heart attack, the monkey’s heart muscle has scar tissue where it was damaged. The scar tissue cannot contract like a strong heart muscle can. Then the monkey’s heart cannot pump enough blood to give the body the oxygen it needs. Without enough oxygen, the monkey’s body cannot function properly. Second, scientists wanted to try out new solutions that would keep the heart working. Sometimes the new solutions might fail. So, scientists didn’t want to try the solutions with people right away. They tried a solution with macaque monkeys. Scientists developed an idea. Then, they tested an idea. They injected human stem cells from the human heart into the monkey’s heart. After four weeks the human heart cells grew where the monkey’s scar tissue was. After three months, the monkey’s heart got stronger. Now scientists are using what they found in this experiment to help humans who have had heart attacks.: Why do scientists study monkey hearts?
Because they want to help humans who have heart attacks
Because they want to diagnose monkey problems
Because they want to provide a home for monkeys
Because they want to cover up scars
The task is to identify why scientists study monkey hearts: because they want to help humans who have heart attacks.
Primary domain: scientific reading comprehension / biology reasoning. It assesses understanding that scientists study monkey hearts as models to learn about human heart disease and develop treatments for people with heart attacks.
This is a low-severity reading-comprehension item requiring recall and simple inference from the passage, not multi-step reasoning or synthesis. The correct choice is supported by explicit text, while the distractors are semantically off-topic or implausible, with no tricky conditional logic or emotionally loaded wording.
A low level of reading comprehension and scientific reasoning is sufficient; the item mainly requires understanding that scientists study monkey hearts to learn how to help humans with heart attacks.","Original Text: A human is a primate. In primates, the heart sends oxygen in the blood all around the body. The body must have oxygen to function properly. The strong heart muscle contracts to pump blood all around the body. A healthy heart never rests. But what happens when a person’s heart gets weaker? People with weak hearts need help. Scientists have to study a medical mystery. Then they might be able to help people. First, scientists need to diagnose the reasons that a human heart gets weak. They need to do tests. But sometimes it would be hard on a sick person to have tests done. So, scientists study animals that have body systems like humans. Scientists knew that the macaque monkey’s heart is similar to the human heart. So, they did tests with macaque monkeys. The scientists learned what happens when a monkey has a heart attack. After a heart attack, the monkey’s heart muscle has scar tissue where it was damaged. The scar tissue cannot contract like a strong heart muscle can. Then the monkey’s heart cannot pump enough blood to give the body the oxygen it needs. Without enough oxygen, the monkey’s body cannot function properly. Second, scientists wanted to try out new solutions that would keep the heart working. Sometimes the new solutions might fail. So, scientists didn’t want to try the solutions with people right away. They tried a solution with macaque monkeys. Scientists developed an idea. Then, they tested an idea. They injected human stem cells from the human heart into the monkey’s heart. After four weeks the human heart cells grew where the monkey’s scar tissue was. After three months, the monkey’s heart got stronger. Now scientists are using what they found in this experiment to help humans who have had heart attacks.: Why do scientists study monkey hearts?
Because they want to help humans who have heart attacks
Because they want to diagnose monkey problems
Because they want to provide a home for monkeys
Because they want to cover up scars
The item asks why scientists study monkey hearts, with the core idea that monkeys’ hearts are similar to human hearts, so studying and testing treatments in monkeys can help scientists understand weak hearts and develop ways to help humans after heart attacks.
This item primarily measures reading comprehension, specifically identifying the main purpose from an informational science passage. The correct idea is that scientists study monkey hearts to help humans who have heart attacks, because the passage explains monkeys are used as similar models to understand weak hearts and test treatments before using them on people.
Core ask: assess the item’s cognitive demand and what in its wording raises difficulty.

Moderate cognitive demand: it mainly requires reading comprehension with multi-step reasoning, not mere recall. The reader must integrate several linked ideas: monkey hearts are similar to human hearts, testing on sick humans can be hard/risky, scientists use monkeys to study heart damage and test treatments, and the goal is helping humans after heart attacks.

Load-increasing elements:
- Long passage with many details, requiring selective attention to the main purpose.
- Causal chain across multiple sentences rather than a single explicit answer sentence.
- “Why” question asks for the overarching purpose, requiring synthesis of the passage.
- Distractors are mostly easy/eliminable, though “diagnose monkey problems” is a mildly plausible trap because monkeys are discussed as test subjects.
- No strong emotional wording, conditional logic, or endorsement threshold; this is a cognitive comprehension item only.
This item appears to require a relatively low to moderate level of the underlying trait—basic reading comprehension/scientific reasoning. The passage states fairly directly that scientists study monkey hearts because monkey hearts are similar to human hearts and this research may help humans who have had heart attacks, so a respondent does not need especially advanced ability or an extreme level of the trait to answer it correctly.","Original Text: A human is a primate. In primates, the heart sends oxygen in the blood all around the body. The body must have oxygen to function properly. The strong heart muscle contracts to pump blood all around the body. A healthy heart never rests. But what happens when a person’s heart gets weaker? People with weak hearts need help. Scientists have to study a medical mystery. Then they might be able to help people. First, scientists need to diagnose the reasons that a human heart gets weak. They need to do tests. But sometimes it would be hard on a sick person to have tests done. So, scientists study animals that have body systems like humans. Scientists knew that the macaque monkey’s heart is similar to the human heart. So, they did tests with macaque monkeys. The scientists learned what happens when a monkey has a heart attack. After a heart attack, the monkey’s heart muscle has scar tissue where it was damaged. The scar tissue cannot contract like a strong heart muscle can. Then the monkey’s heart cannot pump enough blood to give the body the oxygen it needs. Without enough oxygen, the monkey’s body cannot function properly. Second, scientists wanted to try out new solutions that would keep the heart working. Sometimes the new solutions might fail. So, scientists didn’t want to try the solutions with people right away. They tried a solution with macaque monkeys. Scientists developed an idea. Then, they tested an idea. They injected human stem cells from the human heart into the monkey’s heart. After four weeks the human heart cells grew where the monkey’s scar tissue was. After three months, the monkey’s heart got stronger. Now scientists are using what they found in this experiment to help humans who have had heart attacks.: Why do scientists study monkey hearts?
Because they want to help humans who have heart attacks
Because they want to diagnose monkey problems
Because they want to provide a home for monkeys
Because they want to cover up scars
Identify why scientists study macaque monkey hearts: to develop treatments that can help humans who have had heart attacks.
**Primary construct:** Scientific reasoning and reading comprehension—understanding why animal models are used in medical research.

**Justification:** The item assesses whether the learner can identify that scientists study monkey hearts to develop treatments for humans who have had heart attacks.
This is a low-demand reading-comprehension item requiring recall and a simple causal connection: scientists study monkey hearts to develop treatments for humans after heart attacks. The correct answer is explicitly supported by the passage. Distractors are implausible or contradicted, with no complex phrasing, conditional logic, or substantial emotional threshold.
The item requires a **low level of the underlying trait**—basic reading comprehension and recall of an explicitly stated purpose. A respondent need only recognize that scientists study monkey hearts to help humans who have had heart attacks.","Original Text: A human is a primate. In primates, the heart sends oxygen in the blood all around the body. The body must have oxygen to function properly. The strong heart muscle contracts to pump blood all around the body. A healthy heart never rests. But what happens when a person’s heart gets weaker? People with weak hearts need help. Scientists have to study a medical mystery. Then they might be able to help people. First, scientists need to diagnose the reasons that a human heart gets weak. They need to do tests. But sometimes it would be hard on a sick person to have tests done. So, scientists study animals that have body systems like humans. Scientists knew that the macaque monkey’s heart is similar to the human heart. So, they did tests with macaque monkeys. The scientists learned what happens when a monkey has a heart attack. After a heart attack, the monkey’s heart muscle has scar tissue where it was damaged. The scar tissue cannot contract like a strong heart muscle can. Then the monkey’s heart cannot pump enough blood to give the body the oxygen it needs. Without enough oxygen, the monkey’s body cannot function properly. Second, scientists wanted to try out new solutions that would keep the heart working. Sometimes the new solutions might fail. So, scientists didn’t want to try the solutions with people right away. They tried a solution with macaque monkeys. Scientists developed an idea. Then, they tested an idea. They injected human stem cells from the human heart into the monkey’s heart. After four weeks the human heart cells grew where the monkey’s scar tissue was. After three months, the monkey’s heart got stronger. Now scientists are using what they found in this experiment to help humans who have had heart attacks.: Why do scientists study monkey hearts?
Because they want to help humans who have heart attacks
Because they want to diagnose monkey problems
Because they want to provide a home for monkeys
Because they want to cover up scars
Identify why scientists study monkey hearts: to develop treatments that help humans recover from heart attacks.
This item measures **reading comprehension, specifically identifying the purpose of a scientific study stated in an informational passage**. The correct response requires recognizing that scientists study monkey hearts because their similarity to human hearts may help develop treatments for humans who have had heart attacks.
Low-demand comprehension item requiring simple recall and a direct purpose inference. The correct answer is explicitly supported: monkey hearts resemble human hearts, so research may help human heart-attack patients. Distractors are implausible and easily eliminated. Passage length and scientific vocabulary add modest cognitive load, but there is no complex syntax, conditional logic, synthesis, or emotionally strong wording.
This item requires a low level of reading comprehension because the correct answer is stated explicitly and reinforced throughout the passage.",1.888425302116983,-0.1940835219404209,-0.2093863057837654,-0.1917180760058197,0.8255395751017193,607.0,gilbert_meta_8,0.663985034730936,0.3854227689136449,0.5397041010353707,0.3132815321649455,-0.9191844474611307,0.44410780891388085,-0.6654883577422276,0.32153348245929214,-0.77635257449165,0.43022917927137067,-0.5530287969131144,0.3064704532797576,0.05539379924061111,0.38558542927416606,0.05023631131752362,0.34968516205902145,0.9891420295547346,0.4324251808325004,0.7286453547586599,0.31854333339380114,-0.7155907948599062,0.43650220367276943,-0.5390777946767414,0.3288312915952499,-0.23846225080619077,0.4156147521959323,-0.18158792767682383,0.31648875789784614
s_cc_2_2021,"A human is a primate. In primates, the heart sends oxygen in the blood all around the body. The body must have oxygen to function properly. The strong heart muscle contracts to pump blood all around the body. A healthy heart never rests. But what happens when a person’s heart gets weaker? People with weak hearts need help. Scientists have to study a medical mystery. Then they might be able to help people. First, scientists need to diagnose the reasons that a human heart gets weak. They need to do tests. But sometimes it would be hard on a sick person to have tests done. So, scientists study animals that have body systems like humans. Scientists knew that the macaque monkey’s heart is similar to the human heart. So, they did tests with macaque monkeys. The scientists learned what happens when a monkey has a heart attack. After a heart attack, the monkey’s heart muscle has scar tissue where it was damaged. The scar tissue cannot contract like a strong heart muscle can. Then the monkey’s heart cannot pump enough blood to give the body the oxygen it needs. Without enough oxygen, the monkey’s body cannot function properly. Second, scientists wanted to try out new solutions that would keep the heart working. Sometimes the new solutions might fail. So, scientists didn’t want to try the solutions with people right away. They tried a solution with macaque monkeys. Scientists developed an idea. Then, they tested an idea. They injected human stem cells from the human heart into the monkey’s heart. After four weeks the human heart cells grew where the monkey’s scar tissue was. After three months, the monkey’s heart got stronger. Now scientists are using what they found in this experiment to help humans who have had heart attacks.","According to the passage, what is an important function of the heart muscle?","A human is a primate. In primates, the heart sends oxygen in the blood all around the body. The body must have oxygen to function properly. The strong heart muscle contracts to pump blood all around the body. A healthy heart never rests. But what happens when a person’s heart gets weaker? People with weak hearts need help. Scientists have to study a medical mystery. Then they might be able to help people. First, scientists need to diagnose the reasons that a human heart gets weak. They need to do tests. But sometimes it would be hard on a sick person to have tests done. So, scientists study animals that have body systems like humans. Scientists knew that the macaque monkey’s heart is similar to the human heart. So, they did tests with macaque monkeys. The scientists learned what happens when a monkey has a heart attack. After a heart attack, the monkey’s heart muscle has scar tissue where it was damaged. The scar tissue cannot contract like a strong heart muscle can. Then the monkey’s heart cannot pump enough blood to give the body the oxygen it needs. Without enough oxygen, the monkey’s body cannot function properly. Second, scientists wanted to try out new solutions that would keep the heart working. Sometimes the new solutions might fail. So, scientists didn’t want to try the solutions with people right away. They tried a solution with macaque monkeys. Scientists developed an idea. Then, they tested an idea. They injected human stem cells from the human heart into the monkey’s heart. After four weeks the human heart cells grew where the monkey’s scar tissue was. After three months, the monkey’s heart got stronger. Now scientists are using what they found in this experiment to help humans who have had heart attacks.: According to the passage, what is an important function of the heart muscle?
To help scientists study mysteries
To be a part of the nervous system
To help primates heal scar tissue
To pump oxygen to the brain","Original Text: A human is a primate. In primates, the heart sends oxygen in the blood all around the body. The body must have oxygen to function properly. The strong heart muscle contracts to pump blood all around the body. A healthy heart never rests. But what happens when a person’s heart gets weaker? People with weak hearts need help. Scientists have to study a medical mystery. Then they might be able to help people. First, scientists need to diagnose the reasons that a human heart gets weak. They need to do tests. But sometimes it would be hard on a sick person to have tests done. So, scientists study animals that have body systems like humans. Scientists knew that the macaque monkey’s heart is similar to the human heart. So, they did tests with macaque monkeys. The scientists learned what happens when a monkey has a heart attack. After a heart attack, the monkey’s heart muscle has scar tissue where it was damaged. The scar tissue cannot contract like a strong heart muscle can. Then the monkey’s heart cannot pump enough blood to give the body the oxygen it needs. Without enough oxygen, the monkey’s body cannot function properly. Second, scientists wanted to try out new solutions that would keep the heart working. Sometimes the new solutions might fail. So, scientists didn’t want to try the solutions with people right away. They tried a solution with macaque monkeys. Scientists developed an idea. Then, they tested an idea. They injected human stem cells from the human heart into the monkey’s heart. After four weeks the human heart cells grew where the monkey’s scar tissue was. After three months, the monkey’s heart got stronger. Now scientists are using what they found in this experiment to help humans who have had heart attacks.: According to the passage, what is an important function of the heart muscle?
To help scientists study mysteries
To be a part of the nervous system
To help primates heal scar tissue
To pump oxygen to the brain
This item asks for the identification of the heart muscle's primary biological function based on a passage describing medical research on heart health and stem cell treatments.
This item measures the skill of **Reading Comprehension (Literal Retrieval)** within the knowledge domain of **Biology**. 

**Justification:** The item requires the reader to locate and extract a specific factual detail explicitly stated in the text—the physiological function of the heart muscle—to identify the correct answer from the provided options.
This analysis evaluates the cognitive demand and structural complexity of the question regarding the heart muscle's function.

**Cognitive Demand**
This item requires **recall** and **synthesis**. The reader must locate the heart's primary function within the text (""pump blood all around the body"") and synthesize this with the understanding that the brain is a constituent part of the body to select the correct option.

**Structural and Semantic Elements**
*   **Semantic Narrowing:** The correct answer employs a specific anatomical term (""brain"") not explicitly used in the text, requiring an inferential leap from the general term ""body.""
*   **Keyword Distractors:** Option 3 utilizes prominent vocabulary from the passage (""primates,"" ""scar tissue"") to construct a false relationship, increasing the threshold for endorsement by tempting readers who rely on word recognition rather than comprehension.
*   **Thematic Displacement:** The bulk of the text focuses on experimental procedures and stem cell research, which creates a ""noise"" effect that obscures the foundational biological fact requested by the prompt.
To determine the level of the latent trait—specifically literal reading comprehension and cognitive processing—required to identify the heart muscle's function from the provided text:

The required level is **low to moderate**. The item necessitates the literal retrieval of information explicitly stated in the first paragraph. A respondent must possess the foundational literacy skills to locate a specific detail and perform a minor categorical inference, recognizing that pumping oxygen to the brain is a specific instance of the passage's statement that the heart pumps oxygen ""all around the body.""","Original Text: A human is a primate. In primates, the heart sends oxygen in the blood all around the body. The body must have oxygen to function properly. The strong heart muscle contracts to pump blood all around the body. A healthy heart never rests. But what happens when a person’s heart gets weaker? People with weak hearts need help. Scientists have to study a medical mystery. Then they might be able to help people. First, scientists need to diagnose the reasons that a human heart gets weak. They need to do tests. But sometimes it would be hard on a sick person to have tests done. So, scientists study animals that have body systems like humans. Scientists knew that the macaque monkey’s heart is similar to the human heart. So, they did tests with macaque monkeys. The scientists learned what happens when a monkey has a heart attack. After a heart attack, the monkey’s heart muscle has scar tissue where it was damaged. The scar tissue cannot contract like a strong heart muscle can. Then the monkey’s heart cannot pump enough blood to give the body the oxygen it needs. Without enough oxygen, the monkey’s body cannot function properly. Second, scientists wanted to try out new solutions that would keep the heart working. Sometimes the new solutions might fail. So, scientists didn’t want to try the solutions with people right away. They tried a solution with macaque monkeys. Scientists developed an idea. Then, they tested an idea. They injected human stem cells from the human heart into the monkey’s heart. After four weeks the human heart cells grew where the monkey’s scar tissue was. After three months, the monkey’s heart got stronger. Now scientists are using what they found in this experiment to help humans who have had heart attacks.: According to the passage, what is an important function of the heart muscle?
To help scientists study mysteries
To be a part of the nervous system
To help primates heal scar tissue
To pump oxygen to the brain
The objective is to provide a concise overview of the provided item's core task. The item presents a reading comprehension scenario requiring the reader to identify the primary function of the heart muscle based on a passage about cardiovascular function and stem cell research in primates.
The objective is to determine the primary construct, domain, or skill assessed by the provided text and question, along with a brief rationale.

**Primary Skill:** Reading Comprehension (Explicit Information Retrieval)

**Justification:** The item requires the reader to locate and extract explicitly stated factual details directly from the passage to answer the question about the heart muscle's function.
To analyze the cognitive demand and structural elements of this reading comprehension item: 

This question requires recall and minor synthesis. The reader must locate the heart's stated function in the text (pumping blood and oxygen around the body) and synthesize this information to select the correct answer by inferring that the body includes the brain. The cognitive load is elevated by tricky distractors that recycle prominent vocabulary directly from the passage (e.g., ""scientists study mysteries,"" ""primates,"" ""scar tissue"") to penalize superficial word-matching.
Regarding the degree of the underlying latent trait necessary to correctly answer this reading comprehension question, a low to moderate level of cognitive ability is required, as the respondent only needs basic literal comprehension and the ability to make a minor inference from explicitly stated text.","Original Text: A human is a primate. In primates, the heart sends oxygen in the blood all around the body. The body must have oxygen to function properly. The strong heart muscle contracts to pump blood all around the body. A healthy heart never rests. But what happens when a person’s heart gets weaker? People with weak hearts need help. Scientists have to study a medical mystery. Then they might be able to help people. First, scientists need to diagnose the reasons that a human heart gets weak. They need to do tests. But sometimes it would be hard on a sick person to have tests done. So, scientists study animals that have body systems like humans. Scientists knew that the macaque monkey’s heart is similar to the human heart. So, they did tests with macaque monkeys. The scientists learned what happens when a monkey has a heart attack. After a heart attack, the monkey’s heart muscle has scar tissue where it was damaged. The scar tissue cannot contract like a strong heart muscle can. Then the monkey’s heart cannot pump enough blood to give the body the oxygen it needs. Without enough oxygen, the monkey’s body cannot function properly. Second, scientists wanted to try out new solutions that would keep the heart working. Sometimes the new solutions might fail. So, scientists didn’t want to try the solutions with people right away. They tried a solution with macaque monkeys. Scientists developed an idea. Then, they tested an idea. They injected human stem cells from the human heart into the monkey’s heart. After four weeks the human heart cells grew where the monkey’s scar tissue was. After three months, the monkey’s heart got stronger. Now scientists are using what they found in this experiment to help humans who have had heart attacks.: According to the passage, what is an important function of the heart muscle?
To help scientists study mysteries
To be a part of the nervous system
To help primates heal scar tissue
To pump oxygen to the brain
The provided item presents a multiple-choice reading comprehension task requiring the reader to identify a primary physiological function of the heart muscle based on an informational passage detailing primate cardiovascular systems and experimental stem cell treatments.
**Primary Skill Measured:** Reading Comprehension (Locating Explicit Details / Information Retrieval in Informational Texts)

**Justification:** This assessment item evaluates the reader's ability to extract explicit, factual details from a non-fiction scientific text by asking them to identify the directly stated primary physiological role of the heart muscle.
**Cognitive Demand and Structural Analysis of the Item**

* **Demand Level:** The item presents a **low cognitive demand**, requiring only **direct recall and basic literal location** of explicitly stated facts rather than multi-step reasoning or synthesis.
* **Structural and Semantic Elements:**
  * **Syntactic Simplicity:** The passage utilizes brief, repetitive, low-complexity sentences with elementary vocabulary, keeping reading load minimal.
  * **Distractor Construction:** Distractors are weak and rely on superficial keyword matching from the passage (e.g., ""scar tissue,"" ""mysteries"") used in irrelevant contexts, making the elimination of incorrect options straightforward.
  * **Semantic Alignment:** The correct response requires a direct, single-step connection between the explicit textual functions of the heart (contracting to pump blood and distribute oxygen) and the target question stem.
To successfully answer this item, a respondent requires a **low to basic level of cognitive reading ability and literal text comprehension**. The item demands minimal inferencing, as the necessary information regarding the basic biological function of the heart muscle is directly and explicitly stated in the opening lines of the passage.","Original Text: A human is a primate. In primates, the heart sends oxygen in the blood all around the body. The body must have oxygen to function properly. The strong heart muscle contracts to pump blood all around the body. A healthy heart never rests. But what happens when a person’s heart gets weaker? People with weak hearts need help. Scientists have to study a medical mystery. Then they might be able to help people. First, scientists need to diagnose the reasons that a human heart gets weak. They need to do tests. But sometimes it would be hard on a sick person to have tests done. So, scientists study animals that have body systems like humans. Scientists knew that the macaque monkey’s heart is similar to the human heart. So, they did tests with macaque monkeys. The scientists learned what happens when a monkey has a heart attack. After a heart attack, the monkey’s heart muscle has scar tissue where it was damaged. The scar tissue cannot contract like a strong heart muscle can. Then the monkey’s heart cannot pump enough blood to give the body the oxygen it needs. Without enough oxygen, the monkey’s body cannot function properly. Second, scientists wanted to try out new solutions that would keep the heart working. Sometimes the new solutions might fail. So, scientists didn’t want to try the solutions with people right away. They tried a solution with macaque monkeys. Scientists developed an idea. Then, they tested an idea. They injected human stem cells from the human heart into the monkey’s heart. After four weeks the human heart cells grew where the monkey’s scar tissue was. After three months, the monkey’s heart got stronger. Now scientists are using what they found in this experiment to help humans who have had heart attacks.: According to the passage, what is an important function of the heart muscle?
To help scientists study mysteries
To be a part of the nervous system
To help primates heal scar tissue
To pump oxygen to the brain
The task is to identify the heart muscle’s key role in the passage: it contracts to pump blood carrying oxygen throughout the body.
Reading comprehension in life science/biology, specifically heart function. The passage emphasizes that the heart muscle’s key role is pumping oxygen-rich blood throughout the body, so the best answer is: **To pump oxygen to the brain**.
This is a low-demand reading comprehension item requiring recall of a stated fact, not multi-step reasoning or synthesis. The wording is straightforward, with no tricky distractors or strong emotional/conditional language; endorsement hinges on identifying the heart muscle’s pumping function.
A low level of reading comprehension is needed to identify that the heart muscle’s key role is to pump blood carrying oxygen through the body.","Original Text: A human is a primate. In primates, the heart sends oxygen in the blood all around the body. The body must have oxygen to function properly. The strong heart muscle contracts to pump blood all around the body. A healthy heart never rests. But what happens when a person’s heart gets weaker? People with weak hearts need help. Scientists have to study a medical mystery. Then they might be able to help people. First, scientists need to diagnose the reasons that a human heart gets weak. They need to do tests. But sometimes it would be hard on a sick person to have tests done. So, scientists study animals that have body systems like humans. Scientists knew that the macaque monkey’s heart is similar to the human heart. So, they did tests with macaque monkeys. The scientists learned what happens when a monkey has a heart attack. After a heart attack, the monkey’s heart muscle has scar tissue where it was damaged. The scar tissue cannot contract like a strong heart muscle can. Then the monkey’s heart cannot pump enough blood to give the body the oxygen it needs. Without enough oxygen, the monkey’s body cannot function properly. Second, scientists wanted to try out new solutions that would keep the heart working. Sometimes the new solutions might fail. So, scientists didn’t want to try the solutions with people right away. They tried a solution with macaque monkeys. Scientists developed an idea. Then, they tested an idea. They injected human stem cells from the human heart into the monkey’s heart. After four weeks the human heart cells grew where the monkey’s scar tissue was. After three months, the monkey’s heart got stronger. Now scientists are using what they found in this experiment to help humans who have had heart attacks.: According to the passage, what is an important function of the heart muscle?
To help scientists study mysteries
To be a part of the nervous system
To help primates heal scar tissue
To pump oxygen to the brain
The item asks about the passage’s main idea regarding what the heart muscle does, specifically identifying its important function as pumping oxygen-carrying blood through the body.
Primary domain: Reading comprehension of life science content, specifically cardiovascular function.

Justification: The item asks the reader to extract the heart muscle’s function from the passage; the correct idea is that the heart muscle contracts to pump blood carrying oxygen through the body, so it measures understanding of explicitly stated biological information in text.
Core ask: assess the item’s cognitive demand and note wording/features that raise difficulty.

This is a low-to-moderate cognitive-demand reading comprehension item. It mainly requires recall of an explicitly stated function, with slight paraphrase matching rather than multi-step reasoning or synthesis.

Load-increasing elements:
- Long passage with substantial irrelevant detail, increasing memory/search demands.
- Correct idea is paraphrased: the passage says the heart muscle “contracts to pump blood all around the body,” while the option says “pump oxygen to the brain,” which is only partially aligned and therefore a tricky distractor.
- Distractors are semantically related to the passage content:
  - “help scientists study mysteries” echoes the research context,
  - “heal scar tissue” echoes the stem-cell section,
  - “part of the nervous system” tests domain knowledge.
- No conditional logic or emotionally charged wording.
The item appears to require a low-to-moderate level of the underlying trait—here, basic reading comprehension and ability to identify a stated main function from explicit text. A respondent does not need especially advanced reasoning, only enough comprehension to connect that the heart muscle contracts to move oxygen-carrying blood through the body, making the correct option the one about pumping oxygen to the brain as part of that broader function.","Original Text: A human is a primate. In primates, the heart sends oxygen in the blood all around the body. The body must have oxygen to function properly. The strong heart muscle contracts to pump blood all around the body. A healthy heart never rests. But what happens when a person’s heart gets weaker? People with weak hearts need help. Scientists have to study a medical mystery. Then they might be able to help people. First, scientists need to diagnose the reasons that a human heart gets weak. They need to do tests. But sometimes it would be hard on a sick person to have tests done. So, scientists study animals that have body systems like humans. Scientists knew that the macaque monkey’s heart is similar to the human heart. So, they did tests with macaque monkeys. The scientists learned what happens when a monkey has a heart attack. After a heart attack, the monkey’s heart muscle has scar tissue where it was damaged. The scar tissue cannot contract like a strong heart muscle can. Then the monkey’s heart cannot pump enough blood to give the body the oxygen it needs. Without enough oxygen, the monkey’s body cannot function properly. Second, scientists wanted to try out new solutions that would keep the heart working. Sometimes the new solutions might fail. So, scientists didn’t want to try the solutions with people right away. They tried a solution with macaque monkeys. Scientists developed an idea. Then, they tested an idea. They injected human stem cells from the human heart into the monkey’s heart. After four weeks the human heart cells grew where the monkey’s scar tissue was. After three months, the monkey’s heart got stronger. Now scientists are using what they found in this experiment to help humans who have had heart attacks.: According to the passage, what is an important function of the heart muscle?
To help scientists study mysteries
To be a part of the nervous system
To help primates heal scar tissue
To pump oxygen to the brain
Identify the heart muscle’s important function according to the passage: pumping oxygenated blood to the brain.
**Primary domain:** Biological knowledge—heart function.  
**Justification:** The item measures whether the reader understands that heart muscle contracts to pump oxygen-carrying blood throughout the body, including the brain.
This is a low-demand reading-comprehension item requiring recall of an explicitly stated function, with a simple link between pumping blood and delivering oxygen. Distractors are clearly unrelated, so there is little multi-step reasoning or synthesis. The wording is straightforward; the only slight semantic narrowing is “to the brain,” whereas the passage says oxygen is supplied throughout the body.
The item requires a **low level of cognitive ability**: basic reading comprehension and retrieval of an explicitly stated function of the heart. A respondent with limited literacy may struggle, but no advanced reasoning is needed.","Original Text: A human is a primate. In primates, the heart sends oxygen in the blood all around the body. The body must have oxygen to function properly. The strong heart muscle contracts to pump blood all around the body. A healthy heart never rests. But what happens when a person’s heart gets weaker? People with weak hearts need help. Scientists have to study a medical mystery. Then they might be able to help people. First, scientists need to diagnose the reasons that a human heart gets weak. They need to do tests. But sometimes it would be hard on a sick person to have tests done. So, scientists study animals that have body systems like humans. Scientists knew that the macaque monkey’s heart is similar to the human heart. So, they did tests with macaque monkeys. The scientists learned what happens when a monkey has a heart attack. After a heart attack, the monkey’s heart muscle has scar tissue where it was damaged. The scar tissue cannot contract like a strong heart muscle can. Then the monkey’s heart cannot pump enough blood to give the body the oxygen it needs. Without enough oxygen, the monkey’s body cannot function properly. Second, scientists wanted to try out new solutions that would keep the heart working. Sometimes the new solutions might fail. So, scientists didn’t want to try the solutions with people right away. They tried a solution with macaque monkeys. Scientists developed an idea. Then, they tested an idea. They injected human stem cells from the human heart into the monkey’s heart. After four weeks the human heart cells grew where the monkey’s scar tissue was. After three months, the monkey’s heart got stronger. Now scientists are using what they found in this experiment to help humans who have had heart attacks.: According to the passage, what is an important function of the heart muscle?
To help scientists study mysteries
To be a part of the nervous system
To help primates heal scar tissue
To pump oxygen to the brain
Identify the heart muscle’s important function: pumping oxygen-rich blood to the brain.
**Reading comprehension—identifying an explicit scientific detail.** The item measures whether the reader understands from the passage that the heart muscle pumps oxygen-carrying blood through the body, including to the brain.
This item asks readers to identify the heart muscle’s function. It requires basic recall: the heart pumps blood carrying oxygen through the body. Cognitive demand is low, though the intended answer, “To pump oxygen to the brain,” is imprecise because the heart pumps blood—not oxygen alone—and supplies the entire body, not just the brain. The other distractors are clearly unsupported, so they add little difficulty.
This item requires a **low level of the underlying reading-comprehension trait**, because the heart muscle’s function—pumping oxygen-rich blood through the body—is stated directly in the passage.",0.7960807434345034,-0.1293878498212127,-0.0882630224540687,-0.0616124087721556,0.9402472477602066,643.0,gilbert_meta_8,0.05405567169388997,0.38675897614279187,0.04393783921536139,0.3143676357421081,0.47578559254703545,0.40233436237359205,0.34446815706695094,0.29128956089152097,-2.1105200890713802,0.5352006319616363,-1.503412784435428,0.38124606180985315,-0.2736623516943349,0.391604858271511,-0.24818278009577777,0.3551441468769946,-0.6560564317116311,0.42883327261653464,-0.4832799104102469,0.3158973764350608,-1.8087831694487821,0.5035971287209959,-1.3626151273029585,0.3793760784885472,-1.2269734160827213,0.44200353814047927,-0.9343347183370222,0.3365836992874255
s_cc_9_2021,"A human is a primate. In primates, the heart sends oxygen in the blood all around the body. The body must have oxygen to function properly. The strong heart muscle contracts to pump blood all around the body. A healthy heart never rests. But what happens when a person’s heart gets weaker? People with weak hearts need help. Scientists have to study a medical mystery. Then they might be able to help people. First, scientists need to diagnose the reasons that a human heart gets weak. They need to do tests. But sometimes it would be hard on a sick person to have tests done. So, scientists study animals that have body systems like humans. Scientists knew that the macaque monkey’s heart is similar to the human heart. So, they did tests with macaque monkeys. The scientists learned what happens when a monkey has a heart attack. After a heart attack, the monkey’s heart muscle has scar tissue where it was damaged. The scar tissue cannot contract like a strong heart muscle can. Then the monkey’s heart cannot pump enough blood to give the body the oxygen it needs. Without enough oxygen, the monkey’s body cannot function properly. Second, scientists wanted to try out new solutions that would keep the heart working. Sometimes the new solutions might fail. So, scientists didn’t want to try the solutions with people right away. They tried a solution with macaque monkeys. Scientists developed an idea. Then, they tested an idea. They injected human stem cells from the human heart into the monkey’s heart. After four weeks the human heart cells grew where the monkey’s scar tissue was. After three months, the monkey’s heart got stronger. Now scientists are using what they found in this experiment to help humans who have had heart attacks.",Structure means,"A human is a primate. In primates, the heart sends oxygen in the blood all around the body. The body must have oxygen to function properly. The strong heart muscle contracts to pump blood all around the body. A healthy heart never rests. But what happens when a person’s heart gets weaker? People with weak hearts need help. Scientists have to study a medical mystery. Then they might be able to help people. First, scientists need to diagnose the reasons that a human heart gets weak. They need to do tests. But sometimes it would be hard on a sick person to have tests done. So, scientists study animals that have body systems like humans. Scientists knew that the macaque monkey’s heart is similar to the human heart. So, they did tests with macaque monkeys. The scientists learned what happens when a monkey has a heart attack. After a heart attack, the monkey’s heart muscle has scar tissue where it was damaged. The scar tissue cannot contract like a strong heart muscle can. Then the monkey’s heart cannot pump enough blood to give the body the oxygen it needs. Without enough oxygen, the monkey’s body cannot function properly. Second, scientists wanted to try out new solutions that would keep the heart working. Sometimes the new solutions might fail. So, scientists didn’t want to try the solutions with people right away. They tried a solution with macaque monkeys. Scientists developed an idea. Then, they tested an idea. They injected human stem cells from the human heart into the monkey’s heart. After four weeks the human heart cells grew where the monkey’s scar tissue was. After three months, the monkey’s heart got stronger. Now scientists are using what they found in this experiment to help humans who have had heart attacks.: Structure means
A heart muscle that is weak
How a heart muscle gets oxygen
How something is put together
Someone is strict and follows rules","Original Text: A human is a primate. In primates, the heart sends oxygen in the blood all around the body. The body must have oxygen to function properly. The strong heart muscle contracts to pump blood all around the body. A healthy heart never rests. But what happens when a person’s heart gets weaker? People with weak hearts need help. Scientists have to study a medical mystery. Then they might be able to help people. First, scientists need to diagnose the reasons that a human heart gets weak. They need to do tests. But sometimes it would be hard on a sick person to have tests done. So, scientists study animals that have body systems like humans. Scientists knew that the macaque monkey’s heart is similar to the human heart. So, they did tests with macaque monkeys. The scientists learned what happens when a monkey has a heart attack. After a heart attack, the monkey’s heart muscle has scar tissue where it was damaged. The scar tissue cannot contract like a strong heart muscle can. Then the monkey’s heart cannot pump enough blood to give the body the oxygen it needs. Without enough oxygen, the monkey’s body cannot function properly. Second, scientists wanted to try out new solutions that would keep the heart working. Sometimes the new solutions might fail. So, scientists didn’t want to try the solutions with people right away. They tried a solution with macaque monkeys. Scientists developed an idea. Then, they tested an idea. They injected human stem cells from the human heart into the monkey’s heart. After four weeks the human heart cells grew where the monkey’s scar tissue was. After three months, the monkey’s heart got stronger. Now scientists are using what they found in this experiment to help humans who have had heart attacks.: Structure means
A heart muscle that is weak
How a heart muscle gets oxygen
How something is put together
Someone is strict and follows rules
The item requires defining the term ""structure"" in the context of a scientific scenario where researchers study heart function and repair in macaque monkeys to develop treatments for human heart attacks.
This response identifies the primary skill and knowledge domain measured by the vocabulary item ""Structure means.""

**Primary Skill:** Vocabulary Acquisition
**Justification:** The item evaluates the respondent's ability to identify the correct definition of a general academic term (""structure"") to gauge reading comprehension and lexical proficiency within the context of a scientific informational text.
This analysis evaluates the cognitive demand and structural elements of the vocabulary item ""Structure means"" in relation to the provided text.

**Cognitive Demand**
This item requires **recall** of general vocabulary knowledge. Because the word ""structure"" does not appear in the passage, the item cannot be solved through context clues or synthesis, forcing the reader to rely on prior knowledge rather than text analysis.

**Structural and Semantic Elements**
*   **Contextual Mismatch:** The target word is absent from the text, increasing cognitive load as the reader may fruitlessly search the passage for usage clues.
*   **Thematic Distractors:** Options A and B function as ""thematic distractors,"" using content from the passage (heart muscle, oxygen) to mislead readers who assume the answer must relate to the text's subject matter.
*   **Semantic Distractor:** Option D provides a distractor based on a different connotation of the root word (being ""structured"" or strict), testing the ability to distinguish between physical and behavioral definitions.
To describe the level of the latent trait—specifically reading comprehension and vocabulary knowledge—required to correctly define ""structure"" in the context of the provided passage, a **low to moderate** level is necessary. A respondent must possess the foundational vocabulary to identify a general definition while successfully disregarding distractors that incorporate thematic elements from the text, such as heart physiology and medical symptoms.","Original Text: A human is a primate. In primates, the heart sends oxygen in the blood all around the body. The body must have oxygen to function properly. The strong heart muscle contracts to pump blood all around the body. A healthy heart never rests. But what happens when a person’s heart gets weaker? People with weak hearts need help. Scientists have to study a medical mystery. Then they might be able to help people. First, scientists need to diagnose the reasons that a human heart gets weak. They need to do tests. But sometimes it would be hard on a sick person to have tests done. So, scientists study animals that have body systems like humans. Scientists knew that the macaque monkey’s heart is similar to the human heart. So, they did tests with macaque monkeys. The scientists learned what happens when a monkey has a heart attack. After a heart attack, the monkey’s heart muscle has scar tissue where it was damaged. The scar tissue cannot contract like a strong heart muscle can. Then the monkey’s heart cannot pump enough blood to give the body the oxygen it needs. Without enough oxygen, the monkey’s body cannot function properly. Second, scientists wanted to try out new solutions that would keep the heart working. Sometimes the new solutions might fail. So, scientists didn’t want to try the solutions with people right away. They tried a solution with macaque monkeys. Scientists developed an idea. Then, they tested an idea. They injected human stem cells from the human heart into the monkey’s heart. After four weeks the human heart cells grew where the monkey’s scar tissue was. After three months, the monkey’s heart got stronger. Now scientists are using what they found in this experiment to help humans who have had heart attacks.: Structure means
A heart muscle that is weak
How a heart muscle gets oxygen
How something is put together
Someone is strict and follows rules
The objective is to summarize the primary task and scenario presented in the provided text. The item describes a scenario where scientists study and treat heart attacks in macaque monkeys using human stem cells, culminating in a multiple-choice task that requires the reader to identify the correct definition of the word ""structure.""
The objective of this analysis is to determine the primary construct or skill the provided passage and question are designed to assess, accompanied by a brief rationale.

**Primary Skill:** Vocabulary knowledge. 

**Justification:** The multiple-choice question explicitly requires the reader to select the correct definition of the word ""structure"" from a list of options, directly assessing lexical understanding rather than comprehension of the preceding biological text.
Evaluating the cognitive demand and structural elements that increase the difficulty of this reading and vocabulary item reveals that it primarily requires direct recall and basic synthesis. The cognitive load is elevated by a lengthy, medically themed passage paired with tricky, context-bound distractors (""A heart muscle that is weak,"" ""How a heart muscle gets oxygen""). These distractors exploit the semantic context of the text, forcing the reader to separate the passage's specific biological themes from the actual, generalized definition of the target word (""How something is put together"") while also avoiding an alternate-meaning distractor (""Someone is strict and follows rules"").
To determine the magnitude of the underlying latent trait needed to correctly answer the vocabulary question about the word ""structure"" following the provided reading passage: 

A low level of cognitive ability and reading comprehension is required. The item tests basic, elementary-level vocabulary knowledge, and the correct definition (""How something is put together"") can be successfully identified using foundational language skills rather than advanced analytical reasoning.","Original Text: A human is a primate. In primates, the heart sends oxygen in the blood all around the body. The body must have oxygen to function properly. The strong heart muscle contracts to pump blood all around the body. A healthy heart never rests. But what happens when a person’s heart gets weaker? People with weak hearts need help. Scientists have to study a medical mystery. Then they might be able to help people. First, scientists need to diagnose the reasons that a human heart gets weak. They need to do tests. But sometimes it would be hard on a sick person to have tests done. So, scientists study animals that have body systems like humans. Scientists knew that the macaque monkey’s heart is similar to the human heart. So, they did tests with macaque monkeys. The scientists learned what happens when a monkey has a heart attack. After a heart attack, the monkey’s heart muscle has scar tissue where it was damaged. The scar tissue cannot contract like a strong heart muscle can. Then the monkey’s heart cannot pump enough blood to give the body the oxygen it needs. Without enough oxygen, the monkey’s body cannot function properly. Second, scientists wanted to try out new solutions that would keep the heart working. Sometimes the new solutions might fail. So, scientists didn’t want to try the solutions with people right away. They tried a solution with macaque monkeys. Scientists developed an idea. Then, they tested an idea. They injected human stem cells from the human heart into the monkey’s heart. After four weeks the human heart cells grew where the monkey’s scar tissue was. After three months, the monkey’s heart got stronger. Now scientists are using what they found in this experiment to help humans who have had heart attacks.: Structure means
A heart muscle that is weak
How a heart muscle gets oxygen
How something is put together
Someone is strict and follows rules
The item presents a multiple-choice vocabulary question that asks the reader to identify the accurate definition of the word ""structure"" based on an informational passage detailing primate heart anatomy, heart attack damage, and regenerative stem cell research.
The primary skill this item measures is **reading comprehension, specifically academic vocabulary acquisition and definition**. 

**Justification:** The question assesses a reader's ability to identify the accurate, context-appropriate definition of the foundational academic term ""structure"" (""how something is put together"") within an informational science text about biological systems and anatomy.
This cognitive assessment item evaluates vocabulary knowledge and semantic discrimination rather than multi-step reasoning or passage synthesis, requiring low-to-moderate recall to define the target word.

Key elements influencing cognitive load:
* **Thematic Distractors:** Options A and B leverage salient keywords and concepts directly from the passage (heart muscle, oxygen delivery) to trap test-takers who rely on surface-level context associations rather than word meaning.
* **Polysemy:** Option D offers an alternate, behavioral definition of a related form (""structured/strict""), requiring the examinee to differentiate between the general physical definition and secondary conversational meanings.
Determining the necessary level of the underlying latent trait indicates that a **low to foundational level of verbal cognitive ability and basic vocabulary comprehension** is required to correctly answer this item. Successfully identifying the general definition of ""structure"" (""how something is put together"") demands only elementary semantic knowledge and minimal passage interpretation.","Original Text: A human is a primate. In primates, the heart sends oxygen in the blood all around the body. The body must have oxygen to function properly. The strong heart muscle contracts to pump blood all around the body. A healthy heart never rests. But what happens when a person’s heart gets weaker? People with weak hearts need help. Scientists have to study a medical mystery. Then they might be able to help people. First, scientists need to diagnose the reasons that a human heart gets weak. They need to do tests. But sometimes it would be hard on a sick person to have tests done. So, scientists study animals that have body systems like humans. Scientists knew that the macaque monkey’s heart is similar to the human heart. So, they did tests with macaque monkeys. The scientists learned what happens when a monkey has a heart attack. After a heart attack, the monkey’s heart muscle has scar tissue where it was damaged. The scar tissue cannot contract like a strong heart muscle can. Then the monkey’s heart cannot pump enough blood to give the body the oxygen it needs. Without enough oxygen, the monkey’s body cannot function properly. Second, scientists wanted to try out new solutions that would keep the heart working. Sometimes the new solutions might fail. So, scientists didn’t want to try the solutions with people right away. They tried a solution with macaque monkeys. Scientists developed an idea. Then, they tested an idea. They injected human stem cells from the human heart into the monkey’s heart. After four weeks the human heart cells grew where the monkey’s scar tissue was. After three months, the monkey’s heart got stronger. Now scientists are using what they found in this experiment to help humans who have had heart attacks.: Structure means
A heart muscle that is weak
How a heart muscle gets oxygen
How something is put together
Someone is strict and follows rules
The item asks for the meaning of “structure” in the passage, referring to how something is put together.
This item measures reading comprehension of a science passage, specifically understanding the meaning of “structure” in context. The correct sense is “how something is put together,” since it refers to the heart’s physical makeup rather than weakness, oxygen, or rules.
Low severity; this is a straightforward reading-comprehension item requiring recall and basic synthesis, not deep reasoning or strong endorsement. The wording is simple and definitional, with no tricky distractors, conditional logic, or emotionally loaded language. The correct structural meaning is: How something is put together.
A low level of latent trait is required; the item mainly tests basic reading comprehension and recognition that “structure” means how something is put together.","Original Text: A human is a primate. In primates, the heart sends oxygen in the blood all around the body. The body must have oxygen to function properly. The strong heart muscle contracts to pump blood all around the body. A healthy heart never rests. But what happens when a person’s heart gets weaker? People with weak hearts need help. Scientists have to study a medical mystery. Then they might be able to help people. First, scientists need to diagnose the reasons that a human heart gets weak. They need to do tests. But sometimes it would be hard on a sick person to have tests done. So, scientists study animals that have body systems like humans. Scientists knew that the macaque monkey’s heart is similar to the human heart. So, they did tests with macaque monkeys. The scientists learned what happens when a monkey has a heart attack. After a heart attack, the monkey’s heart muscle has scar tissue where it was damaged. The scar tissue cannot contract like a strong heart muscle can. Then the monkey’s heart cannot pump enough blood to give the body the oxygen it needs. Without enough oxygen, the monkey’s body cannot function properly. Second, scientists wanted to try out new solutions that would keep the heart working. Sometimes the new solutions might fail. So, scientists didn’t want to try the solutions with people right away. They tried a solution with macaque monkeys. Scientists developed an idea. Then, they tested an idea. They injected human stem cells from the human heart into the monkey’s heart. After four weeks the human heart cells grew where the monkey’s scar tissue was. After three months, the monkey’s heart got stronger. Now scientists are using what they found in this experiment to help humans who have had heart attacks.: Structure means
A heart muscle that is weak
How a heart muscle gets oxygen
How something is put together
Someone is strict and follows rules
The item asks for the meaning of “structure” in the passage, specifically that it refers to how something is put together.
Primary domain: Reading comprehension/vocabulary in scientific context.

Justification: The item asks for the meaning of “structure” as used in an informational passage, so it measures context-based vocabulary understanding rather than science knowledge about the heart.
Core ask: assess the item’s cognitive demand and note wording/features that raise difficulty.

This is a low-to-moderate cognitive-demand vocabulary-in-context item. It mainly requires recall of the multiple-meaning word “structure” plus local context use, with light reasoning to map “body systems/heart structure” to “how something is put together,” not full synthesis.

Load-increasing features:
- Long passage with many scientific details, creating irrelevant information/distractors before the target question.
- The prompt “Structure means” appears after a dense informational text, so the reader must infer the intended sense from context rather than from a direct definition.
- Plausible distractors are semantically related to the passage topic:
  - “A heart muscle that is weak”
  - “How a heart muscle gets oxygen”
- Minimal conditional logic and no strong emotional wording; endorsement/severity threshold is not applicable because this is not an attitudinal item.
This item appears to require a low-to-moderate level of the latent trait—here, reading comprehension/vocabulary-in-context skill. To answer successfully, a respondent needs to recognize that “structure” means “how something is put together,” using general academic vocabulary rather than deep inference or highly advanced reasoning.","Original Text: A human is a primate. In primates, the heart sends oxygen in the blood all around the body. The body must have oxygen to function properly. The strong heart muscle contracts to pump blood all around the body. A healthy heart never rests. But what happens when a person’s heart gets weaker? People with weak hearts need help. Scientists have to study a medical mystery. Then they might be able to help people. First, scientists need to diagnose the reasons that a human heart gets weak. They need to do tests. But sometimes it would be hard on a sick person to have tests done. So, scientists study animals that have body systems like humans. Scientists knew that the macaque monkey’s heart is similar to the human heart. So, they did tests with macaque monkeys. The scientists learned what happens when a monkey has a heart attack. After a heart attack, the monkey’s heart muscle has scar tissue where it was damaged. The scar tissue cannot contract like a strong heart muscle can. Then the monkey’s heart cannot pump enough blood to give the body the oxygen it needs. Without enough oxygen, the monkey’s body cannot function properly. Second, scientists wanted to try out new solutions that would keep the heart working. Sometimes the new solutions might fail. So, scientists didn’t want to try the solutions with people right away. They tried a solution with macaque monkeys. Scientists developed an idea. Then, they tested an idea. They injected human stem cells from the human heart into the monkey’s heart. After four weeks the human heart cells grew where the monkey’s scar tissue was. After three months, the monkey’s heart got stronger. Now scientists are using what they found in this experiment to help humans who have had heart attacks.: Structure means
A heart muscle that is weak
How a heart muscle gets oxygen
How something is put together
Someone is strict and follows rules
The item asks students to identify the meaning of “structure”; the correct answer is “how something is put together.”
This item measures **science vocabulary comprehension**—specifically, understanding the word “structure” in context. The correct meaning is **“how something is put together.”**
This is a **low-to-moderate recall item** requiring basic reading comprehension and selecting a definition from context, not multi-step reasoning or synthesis. The target word appears in the question (“Structure means”) but is not directly defined, requiring contextual inference. Distractors include related heart concepts (“heart muscle,” “gets oxygen”) and an unrelated meaning (“strict and follows rules”), creating modest semantic discrimination but no complex phrasing, conditional logic, or severe emotional threshold.
The item requires a **low-to-moderate level of cognitive and reading comprehension ability**. A respondent must understand the passage well enough to recognize that **“structure” means how something is put together**, rather than interpreting it as a heart condition, oxygen process, or strict behavior.","Original Text: A human is a primate. In primates, the heart sends oxygen in the blood all around the body. The body must have oxygen to function properly. The strong heart muscle contracts to pump blood all around the body. A healthy heart never rests. But what happens when a person’s heart gets weaker? People with weak hearts need help. Scientists have to study a medical mystery. Then they might be able to help people. First, scientists need to diagnose the reasons that a human heart gets weak. They need to do tests. But sometimes it would be hard on a sick person to have tests done. So, scientists study animals that have body systems like humans. Scientists knew that the macaque monkey’s heart is similar to the human heart. So, they did tests with macaque monkeys. The scientists learned what happens when a monkey has a heart attack. After a heart attack, the monkey’s heart muscle has scar tissue where it was damaged. The scar tissue cannot contract like a strong heart muscle can. Then the monkey’s heart cannot pump enough blood to give the body the oxygen it needs. Without enough oxygen, the monkey’s body cannot function properly. Second, scientists wanted to try out new solutions that would keep the heart working. Sometimes the new solutions might fail. So, scientists didn’t want to try the solutions with people right away. They tried a solution with macaque monkeys. Scientists developed an idea. Then, they tested an idea. They injected human stem cells from the human heart into the monkey’s heart. After four weeks the human heart cells grew where the monkey’s scar tissue was. After three months, the monkey’s heart got stronger. Now scientists are using what they found in this experiment to help humans who have had heart attacks.: Structure means
A heart muscle that is weak
How a heart muscle gets oxygen
How something is put together
Someone is strict and follows rules
“Structure” means **how something is put together**.
**Skill measured: Vocabulary knowledge in context.** The item asks the learner to identify that **“structure” means “how something is put together,”** distinguishing it from unrelated meanings or passage details.
This vocabulary-in-context item requires basic recall/word meaning, not multi-step reasoning or synthesis. “Structure” means **how something is put together**. Cognitive load is increased by the long, mostly irrelevant passage and heart-related distractors that may attract readers through word overlap.
This item requires a **low to moderate level of reading vocabulary and comprehension**. A respondent must recognize that “structure” means **how something is put together**, rather than understand the passage’s more complex scientific details.",2.04862882675184,-0.2176529058797122,-0.2504583584524062,-0.2353309122598283,0.7903092833224662,594.0,gilbert_meta_8,-0.7656638934910555,0.4368121260392858,-0.6223512906420915,0.35505212237338085,-1.0195178896183261,0.4839313471323656,-0.7381296408190284,0.35036567290997417,-1.3209412708700592,0.4915671516608593,-0.9409623743445269,0.3501640870618834,-0.2927830238283549,0.39896536638016006,-0.26552320539776203,0.3618193484676117,0.2901034575917701,0.4320109861856505,0.21370291672756406,0.3182382194704458,0.22436589043442118,0.4227668384245925,0.16902211471257153,0.31848399470399186,0.13746810157932,0.4233297802743114,0.10468133888304192,0.322363716957341
s_cc_15_2021,"Some birds that are here today are smaller than they were many years ago. Why is this happening? It is a mystery. How do scientists study a mystery? First, scientists try to understand the bird’s skeletal and muscular systems. Those systems help birds to fly. One thing scientists know is that birds’ bones are hollow inside. So, they don’t weigh much. Birds’ skeletons weigh less than their feathers. They have also learned that a bird wing works like a human arm. Birds contract their chest muscles to make their wings flap. Second, scientists try to diagnose the reasons that the birds’ bodies might have changed over time. Some scientists thought that birds’ skeletal or muscular systems might have changed. So, they studied migratory birds in North America. Migratory birds fly long distances to warmer places for the winter. Third, scientists measured the physical characteristics of the birds. They measured the size of the birds’ bones. They found some of the birds’ bones were shorter than they were 40 years ago. For example, the lower leg bone of many birds is smaller. Fourth, scientists measured the migratory birds’ wings. They found the birds’ wings are longer than they used to be. Many scientists asked, “Why are the birds’ bones smaller than they used be. But their wings are longer?” They thought about the long distance the birds fly in winter. They thought that the birds’ bodies changed to adapt to the long winter flight. They would need a lot of energy for the flight. A smaller body would have smaller muscles and less fat. But smaller bones and longer wings would make flying easier. Over time, these characteristics of birds have become more common. The scientists came up with some very good ideas about why these skeletal changes might be occurring.",Which sentence best summarizes paragraph 2?,"Some birds that are here today are smaller than they were many years ago. Why is this happening? It is a mystery. How do scientists study a mystery? First, scientists try to understand the bird’s skeletal and muscular systems. Those systems help birds to fly. One thing scientists know is that birds’ bones are hollow inside. So, they don’t weigh much. Birds’ skeletons weigh less than their feathers. They have also learned that a bird wing works like a human arm. Birds contract their chest muscles to make their wings flap. Second, scientists try to diagnose the reasons that the birds’ bodies might have changed over time. Some scientists thought that birds’ skeletal or muscular systems might have changed. So, they studied migratory birds in North America. Migratory birds fly long distances to warmer places for the winter. Third, scientists measured the physical characteristics of the birds. They measured the size of the birds’ bones. They found some of the birds’ bones were shorter than they were 40 years ago. For example, the lower leg bone of many birds is smaller. Fourth, scientists measured the migratory birds’ wings. They found the birds’ wings are longer than they used to be. Many scientists asked, “Why are the birds’ bones smaller than they used be. But their wings are longer?” They thought about the long distance the birds fly in winter. They thought that the birds’ bodies changed to adapt to the long winter flight. They would need a lot of energy for the flight. A smaller body would have smaller muscles and less fat. But smaller bones and longer wings would make flying easier. Over time, these characteristics of birds have become more common. The scientists came up with some very good ideas about why these skeletal changes might be occurring.: Which sentence best summarizes paragraph 2?
Scientists worked to learn about birds’ bones and wings
Scientists thought muscles carry blood
Scientists learned that a bird wing was like a human arm
Scientists knew where the birds were flying","Original Text: Some birds that are here today are smaller than they were many years ago. Why is this happening? It is a mystery. How do scientists study a mystery? First, scientists try to understand the bird’s skeletal and muscular systems. Those systems help birds to fly. One thing scientists know is that birds’ bones are hollow inside. So, they don’t weigh much. Birds’ skeletons weigh less than their feathers. They have also learned that a bird wing works like a human arm. Birds contract their chest muscles to make their wings flap. Second, scientists try to diagnose the reasons that the birds’ bodies might have changed over time. Some scientists thought that birds’ skeletal or muscular systems might have changed. So, they studied migratory birds in North America. Migratory birds fly long distances to warmer places for the winter. Third, scientists measured the physical characteristics of the birds. They measured the size of the birds’ bones. They found some of the birds’ bones were shorter than they were 40 years ago. For example, the lower leg bone of many birds is smaller. Fourth, scientists measured the migratory birds’ wings. They found the birds’ wings are longer than they used to be. Many scientists asked, “Why are the birds’ bones smaller than they used be. But their wings are longer?” They thought about the long distance the birds fly in winter. They thought that the birds’ bodies changed to adapt to the long winter flight. They would need a lot of energy for the flight. A smaller body would have smaller muscles and less fat. But smaller bones and longer wings would make flying easier. Over time, these characteristics of birds have become more common. The scientists came up with some very good ideas about why these skeletal changes might be occurring.: Which sentence best summarizes paragraph 2?
Scientists worked to learn about birds’ bones and wings
Scientists thought muscles carry blood
Scientists learned that a bird wing was like a human arm
Scientists knew where the birds were flying
This item requires identifying the most accurate summary of the second paragraph, which describes scientists' efforts to diagnose the causes of physical changes in migratory birds.
This item measures the skill of **Reading Comprehension**, specifically the ability to **summarize** or identify the **main idea** of a text segment. The item requires the respondent to synthesize the information within a specific paragraph and distinguish the primary focus from supporting details or irrelevant information.
This analysis evaluates the cognitive demand and structural complexity of the summarization item for Paragraph 2.

**Cognitive Demand**
This item requires **synthesis**. To identify the best summary, the reader must move beyond simple recall to integrate the paragraph's specific focus—investigating causes for physical changes—while distinguishing it from the foundational anatomical facts presented in Paragraph 1 and the specific measurements detailed in Paragraph 3.

**Structural and Semantic Elements**
*   **Cross-paragraph distractors:** Option 3 uses a verbatim detail from Paragraph 1, increasing cognitive load by testing the reader’s ability to isolate information within specific textual boundaries.
*   **Scope confusion:** Option 1 functions as a broad summary of the entire passage’s scientific process, requiring the reader to differentiate between a global summary and a paragraph-specific summary.
*   **Detail-oriented distractors:** Option 4 highlights a minor explanatory detail (migration destination) rather than the primary action of the paragraph, forcing the reader to weigh the hierarchy of information.
*   **Semantic abstraction:** The text uses the word ""diagnose"" to describe the scientific process, which requires a higher level of inference than simple observation.
To describe the level of the underlying latent trait—specifically reading comprehension and verbal reasoning—required to successfully answer the item summarizing paragraph 2, the respondent must possess a **low to moderate level** of cognitive ability. This task requires basic literal comprehension, the ability to identify a central theme or key detail within a specific textual segment, and the capacity to distinguish relevant information from distractors located in preceding or succeeding paragraphs.","Original Text: Some birds that are here today are smaller than they were many years ago. Why is this happening? It is a mystery. How do scientists study a mystery? First, scientists try to understand the bird’s skeletal and muscular systems. Those systems help birds to fly. One thing scientists know is that birds’ bones are hollow inside. So, they don’t weigh much. Birds’ skeletons weigh less than their feathers. They have also learned that a bird wing works like a human arm. Birds contract their chest muscles to make their wings flap. Second, scientists try to diagnose the reasons that the birds’ bodies might have changed over time. Some scientists thought that birds’ skeletal or muscular systems might have changed. So, they studied migratory birds in North America. Migratory birds fly long distances to warmer places for the winter. Third, scientists measured the physical characteristics of the birds. They measured the size of the birds’ bones. They found some of the birds’ bones were shorter than they were 40 years ago. For example, the lower leg bone of many birds is smaller. Fourth, scientists measured the migratory birds’ wings. They found the birds’ wings are longer than they used to be. Many scientists asked, “Why are the birds’ bones smaller than they used be. But their wings are longer?” They thought about the long distance the birds fly in winter. They thought that the birds’ bodies changed to adapt to the long winter flight. They would need a lot of energy for the flight. A smaller body would have smaller muscles and less fat. But smaller bones and longer wings would make flying easier. Over time, these characteristics of birds have become more common. The scientists came up with some very good ideas about why these skeletal changes might be occurring.: Which sentence best summarizes paragraph 2?
Scientists worked to learn about birds’ bones and wings
Scientists thought muscles carry blood
Scientists learned that a bird wing was like a human arm
Scientists knew where the birds were flying
The core task of this item is to select the multiple-choice option that best summarizes the second paragraph of the provided passage regarding scientific research on changes in bird anatomy over time.
In determining the primary skill or construct this item attempts to measure along with a concise justification:

**Primary Skill:** Reading Comprehension (Summarization / Main Idea Identification)

**Justification:** The question requires the reader to process a specific section of the informational text, synthesize its details, and select the statement that best encapsulates its overarching point.
To analyze the cognitive demand and structural elements that affect the difficulty of this reading comprehension item: 

This question requires synthesis to distill the main idea of a specific section, rather than simple recall. The cognitive load is elevated by the structural absence of explicit paragraph breaks in the provided text, forcing the reader to infer paragraph boundaries using sequential transition words (e.g., ""First,"" ""Second""). Additionally, the item utilizes tricky distractors containing factually accurate details found in other sections of the passage (such as a bird wing being like a human arm), which requires the reader to strictly isolate the target paragraph and distinguish between localized text details and an overarching summary.
The overall level of the underlying latent trait of reading comprehension required for a respondent to successfully answer this item is low to moderate, as it necessitates basic summarization skills and the ability to distinguish a main idea from specific details within a simply written text.","Original Text: Some birds that are here today are smaller than they were many years ago. Why is this happening? It is a mystery. How do scientists study a mystery? First, scientists try to understand the bird’s skeletal and muscular systems. Those systems help birds to fly. One thing scientists know is that birds’ bones are hollow inside. So, they don’t weigh much. Birds’ skeletons weigh less than their feathers. They have also learned that a bird wing works like a human arm. Birds contract their chest muscles to make their wings flap. Second, scientists try to diagnose the reasons that the birds’ bodies might have changed over time. Some scientists thought that birds’ skeletal or muscular systems might have changed. So, they studied migratory birds in North America. Migratory birds fly long distances to warmer places for the winter. Third, scientists measured the physical characteristics of the birds. They measured the size of the birds’ bones. They found some of the birds’ bones were shorter than they were 40 years ago. For example, the lower leg bone of many birds is smaller. Fourth, scientists measured the migratory birds’ wings. They found the birds’ wings are longer than they used to be. Many scientists asked, “Why are the birds’ bones smaller than they used be. But their wings are longer?” They thought about the long distance the birds fly in winter. They thought that the birds’ bodies changed to adapt to the long winter flight. They would need a lot of energy for the flight. A smaller body would have smaller muscles and less fat. But smaller bones and longer wings would make flying easier. Over time, these characteristics of birds have become more common. The scientists came up with some very good ideas about why these skeletal changes might be occurring.: Which sentence best summarizes paragraph 2?
Scientists worked to learn about birds’ bones and wings
Scientists thought muscles carry blood
Scientists learned that a bird wing was like a human arm
Scientists knew where the birds were flying
The item asks the reader to select the sentence that most accurately captures the main idea of the second paragraph in an informational text detailing how researchers investigate physical changes in birds over time.
**Construct Measured:** Reading Comprehension (specifically, summarizing a text / identifying the main idea).

**Justification:** The item evaluates a reader's ability to synthesize informational text by determining the central point of a specific paragraph and distinguishing the primary overarching concept from supporting details or inaccurate statements.
**Item Demand and Cognitive Load Analysis**

* **Cognitive Demand:** This reading comprehension item requires **synthesis and main-idea extraction** (low-to-moderate reasoning) rather than simple verbatim recall, as the reader must integrate multiple details from the target paragraph into a single overarching statement.
* **Structural and Semantic Elements Affecting Load:**
  * **Verbatim Detail Distractor:** The option *""Scientists learned that a bird wing was like a human arm""* directly copies phrasing from the text, creating a strong lure for readers relying on surface-level keyword matching rather than evaluating the paragraph's central focus.
  * **Text Segmentation:** Cognitive load involves correctly isolating Paragraph 2 within a structured, multi-step sequential text (""First,"" ""Second,"" ""Third,"" ""Fourth"") and filtering out information from subsequent paragraphs. 
  * **Vocabulary and Syntax:** Linguistic complexity is low (simple syntax, basic vocabulary), keeping the intrinsic processing demand centered almost entirely on distinguishing a broad summary from narrow, supporting details.
The level of latent reading comprehension ability required to successfully answer this item is low to moderate. The question demands basic proficiency in identifying a central idea from clearly stated, supporting details within an explicitly structured, elementary-level informational text.","Original Text: Some birds that are here today are smaller than they were many years ago. Why is this happening? It is a mystery. How do scientists study a mystery? First, scientists try to understand the bird’s skeletal and muscular systems. Those systems help birds to fly. One thing scientists know is that birds’ bones are hollow inside. So, they don’t weigh much. Birds’ skeletons weigh less than their feathers. They have also learned that a bird wing works like a human arm. Birds contract their chest muscles to make their wings flap. Second, scientists try to diagnose the reasons that the birds’ bodies might have changed over time. Some scientists thought that birds’ skeletal or muscular systems might have changed. So, they studied migratory birds in North America. Migratory birds fly long distances to warmer places for the winter. Third, scientists measured the physical characteristics of the birds. They measured the size of the birds’ bones. They found some of the birds’ bones were shorter than they were 40 years ago. For example, the lower leg bone of many birds is smaller. Fourth, scientists measured the migratory birds’ wings. They found the birds’ wings are longer than they used to be. Many scientists asked, “Why are the birds’ bones smaller than they used be. But their wings are longer?” They thought about the long distance the birds fly in winter. They thought that the birds’ bodies changed to adapt to the long winter flight. They would need a lot of energy for the flight. A smaller body would have smaller muscles and less fat. But smaller bones and longer wings would make flying easier. Over time, these characteristics of birds have become more common. The scientists came up with some very good ideas about why these skeletal changes might be occurring.: Which sentence best summarizes paragraph 2?
Scientists worked to learn about birds’ bones and wings
Scientists thought muscles carry blood
Scientists learned that a bird wing was like a human arm
Scientists knew where the birds were flying
The item asks which sentence best summarizes paragraph 2, focusing on scientists studying birds’ skeletal and muscular systems and how wings work. The best choice is: **Scientists worked to learn about birds’ bones and wings**.
Reading comprehension: identifying the main idea of a paragraph. The best summary is that scientists worked to learn about birds’ bones and wings, since paragraph 2 focuses on how they studied bird anatomy to understand the change.
This is a low-to-moderate demand reading item: it mainly requires recall and summarization of paragraph 2, not deep reasoning. The correct choice is supported by a broad gist rather than a fine-grained inference. Structural load is modest, with some distractors using true details from the passage but only one option capturing the paragraph’s overall focus.
A moderate level of reading comprehension and inference is needed to identify the best summary of the paragraph.","Original Text: Some birds that are here today are smaller than they were many years ago. Why is this happening? It is a mystery. How do scientists study a mystery? First, scientists try to understand the bird’s skeletal and muscular systems. Those systems help birds to fly. One thing scientists know is that birds’ bones are hollow inside. So, they don’t weigh much. Birds’ skeletons weigh less than their feathers. They have also learned that a bird wing works like a human arm. Birds contract their chest muscles to make their wings flap. Second, scientists try to diagnose the reasons that the birds’ bodies might have changed over time. Some scientists thought that birds’ skeletal or muscular systems might have changed. So, they studied migratory birds in North America. Migratory birds fly long distances to warmer places for the winter. Third, scientists measured the physical characteristics of the birds. They measured the size of the birds’ bones. They found some of the birds’ bones were shorter than they were 40 years ago. For example, the lower leg bone of many birds is smaller. Fourth, scientists measured the migratory birds’ wings. They found the birds’ wings are longer than they used to be. Many scientists asked, “Why are the birds’ bones smaller than they used be. But their wings are longer?” They thought about the long distance the birds fly in winter. They thought that the birds’ bodies changed to adapt to the long winter flight. They would need a lot of energy for the flight. A smaller body would have smaller muscles and less fat. But smaller bones and longer wings would make flying easier. Over time, these characteristics of birds have become more common. The scientists came up with some very good ideas about why these skeletal changes might be occurring.: Which sentence best summarizes paragraph 2?
Scientists worked to learn about birds’ bones and wings
Scientists thought muscles carry blood
Scientists learned that a bird wing was like a human arm
Scientists knew where the birds were flying
The item asks which sentence best summarizes paragraph 2, which focuses on scientists learning how birds’ skeletal and muscular systems work, especially their bones and wings.
This item is primarily measuring reading comprehension, specifically summarization/main idea identification. It asks the reader to determine which option best captures the central idea of paragraph 2, requiring synthesis of supporting details about birds’ bones, wings, and muscles into one concise summary.
Core ask: assess the item’s cognitive demand and note wording/features that raise difficulty.

Moderate cognitive demand: this is a reading-comprehension/summarization item that mainly requires recall plus light synthesis across paragraph 2, not deep multi-step reasoning.

Load-increasing elements:
- Long passage with substantial irrelevant detail before the target paragraph.
- Need to identify “paragraph 2” and distinguish its main idea from supporting details.
- Distractors are lifted from the paragraph but are narrower details rather than the best summary.
- One distractor is clearly false (“muscles carry blood”), so the main challenge is summary discrimination, not tricky logic.
- No conditional logic or emotional wording; endorsement/severity threshold is not applicable.
This item appears to require a relatively low to moderate level of the latent trait, since the correct response depends mainly on identifying the main idea of a paragraph and distinguishing a broad summary from narrower supporting details or clearly incorrect statements.","Original Text: Some birds that are here today are smaller than they were many years ago. Why is this happening? It is a mystery. How do scientists study a mystery? First, scientists try to understand the bird’s skeletal and muscular systems. Those systems help birds to fly. One thing scientists know is that birds’ bones are hollow inside. So, they don’t weigh much. Birds’ skeletons weigh less than their feathers. They have also learned that a bird wing works like a human arm. Birds contract their chest muscles to make their wings flap. Second, scientists try to diagnose the reasons that the birds’ bodies might have changed over time. Some scientists thought that birds’ skeletal or muscular systems might have changed. So, they studied migratory birds in North America. Migratory birds fly long distances to warmer places for the winter. Third, scientists measured the physical characteristics of the birds. They measured the size of the birds’ bones. They found some of the birds’ bones were shorter than they were 40 years ago. For example, the lower leg bone of many birds is smaller. Fourth, scientists measured the migratory birds’ wings. They found the birds’ wings are longer than they used to be. Many scientists asked, “Why are the birds’ bones smaller than they used be. But their wings are longer?” They thought about the long distance the birds fly in winter. They thought that the birds’ bodies changed to adapt to the long winter flight. They would need a lot of energy for the flight. A smaller body would have smaller muscles and less fat. But smaller bones and longer wings would make flying easier. Over time, these characteristics of birds have become more common. The scientists came up with some very good ideas about why these skeletal changes might be occurring.: Which sentence best summarizes paragraph 2?
Scientists worked to learn about birds’ bones and wings
Scientists thought muscles carry blood
Scientists learned that a bird wing was like a human arm
Scientists knew where the birds were flying
Scientists worked to learn about birds’ bones and wings.
**Primary skill:** Reading comprehension—identifying the main idea of a paragraph.  

**Justification:** The item requires selecting the sentence that best captures paragraph 2’s overall focus: scientists studying birds’ skeletal and muscular systems, including their bones and wings.
This is a low-to-moderate reading-comprehension item requiring **recall and basic synthesis**: the student must identify the option that broadly summarizes paragraph 2 rather than select a supporting detail.

- **Best answer:** “Scientists worked to learn about birds’ bones and wings.”
- **Cognitive load:** Requires distinguishing the paragraph’s main idea from narrower details.
- **Distractors:** Three options are either specific facts (“wing was like a human arm”) or unsupported information (“muscles carry blood,” “where the birds were flying”).
- **Wording:** Straightforward; no conditional logic, complex phrasing, or emotional/attitudinal threshold.
The item requires a **low-to-moderate level of reading comprehension**: the respondent must identify the main idea of paragraph 2 and distinguish it from specific details or unrelated statements.","Original Text: Some birds that are here today are smaller than they were many years ago. Why is this happening? It is a mystery. How do scientists study a mystery? First, scientists try to understand the bird’s skeletal and muscular systems. Those systems help birds to fly. One thing scientists know is that birds’ bones are hollow inside. So, they don’t weigh much. Birds’ skeletons weigh less than their feathers. They have also learned that a bird wing works like a human arm. Birds contract their chest muscles to make their wings flap. Second, scientists try to diagnose the reasons that the birds’ bodies might have changed over time. Some scientists thought that birds’ skeletal or muscular systems might have changed. So, they studied migratory birds in North America. Migratory birds fly long distances to warmer places for the winter. Third, scientists measured the physical characteristics of the birds. They measured the size of the birds’ bones. They found some of the birds’ bones were shorter than they were 40 years ago. For example, the lower leg bone of many birds is smaller. Fourth, scientists measured the migratory birds’ wings. They found the birds’ wings are longer than they used to be. Many scientists asked, “Why are the birds’ bones smaller than they used be. But their wings are longer?” They thought about the long distance the birds fly in winter. They thought that the birds’ bodies changed to adapt to the long winter flight. They would need a lot of energy for the flight. A smaller body would have smaller muscles and less fat. But smaller bones and longer wings would make flying easier. Over time, these characteristics of birds have become more common. The scientists came up with some very good ideas about why these skeletal changes might be occurring.: Which sentence best summarizes paragraph 2?
Scientists worked to learn about birds’ bones and wings
Scientists thought muscles carry blood
Scientists learned that a bird wing was like a human arm
Scientists knew where the birds were flying
Identify the sentence that best summarizes paragraph 2: scientists studied how birds’ skeletal and muscular systems, including their bones and wings, help them fly.
**Reading comprehension—identifying a paragraph’s main idea:** The item measures the ability to select the sentence that best summarizes key details about scientists studying birds’ skeletal and muscular systems, especially their bones and wings.
Moderate recall and synthesis: the reader must identify paragraph 2’s main idea and distinguish it from supporting details. Cognitive load comes from locating the paragraph within a long passage and rejecting a plausible detail distractor (“a bird wing was like a human arm”); the other distractors are unsupported. No complex conditional logic or emotional wording.
This item requires a relatively low level of reading-comprehension ability, as the correct summary is directly supported by explicit details about scientists studying birds’ bones and wings.",0.7022266018076657,0.8424318912409261,0.6660950033497067,0.766554983180266,2.1523386242143445,830.0,gilbert_meta_8,0.6721687062520745,0.4113336388359491,0.5463559995729252,0.3343425531623967,1.4412569117733276,0.465020729023793,1.0434681504347638,0.3366744097214762,0.966944151455589,0.45308658434389204,0.6887952437226162,0.32275275032255324,0.21428203590418032,0.4081878718035937,0.19433112032408087,0.3701831844913286,0.8144572959929745,0.4420368845184788,0.5999649268181673,0.3256237354319771,0.8167728028968282,0.4503231012592676,0.6153014886444468,0.33924302277583496,1.1128188028868198,0.451798076033862,0.8474064956312795,0.34404219568506716
s_cc_19_2021,"Some birds that are here today are smaller than they were many years ago. Why is this happening? It is a mystery. How do scientists study a mystery? First, scientists try to understand the bird’s skeletal and muscular systems. Those systems help birds to fly. One thing scientists know is that birds’ bones are hollow inside. So, they don’t weigh much. Birds’ skeletons weigh less than their feathers. They have also learned that a bird wing works like a human arm. Birds contract their chest muscles to make their wings flap. Second, scientists try to diagnose the reasons that the birds’ bodies might have changed over time. Some scientists thought that birds’ skeletal or muscular systems might have changed. So, they studied migratory birds in North America. Migratory birds fly long distances to warmer places for the winter. Third, scientists measured the physical characteristics of the birds. They measured the size of the birds’ bones. They found some of the birds’ bones were shorter than they were 40 years ago. For example, the lower leg bone of many birds is smaller. Fourth, scientists measured the migratory birds’ wings. They found the birds’ wings are longer than they used to be. Many scientists asked, “Why are the birds’ bones smaller than they used be. But their wings are longer?” They thought about the long distance the birds fly in winter. They thought that the birds’ bodies changed to adapt to the long winter flight. They would need a lot of energy for the flight. A smaller body would have smaller muscles and less fat. But smaller bones and longer wings would make flying easier. Over time, these characteristics of birds have become more common. The scientists came up with some very good ideas about why these skeletal changes might be occurring.","In paragraph 3, what is another word for diagnose?","Some birds that are here today are smaller than they were many years ago. Why is this happening? It is a mystery. How do scientists study a mystery? First, scientists try to understand the bird’s skeletal and muscular systems. Those systems help birds to fly. One thing scientists know is that birds’ bones are hollow inside. So, they don’t weigh much. Birds’ skeletons weigh less than their feathers. They have also learned that a bird wing works like a human arm. Birds contract their chest muscles to make their wings flap. Second, scientists try to diagnose the reasons that the birds’ bodies might have changed over time. Some scientists thought that birds’ skeletal or muscular systems might have changed. So, they studied migratory birds in North America. Migratory birds fly long distances to warmer places for the winter. Third, scientists measured the physical characteristics of the birds. They measured the size of the birds’ bones. They found some of the birds’ bones were shorter than they were 40 years ago. For example, the lower leg bone of many birds is smaller. Fourth, scientists measured the migratory birds’ wings. They found the birds’ wings are longer than they used to be. Many scientists asked, “Why are the birds’ bones smaller than they used be. But their wings are longer?” They thought about the long distance the birds fly in winter. They thought that the birds’ bodies changed to adapt to the long winter flight. They would need a lot of energy for the flight. A smaller body would have smaller muscles and less fat. But smaller bones and longer wings would make flying easier. Over time, these characteristics of birds have become more common. The scientists came up with some very good ideas about why these skeletal changes might be occurring.: In paragraph 3, what is another word for diagnose?
change
identify
migrate
distance","Original Text: Some birds that are here today are smaller than they were many years ago. Why is this happening? It is a mystery. How do scientists study a mystery? First, scientists try to understand the bird’s skeletal and muscular systems. Those systems help birds to fly. One thing scientists know is that birds’ bones are hollow inside. So, they don’t weigh much. Birds’ skeletons weigh less than their feathers. They have also learned that a bird wing works like a human arm. Birds contract their chest muscles to make their wings flap. Second, scientists try to diagnose the reasons that the birds’ bodies might have changed over time. Some scientists thought that birds’ skeletal or muscular systems might have changed. So, they studied migratory birds in North America. Migratory birds fly long distances to warmer places for the winter. Third, scientists measured the physical characteristics of the birds. They measured the size of the birds’ bones. They found some of the birds’ bones were shorter than they were 40 years ago. For example, the lower leg bone of many birds is smaller. Fourth, scientists measured the migratory birds’ wings. They found the birds’ wings are longer than they used to be. Many scientists asked, “Why are the birds’ bones smaller than they used be. But their wings are longer?” They thought about the long distance the birds fly in winter. They thought that the birds’ bodies changed to adapt to the long winter flight. They would need a lot of energy for the flight. A smaller body would have smaller muscles and less fat. But smaller bones and longer wings would make flying easier. Over time, these characteristics of birds have become more common. The scientists came up with some very good ideas about why these skeletal changes might be occurring.: In paragraph 3, what is another word for diagnose?
change
identify
migrate
distance
The core task of this item is to identify a synonym for the word ""diagnose"" based on its usage in a passage describing the scientific process of investigating physical changes in migratory birds.
This item measures **vocabulary in context** within the domain of **reading comprehension**. It requires the reader to determine the meaning of the word ""diagnose"" by evaluating its specific usage and function within the provided scientific text to identify the most appropriate synonym.
This analysis evaluates the cognitive demand and structural complexity of the vocabulary-in-context item regarding the word ""diagnose.""

**Cognitive Demand**
This item requires **multi-step reasoning**. The reader must locate the term within the specific paragraph, analyze the surrounding context of scientific investigation, and perform a synonym substitution to determine which option maintains the original meaning. It moves beyond simple recall by requiring the reader to map a typically medical term onto a biological research framework.

**Structural and Semantic Elements**
*   **Domain Shift:** The use of ""diagnose"" in a non-medical, evolutionary context increases cognitive load by requiring the reader to generalize the concept of ""identifying a cause.""
*   **Thematic Distractors:** The option ""change"" serves as a strong semantic distractor because the passage repeatedly discusses physical changes in birds, potentially misleading readers who associate the word with the general topic rather than the specific action of the scientists.
*   **Contextual Mapping:** The phrase ""diagnose the reasons"" necessitates understanding ""diagnose"" as a process of identification, requiring precise semantic alignment with the scientific method described in the text.
To determine the level of the latent trait required for this item, the respondent must possess a moderate level of reading comprehension and vocabulary proficiency. This involves the ability to utilize context clues within a scientific text to identify a synonym for a specific term, requiring the respondent to map the word ""diagnose"" to its functional equivalent, ""identify,"" based on its usage in the passage.","Original Text: Some birds that are here today are smaller than they were many years ago. Why is this happening? It is a mystery. How do scientists study a mystery? First, scientists try to understand the bird’s skeletal and muscular systems. Those systems help birds to fly. One thing scientists know is that birds’ bones are hollow inside. So, they don’t weigh much. Birds’ skeletons weigh less than their feathers. They have also learned that a bird wing works like a human arm. Birds contract their chest muscles to make their wings flap. Second, scientists try to diagnose the reasons that the birds’ bodies might have changed over time. Some scientists thought that birds’ skeletal or muscular systems might have changed. So, they studied migratory birds in North America. Migratory birds fly long distances to warmer places for the winter. Third, scientists measured the physical characteristics of the birds. They measured the size of the birds’ bones. They found some of the birds’ bones were shorter than they were 40 years ago. For example, the lower leg bone of many birds is smaller. Fourth, scientists measured the migratory birds’ wings. They found the birds’ wings are longer than they used to be. Many scientists asked, “Why are the birds’ bones smaller than they used be. But their wings are longer?” They thought about the long distance the birds fly in winter. They thought that the birds’ bodies changed to adapt to the long winter flight. They would need a lot of energy for the flight. A smaller body would have smaller muscles and less fat. But smaller bones and longer wings would make flying easier. Over time, these characteristics of birds have become more common. The scientists came up with some very good ideas about why these skeletal changes might be occurring.: In paragraph 3, what is another word for diagnose?
change
identify
migrate
distance
The core task presented in this item is to use context clues from the provided passage about bird adaptations to determine the correct synonym for the word ""diagnose"" from the given multiple-choice options.
To identify the primary skill this item is attempting to measure and provide a concise justification:

**Primary Skill:** Vocabulary in context (Reading Comprehension)

**Justification:** The question requires the reader to deduce the meaning of the word ""diagnose"" using surrounding textual clues and select the correct synonym (""identify"") from the provided multiple-choice options.
To analyze the cognitive demand and structural complexity of this vocabulary-in-context item: 

This cognitive task requires multi-step reasoning and synthesis to deduce a word's meaning from its surrounding text. The cognitive load is increased by tricky thematic distractors (""change,"" ""migrate,"" ""distance""). Because these distractors represent prominent concepts repeated throughout the passage, the reader cannot rely on general word association; they must instead use precise syntactic and semantic context (""diagnose the reasons"") to select the correct synonym (""identify"").
Evaluating the magnitude of the underlying latent trait needed to correctly solve this question indicates that a low to moderate level of reading comprehension and vocabulary is necessary, as the respondent must rely on basic context clues to deduce the appropriate synonym.","Original Text: Some birds that are here today are smaller than they were many years ago. Why is this happening? It is a mystery. How do scientists study a mystery? First, scientists try to understand the bird’s skeletal and muscular systems. Those systems help birds to fly. One thing scientists know is that birds’ bones are hollow inside. So, they don’t weigh much. Birds’ skeletons weigh less than their feathers. They have also learned that a bird wing works like a human arm. Birds contract their chest muscles to make their wings flap. Second, scientists try to diagnose the reasons that the birds’ bodies might have changed over time. Some scientists thought that birds’ skeletal or muscular systems might have changed. So, they studied migratory birds in North America. Migratory birds fly long distances to warmer places for the winter. Third, scientists measured the physical characteristics of the birds. They measured the size of the birds’ bones. They found some of the birds’ bones were shorter than they were 40 years ago. For example, the lower leg bone of many birds is smaller. Fourth, scientists measured the migratory birds’ wings. They found the birds’ wings are longer than they used to be. Many scientists asked, “Why are the birds’ bones smaller than they used be. But their wings are longer?” They thought about the long distance the birds fly in winter. They thought that the birds’ bodies changed to adapt to the long winter flight. They would need a lot of energy for the flight. A smaller body would have smaller muscles and less fat. But smaller bones and longer wings would make flying easier. Over time, these characteristics of birds have become more common. The scientists came up with some very good ideas about why these skeletal changes might be occurring.: In paragraph 3, what is another word for diagnose?
change
identify
migrate
distance
The core task is a multiple-choice vocabulary-in-context question asking the reader to select the most appropriate synonym for the word ""diagnose"" based on its usage in a passage detailing how scientists study physical changes in migratory birds.
The primary skill this item assesses is **reading comprehension**, specifically **vocabulary in context (determining word meaning through context clues)**. 

**Justification:** The question requires the reader to locate the academic term ""diagnose"" within the informational passage and use surrounding contextual clues to identify its appropriate synonym (""identify"") rather than relying solely on a medical definition.
Evaluating the cognitive demand of this reading comprehension item reveals that it requires **multi-step reasoning** (contextual inferencing) rather than simple recall to determine a word's meaning in context.

Elements that increase cognitive load include:
* **Non-Traditional Semantic Usage:** The item uses ""diagnose"" in an atypical, non-medical research context (""diagnose the reasons""), requiring test-takers to suppress the primary clinical definition to infer the correct synonym (""identify"").
* **Domain-Specific Distractors:** The incorrect options (""change,"" ""migrate,"" ""distance"") are topically relevant keywords that appear throughout the passage, which may attract test-takers relying on broad thematic associations rather than local syntactic meaning.
* **Paragraph Reference Ambiguity:** Numbering conventions in the passage structure (e.g., ""First,"" ""Second,"" ""Third"") require careful scanning to accurately locate the referenced target word within the text.
The overall level of the underlying latent trait—specifically verbal cognitive ability and reading comprehension—required to successfully answer this vocabulary-in-context item is low-to-moderate. A respondent requires only basic elementary-to-middle-grade reading skills and context-clue analysis to recognize ""identify"" as the appropriate synonym for ""diagnose.""","Original Text: Some birds that are here today are smaller than they were many years ago. Why is this happening? It is a mystery. How do scientists study a mystery? First, scientists try to understand the bird’s skeletal and muscular systems. Those systems help birds to fly. One thing scientists know is that birds’ bones are hollow inside. So, they don’t weigh much. Birds’ skeletons weigh less than their feathers. They have also learned that a bird wing works like a human arm. Birds contract their chest muscles to make their wings flap. Second, scientists try to diagnose the reasons that the birds’ bodies might have changed over time. Some scientists thought that birds’ skeletal or muscular systems might have changed. So, they studied migratory birds in North America. Migratory birds fly long distances to warmer places for the winter. Third, scientists measured the physical characteristics of the birds. They measured the size of the birds’ bones. They found some of the birds’ bones were shorter than they were 40 years ago. For example, the lower leg bone of many birds is smaller. Fourth, scientists measured the migratory birds’ wings. They found the birds’ wings are longer than they used to be. Many scientists asked, “Why are the birds’ bones smaller than they used be. But their wings are longer?” They thought about the long distance the birds fly in winter. They thought that the birds’ bodies changed to adapt to the long winter flight. They would need a lot of energy for the flight. A smaller body would have smaller muscles and less fat. But smaller bones and longer wings would make flying easier. Over time, these characteristics of birds have become more common. The scientists came up with some very good ideas about why these skeletal changes might be occurring.: In paragraph 3, what is another word for diagnose?
change
identify
migrate
distance
The item asks for the meaning of **“diagnose”** in paragraph 3. The best answer is **identify**.
Primary construct: reading comprehension, specifically vocabulary-in-context. The item measures understanding that “diagnose” means to identify or determine the cause of a problem.
This is a low-to-moderate demand vocabulary-in-context item. It mainly requires recall of a synonym from context, not multi-step reasoning or synthesis. The wording is straightforward, with no strong distractors or emotional language; the main load comes from inferring that “diagnose” means “identify” in the scientific investigation context.
A moderate reading-comprehension level is needed to identify the synonym of “diagnose” here; the item mainly requires basic vocabulary and context use rather than high latent ability.","Original Text: Some birds that are here today are smaller than they were many years ago. Why is this happening? It is a mystery. How do scientists study a mystery? First, scientists try to understand the bird’s skeletal and muscular systems. Those systems help birds to fly. One thing scientists know is that birds’ bones are hollow inside. So, they don’t weigh much. Birds’ skeletons weigh less than their feathers. They have also learned that a bird wing works like a human arm. Birds contract their chest muscles to make their wings flap. Second, scientists try to diagnose the reasons that the birds’ bodies might have changed over time. Some scientists thought that birds’ skeletal or muscular systems might have changed. So, they studied migratory birds in North America. Migratory birds fly long distances to warmer places for the winter. Third, scientists measured the physical characteristics of the birds. They measured the size of the birds’ bones. They found some of the birds’ bones were shorter than they were 40 years ago. For example, the lower leg bone of many birds is smaller. Fourth, scientists measured the migratory birds’ wings. They found the birds’ wings are longer than they used to be. Many scientists asked, “Why are the birds’ bones smaller than they used be. But their wings are longer?” They thought about the long distance the birds fly in winter. They thought that the birds’ bodies changed to adapt to the long winter flight. They would need a lot of energy for the flight. A smaller body would have smaller muscles and less fat. But smaller bones and longer wings would make flying easier. Over time, these characteristics of birds have become more common. The scientists came up with some very good ideas about why these skeletal changes might be occurring.: In paragraph 3, what is another word for diagnose?
change
identify
migrate
distance
The item asks for the meaning of “diagnose” in paragraph 3, with the correct synonym being “identify.”
This item is primarily measuring vocabulary-in-context reading comprehension, specifically the skill of determining the meaning of a word from how it is used in an informational science passage. “Diagnose” in paragraph 3 most closely means identify, because scientists are trying to figure out the reasons for the birds’ changes.
Core ask: assess the item’s cognitive demand and note features that raise difficulty.

Moderate cognitive demand: this is primarily vocabulary-in-context with light multi-step reasoning, not mere recall and not full synthesis. The reader must track the passage structure, locate paragraph 3, interpret “diagnose the reasons” as “identify,” and reject plausible but irrelevant distractors.

Load-increasing elements: long passage before a single local question; paragraph-number reference requires navigation; “diagnose” is used figuratively rather than medically; distractors are passage-related words (“change,” “migrate,” “distance”), which can tempt shallow matching. No conditional logic or emotional wording; endorsement/severity threshold is not applicable.
This item appears to require a low-to-moderate level of the underlying trait, since successfully answering it mainly depends on recognizing that “diagnose” in context means “identify,” using straightforward vocabulary-in-context reasoning rather than advanced inference.","Original Text: Some birds that are here today are smaller than they were many years ago. Why is this happening? It is a mystery. How do scientists study a mystery? First, scientists try to understand the bird’s skeletal and muscular systems. Those systems help birds to fly. One thing scientists know is that birds’ bones are hollow inside. So, they don’t weigh much. Birds’ skeletons weigh less than their feathers. They have also learned that a bird wing works like a human arm. Birds contract their chest muscles to make their wings flap. Second, scientists try to diagnose the reasons that the birds’ bodies might have changed over time. Some scientists thought that birds’ skeletal or muscular systems might have changed. So, they studied migratory birds in North America. Migratory birds fly long distances to warmer places for the winter. Third, scientists measured the physical characteristics of the birds. They measured the size of the birds’ bones. They found some of the birds’ bones were shorter than they were 40 years ago. For example, the lower leg bone of many birds is smaller. Fourth, scientists measured the migratory birds’ wings. They found the birds’ wings are longer than they used to be. Many scientists asked, “Why are the birds’ bones smaller than they used be. But their wings are longer?” They thought about the long distance the birds fly in winter. They thought that the birds’ bodies changed to adapt to the long winter flight. They would need a lot of energy for the flight. A smaller body would have smaller muscles and less fat. But smaller bones and longer wings would make flying easier. Over time, these characteristics of birds have become more common. The scientists came up with some very good ideas about why these skeletal changes might be occurring.: In paragraph 3, what is another word for diagnose?
change
identify
migrate
distance
The item asks students to identify the synonym for “diagnose” in paragraph 3: **identify**.
**Primary skill:** Vocabulary in context.  
**Justification:** The item asks students to determine that “diagnose” means **identify** based on how scientists determine the reasons for the birds’ physical changes.
This is a low-demand vocabulary-in-context item requiring simple recall or local inference. “Diagnose” means **identify**. The distractors are context-related but semantically incorrect; no complex reasoning, conditional logic, or strong wording is involved.
The item requires a **low-to-moderate level of cognitive and reading ability**: the respondent must understand that “diagnose” means **identify** reasons for a change in the birds’ bodies.","Original Text: Some birds that are here today are smaller than they were many years ago. Why is this happening? It is a mystery. How do scientists study a mystery? First, scientists try to understand the bird’s skeletal and muscular systems. Those systems help birds to fly. One thing scientists know is that birds’ bones are hollow inside. So, they don’t weigh much. Birds’ skeletons weigh less than their feathers. They have also learned that a bird wing works like a human arm. Birds contract their chest muscles to make their wings flap. Second, scientists try to diagnose the reasons that the birds’ bodies might have changed over time. Some scientists thought that birds’ skeletal or muscular systems might have changed. So, they studied migratory birds in North America. Migratory birds fly long distances to warmer places for the winter. Third, scientists measured the physical characteristics of the birds. They measured the size of the birds’ bones. They found some of the birds’ bones were shorter than they were 40 years ago. For example, the lower leg bone of many birds is smaller. Fourth, scientists measured the migratory birds’ wings. They found the birds’ wings are longer than they used to be. Many scientists asked, “Why are the birds’ bones smaller than they used be. But their wings are longer?” They thought about the long distance the birds fly in winter. They thought that the birds’ bodies changed to adapt to the long winter flight. They would need a lot of energy for the flight. A smaller body would have smaller muscles and less fat. But smaller bones and longer wings would make flying easier. Over time, these characteristics of birds have become more common. The scientists came up with some very good ideas about why these skeletal changes might be occurring.: In paragraph 3, what is another word for diagnose?
change
identify
migrate
distance
Determine the synonym for “diagnose” in paragraph 3: **identify**.
**Skill: Vocabulary in context.** The item measures whether the reader can infer that **“diagnose” means “identify”** the reasons for the birds’ physical changes.
Low-demand vocabulary-in-context item requiring simple recall/context inference. “Diagnose the reasons” means “identify the reasons,” making **identify** the answer. The distractors are clearly unrelated, with no multi-step reasoning, conditional logic, or emotionally loaded wording.
A low-to-moderate level of reading comprehension and vocabulary is required, as respondents must use context to recognize that “diagnose” means “identify.”",1.5826965691955164,0.099830774848666,0.2198123004632418,0.2784107307008009,1.3210286728283425,702.0,gilbert_meta_8,1.461457065523592,0.4454087626205545,1.1879098631640468,0.3620396895252542,0.6440184709485561,0.4276923199305135,0.4662685446550037,0.3096486895483038,1.1961635329481544,0.4575535630076568,0.8520779105689346,0.32593476828375595,-0.058782381539968565,0.37466694167488845,-0.05330939671064053,0.3397832497570448,0.5692220514508487,0.41051360297880335,0.4193139015663522,0.30240230516783834,-0.4958769393011492,0.4107957488322741,-0.3735602089764854,0.3094657839840397,0.06918033412622282,0.41195136998228526,0.05268051218798985,0.31369910887702496
s_cc_30_2021,"In many ways, skyscrapers are like the human body. They have bones that keep it tall and strong and skin to protect the body. They have a command center that is like a brain. How do engineers design and build strong and smart skyscrapers? It is very challenging to build a skyscraper because there are many parts that have to work together. If one part is broken, the skyscraper will not work properly. First, engineers need a strong and tall frame that supports the floors and walls. This frame is like the bones of a skyscraper. The bones of a skyscraper are made of concrete, steel and other materials. The columns are like the backbone of a human body. The columns go up. The steel columns hold up each floor. There are also steel beams that go across each floor. The steel columns and beams must be strong to resist the force of gravity. The steel columns and beams must work together to form a strong backbone. Second, engineers need to design a command center. The command center is a computer that sends signals through wires in a skyscraper. For example, it sends signals to help bring fresh air into rooms, just like your lungs. The command center also controls the heating and air conditioning. It helps the building cool down when it’s too hot and warm up when it’s too cold. A skyscraper has many different parts that work together. The bones make the building tall and strong. The skin protects the inside of the building. The skin of a skyscraper can be made of metal, stone, or glass. The brain controls the building temperature. The anatomy of a skyscraper is like a human body. All the parts have to work together. That's how a city skyscraper works properly.","According to paragraph 4, a skyscraper’s command center is like the human body’s","In many ways, skyscrapers are like the human body. They have bones that keep it tall and strong and skin to protect the body. They have a command center that is like a brain. How do engineers design and build strong and smart skyscrapers? It is very challenging to build a skyscraper because there are many parts that have to work together. If one part is broken, the skyscraper will not work properly. First, engineers need a strong and tall frame that supports the floors and walls. This frame is like the bones of a skyscraper. The bones of a skyscraper are made of concrete, steel and other materials. The columns are like the backbone of a human body. The columns go up. The steel columns hold up each floor. There are also steel beams that go across each floor. The steel columns and beams must be strong to resist the force of gravity. The steel columns and beams must work together to form a strong backbone. Second, engineers need to design a command center. The command center is a computer that sends signals through wires in a skyscraper. For example, it sends signals to help bring fresh air into rooms, just like your lungs. The command center also controls the heating and air conditioning. It helps the building cool down when it’s too hot and warm up when it’s too cold. A skyscraper has many different parts that work together. The bones make the building tall and strong. The skin protects the inside of the building. The skin of a skyscraper can be made of metal, stone, or glass. The brain controls the building temperature. The anatomy of a skyscraper is like a human body. All the parts have to work together. That's how a city skyscraper works properly.: According to paragraph 4, a skyscraper’s command center is like the human body’s
muscular system
nervous system
digestive system
skeletal system","Original Text: In many ways, skyscrapers are like the human body. They have bones that keep it tall and strong and skin to protect the body. They have a command center that is like a brain. How do engineers design and build strong and smart skyscrapers? It is very challenging to build a skyscraper because there are many parts that have to work together. If one part is broken, the skyscraper will not work properly. First, engineers need a strong and tall frame that supports the floors and walls. This frame is like the bones of a skyscraper. The bones of a skyscraper are made of concrete, steel and other materials. The columns are like the backbone of a human body. The columns go up. The steel columns hold up each floor. There are also steel beams that go across each floor. The steel columns and beams must be strong to resist the force of gravity. The steel columns and beams must work together to form a strong backbone. Second, engineers need to design a command center. The command center is a computer that sends signals through wires in a skyscraper. For example, it sends signals to help bring fresh air into rooms, just like your lungs. The command center also controls the heating and air conditioning. It helps the building cool down when it’s too hot and warm up when it’s too cold. A skyscraper has many different parts that work together. The bones make the building tall and strong. The skin protects the inside of the building. The skin of a skyscraper can be made of metal, stone, or glass. The brain controls the building temperature. The anatomy of a skyscraper is like a human body. All the parts have to work together. That's how a city skyscraper works properly.: According to paragraph 4, a skyscraper’s command center is like the human body’s
muscular system
nervous system
digestive system
skeletal system
The primary objective of this item is to identify the human body system that serves as the functional equivalent to a skyscraper's command center according to the text's analogy.
This item measures the primary construct of **Reading Comprehension**, specifically the skill of **identifying analogies and literal information retrieval**.

**Justification:** The item requires the reader to locate specific functional descriptions within the text—notably the comparison of a ""command center"" to a ""brain"" that ""sends signals""—and map those functions to the correct biological system (the nervous system) based on the provided text.
This analysis evaluates the cognitive demand and structural complexity of the multiple-choice question regarding the skyscraper's command center analogy.

**Cognitive Demand**
This item requires **multi-step reasoning** and **synthesis**. The reader must first identify the functional description of the ""command center"" (sending signals, controlling temperature) and its textual label (""brain""), then synthesize this information with external domain knowledge to map the ""brain"" to the ""nervous system,"" a term not explicitly used in the text.

**Structural and Semantic Elements**
*   **Analogy Mapping:** The item relies on a cross-domain metaphor (architecture to biology), requiring the test-taker to bridge functional similarities.
*   **Inconsistent Logic:** The text contains a confusing semantic link (""sends signals... just like your lungs""), which acts as a distractor and increases cognitive load by contradicting the primary ""brain"" analogy.
*   **Vocabulary Gap:** The correct answer (""nervous system"") requires a higher level of biological categorization than the text's simpler ""brain"" terminology, raising the threshold for endorsement.
The level of the underlying latent trait required to correctly identify the human body system analogous to a skyscraper's command center is **low to moderate**. This item primarily measures literal reading comprehension and basic analogical reasoning. A respondent must possess the cognitive ability to locate specific functional descriptions within a text—specifically the ""command center"" sending ""signals through wires""—and map those functions to the ""nervous system"" using general background knowledge or by connecting the ""brain"" metaphor mentioned earlier in the passage.","Original Text: In many ways, skyscrapers are like the human body. They have bones that keep it tall and strong and skin to protect the body. They have a command center that is like a brain. How do engineers design and build strong and smart skyscrapers? It is very challenging to build a skyscraper because there are many parts that have to work together. If one part is broken, the skyscraper will not work properly. First, engineers need a strong and tall frame that supports the floors and walls. This frame is like the bones of a skyscraper. The bones of a skyscraper are made of concrete, steel and other materials. The columns are like the backbone of a human body. The columns go up. The steel columns hold up each floor. There are also steel beams that go across each floor. The steel columns and beams must be strong to resist the force of gravity. The steel columns and beams must work together to form a strong backbone. Second, engineers need to design a command center. The command center is a computer that sends signals through wires in a skyscraper. For example, it sends signals to help bring fresh air into rooms, just like your lungs. The command center also controls the heating and air conditioning. It helps the building cool down when it’s too hot and warm up when it’s too cold. A skyscraper has many different parts that work together. The bones make the building tall and strong. The skin protects the inside of the building. The skin of a skyscraper can be made of metal, stone, or glass. The brain controls the building temperature. The anatomy of a skyscraper is like a human body. All the parts have to work together. That's how a city skyscraper works properly.: According to paragraph 4, a skyscraper’s command center is like the human body’s
muscular system
nervous system
digestive system
skeletal system
The core task presented in this item is to assess reading comprehension by requiring the reader to identify which human body system is analogous to a skyscraper's command center based on the provided informational text.
To identify the primary skill or knowledge domain measured by the provided text and question, along with a concise justification:

**Primary Skill:** Reading Comprehension (Inferential and Analogical Reasoning)

**Justification:** The item requires the reader to comprehend the text's analogy comparing a skyscraper's ""command center"" to a brain that sends signals, and then infer which biological system from the multiple-choice options (the nervous system) logically matches this description based on the passage.
Evaluating the cognitive demand and structural elements that increase the difficulty of this reading comprehension item reveals that it requires multi-step reasoning and synthesis. The cognitive load is elevated by a semantic shift between the passage and the answer choices. While the text explicitly compares the command center to a ""brain"" that ""sends signals,"" the correct option requires the reader to map this concept to the ""nervous system."" This reliance on external biological vocabulary rather than direct textual recall creates a higher cognitive threshold and introduces tricky distractors, as the exact correct phrase is not explicitly stated in the text.
The overall level of the underlying latent trait of cognitive ability and reading comprehension required for a respondent to successfully answer this item is moderate. The reader must synthesize explicit textual information—specifically that the command center acts as a brain and sends signals—with basic prior knowledge to infer the connection to the nervous system, requiring inference rather than simple literal recall.","Original Text: In many ways, skyscrapers are like the human body. They have bones that keep it tall and strong and skin to protect the body. They have a command center that is like a brain. How do engineers design and build strong and smart skyscrapers? It is very challenging to build a skyscraper because there are many parts that have to work together. If one part is broken, the skyscraper will not work properly. First, engineers need a strong and tall frame that supports the floors and walls. This frame is like the bones of a skyscraper. The bones of a skyscraper are made of concrete, steel and other materials. The columns are like the backbone of a human body. The columns go up. The steel columns hold up each floor. There are also steel beams that go across each floor. The steel columns and beams must be strong to resist the force of gravity. The steel columns and beams must work together to form a strong backbone. Second, engineers need to design a command center. The command center is a computer that sends signals through wires in a skyscraper. For example, it sends signals to help bring fresh air into rooms, just like your lungs. The command center also controls the heating and air conditioning. It helps the building cool down when it’s too hot and warm up when it’s too cold. A skyscraper has many different parts that work together. The bones make the building tall and strong. The skin protects the inside of the building. The skin of a skyscraper can be made of metal, stone, or glass. The brain controls the building temperature. The anatomy of a skyscraper is like a human body. All the parts have to work together. That's how a city skyscraper works properly.: According to paragraph 4, a skyscraper’s command center is like the human body’s
muscular system
nervous system
digestive system
skeletal system
The item presents a reading comprehension question requiring the reader to identify which human biological system corresponds to a skyscraper's computer command center based on the anatomical analogy provided in the text.
**Primary Skill/Construct Measured:** Reading Comprehension (specifically, Text-Based Analogical Reasoning and Information Retrieval).

**Justification:** The item evaluates a reader's ability to locate functional details within an informational passage and synthesize cross-domain analogies by mapping the command-and-signaling mechanisms of a skyscraper directly to the corresponding biological system of the human body.
**Item Demand Analysis**

This reading comprehension item requires **multi-step reasoning and conceptual synthesis**, evaluating a reader's ability to bridge a text-based metaphor with unstated, technical biological classifications.

**Elements Influencing Cognitive Load**

* **Vocabulary Bridging (Domain-Shift):** The passage relies on basic analogies (""brain,"" ""computer that sends signals through wires""), but the response options use formal biological terminology (""nervous system""), requiring test-takers to infer and apply external domain knowledge to the text's metaphor.
* **Semantic Distractors:** The referenced section mentions secondary physiological processes (such as ""lungs"" and temperature regulation), which creates competing semantic associations that can mislead readers relying on simple keyword matching.
* **Distributed Evidence:** Although directed to a specific paragraph, fully resolving the metaphor requires integrating conceptual clues established in the introduction (""command center that is like a brain"") with the functional details in the later paragraph.
The underlying latent trait required to correctly answer this item is a **low to moderate level of cognitive reading ability and basic inferential reasoning**. Successfully answering the question relies on elementary text-retrieval skills and fundamental cross-domain analogical mapping—specifically connecting the passage's description of a command center sending signals like a brain to the biological concept of the nervous system.","Original Text: In many ways, skyscrapers are like the human body. They have bones that keep it tall and strong and skin to protect the body. They have a command center that is like a brain. How do engineers design and build strong and smart skyscrapers? It is very challenging to build a skyscraper because there are many parts that have to work together. If one part is broken, the skyscraper will not work properly. First, engineers need a strong and tall frame that supports the floors and walls. This frame is like the bones of a skyscraper. The bones of a skyscraper are made of concrete, steel and other materials. The columns are like the backbone of a human body. The columns go up. The steel columns hold up each floor. There are also steel beams that go across each floor. The steel columns and beams must be strong to resist the force of gravity. The steel columns and beams must work together to form a strong backbone. Second, engineers need to design a command center. The command center is a computer that sends signals through wires in a skyscraper. For example, it sends signals to help bring fresh air into rooms, just like your lungs. The command center also controls the heating and air conditioning. It helps the building cool down when it’s too hot and warm up when it’s too cold. A skyscraper has many different parts that work together. The bones make the building tall and strong. The skin protects the inside of the building. The skin of a skyscraper can be made of metal, stone, or glass. The brain controls the building temperature. The anatomy of a skyscraper is like a human body. All the parts have to work together. That's how a city skyscraper works properly.: According to paragraph 4, a skyscraper’s command center is like the human body’s
muscular system
nervous system
digestive system
skeletal system
The task is to identify which human body system the skyscraper’s command center is compared to; it is the **nervous system**.
Primary domain: reading comprehension / informational text understanding. The item measures the ability to identify an analogy and infer that a skyscraper’s “command center” corresponds to the human body’s nervous system, since it sends signals and controls functions.
This is a straightforward recall item with low severity: it asks for a direct analogy from the passage, not multi-step reasoning or deep synthesis. The wording is simple and unambiguous, with no tricky distractors or conditional logic; the correct choice is the nervous system.
A low latent trait is required; the item is straightforward and mainly tests basic reading comprehension, specifically recognizing that the command center corresponds to the nervous system.","Original Text: In many ways, skyscrapers are like the human body. They have bones that keep it tall and strong and skin to protect the body. They have a command center that is like a brain. How do engineers design and build strong and smart skyscrapers? It is very challenging to build a skyscraper because there are many parts that have to work together. If one part is broken, the skyscraper will not work properly. First, engineers need a strong and tall frame that supports the floors and walls. This frame is like the bones of a skyscraper. The bones of a skyscraper are made of concrete, steel and other materials. The columns are like the backbone of a human body. The columns go up. The steel columns hold up each floor. There are also steel beams that go across each floor. The steel columns and beams must be strong to resist the force of gravity. The steel columns and beams must work together to form a strong backbone. Second, engineers need to design a command center. The command center is a computer that sends signals through wires in a skyscraper. For example, it sends signals to help bring fresh air into rooms, just like your lungs. The command center also controls the heating and air conditioning. It helps the building cool down when it’s too hot and warm up when it’s too cold. A skyscraper has many different parts that work together. The bones make the building tall and strong. The skin protects the inside of the building. The skin of a skyscraper can be made of metal, stone, or glass. The brain controls the building temperature. The anatomy of a skyscraper is like a human body. All the parts have to work together. That's how a city skyscraper works properly.: According to paragraph 4, a skyscraper’s command center is like the human body’s
muscular system
nervous system
digestive system
skeletal system
The item asks which human body system matches a skyscraper’s command center, based on the passage’s comparison of the building’s control center to the body’s brain and signal-sending functions.
This item is primarily measuring reading comprehension of an informational text, specifically the skill of identifying an analogy-based detail stated in the passage. The question asks the reader to match the skyscraper’s “command center” to the human body system it resembles, and paragraph 4 describes it as sending signals and controlling functions, which corresponds to the nervous system.
Core ask: assess the item’s cognitive demand and note wording/features that raise difficulty.

Demand: low to moderate recall/comprehension. It mainly requires retrieving a stated analogy from the passage, not multi-step reasoning or synthesis.

Why: The passage explicitly says the “command center” is “like a brain,” so the correct choice follows from matching brain → nervous system.

Load/threshold-increasing features:
- Requires cross-mapping an analogy rather than copying exact wording.
- “According to paragraph 4” adds a location cue but also requires paragraph-specific reference.
- Distractors are all body systems, making options semantically similar.
- Passage is somewhat long and repetitive, increasing memory/search load slightly.
- No conditional logic, deep inference, or emotionally loaded wording.
This item appears to require a relatively low to moderate level of the underlying trait—specifically, basic reading comprehension. A respondent only needs to understand the passage’s explicit analogy that the skyscraper’s “command center” is like the building’s “brain,” then connect “brain” to the nervous system.","Original Text: In many ways, skyscrapers are like the human body. They have bones that keep it tall and strong and skin to protect the body. They have a command center that is like a brain. How do engineers design and build strong and smart skyscrapers? It is very challenging to build a skyscraper because there are many parts that have to work together. If one part is broken, the skyscraper will not work properly. First, engineers need a strong and tall frame that supports the floors and walls. This frame is like the bones of a skyscraper. The bones of a skyscraper are made of concrete, steel and other materials. The columns are like the backbone of a human body. The columns go up. The steel columns hold up each floor. There are also steel beams that go across each floor. The steel columns and beams must be strong to resist the force of gravity. The steel columns and beams must work together to form a strong backbone. Second, engineers need to design a command center. The command center is a computer that sends signals through wires in a skyscraper. For example, it sends signals to help bring fresh air into rooms, just like your lungs. The command center also controls the heating and air conditioning. It helps the building cool down when it’s too hot and warm up when it’s too cold. A skyscraper has many different parts that work together. The bones make the building tall and strong. The skin protects the inside of the building. The skin of a skyscraper can be made of metal, stone, or glass. The brain controls the building temperature. The anatomy of a skyscraper is like a human body. All the parts have to work together. That's how a city skyscraper works properly.: According to paragraph 4, a skyscraper’s command center is like the human body’s
muscular system
nervous system
digestive system
skeletal system
The question asks which human body system corresponds to a skyscraper’s command center: **nervous system**.
**Primary domain:** Reading comprehension—analogy and text-based inference.  
**Justification:** The item asks students to identify which human body system corresponds to the skyscraper’s command center, described as a computer that sends signals and controls functions; the correct answer is the **nervous system**.
This is a low-demand reading-comprehension item requiring direct recall and simple analogy matching, not multi-step reasoning or synthesis. The correct answer is **nervous system**. Distractors are plausible but unrelated body systems; “according to paragraph 4” requires locating the relevant passage, creating minimal cognitive load.
This item requires a **low level of underlying cognitive ability**: basic reading comprehension and recognition that the skyscraper’s command center, like the brain, corresponds to the **nervous system**.","Original Text: In many ways, skyscrapers are like the human body. They have bones that keep it tall and strong and skin to protect the body. They have a command center that is like a brain. How do engineers design and build strong and smart skyscrapers? It is very challenging to build a skyscraper because there are many parts that have to work together. If one part is broken, the skyscraper will not work properly. First, engineers need a strong and tall frame that supports the floors and walls. This frame is like the bones of a skyscraper. The bones of a skyscraper are made of concrete, steel and other materials. The columns are like the backbone of a human body. The columns go up. The steel columns hold up each floor. There are also steel beams that go across each floor. The steel columns and beams must be strong to resist the force of gravity. The steel columns and beams must work together to form a strong backbone. Second, engineers need to design a command center. The command center is a computer that sends signals through wires in a skyscraper. For example, it sends signals to help bring fresh air into rooms, just like your lungs. The command center also controls the heating and air conditioning. It helps the building cool down when it’s too hot and warm up when it’s too cold. A skyscraper has many different parts that work together. The bones make the building tall and strong. The skin protects the inside of the building. The skin of a skyscraper can be made of metal, stone, or glass. The brain controls the building temperature. The anatomy of a skyscraper is like a human body. All the parts have to work together. That's how a city skyscraper works properly.: According to paragraph 4, a skyscraper’s command center is like the human body’s
muscular system
nervous system
digestive system
skeletal system
Identify which human body system is analogous to a skyscraper’s command center, based on paragraph 4.
**Primary skill: Reading comprehension—making an analogy.** The item assesses whether the reader can use paragraph 4’s description of a command center sending signals through wires to infer that it resembles the human **nervous system**.
This is a low-to-moderate-demand reading-comprehension item requiring paragraph-specific recall plus a simple analogy: the command center sends signals through wires, like the nervous system. Cognitive load is slightly increased by the long passage, repeated body/building comparisons, and distractors drawn from other anatomical systems; no multi-step reasoning or synthesis is needed.
The item requires a **low to moderate level of reading comprehension and cognitive ability**, as respondents must make a straightforward analogy between a skyscraper’s signal-sending command center and the human nervous system.",1.2329639929740812,0.4683106007920408,0.619895768769485,0.716951459576339,2.048179724798837,782.0,gilbert_meta_8,1.3311251553497867,0.43324137939368074,1.0819727369680023,0.3521497277295433,1.8143111580373499,0.46618998239818626,1.3135589449219138,0.3375209476606883,1.852582797893751,0.46244898792214983,1.3196731350726418,0.32942198664277705,-0.8538612481341177,0.4143867136108917,-0.7743617529629045,0.37580487773332594,-0.5768266800935107,0.4250558467097186,-0.424915804194668,0.31311475901743313,-1.222398495826312,0.46618323248704874,-0.9208725015463941,0.3511909749112866,1.0111403439303528,0.4143807218350605,0.7699788080670786,0.3155490493479041
s_cc_17_2021,"Some birds that are here today are smaller than they were many years ago. Why is this happening? It is a mystery. How do scientists study a mystery? First, scientists try to understand the bird’s skeletal and muscular systems. Those systems help birds to fly. One thing scientists know is that birds’ bones are hollow inside. So, they don’t weigh much. Birds’ skeletons weigh less than their feathers. They have also learned that a bird wing works like a human arm. Birds contract their chest muscles to make their wings flap. Second, scientists try to diagnose the reasons that the birds’ bodies might have changed over time. Some scientists thought that birds’ skeletal or muscular systems might have changed. So, they studied migratory birds in North America. Migratory birds fly long distances to warmer places for the winter. Third, scientists measured the physical characteristics of the birds. They measured the size of the birds’ bones. They found some of the birds’ bones were shorter than they were 40 years ago. For example, the lower leg bone of many birds is smaller. Fourth, scientists measured the migratory birds’ wings. They found the birds’ wings are longer than they used to be. Many scientists asked, “Why are the birds’ bones smaller than they used be. But their wings are longer?” They thought about the long distance the birds fly in winter. They thought that the birds’ bodies changed to adapt to the long winter flight. They would need a lot of energy for the flight. A smaller body would have smaller muscles and less fat. But smaller bones and longer wings would make flying easier. Over time, these characteristics of birds have become more common. The scientists came up with some very good ideas about why these skeletal changes might be occurring.",The author said that scientists are studying the mystery of the shrinking birds. What was one thing the scientists discovered?,"Some birds that are here today are smaller than they were many years ago. Why is this happening? It is a mystery. How do scientists study a mystery? First, scientists try to understand the bird’s skeletal and muscular systems. Those systems help birds to fly. One thing scientists know is that birds’ bones are hollow inside. So, they don’t weigh much. Birds’ skeletons weigh less than their feathers. They have also learned that a bird wing works like a human arm. Birds contract their chest muscles to make their wings flap. Second, scientists try to diagnose the reasons that the birds’ bodies might have changed over time. Some scientists thought that birds’ skeletal or muscular systems might have changed. So, they studied migratory birds in North America. Migratory birds fly long distances to warmer places for the winter. Third, scientists measured the physical characteristics of the birds. They measured the size of the birds’ bones. They found some of the birds’ bones were shorter than they were 40 years ago. For example, the lower leg bone of many birds is smaller. Fourth, scientists measured the migratory birds’ wings. They found the birds’ wings are longer than they used to be. Many scientists asked, “Why are the birds’ bones smaller than they used be. But their wings are longer?” They thought about the long distance the birds fly in winter. They thought that the birds’ bodies changed to adapt to the long winter flight. They would need a lot of energy for the flight. A smaller body would have smaller muscles and less fat. But smaller bones and longer wings would make flying easier. Over time, these characteristics of birds have become more common. The scientists came up with some very good ideas about why these skeletal changes might be occurring.: The author said that scientists are studying the mystery of the shrinking birds. What was one thing the scientists discovered?
The leg bone of some birds is getting larger
It is hard to measure birds when they are migrating
It’s easier to fly a long way with longer wings
Birds use more energy now when they fly","Original Text: Some birds that are here today are smaller than they were many years ago. Why is this happening? It is a mystery. How do scientists study a mystery? First, scientists try to understand the bird’s skeletal and muscular systems. Those systems help birds to fly. One thing scientists know is that birds’ bones are hollow inside. So, they don’t weigh much. Birds’ skeletons weigh less than their feathers. They have also learned that a bird wing works like a human arm. Birds contract their chest muscles to make their wings flap. Second, scientists try to diagnose the reasons that the birds’ bodies might have changed over time. Some scientists thought that birds’ skeletal or muscular systems might have changed. So, they studied migratory birds in North America. Migratory birds fly long distances to warmer places for the winter. Third, scientists measured the physical characteristics of the birds. They measured the size of the birds’ bones. They found some of the birds’ bones were shorter than they were 40 years ago. For example, the lower leg bone of many birds is smaller. Fourth, scientists measured the migratory birds’ wings. They found the birds’ wings are longer than they used to be. Many scientists asked, “Why are the birds’ bones smaller than they used be. But their wings are longer?” They thought about the long distance the birds fly in winter. They thought that the birds’ bodies changed to adapt to the long winter flight. They would need a lot of energy for the flight. A smaller body would have smaller muscles and less fat. But smaller bones and longer wings would make flying easier. Over time, these characteristics of birds have become more common. The scientists came up with some very good ideas about why these skeletal changes might be occurring.: The author said that scientists are studying the mystery of the shrinking birds. What was one thing the scientists discovered?
The leg bone of some birds is getting larger
It is hard to measure birds when they are migrating
It’s easier to fly a long way with longer wings
Birds use more energy now when they fly
The item requires identifying a specific scientific discovery from a passage describing research into the physical adaptations of migratory birds, specifically why their bodies are shrinking while their wings are lengthening to facilitate easier flight.
This item measures the **Reading Comprehension** skill, specifically the ability to perform **Literal Information Retrieval**.

**Justification:** The item requires the reader to identify a specific factual discovery explicitly stated in the text—that longer wings facilitate easier long-distance flight—to distinguish the correct observation from incorrect or unstated claims.
This analysis evaluates the cognitive demand and structural complexity of the reading comprehension item regarding scientific discoveries about bird morphology.

**Cognitive Demand**
This item requires **synthesis** and **multi-step reasoning**. The reader must integrate specific anatomical findings (shorter bones, longer wings) with the functional conclusion provided at the end of the text (easier flight) to identify the correct discovery.

**Structural and Semantic Elements**
*   **Antonymous Distractors:** The first option employs a ""near-miss"" strategy by substituting ""larger"" for ""smaller,"" requiring precise recall of the text's specific directional changes.
*   **Causal Linking:** The correct answer requires connecting a physical observation to a biological advantage, increasing cognitive load by moving beyond simple literal retrieval.
*   **Information Density:** The passage uses a sequential structure (""First"" through ""Fourth"") that requires the reader to filter background biological facts (hollow bones) from the specific results of the recent study.
To identify the specific discovery mentioned in the text, a respondent requires a **low to moderate** level of reading comprehension. This item measures the ability to perform literal information retrieval and recognize a paraphrased fact—specifically, that longer wings facilitate easier flight—within a structured narrative. It does not require high-level inferential reasoning or specialized scientific knowledge.","Original Text: Some birds that are here today are smaller than they were many years ago. Why is this happening? It is a mystery. How do scientists study a mystery? First, scientists try to understand the bird’s skeletal and muscular systems. Those systems help birds to fly. One thing scientists know is that birds’ bones are hollow inside. So, they don’t weigh much. Birds’ skeletons weigh less than their feathers. They have also learned that a bird wing works like a human arm. Birds contract their chest muscles to make their wings flap. Second, scientists try to diagnose the reasons that the birds’ bodies might have changed over time. Some scientists thought that birds’ skeletal or muscular systems might have changed. So, they studied migratory birds in North America. Migratory birds fly long distances to warmer places for the winter. Third, scientists measured the physical characteristics of the birds. They measured the size of the birds’ bones. They found some of the birds’ bones were shorter than they were 40 years ago. For example, the lower leg bone of many birds is smaller. Fourth, scientists measured the migratory birds’ wings. They found the birds’ wings are longer than they used to be. Many scientists asked, “Why are the birds’ bones smaller than they used be. But their wings are longer?” They thought about the long distance the birds fly in winter. They thought that the birds’ bodies changed to adapt to the long winter flight. They would need a lot of energy for the flight. A smaller body would have smaller muscles and less fat. But smaller bones and longer wings would make flying easier. Over time, these characteristics of birds have become more common. The scientists came up with some very good ideas about why these skeletal changes might be occurring.: The author said that scientists are studying the mystery of the shrinking birds. What was one thing the scientists discovered?
The leg bone of some birds is getting larger
It is hard to measure birds when they are migrating
It’s easier to fly a long way with longer wings
Birds use more energy now when they fly
The core task requested by this prompt is to summarize the central scenario and question of the provided text. The item presents a reading comprehension scenario about scientists investigating why migratory birds are evolving to have smaller bones and longer wings, followed by a multiple-choice question asking the reader to identify one specific discovery the scientists made regarding this phenomenon.
The purpose of this analysis is to identify the primary construct or skill targeted by the provided passage and question, accompanied by a brief rationale.

**Primary Skill:** Reading comprehension (explicit detail retrieval)

**Justification:** The item requires the reader to scan the informational text, locate a specific stated fact (that smaller bones and longer wings make flying easier), and select the corresponding multiple-choice option.
In analyzing the cognitive demand, required reasoning level, and structural elements that increase difficulty for this reading comprehension item about shrinking birds, the item primarily requires multi-step reasoning and synthesis. The reader must locate specific findings within a sequentially structured text and connect the scientists' physical measurements to their final conclusions. The cognitive load is increased by tricky distractors that utilize exact vocabulary from the passage but reverse the factual direction (e.g., stating leg bones are getting ""larger"" instead of smaller) or misrepresent causal relationships (e.g., claiming birds use ""more energy"" rather than adapting to make flying easier).
To successfully answer this item, a respondent requires a low to moderate level of the underlying latent trait of reading comprehension, as the task relies on basic information retrieval and recognizing a simple paraphrase from the provided text.","Original Text: Some birds that are here today are smaller than they were many years ago. Why is this happening? It is a mystery. How do scientists study a mystery? First, scientists try to understand the bird’s skeletal and muscular systems. Those systems help birds to fly. One thing scientists know is that birds’ bones are hollow inside. So, they don’t weigh much. Birds’ skeletons weigh less than their feathers. They have also learned that a bird wing works like a human arm. Birds contract their chest muscles to make their wings flap. Second, scientists try to diagnose the reasons that the birds’ bodies might have changed over time. Some scientists thought that birds’ skeletal or muscular systems might have changed. So, they studied migratory birds in North America. Migratory birds fly long distances to warmer places for the winter. Third, scientists measured the physical characteristics of the birds. They measured the size of the birds’ bones. They found some of the birds’ bones were shorter than they were 40 years ago. For example, the lower leg bone of many birds is smaller. Fourth, scientists measured the migratory birds’ wings. They found the birds’ wings are longer than they used to be. Many scientists asked, “Why are the birds’ bones smaller than they used be. But their wings are longer?” They thought about the long distance the birds fly in winter. They thought that the birds’ bodies changed to adapt to the long winter flight. They would need a lot of energy for the flight. A smaller body would have smaller muscles and less fat. But smaller bones and longer wings would make flying easier. Over time, these characteristics of birds have become more common. The scientists came up with some very good ideas about why these skeletal changes might be occurring.: The author said that scientists are studying the mystery of the shrinking birds. What was one thing the scientists discovered?
The leg bone of some birds is getting larger
It is hard to measure birds when they are migrating
It’s easier to fly a long way with longer wings
Birds use more energy now when they fly
The core task requires identifying a specific scientific discovery detailed in the text regarding how physical changes in migratory birds aid their flight.
**Construct Measured:** Reading Comprehension (specifically, the ability to locate and recall explicit key details and main ideas from an informational science text).

**Justification:** This assessment item evaluates a reader's capacity to process expository text and identify specific factual conclusions reached by scientists—namely, the adaptive benefit of longer wings for flight—by directly retrieving and synthesizing information provided in the passage.
**Cognitive Demand Evaluation**
This cognitive ability item operates at a low-to-moderate level, requiring direct textual recall combined with basic inferential matching rather than complex synthesis. 

**Structural and Semantic Load Factors**
* **Inverted-Fact Distractors:** Options utilize polarity reversals (e.g., claiming leg bones are getting ""larger"" instead of smaller, or that birds use ""more energy""), which tests attention to detail and increases the load of eliminating close foils.
* **Semantic Paraphrasing:** The correct option paraphrases the text's explanatory conclusion (""smaller bones and longer wings would make flying easier"") rather than using a word-for-word match, requiring basic meaning integration.
* **Dense Informational Sequencing:** The text presents multiple sequential steps (""First"" through ""Fourth"") containing discrete anatomical facts, requiring readers to scan past competing physical details (bone mass, hollow structures, arm mechanics) to isolate the specific discovery.
To correctly answer this reading comprehension item, a respondent requires a **low to moderate level of cognitive ability (basic reading comprehension)**, characterized by the foundational capacity to recall explicitly stated details, eliminate direct factual contradictions, and make simple textual connections from an elementary-level informational passage.","Original Text: Some birds that are here today are smaller than they were many years ago. Why is this happening? It is a mystery. How do scientists study a mystery? First, scientists try to understand the bird’s skeletal and muscular systems. Those systems help birds to fly. One thing scientists know is that birds’ bones are hollow inside. So, they don’t weigh much. Birds’ skeletons weigh less than their feathers. They have also learned that a bird wing works like a human arm. Birds contract their chest muscles to make their wings flap. Second, scientists try to diagnose the reasons that the birds’ bodies might have changed over time. Some scientists thought that birds’ skeletal or muscular systems might have changed. So, they studied migratory birds in North America. Migratory birds fly long distances to warmer places for the winter. Third, scientists measured the physical characteristics of the birds. They measured the size of the birds’ bones. They found some of the birds’ bones were shorter than they were 40 years ago. For example, the lower leg bone of many birds is smaller. Fourth, scientists measured the migratory birds’ wings. They found the birds’ wings are longer than they used to be. Many scientists asked, “Why are the birds’ bones smaller than they used be. But their wings are longer?” They thought about the long distance the birds fly in winter. They thought that the birds’ bodies changed to adapt to the long winter flight. They would need a lot of energy for the flight. A smaller body would have smaller muscles and less fat. But smaller bones and longer wings would make flying easier. Over time, these characteristics of birds have become more common. The scientists came up with some very good ideas about why these skeletal changes might be occurring.: The author said that scientists are studying the mystery of the shrinking birds. What was one thing the scientists discovered?
The leg bone of some birds is getting larger
It is hard to measure birds when they are migrating
It’s easier to fly a long way with longer wings
Birds use more energy now when they fly
The item asks for the scientists’ finding about why some birds are getting smaller; one discovery was that it’s easier to fly long distances with longer wings.
Primary domain: reading comprehension / science passage inference. It measures the ability to identify a stated discovery from a scientific text; the correct idea is that longer wings help birds fly long distances more easily.
This is a moderate-demand reading comprehension item requiring recall plus inference from the passage. The correct choice depends on synthesizing details about bone size, wing length, and flight adaptation. Structural load is increased by the multi-step explanation, repeated “first/second/third/fourth” sequencing, and distractors that are plausible but unsupported or reversed.
A moderate reading-comprehension level is needed: the respondent must infer the scientists’ finding that longer wings help birds fly long distances, rather than simply recall a stated fact.","Original Text: Some birds that are here today are smaller than they were many years ago. Why is this happening? It is a mystery. How do scientists study a mystery? First, scientists try to understand the bird’s skeletal and muscular systems. Those systems help birds to fly. One thing scientists know is that birds’ bones are hollow inside. So, they don’t weigh much. Birds’ skeletons weigh less than their feathers. They have also learned that a bird wing works like a human arm. Birds contract their chest muscles to make their wings flap. Second, scientists try to diagnose the reasons that the birds’ bodies might have changed over time. Some scientists thought that birds’ skeletal or muscular systems might have changed. So, they studied migratory birds in North America. Migratory birds fly long distances to warmer places for the winter. Third, scientists measured the physical characteristics of the birds. They measured the size of the birds’ bones. They found some of the birds’ bones were shorter than they were 40 years ago. For example, the lower leg bone of many birds is smaller. Fourth, scientists measured the migratory birds’ wings. They found the birds’ wings are longer than they used to be. Many scientists asked, “Why are the birds’ bones smaller than they used be. But their wings are longer?” They thought about the long distance the birds fly in winter. They thought that the birds’ bodies changed to adapt to the long winter flight. They would need a lot of energy for the flight. A smaller body would have smaller muscles and less fat. But smaller bones and longer wings would make flying easier. Over time, these characteristics of birds have become more common. The scientists came up with some very good ideas about why these skeletal changes might be occurring.: The author said that scientists are studying the mystery of the shrinking birds. What was one thing the scientists discovered?
The leg bone of some birds is getting larger
It is hard to measure birds when they are migrating
It’s easier to fly a long way with longer wings
Birds use more energy now when they fly
The item asks what scientists discovered while investigating why some birds have become smaller over time; one discovery was that longer wings make long-distance flight easier.
This item primarily measures reading comprehension of an informational science passage, specifically the skill of identifying a stated conclusion or finding from text evidence. The correct idea is that scientists discovered longer wings make long-distance flight easier, which is directly supported by the passage’s explanation of adaptation for migration.
Core ask: assess the item’s cognitive demand and what features raise difficulty.

Moderate cognitive demand: this is mainly reading comprehension with multi-step reasoning, not simple recall. The correct choice requires synthesizing findings across the passage: scientists found smaller bones and longer wings, then inferred that longer wings make long-distance flight easier.

Load-increasing elements:
- Long passage with sequential structure (“First… Second… Third… Fourth…”), requiring tracking multiple findings.
- The question asks for “one thing the scientists discovered,” but the best answer is partly inferential rather than a directly stated measurement.
- Distractors are semantically close to the topic and reuse passage language:
  - larger leg bone reverses the stated finding,
  - measuring birds while migrating sounds plausible but unsupported,
  - more energy now when they fly distorts the passage’s logic.
- Mild wording inconsistency between direct observations (“measured”) and broader conclusions (“discovered”) increases interpretation demand.
This item appears to require a moderately low to moderate level of the latent trait, since the correct response can be identified through straightforward recall and basic inference from explicitly stated details in the passage rather than deep reasoning or highly advanced comprehension.","Original Text: Some birds that are here today are smaller than they were many years ago. Why is this happening? It is a mystery. How do scientists study a mystery? First, scientists try to understand the bird’s skeletal and muscular systems. Those systems help birds to fly. One thing scientists know is that birds’ bones are hollow inside. So, they don’t weigh much. Birds’ skeletons weigh less than their feathers. They have also learned that a bird wing works like a human arm. Birds contract their chest muscles to make their wings flap. Second, scientists try to diagnose the reasons that the birds’ bodies might have changed over time. Some scientists thought that birds’ skeletal or muscular systems might have changed. So, they studied migratory birds in North America. Migratory birds fly long distances to warmer places for the winter. Third, scientists measured the physical characteristics of the birds. They measured the size of the birds’ bones. They found some of the birds’ bones were shorter than they were 40 years ago. For example, the lower leg bone of many birds is smaller. Fourth, scientists measured the migratory birds’ wings. They found the birds’ wings are longer than they used to be. Many scientists asked, “Why are the birds’ bones smaller than they used be. But their wings are longer?” They thought about the long distance the birds fly in winter. They thought that the birds’ bodies changed to adapt to the long winter flight. They would need a lot of energy for the flight. A smaller body would have smaller muscles and less fat. But smaller bones and longer wings would make flying easier. Over time, these characteristics of birds have become more common. The scientists came up with some very good ideas about why these skeletal changes might be occurring.: The author said that scientists are studying the mystery of the shrinking birds. What was one thing the scientists discovered?
The leg bone of some birds is getting larger
It is hard to measure birds when they are migrating
It’s easier to fly a long way with longer wings
Birds use more energy now when they fly
Scientists discovered that flying long distances is easier for birds with longer wings.
**Primary skill:** Reading comprehension—identifying an explicitly stated finding or inference from a passage.  

**Justification:** The item requires recognizing that scientists concluded longer wings make long-distance flight easier.
This is a low-to-moderate cognitive-demand reading-comprehension item requiring factual recall with basic passage matching, not multi-step reasoning or synthesis. The correct answer is explicitly stated: longer wings make long-distance flight easier. Distractors are passage-related but contradict or distort the text, requiring attention to specific findings. No complex phrasing, conditional logic, or emotional wording substantially increases difficulty.
The item requires a **moderate level of reading comprehension**: the respondent must identify and connect explicit information in the passage—that longer wings make long-distance flight easier.","Original Text: Some birds that are here today are smaller than they were many years ago. Why is this happening? It is a mystery. How do scientists study a mystery? First, scientists try to understand the bird’s skeletal and muscular systems. Those systems help birds to fly. One thing scientists know is that birds’ bones are hollow inside. So, they don’t weigh much. Birds’ skeletons weigh less than their feathers. They have also learned that a bird wing works like a human arm. Birds contract their chest muscles to make their wings flap. Second, scientists try to diagnose the reasons that the birds’ bodies might have changed over time. Some scientists thought that birds’ skeletal or muscular systems might have changed. So, they studied migratory birds in North America. Migratory birds fly long distances to warmer places for the winter. Third, scientists measured the physical characteristics of the birds. They measured the size of the birds’ bones. They found some of the birds’ bones were shorter than they were 40 years ago. For example, the lower leg bone of many birds is smaller. Fourth, scientists measured the migratory birds’ wings. They found the birds’ wings are longer than they used to be. Many scientists asked, “Why are the birds’ bones smaller than they used be. But their wings are longer?” They thought about the long distance the birds fly in winter. They thought that the birds’ bodies changed to adapt to the long winter flight. They would need a lot of energy for the flight. A smaller body would have smaller muscles and less fat. But smaller bones and longer wings would make flying easier. Over time, these characteristics of birds have become more common. The scientists came up with some very good ideas about why these skeletal changes might be occurring.: The author said that scientists are studying the mystery of the shrinking birds. What was one thing the scientists discovered?
The leg bone of some birds is getting larger
It is hard to measure birds when they are migrating
It’s easier to fly a long way with longer wings
Birds use more energy now when they fly
Scientists discovered that longer wings make it easier for birds to fly long distances.
**Reading comprehension—identifying an explicitly stated scientific finding.** The item asks readers to recall that scientists found longer wings make long-distance flight easier, distinguishing this discovery from unsupported alternatives.
Moderate recall and inference: the respondent must connect scientists’ findings about longer wings with easier long-distance flight. Cognitive load comes from a lengthy passage, multiple anatomical details, and distractors that reverse or distort stated findings; no complex conditional logic is required.
This item requires a relatively low level of reading-comprehension ability because the correct discovery—that longer wings make long-distance flight easier—is stated directly in the passage, while the distractors are clearly unsupported or contradicted.",0.6425910374397478,0.9265225699622702,0.6737746063912292,0.7753888292088329,2.1714362809081313,824.0,gilbert_meta_8,0.27106568711949675,0.3934480120732341,0.2203291570383747,0.31980465605853065,0.22101438142081775,0.43078670086069937,0.16001412788848776,0.3118890173618848,0.1948129733348854,0.43236985976962256,0.13877352610958216,0.307995350600152,1.443463325516873,0.44229922105206554,1.3090684154216825,0.4011185668590122,1.1422281005905939,0.4312349177652105,0.841415261612932,0.3176665334712339,0.7031752174734625,0.4241702775458245,0.5297247368604617,0.3195412509905053,0.14586347695201796,0.42219632832356463,0.1110743793363768,0.3215005984127432
s_cc_6_2021,"A human is a primate. In primates, the heart sends oxygen in the blood all around the body. The body must have oxygen to function properly. The strong heart muscle contracts to pump blood all around the body. A healthy heart never rests. But what happens when a person’s heart gets weaker? People with weak hearts need help. Scientists have to study a medical mystery. Then they might be able to help people. First, scientists need to diagnose the reasons that a human heart gets weak. They need to do tests. But sometimes it would be hard on a sick person to have tests done. So, scientists study animals that have body systems like humans. Scientists knew that the macaque monkey’s heart is similar to the human heart. So, they did tests with macaque monkeys. The scientists learned what happens when a monkey has a heart attack. After a heart attack, the monkey’s heart muscle has scar tissue where it was damaged. The scar tissue cannot contract like a strong heart muscle can. Then the monkey’s heart cannot pump enough blood to give the body the oxygen it needs. Without enough oxygen, the monkey’s body cannot function properly. Second, scientists wanted to try out new solutions that would keep the heart working. Sometimes the new solutions might fail. So, scientists didn’t want to try the solutions with people right away. They tried a solution with macaque monkeys. Scientists developed an idea. Then, they tested an idea. They injected human stem cells from the human heart into the monkey’s heart. After four weeks the human heart cells grew where the monkey’s scar tissue was. After three months, the monkey’s heart got stronger. Now scientists are using what they found in this experiment to help humans who have had heart attacks.",What is the purpose of this passage?,"A human is a primate. In primates, the heart sends oxygen in the blood all around the body. The body must have oxygen to function properly. The strong heart muscle contracts to pump blood all around the body. A healthy heart never rests. But what happens when a person’s heart gets weaker? People with weak hearts need help. Scientists have to study a medical mystery. Then they might be able to help people. First, scientists need to diagnose the reasons that a human heart gets weak. They need to do tests. But sometimes it would be hard on a sick person to have tests done. So, scientists study animals that have body systems like humans. Scientists knew that the macaque monkey’s heart is similar to the human heart. So, they did tests with macaque monkeys. The scientists learned what happens when a monkey has a heart attack. After a heart attack, the monkey’s heart muscle has scar tissue where it was damaged. The scar tissue cannot contract like a strong heart muscle can. Then the monkey’s heart cannot pump enough blood to give the body the oxygen it needs. Without enough oxygen, the monkey’s body cannot function properly. Second, scientists wanted to try out new solutions that would keep the heart working. Sometimes the new solutions might fail. So, scientists didn’t want to try the solutions with people right away. They tried a solution with macaque monkeys. Scientists developed an idea. Then, they tested an idea. They injected human stem cells from the human heart into the monkey’s heart. After four weeks the human heart cells grew where the monkey’s scar tissue was. After three months, the monkey’s heart got stronger. Now scientists are using what they found in this experiment to help humans who have had heart attacks.: What is the purpose of this passage?
To show how scientists study a medical mystery
To help people keep their bodies strong
To tell why it is hard to help sick monkeys
To describe what happens after a heart attack","Original Text: A human is a primate. In primates, the heart sends oxygen in the blood all around the body. The body must have oxygen to function properly. The strong heart muscle contracts to pump blood all around the body. A healthy heart never rests. But what happens when a person’s heart gets weaker? People with weak hearts need help. Scientists have to study a medical mystery. Then they might be able to help people. First, scientists need to diagnose the reasons that a human heart gets weak. They need to do tests. But sometimes it would be hard on a sick person to have tests done. So, scientists study animals that have body systems like humans. Scientists knew that the macaque monkey’s heart is similar to the human heart. So, they did tests with macaque monkeys. The scientists learned what happens when a monkey has a heart attack. After a heart attack, the monkey’s heart muscle has scar tissue where it was damaged. The scar tissue cannot contract like a strong heart muscle can. Then the monkey’s heart cannot pump enough blood to give the body the oxygen it needs. Without enough oxygen, the monkey’s body cannot function properly. Second, scientists wanted to try out new solutions that would keep the heart working. Sometimes the new solutions might fail. So, scientists didn’t want to try the solutions with people right away. They tried a solution with macaque monkeys. Scientists developed an idea. Then, they tested an idea. They injected human stem cells from the human heart into the monkey’s heart. After four weeks the human heart cells grew where the monkey’s scar tissue was. After three months, the monkey’s heart got stronger. Now scientists are using what they found in this experiment to help humans who have had heart attacks.: What is the purpose of this passage?
To show how scientists study a medical mystery
To help people keep their bodies strong
To tell why it is hard to help sick monkeys
To describe what happens after a heart attack
The core task of this item is to identify the primary purpose of a passage describing how scientists use macaque monkeys as biological models to study heart damage and test stem cell therapies for human medical treatment.
This item measures the **Reading Comprehension** skill of **identifying the author's purpose**.

**Justification:** The question requires the reader to synthesize the entire passage to determine its primary communicative intent, distinguishing the overarching theme of scientific methodology and problem-solving from specific supporting details regarding heart physiology or animal subjects.
This analysis evaluates the cognitive demand and structural complexity of the provided reading comprehension item. The question requires **synthesis** of the narrative arc—connecting the problem of heart disease, the use of animal models, and the testing of stem cell solutions—to identify the overarching purpose. Structural elements increasing cognitive load include **distractors based on supporting details** (e.g., describing heart attack effects) and **thematic generalizations** (e.g., keeping bodies strong). The **sequential logic** (""First,"" ""Second"") requires the reader to integrate multiple stages of a scientific process to distinguish the primary objective from specific experimental findings.
To describe the level of the latent trait—specifically reading comprehension and verbal reasoning—required to identify the purpose of this passage, the item demands a **low-to-moderate** level of proficiency. A respondent must possess the cognitive ability to synthesize multiple paragraphs and distinguish the overarching theme (scientific methodology) from specific supporting details (heart attack symptoms or animal subjects). While the vocabulary and sentence structures are simple, successfully answering requires the respondent to recognize the logical progression from problem identification to experimental testing, rather than selecting an option based on literal keyword matching.","Original Text: A human is a primate. In primates, the heart sends oxygen in the blood all around the body. The body must have oxygen to function properly. The strong heart muscle contracts to pump blood all around the body. A healthy heart never rests. But what happens when a person’s heart gets weaker? People with weak hearts need help. Scientists have to study a medical mystery. Then they might be able to help people. First, scientists need to diagnose the reasons that a human heart gets weak. They need to do tests. But sometimes it would be hard on a sick person to have tests done. So, scientists study animals that have body systems like humans. Scientists knew that the macaque monkey’s heart is similar to the human heart. So, they did tests with macaque monkeys. The scientists learned what happens when a monkey has a heart attack. After a heart attack, the monkey’s heart muscle has scar tissue where it was damaged. The scar tissue cannot contract like a strong heart muscle can. Then the monkey’s heart cannot pump enough blood to give the body the oxygen it needs. Without enough oxygen, the monkey’s body cannot function properly. Second, scientists wanted to try out new solutions that would keep the heart working. Sometimes the new solutions might fail. So, scientists didn’t want to try the solutions with people right away. They tried a solution with macaque monkeys. Scientists developed an idea. Then, they tested an idea. They injected human stem cells from the human heart into the monkey’s heart. After four weeks the human heart cells grew where the monkey’s scar tissue was. After three months, the monkey’s heart got stronger. Now scientists are using what they found in this experiment to help humans who have had heart attacks.: What is the purpose of this passage?
To show how scientists study a medical mystery
To help people keep their bodies strong
To tell why it is hard to help sick monkeys
To describe what happens after a heart attack
The objective of this prompt is to provide a summary of the item's central scenario and question. The item presents a reading comprehension task requiring the reader to identify the main purpose of an informational passage about scientists using macaque monkeys to research and treat heart attacks.
In identifying the primary skill this item attempts to measure and providing a concise justification:

**Primary Skill:** Reading Comprehension (Identifying Author's Purpose / Main Idea)

**Justification:** The item requires the reader to synthesize the provided informational text about heart disease research and determine the overarching reason the passage was written, distinguishing the primary narrative from supporting details.
Evaluating the cognitive demand and structural elements that affect the difficulty of the provided reading comprehension item:

This cognitive item requires synthesis. The reader must integrate multiple narrative shifts—from general primate biology to animal testing and stem cell research—to determine the overarching theme. The cognitive load is increased by tricky distractors that represent localized, factually accurate details from the text (e.g., ""To describe what happens after a heart attack"") rather than the passage's comprehensive purpose. Additionally, the correct option relies on abstract phrasing (""study a medical mystery"") introduced briefly in the first paragraph, requiring the reader to connect specific experimental details back to this broader concept.
To determine the overall level of the underlying latent trait required to successfully answer this item, a low to moderate level of reading comprehension and cognitive ability is necessary. The respondent must possess basic synthesis skills to identify the main purpose of the text, which is written using simple vocabulary and explicitly states its central themes.","Original Text: A human is a primate. In primates, the heart sends oxygen in the blood all around the body. The body must have oxygen to function properly. The strong heart muscle contracts to pump blood all around the body. A healthy heart never rests. But what happens when a person’s heart gets weaker? People with weak hearts need help. Scientists have to study a medical mystery. Then they might be able to help people. First, scientists need to diagnose the reasons that a human heart gets weak. They need to do tests. But sometimes it would be hard on a sick person to have tests done. So, scientists study animals that have body systems like humans. Scientists knew that the macaque monkey’s heart is similar to the human heart. So, they did tests with macaque monkeys. The scientists learned what happens when a monkey has a heart attack. After a heart attack, the monkey’s heart muscle has scar tissue where it was damaged. The scar tissue cannot contract like a strong heart muscle can. Then the monkey’s heart cannot pump enough blood to give the body the oxygen it needs. Without enough oxygen, the monkey’s body cannot function properly. Second, scientists wanted to try out new solutions that would keep the heart working. Sometimes the new solutions might fail. So, scientists didn’t want to try the solutions with people right away. They tried a solution with macaque monkeys. Scientists developed an idea. Then, they tested an idea. They injected human stem cells from the human heart into the monkey’s heart. After four weeks the human heart cells grew where the monkey’s scar tissue was. After three months, the monkey’s heart got stronger. Now scientists are using what they found in this experiment to help humans who have had heart attacks.: What is the purpose of this passage?
To show how scientists study a medical mystery
To help people keep their bodies strong
To tell why it is hard to help sick monkeys
To describe what happens after a heart attack
The core task requires identifying the primary purpose of an informational passage that details how researchers investigate heart attacks and test stem-cell therapies using macaque monkeys to help humans.
The assessment item aims to evaluate **Reading Comprehension**, specifically the skill of **identifying the author's purpose or main idea** in an informational text. 

**Justification:** The question requires the reader to synthesize the passage's overall content—which details how researchers investigate heart failure using animal models and stem cells—to determine the overarching communicative intent of the author rather than merely recalling isolated factual details.
**Item Demand and Complexity Analysis**

* **Cognitive Processing Level:** This item requires **synthesis**. Rather than relying on simple recall, the reader must integrate information across the entire multi-paragraph structure (the problem, animal testing, and experimental solution) to deduce the overarching authorial purpose.
* **Elements Increasing Cognitive Load:**
  * **Local vs. Global Distractor Design:** Distractors (e.g., describing what happens after a heart attack) rely on salient, literal details embedded within the text. This creates interference, requiring the test-taker to distinguish between supporting details and the primary global theme.
  * **Abstract Conceptualization:** The correct response frames the sequential scientific narrative under the broader, abstract concept of ""studying a medical mystery,"" requiring the reader to map concrete procedural steps (testing monkeys, stem cell injections) to a generalized purpose.
The level of reading comprehension ability required to successfully identify the primary purpose of this passage is low to moderate. An individual needs only basic to elementary-level text synthesis skills, as the passage uses straightforward vocabulary, explicit structural cues (""First,"" ""Second""), and directly states the overarching theme of scientists studying a medical mystery to test solutions.","Original Text: A human is a primate. In primates, the heart sends oxygen in the blood all around the body. The body must have oxygen to function properly. The strong heart muscle contracts to pump blood all around the body. A healthy heart never rests. But what happens when a person’s heart gets weaker? People with weak hearts need help. Scientists have to study a medical mystery. Then they might be able to help people. First, scientists need to diagnose the reasons that a human heart gets weak. They need to do tests. But sometimes it would be hard on a sick person to have tests done. So, scientists study animals that have body systems like humans. Scientists knew that the macaque monkey’s heart is similar to the human heart. So, they did tests with macaque monkeys. The scientists learned what happens when a monkey has a heart attack. After a heart attack, the monkey’s heart muscle has scar tissue where it was damaged. The scar tissue cannot contract like a strong heart muscle can. Then the monkey’s heart cannot pump enough blood to give the body the oxygen it needs. Without enough oxygen, the monkey’s body cannot function properly. Second, scientists wanted to try out new solutions that would keep the heart working. Sometimes the new solutions might fail. So, scientists didn’t want to try the solutions with people right away. They tried a solution with macaque monkeys. Scientists developed an idea. Then, they tested an idea. They injected human stem cells from the human heart into the monkey’s heart. After four weeks the human heart cells grew where the monkey’s scar tissue was. After three months, the monkey’s heart got stronger. Now scientists are using what they found in this experiment to help humans who have had heart attacks.: What is the purpose of this passage?
To show how scientists study a medical mystery
To help people keep their bodies strong
To tell why it is hard to help sick monkeys
To describe what happens after a heart attack
The passage’s purpose is to show how scientists study a medical mystery.
Reading comprehension: identifying the passage’s main purpose. It explains how scientists use macaque monkeys to study heart weakness and test treatments before helping humans, so the best choice is that it shows how scientists study a medical mystery.
Low-to-moderate demand: it mainly requires reading comprehension and synthesis across the passage, not recall or deep reasoning. The wording is straightforward, with a clear explanatory structure and no tricky distractors or strong emotional language. The correct purpose is to explain how scientists investigate a medical problem using monkeys to help humans.
A low-to-moderate reading comprehension level is needed: the respondent must identify the passage’s main purpose as explaining how scientists use animal studies to investigate and develop treatments for heart problems.","Original Text: A human is a primate. In primates, the heart sends oxygen in the blood all around the body. The body must have oxygen to function properly. The strong heart muscle contracts to pump blood all around the body. A healthy heart never rests. But what happens when a person’s heart gets weaker? People with weak hearts need help. Scientists have to study a medical mystery. Then they might be able to help people. First, scientists need to diagnose the reasons that a human heart gets weak. They need to do tests. But sometimes it would be hard on a sick person to have tests done. So, scientists study animals that have body systems like humans. Scientists knew that the macaque monkey’s heart is similar to the human heart. So, they did tests with macaque monkeys. The scientists learned what happens when a monkey has a heart attack. After a heart attack, the monkey’s heart muscle has scar tissue where it was damaged. The scar tissue cannot contract like a strong heart muscle can. Then the monkey’s heart cannot pump enough blood to give the body the oxygen it needs. Without enough oxygen, the monkey’s body cannot function properly. Second, scientists wanted to try out new solutions that would keep the heart working. Sometimes the new solutions might fail. So, scientists didn’t want to try the solutions with people right away. They tried a solution with macaque monkeys. Scientists developed an idea. Then, they tested an idea. They injected human stem cells from the human heart into the monkey’s heart. After four weeks the human heart cells grew where the monkey’s scar tissue was. After three months, the monkey’s heart got stronger. Now scientists are using what they found in this experiment to help humans who have had heart attacks.: What is the purpose of this passage?
To show how scientists study a medical mystery
To help people keep their bodies strong
To tell why it is hard to help sick monkeys
To describe what happens after a heart attack
The item asks for the passage’s main purpose, which is to explain how scientists investigate heart weakness and test possible treatments using macaque monkeys to help humans.
Primary domain: Reading comprehension — author’s purpose/main idea.

Justification: The item asks for the purpose of the passage, requiring the reader to synthesize the overall focus of the text rather than recall a single fact; the passage centers on how scientists investigate heart weakness and test treatments, supporting the purpose “to show how scientists study a medical mystery.”
Core ask: assess the item’s cognitive demand and note features that raise difficulty.

This is a moderate-demand reading-comprehension item. It mainly requires multi-step reasoning and synthesis, not simple recall: the reader must integrate the passage’s sequence about why scientists study macaques, what they learned, and how that supports helping humans, then infer the overall purpose.

Load-increasing elements:
- Long passage with multiple stages: problem, animal model, findings, treatment test, human application.
- Purpose question requires global synthesis rather than locating one sentence.
- Plausible distractors tied to real passage details:
  - heart attack effects,
  - helping bodies stay strong,
  - sick monkeys.
- Some causal/conditional logic: weak heart → need research → animal testing → stem-cell experiment → human benefit.
- Repetition of details about oxygen, heart function, and monkeys may obscure the main idea.
This item appears to require a moderately high level of the latent trait—here, reading comprehension/analytical ability. A respondent must integrate the passage’s overall structure and main idea, not just recall an isolated detail, to recognize that the passage’s purpose is to explain how scientists investigate a medical mystery using monkeys to help humans.","Original Text: A human is a primate. In primates, the heart sends oxygen in the blood all around the body. The body must have oxygen to function properly. The strong heart muscle contracts to pump blood all around the body. A healthy heart never rests. But what happens when a person’s heart gets weaker? People with weak hearts need help. Scientists have to study a medical mystery. Then they might be able to help people. First, scientists need to diagnose the reasons that a human heart gets weak. They need to do tests. But sometimes it would be hard on a sick person to have tests done. So, scientists study animals that have body systems like humans. Scientists knew that the macaque monkey’s heart is similar to the human heart. So, they did tests with macaque monkeys. The scientists learned what happens when a monkey has a heart attack. After a heart attack, the monkey’s heart muscle has scar tissue where it was damaged. The scar tissue cannot contract like a strong heart muscle can. Then the monkey’s heart cannot pump enough blood to give the body the oxygen it needs. Without enough oxygen, the monkey’s body cannot function properly. Second, scientists wanted to try out new solutions that would keep the heart working. Sometimes the new solutions might fail. So, scientists didn’t want to try the solutions with people right away. They tried a solution with macaque monkeys. Scientists developed an idea. Then, they tested an idea. They injected human stem cells from the human heart into the monkey’s heart. After four weeks the human heart cells grew where the monkey’s scar tissue was. After three months, the monkey’s heart got stronger. Now scientists are using what they found in this experiment to help humans who have had heart attacks.: What is the purpose of this passage?
To show how scientists study a medical mystery
To help people keep their bodies strong
To tell why it is hard to help sick monkeys
To describe what happens after a heart attack
Identify the passage’s purpose: to show how scientists study a medical mystery.
**Primary skill:** Reading comprehension—identifying a passage’s purpose or central idea.  

**Justification:** The passage explains how scientists use macaque monkeys to investigate weakened hearts and test potential treatments, so its purpose is **to show how scientists study a medical mystery**.
This is a **reading-comprehension synthesis item**: identifying the passage’s overall purpose requires integrating its explanation of scientists’ investigation, animal testing, and application to humans. It is more than recall but not highly complex multi-step reasoning.

Cognitive load increases through the passage’s length, scientific vocabulary, causal and temporal sequencing (“First,” “Second,” “After”), and several competing details. Distractors reflect narrower sections or outcomes—helping bodies, sick monkeys, or heart attacks—requiring the reader to distinguish the central purpose from supporting information.
The item requires a **low-to-moderate level of reading comprehension**: the respondent must identify the passage’s overall purpose and distinguish it from specific details. It primarily assesses basic main-idea and text-purpose recognition, not advanced reasoning.","Original Text: A human is a primate. In primates, the heart sends oxygen in the blood all around the body. The body must have oxygen to function properly. The strong heart muscle contracts to pump blood all around the body. A healthy heart never rests. But what happens when a person’s heart gets weaker? People with weak hearts need help. Scientists have to study a medical mystery. Then they might be able to help people. First, scientists need to diagnose the reasons that a human heart gets weak. They need to do tests. But sometimes it would be hard on a sick person to have tests done. So, scientists study animals that have body systems like humans. Scientists knew that the macaque monkey’s heart is similar to the human heart. So, they did tests with macaque monkeys. The scientists learned what happens when a monkey has a heart attack. After a heart attack, the monkey’s heart muscle has scar tissue where it was damaged. The scar tissue cannot contract like a strong heart muscle can. Then the monkey’s heart cannot pump enough blood to give the body the oxygen it needs. Without enough oxygen, the monkey’s body cannot function properly. Second, scientists wanted to try out new solutions that would keep the heart working. Sometimes the new solutions might fail. So, scientists didn’t want to try the solutions with people right away. They tried a solution with macaque monkeys. Scientists developed an idea. Then, they tested an idea. They injected human stem cells from the human heart into the monkey’s heart. After four weeks the human heart cells grew where the monkey’s scar tissue was. After three months, the monkey’s heart got stronger. Now scientists are using what they found in this experiment to help humans who have had heart attacks.: What is the purpose of this passage?
To show how scientists study a medical mystery
To help people keep their bodies strong
To tell why it is hard to help sick monkeys
To describe what happens after a heart attack
Identify the passage’s main purpose: explaining how scientists investigate a medical mystery using macaque monkeys to develop heart-attack treatments.
**Primary skill: Reading comprehension—identifying an author’s purpose.** The item asks readers to determine the passage’s overarching aim: showing how scientists investigate a medical mystery through animal testing, rather than identifying a specific supporting detail.
This item assesses identifying the passage’s overall purpose. It requires moderate synthesis across a long, sequential explanation rather than simple recall. Cognitive load comes from multiple causal steps and a plausible but too-narrow distractor (“describe what happens after a heart attack”). The best answer is **“To show how scientists study a medical mystery.”**
The item requires a **moderate level of reading comprehension**: respondents must identify the passage’s overarching purpose—showing how scientists investigate a medical mystery—rather than select a supporting detail.",0.7710169200620599,0.8236116930525837,0.7085386106433184,0.8106523316821103,2.2493748466622536,860.0,gilbert_meta_8,1.2620752241766957,0.4085477591613503,1.0258471782866554,0.332078118564136,1.786823120738036,0.46002577674535794,1.2936576412712655,0.33305807069620447,1.4512179463062707,0.4328690886198133,1.0337639640468654,0.308350972439348,0.9310733454433764,0.4079525914292861,0.8443849507049206,0.36996981010118646,1.7131854536754696,0.4412710654216003,1.2620074623890631,0.32505959953353875,1.5781601511748384,0.4266884597322975,1.1888793149003543,0.321438279445076,1.6546358628194477,0.4532970301163396,1.2599977412497707,0.3451836424532646
s_cc_31_2021,"In many ways, skyscrapers are like the human body. They have bones that keep it tall and strong and skin to protect the body. They have a command center that is like a brain. How do engineers design and build strong and smart skyscrapers? It is very challenging to build a skyscraper because there are many parts that have to work together. If one part is broken, the skyscraper will not work properly. First, engineers need a strong and tall frame that supports the floors and walls. This frame is like the bones of a skyscraper. The bones of a skyscraper are made of concrete, steel and other materials. The columns are like the backbone of a human body. The columns go up. The steel columns hold up each floor. There are also steel beams that go across each floor. The steel columns and beams must be strong to resist the force of gravity. The steel columns and beams must work together to form a strong backbone. Second, engineers need to design a command center. The command center is a computer that sends signals through wires in a skyscraper. For example, it sends signals to help bring fresh air into rooms, just like your lungs. The command center also controls the heating and air conditioning. It helps the building cool down when it’s too hot and warm up when it’s too cold. A skyscraper has many different parts that work together. The bones make the building tall and strong. The skin protects the inside of the building. The skin of a skyscraper can be made of metal, stone, or glass. The brain controls the building temperature. The anatomy of a skyscraper is like a human body. All the parts have to work together. That's how a city skyscraper works properly.",To send a signal can also mean to send a,"In many ways, skyscrapers are like the human body. They have bones that keep it tall and strong and skin to protect the body. They have a command center that is like a brain. How do engineers design and build strong and smart skyscrapers? It is very challenging to build a skyscraper because there are many parts that have to work together. If one part is broken, the skyscraper will not work properly. First, engineers need a strong and tall frame that supports the floors and walls. This frame is like the bones of a skyscraper. The bones of a skyscraper are made of concrete, steel and other materials. The columns are like the backbone of a human body. The columns go up. The steel columns hold up each floor. There are also steel beams that go across each floor. The steel columns and beams must be strong to resist the force of gravity. The steel columns and beams must work together to form a strong backbone. Second, engineers need to design a command center. The command center is a computer that sends signals through wires in a skyscraper. For example, it sends signals to help bring fresh air into rooms, just like your lungs. The command center also controls the heating and air conditioning. It helps the building cool down when it’s too hot and warm up when it’s too cold. A skyscraper has many different parts that work together. The bones make the building tall and strong. The skin protects the inside of the building. The skin of a skyscraper can be made of metal, stone, or glass. The brain controls the building temperature. The anatomy of a skyscraper is like a human body. All the parts have to work together. That's how a city skyscraper works properly.: To send a signal can also mean to send a
conversation
turn
system
message","Original Text: In many ways, skyscrapers are like the human body. They have bones that keep it tall and strong and skin to protect the body. They have a command center that is like a brain. How do engineers design and build strong and smart skyscrapers? It is very challenging to build a skyscraper because there are many parts that have to work together. If one part is broken, the skyscraper will not work properly. First, engineers need a strong and tall frame that supports the floors and walls. This frame is like the bones of a skyscraper. The bones of a skyscraper are made of concrete, steel and other materials. The columns are like the backbone of a human body. The columns go up. The steel columns hold up each floor. There are also steel beams that go across each floor. The steel columns and beams must be strong to resist the force of gravity. The steel columns and beams must work together to form a strong backbone. Second, engineers need to design a command center. The command center is a computer that sends signals through wires in a skyscraper. For example, it sends signals to help bring fresh air into rooms, just like your lungs. The command center also controls the heating and air conditioning. It helps the building cool down when it’s too hot and warm up when it’s too cold. A skyscraper has many different parts that work together. The bones make the building tall and strong. The skin protects the inside of the building. The skin of a skyscraper can be made of metal, stone, or glass. The brain controls the building temperature. The anatomy of a skyscraper is like a human body. All the parts have to work together. That's how a city skyscraper works properly.: To send a signal can also mean to send a
conversation
turn
system
message
The core task is to identify a synonym for the word ""signal"" within the context of the provided text describing the communication systems of a skyscraper.
This analysis identifies the primary construct measured by the item ""To send a signal can also mean to send a [blank]"" based on the provided text.

**Primary Measure:** Vocabulary knowledge and contextual word substitution.

**Justification:** The item assesses the reader's ability to identify a synonym or related concept for the word ""signal"" (such as ""message"") as it is used in the passage to describe the communication functions of a skyscraper's command center.
This analysis evaluates the cognitive demand and structural complexity of the vocabulary inference item based on the skyscraper-human body analogy.

**Cognitive Demand**
The item requires **synthesis** and **contextual inference**. To define ""signal"" within this context, the reader must integrate the technical description of the ""command center"" with the biological metaphor of the ""brain,"" mapping the function of electronic pulses to the transmission of information or instructions.

**Structural and Semantic Elements**
*   **Metaphorical Mapping:** The text relies on a sustained analogy, requiring the reader to translate mechanical functions (wires/computers) into biological or communicative concepts.
*   **Functional Context:** The meaning of ""signal"" is not explicitly defined but must be derived from the examples provided (bringing in air, controlling temperature), increasing the load on deductive reasoning.
*   **Sentence Completion Format:** The open-ended structure increases cognitive load by requiring the retrieval of a specific synonym—such as ""message"" or ""instruction""—rather than simple recognition from a list.
To determine the level of the underlying latent trait required to identify a synonym for ""signal"" within the provided text, the following analysis is provided:

The item requires a **low to moderate level of reading comprehension and verbal reasoning**. A respondent must possess the ability to perform literal information retrieval and basic contextual mapping to understand that, within the analogy of a ""command center"" acting as a ""brain,"" sending a signal is equivalent to sending a **message** or **instruction**. The cognitive demand is limited to identifying a functional synonym supported by the text's structural metaphors.","Original Text: In many ways, skyscrapers are like the human body. They have bones that keep it tall and strong and skin to protect the body. They have a command center that is like a brain. How do engineers design and build strong and smart skyscrapers? It is very challenging to build a skyscraper because there are many parts that have to work together. If one part is broken, the skyscraper will not work properly. First, engineers need a strong and tall frame that supports the floors and walls. This frame is like the bones of a skyscraper. The bones of a skyscraper are made of concrete, steel and other materials. The columns are like the backbone of a human body. The columns go up. The steel columns hold up each floor. There are also steel beams that go across each floor. The steel columns and beams must be strong to resist the force of gravity. The steel columns and beams must work together to form a strong backbone. Second, engineers need to design a command center. The command center is a computer that sends signals through wires in a skyscraper. For example, it sends signals to help bring fresh air into rooms, just like your lungs. The command center also controls the heating and air conditioning. It helps the building cool down when it’s too hot and warm up when it’s too cold. A skyscraper has many different parts that work together. The bones make the building tall and strong. The skin protects the inside of the building. The skin of a skyscraper can be made of metal, stone, or glass. The brain controls the building temperature. The anatomy of a skyscraper is like a human body. All the parts have to work together. That's how a city skyscraper works properly.: To send a signal can also mean to send a
conversation
turn
system
message
You requested a summary of the primary task or scenario embedded within the provided text. The core task is a vocabulary question that requires the reader to select the correct synonym for the word ""signal"" from a provided list of options (conversation, turn, system, message) based on a passage comparing a skyscraper's engineering systems to human anatomy.
The objective of this analysis is to determine the underlying skill or knowledge domain evaluated by the provided text and question, along with a brief rationale.

**Primary Skill:** Vocabulary in context (Reading Comprehension)

**Justification:** The item requires the reader to deduce the semantic meaning of the word ""signal"" based on its usage within the passage and identify its closest synonym (""message"") from the provided options.
In assessing the cognitive demand and structural elements that increase the difficulty of this vocabulary-in-context item, the task requires synthesis and contextual reasoning. The reader must map the phrase ""send a signal"" to the correct synonym (""message"") based on its specific use regarding a computer command center. The cognitive load is elevated by the passage's extended analogy comparing a building to a human body, as well as by semantic distractors like ""system"" and ""conversation,"" which relate broadly to the text's themes of interconnected networks and communication but fail to fit the precise mechanical context of the target phrase.
Evaluating the degree of the underlying latent trait necessary for a respondent to correctly answer this item indicates that a low level of cognitive ability and reading comprehension is required, as selecting ""message"" as a synonym for ""signal"" relies on basic vocabulary and elementary contextual understanding.","Original Text: In many ways, skyscrapers are like the human body. They have bones that keep it tall and strong and skin to protect the body. They have a command center that is like a brain. How do engineers design and build strong and smart skyscrapers? It is very challenging to build a skyscraper because there are many parts that have to work together. If one part is broken, the skyscraper will not work properly. First, engineers need a strong and tall frame that supports the floors and walls. This frame is like the bones of a skyscraper. The bones of a skyscraper are made of concrete, steel and other materials. The columns are like the backbone of a human body. The columns go up. The steel columns hold up each floor. There are also steel beams that go across each floor. The steel columns and beams must be strong to resist the force of gravity. The steel columns and beams must work together to form a strong backbone. Second, engineers need to design a command center. The command center is a computer that sends signals through wires in a skyscraper. For example, it sends signals to help bring fresh air into rooms, just like your lungs. The command center also controls the heating and air conditioning. It helps the building cool down when it’s too hot and warm up when it’s too cold. A skyscraper has many different parts that work together. The bones make the building tall and strong. The skin protects the inside of the building. The skin of a skyscraper can be made of metal, stone, or glass. The brain controls the building temperature. The anatomy of a skyscraper is like a human body. All the parts have to work together. That's how a city skyscraper works properly.: To send a signal can also mean to send a
conversation
turn
system
message
The item tasks the reader with identifying an equivalent meaning for the phrase ""to send a signal"" within the context of an informational passage comparing skyscraper engineering and structural systems to the human body.
**Primary Skill Measured:** Reading Comprehension: Vocabulary in Context (Contextual Semantic Knowledge)

**Justification:** This assessment item evaluates an individual's ability to determine the meaning of an idiomatic or domain-specific phrase (""to send a signal"") by utilizing contextual clues provided in an informational text that draws an analogy between skyscraper mechanics and human anatomy.
**Evaluation of Cognitive Demand and Structural Complexity**

* **Cognitive Demand Level:** The item requires **basic recall and contextual inference (vocabulary-in-context)** rather than multi-step reasoning or synthesis. It tests the ability to map a standard synonym/definition (""signal"" to ""message"") within an explicit, scaffolded text.

* **Structural and Semantic Elements Affecting Load:**
  * **Explicit Analogical Framework:** The passage uses an extended metaphor (human anatomy to skyscraper engineering), but the mapping is directly stated rather than implied, keeping cognitive load low.
  * **Low Syntactic Complexity:** Short, simple declarative sentences with high lexical repetition reduce working memory burden.
  * **Direct Contextual Clues:** The function of the ""command center"" sending signals is explicitly defined via basic cause-and-effect statements, minimizing the need for deep textual synthesis or conditional logic.
To successfully answer this vocabulary-in-context question, a respondent requires a **low to low-average level of the underlying latent trait** (specifically, foundational verbal/cognitive ability and elementary-grade reading comprehension), as recognizing that ""signal"" equates to ""message"" requires only basic language familiarity and simple contextual deduction.","Original Text: In many ways, skyscrapers are like the human body. They have bones that keep it tall and strong and skin to protect the body. They have a command center that is like a brain. How do engineers design and build strong and smart skyscrapers? It is very challenging to build a skyscraper because there are many parts that have to work together. If one part is broken, the skyscraper will not work properly. First, engineers need a strong and tall frame that supports the floors and walls. This frame is like the bones of a skyscraper. The bones of a skyscraper are made of concrete, steel and other materials. The columns are like the backbone of a human body. The columns go up. The steel columns hold up each floor. There are also steel beams that go across each floor. The steel columns and beams must be strong to resist the force of gravity. The steel columns and beams must work together to form a strong backbone. Second, engineers need to design a command center. The command center is a computer that sends signals through wires in a skyscraper. For example, it sends signals to help bring fresh air into rooms, just like your lungs. The command center also controls the heating and air conditioning. It helps the building cool down when it’s too hot and warm up when it’s too cold. A skyscraper has many different parts that work together. The bones make the building tall and strong. The skin protects the inside of the building. The skin of a skyscraper can be made of metal, stone, or glass. The brain controls the building temperature. The anatomy of a skyscraper is like a human body. All the parts have to work together. That's how a city skyscraper works properly.: To send a signal can also mean to send a
conversation
turn
system
message
The item asks for the main idea of how engineers design skyscrapers by comparing their structure and control systems to the human body, and it includes a vocabulary question about “send a signal” meaning to send a message.
Primary domain: reading comprehension / vocabulary-in-context. The item tests understanding that “send a signal” means to send a message or communication, based on the passage’s explanation of the building’s command center.
Low demand: this is a straightforward recall/comprehension item, not multi-step reasoning or synthesis. Endorsement only requires recognizing the synonym “signal” as a “message”/communication turn. Structural load is minimal; the main cue is a simple vocabulary substitution with no strong emotional wording, conditional logic, or tricky distractors.
A very low level of the underlying trait is needed; the item is highly supported by the passage and mainly requires basic reading comprehension and simple synonym recognition.","Original Text: In many ways, skyscrapers are like the human body. They have bones that keep it tall and strong and skin to protect the body. They have a command center that is like a brain. How do engineers design and build strong and smart skyscrapers? It is very challenging to build a skyscraper because there are many parts that have to work together. If one part is broken, the skyscraper will not work properly. First, engineers need a strong and tall frame that supports the floors and walls. This frame is like the bones of a skyscraper. The bones of a skyscraper are made of concrete, steel and other materials. The columns are like the backbone of a human body. The columns go up. The steel columns hold up each floor. There are also steel beams that go across each floor. The steel columns and beams must be strong to resist the force of gravity. The steel columns and beams must work together to form a strong backbone. Second, engineers need to design a command center. The command center is a computer that sends signals through wires in a skyscraper. For example, it sends signals to help bring fresh air into rooms, just like your lungs. The command center also controls the heating and air conditioning. It helps the building cool down when it’s too hot and warm up when it’s too cold. A skyscraper has many different parts that work together. The bones make the building tall and strong. The skin protects the inside of the building. The skin of a skyscraper can be made of metal, stone, or glass. The brain controls the building temperature. The anatomy of a skyscraper is like a human body. All the parts have to work together. That's how a city skyscraper works properly.: To send a signal can also mean to send a
conversation
turn
system
message
The item asks the reader to identify the meaning of “signal” in the skyscraper passage, where it refers to sending a message or instruction through wires to control building systems.
This item is primarily measuring vocabulary/word meaning in context. It asks the reader to infer the meaning of “signal” from the passage, where it refers to transmitting information or instructions through wires, so the target skill is contextual word understanding.
Core ask: assess the item’s cognitive demand and note wording/features that raise difficulty.

This is a low-to-moderate cognitive-demand vocabulary-in-context item. It mainly requires recall plus simple inference from context, not multi-step reasoning or synthesis. The reader must map “send signals through wires” to the intended meaning of “signal” and choose a likely synonym/related meaning.

Load-increasing features:
- Long passage before a short question, increasing reading burden.
- Extended analogy (skyscraper/body) may distract from the target word.
- Multiple uses of “signal” in a technical context require context-sensitive interpretation rather than pure definition recall.
- The phrasing “can also mean” cues polysemy, which slightly raises ambiguity.
The item appears to require a relatively low to moderate level of the underlying trait, since the correct response depends on recognizing a common multiple-meaning word from clear context rather than making a highly complex inference.","Original Text: In many ways, skyscrapers are like the human body. They have bones that keep it tall and strong and skin to protect the body. They have a command center that is like a brain. How do engineers design and build strong and smart skyscrapers? It is very challenging to build a skyscraper because there are many parts that have to work together. If one part is broken, the skyscraper will not work properly. First, engineers need a strong and tall frame that supports the floors and walls. This frame is like the bones of a skyscraper. The bones of a skyscraper are made of concrete, steel and other materials. The columns are like the backbone of a human body. The columns go up. The steel columns hold up each floor. There are also steel beams that go across each floor. The steel columns and beams must be strong to resist the force of gravity. The steel columns and beams must work together to form a strong backbone. Second, engineers need to design a command center. The command center is a computer that sends signals through wires in a skyscraper. For example, it sends signals to help bring fresh air into rooms, just like your lungs. The command center also controls the heating and air conditioning. It helps the building cool down when it’s too hot and warm up when it’s too cold. A skyscraper has many different parts that work together. The bones make the building tall and strong. The skin protects the inside of the building. The skin of a skyscraper can be made of metal, stone, or glass. The brain controls the building temperature. The anatomy of a skyscraper is like a human body. All the parts have to work together. That's how a city skyscraper works properly.: To send a signal can also mean to send a
conversation
turn
system
message
The task is to identify another meaning of “send a signal,” specifically what someone can send besides an electronic signal.
The item measures **vocabulary knowledge—understanding the meaning of “signal” in context**. It asks learners to recognize that “to send a signal” can mean **to send a message or communication**.
This is a low-demand vocabulary/reading item requiring direct recall of the passage: “send a signal” means send a **message**. It involves minimal reasoning and no synthesis. The wording is simple, though the technical context and abstract synonyms (“signal,” “message”) may create slight semantic ambiguity; the distractors are related but incorrect.
The item requires a **low to moderate level of language comprehension and vocabulary**, specifically recognizing that sending a signal can mean sending a **message**. It does not require advanced cognitive ability or strong psychological/attitudinal traits.","Original Text: In many ways, skyscrapers are like the human body. They have bones that keep it tall and strong and skin to protect the body. They have a command center that is like a brain. How do engineers design and build strong and smart skyscrapers? It is very challenging to build a skyscraper because there are many parts that have to work together. If one part is broken, the skyscraper will not work properly. First, engineers need a strong and tall frame that supports the floors and walls. This frame is like the bones of a skyscraper. The bones of a skyscraper are made of concrete, steel and other materials. The columns are like the backbone of a human body. The columns go up. The steel columns hold up each floor. There are also steel beams that go across each floor. The steel columns and beams must be strong to resist the force of gravity. The steel columns and beams must work together to form a strong backbone. Second, engineers need to design a command center. The command center is a computer that sends signals through wires in a skyscraper. For example, it sends signals to help bring fresh air into rooms, just like your lungs. The command center also controls the heating and air conditioning. It helps the building cool down when it’s too hot and warm up when it’s too cold. A skyscraper has many different parts that work together. The bones make the building tall and strong. The skin protects the inside of the building. The skin of a skyscraper can be made of metal, stone, or glass. The brain controls the building temperature. The anatomy of a skyscraper is like a human body. All the parts have to work together. That's how a city skyscraper works properly.: To send a signal can also mean to send a
conversation
turn
system
message
Identify what “send a signal” means: send a message.
**Reading vocabulary—interpreting words in context.** The item assesses whether the reader understands that “send a signal” can mean “send a message,” using the skyscraper passage for context.
This is a low-demand vocabulary-in-context item requiring simple recall/inference: “send a signal” means “send a message.” The long passage adds reading load, but the answer relies on one familiar phrase. Distractors are related to communication or building functions but are not strong; no multi-step reasoning, conditional logic, or emotional wording is involved.
This item requires a low to moderate level of reading comprehension, as the respondent must recognize that “send a signal” means “send a message.”",2.051554800277506,-0.3576987789872988,-0.4913797667020265,-0.4873986861337789,0.6142221022874043,492.0,gilbert_meta_8,-0.053752084175747505,0.34137003297064916,-0.04369107547823738,0.27747433620924516,-0.36818670655005203,0.36950371927150427,-0.2665667019946776,0.267520217511118,-0.9216557293681196,0.38479493034587237,-0.6565343838967487,0.2741057148252327,-2.2314550995060944,0.47558972957246237,-2.023693528998448,0.43130953358951296,-1.1534113829794401,0.38716948858725997,-0.849653357376849,0.28520600776653415,-0.6076525795274269,0.36324080264830844,-0.4577644302501243,0.27364109800573255,-0.8793304934416337,0.37568879555724255,-0.6696062018507114,0.28608532212541915
s_cc_4_2021,"A human is a primate. In primates, the heart sends oxygen in the blood all around the body. The body must have oxygen to function properly. The strong heart muscle contracts to pump blood all around the body. A healthy heart never rests. But what happens when a person’s heart gets weaker? People with weak hearts need help. Scientists have to study a medical mystery. Then they might be able to help people. First, scientists need to diagnose the reasons that a human heart gets weak. They need to do tests. But sometimes it would be hard on a sick person to have tests done. So, scientists study animals that have body systems like humans. Scientists knew that the macaque monkey’s heart is similar to the human heart. So, they did tests with macaque monkeys. The scientists learned what happens when a monkey has a heart attack. After a heart attack, the monkey’s heart muscle has scar tissue where it was damaged. The scar tissue cannot contract like a strong heart muscle can. Then the monkey’s heart cannot pump enough blood to give the body the oxygen it needs. Without enough oxygen, the monkey’s body cannot function properly. Second, scientists wanted to try out new solutions that would keep the heart working. Sometimes the new solutions might fail. So, scientists didn’t want to try the solutions with people right away. They tried a solution with macaque monkeys. Scientists developed an idea. Then, they tested an idea. They injected human stem cells from the human heart into the monkey’s heart. After four weeks the human heart cells grew where the monkey’s scar tissue was. After three months, the monkey’s heart got stronger. Now scientists are using what they found in this experiment to help humans who have had heart attacks.",What medical mystery are scientists trying to study in this passage?,"A human is a primate. In primates, the heart sends oxygen in the blood all around the body. The body must have oxygen to function properly. The strong heart muscle contracts to pump blood all around the body. A healthy heart never rests. But what happens when a person’s heart gets weaker? People with weak hearts need help. Scientists have to study a medical mystery. Then they might be able to help people. First, scientists need to diagnose the reasons that a human heart gets weak. They need to do tests. But sometimes it would be hard on a sick person to have tests done. So, scientists study animals that have body systems like humans. Scientists knew that the macaque monkey’s heart is similar to the human heart. So, they did tests with macaque monkeys. The scientists learned what happens when a monkey has a heart attack. After a heart attack, the monkey’s heart muscle has scar tissue where it was damaged. The scar tissue cannot contract like a strong heart muscle can. Then the monkey’s heart cannot pump enough blood to give the body the oxygen it needs. Without enough oxygen, the monkey’s body cannot function properly. Second, scientists wanted to try out new solutions that would keep the heart working. Sometimes the new solutions might fail. So, scientists didn’t want to try the solutions with people right away. They tried a solution with macaque monkeys. Scientists developed an idea. Then, they tested an idea. They injected human stem cells from the human heart into the monkey’s heart. After four weeks the human heart cells grew where the monkey’s scar tissue was. After three months, the monkey’s heart got stronger. Now scientists are using what they found in this experiment to help humans who have had heart attacks.: What medical mystery are scientists trying to study in this passage?
How to help macaque monkeys stay strong
How to find macaque monkeys with weak hearts
How to help people after a heart attack
How to find scar tissue in a weak heart","Original Text: A human is a primate. In primates, the heart sends oxygen in the blood all around the body. The body must have oxygen to function properly. The strong heart muscle contracts to pump blood all around the body. A healthy heart never rests. But what happens when a person’s heart gets weaker? People with weak hearts need help. Scientists have to study a medical mystery. Then they might be able to help people. First, scientists need to diagnose the reasons that a human heart gets weak. They need to do tests. But sometimes it would be hard on a sick person to have tests done. So, scientists study animals that have body systems like humans. Scientists knew that the macaque monkey’s heart is similar to the human heart. So, they did tests with macaque monkeys. The scientists learned what happens when a monkey has a heart attack. After a heart attack, the monkey’s heart muscle has scar tissue where it was damaged. The scar tissue cannot contract like a strong heart muscle can. Then the monkey’s heart cannot pump enough blood to give the body the oxygen it needs. Without enough oxygen, the monkey’s body cannot function properly. Second, scientists wanted to try out new solutions that would keep the heart working. Sometimes the new solutions might fail. So, scientists didn’t want to try the solutions with people right away. They tried a solution with macaque monkeys. Scientists developed an idea. Then, they tested an idea. They injected human stem cells from the human heart into the monkey’s heart. After four weeks the human heart cells grew where the monkey’s scar tissue was. After three months, the monkey’s heart got stronger. Now scientists are using what they found in this experiment to help humans who have had heart attacks.: What medical mystery are scientists trying to study in this passage?
How to help macaque monkeys stay strong
How to find macaque monkeys with weak hearts
How to help people after a heart attack
How to find scar tissue in a weak heart
The core task of this item is to identify the specific medical mystery scientists are investigating, which involves using macaque monkeys as biological models to understand heart failure and test stem cell treatments to assist humans after a heart attack.
**Measured Construct:** Reading Comprehension (Main Idea Identification)

**Justification:** This item assesses the ability to identify the central objective of a scientific narrative by requiring the reader to distinguish between the experimental methodology (studying macaque monkeys) and the ultimate clinical goal (treating human heart attacks).
This analysis evaluates the cognitive demand and structural complexity of the reading comprehension item regarding the ""medical mystery"" of heart repair.

**Cognitive Demand:** This item requires **synthesis**. To identify the correct answer, the reader must integrate the text's narrative arc, connecting the initial problem (weak human hearts) and the experimental process (macaque monkey trials) to the ultimate objective (human treatment).

**Structural and Semantic Elements:**
*   **Procedural Distractors:** Options 1, 2, and 4 focus on the experimental methods or specific biological findings (monkeys and scar tissue). These act as ""near-neighbor"" distractors that increase cognitive load by requiring the reader to distinguish between the means of the study and its primary goal.
*   **Narrative Shift:** The text transitions from human health to animal testing and back to human application. This structure requires the reader to maintain focus on the overarching purpose despite the heavy emphasis on the monkey model in the middle paragraphs.
*   **Delayed Resolution:** While the ""medical mystery"" is introduced early, the specific solution being studied is only fully contextualized in the final sentence, necessitating a global rather than local understanding of the text.
To describe the level of the latent trait—specifically reading comprehension and cognitive processing—required to correctly identify the medical mystery in the passage, the item demands a **low to moderate** level of ability. The respondent must perform literal retrieval and identify the main idea, as the text explicitly states the goal of helping humans after heart attacks in both the introductory and concluding sentences. Success requires basic synthesis of information rather than complex inference or specialized domain knowledge.","Original Text: A human is a primate. In primates, the heart sends oxygen in the blood all around the body. The body must have oxygen to function properly. The strong heart muscle contracts to pump blood all around the body. A healthy heart never rests. But what happens when a person’s heart gets weaker? People with weak hearts need help. Scientists have to study a medical mystery. Then they might be able to help people. First, scientists need to diagnose the reasons that a human heart gets weak. They need to do tests. But sometimes it would be hard on a sick person to have tests done. So, scientists study animals that have body systems like humans. Scientists knew that the macaque monkey’s heart is similar to the human heart. So, they did tests with macaque monkeys. The scientists learned what happens when a monkey has a heart attack. After a heart attack, the monkey’s heart muscle has scar tissue where it was damaged. The scar tissue cannot contract like a strong heart muscle can. Then the monkey’s heart cannot pump enough blood to give the body the oxygen it needs. Without enough oxygen, the monkey’s body cannot function properly. Second, scientists wanted to try out new solutions that would keep the heart working. Sometimes the new solutions might fail. So, scientists didn’t want to try the solutions with people right away. They tried a solution with macaque monkeys. Scientists developed an idea. Then, they tested an idea. They injected human stem cells from the human heart into the monkey’s heart. After four weeks the human heart cells grew where the monkey’s scar tissue was. After three months, the monkey’s heart got stronger. Now scientists are using what they found in this experiment to help humans who have had heart attacks.: What medical mystery are scientists trying to study in this passage?
How to help macaque monkeys stay strong
How to find macaque monkeys with weak hearts
How to help people after a heart attack
How to find scar tissue in a weak heart
The core task of this item is to read a scenario about scientists testing stem cell treatments on macaque monkeys and answer a multiple-choice question identifying the primary medical mystery the researchers are attempting to solve.
The objective of this analysis is to identify the primary construct measured by the provided text and multiple-choice question, accompanied by a concise justification.

**Primary Skill:** Reading comprehension (identifying the main idea).

**Justification:** The item requires the reader to synthesize the informational passage to extract the overarching purpose of the scientists' research, distinguishing the ultimate goal (helping humans after a heart attack) from the experimental methods used (studying monkeys).
In analyzing the cognitive demand, required reasoning level, and structural elements that increase the difficulty of this reading comprehension item, the question requires synthesis and multi-step reasoning. The reader must connect an early, vague reference to a ""medical mystery"" with the passage's overarching conclusion about treating human heart attacks. The cognitive load is increased by tricky distractors that focus on macaque monkeys and scar tissue. Because the majority of the text details the monkey experiments, these distractors tempt readers into confusing the scientists' methodology with their ultimate goal, requiring the reader to bypass superficial keyword matching.
To successfully answer this item, a respondent requires a low to moderate level of the underlying latent trait of reading comprehension.","Original Text: A human is a primate. In primates, the heart sends oxygen in the blood all around the body. The body must have oxygen to function properly. The strong heart muscle contracts to pump blood all around the body. A healthy heart never rests. But what happens when a person’s heart gets weaker? People with weak hearts need help. Scientists have to study a medical mystery. Then they might be able to help people. First, scientists need to diagnose the reasons that a human heart gets weak. They need to do tests. But sometimes it would be hard on a sick person to have tests done. So, scientists study animals that have body systems like humans. Scientists knew that the macaque monkey’s heart is similar to the human heart. So, they did tests with macaque monkeys. The scientists learned what happens when a monkey has a heart attack. After a heart attack, the monkey’s heart muscle has scar tissue where it was damaged. The scar tissue cannot contract like a strong heart muscle can. Then the monkey’s heart cannot pump enough blood to give the body the oxygen it needs. Without enough oxygen, the monkey’s body cannot function properly. Second, scientists wanted to try out new solutions that would keep the heart working. Sometimes the new solutions might fail. So, scientists didn’t want to try the solutions with people right away. They tried a solution with macaque monkeys. Scientists developed an idea. Then, they tested an idea. They injected human stem cells from the human heart into the monkey’s heart. After four weeks the human heart cells grew where the monkey’s scar tissue was. After three months, the monkey’s heart got stronger. Now scientists are using what they found in this experiment to help humans who have had heart attacks.: What medical mystery are scientists trying to study in this passage?
How to help macaque monkeys stay strong
How to find macaque monkeys with weak hearts
How to help people after a heart attack
How to find scar tissue in a weak heart
The item presents a scenario about researchers studying macaque monkeys to understand heart damage and test stem-cell therapies, asking the reader to identify the primary medical objective scientists are investigating to treat humans recovering from heart attacks.
**Construct Measured:** Reading Comprehension (specifically, identifying the main idea/central purpose of an informational text).

**Justification:** This item evaluates a reader's ability to determine the overarching objective of a scientific passage by requiring them to distinguish the primary research goal—treating human heart attacks—from supporting experimental details involving animal models.
**Analysis of Item Demand and Complexity**

* **Cognitive Demand:** The item requires **synthesis** and main-idea identification. The reader must integrate information across the entire passage to distinguish the ultimate objective (treating human heart attack patients) from the intermediate experimental procedures.
* **Distractor Elements and Cognitive Load:** 
  * **Salience/Interference Distractors:** Options referencing macaque monkeys exploit the fact that the majority of the text details animal experimentation, requiring the test-taker to inhibit prominent surface details to identify the overarching purpose.
  * **Keyword Matching Traps:** Options utilizing verbatim terms from the text (*scar tissue*, *weak hearts*) introduce minor interference for readers reliant on basic recall rather than global comprehension.
  * **Structural Framing:** The straightforward, linear syntax and explicit chronological markers (*First*, *Second*, *Now*) maintain a low baseline reading load, keeping the demand focused strictly on distinguishing primary goals from supporting methodology.
To successfully identify the central problem being investigated in the passage, a respondent requires a **low to low-moderate level** of the underlying latent trait of reading comprehension and cognitive ability. The item necessitates only basic literal comprehension and the ability to differentiate the overarching main purpose (treating human heart attacks) from supporting methodological details (using macaque monkeys in experiments), skills typically mastered at an upper-elementary reading level.","Original Text: A human is a primate. In primates, the heart sends oxygen in the blood all around the body. The body must have oxygen to function properly. The strong heart muscle contracts to pump blood all around the body. A healthy heart never rests. But what happens when a person’s heart gets weaker? People with weak hearts need help. Scientists have to study a medical mystery. Then they might be able to help people. First, scientists need to diagnose the reasons that a human heart gets weak. They need to do tests. But sometimes it would be hard on a sick person to have tests done. So, scientists study animals that have body systems like humans. Scientists knew that the macaque monkey’s heart is similar to the human heart. So, they did tests with macaque monkeys. The scientists learned what happens when a monkey has a heart attack. After a heart attack, the monkey’s heart muscle has scar tissue where it was damaged. The scar tissue cannot contract like a strong heart muscle can. Then the monkey’s heart cannot pump enough blood to give the body the oxygen it needs. Without enough oxygen, the monkey’s body cannot function properly. Second, scientists wanted to try out new solutions that would keep the heart working. Sometimes the new solutions might fail. So, scientists didn’t want to try the solutions with people right away. They tried a solution with macaque monkeys. Scientists developed an idea. Then, they tested an idea. They injected human stem cells from the human heart into the monkey’s heart. After four weeks the human heart cells grew where the monkey’s scar tissue was. After three months, the monkey’s heart got stronger. Now scientists are using what they found in this experiment to help humans who have had heart attacks.: What medical mystery are scientists trying to study in this passage?
How to help macaque monkeys stay strong
How to find macaque monkeys with weak hearts
How to help people after a heart attack
How to find scar tissue in a weak heart
The passage is about figuring out how to help people after a heart attack.
Primary domain: reading comprehension in biomedical/scientific text. It measures the ability to identify the main research question, which is how to help people after a heart attack.
This is a low-severity reading-comprehension item requiring recall and simple inference from the passage, not deep reasoning or introspection. The wording is straightforward, with no tricky distractors or strong emotional language; the correct choice is the one about helping people after a heart attack.
A respondent would need a moderate level of reading comprehension and scientific reasoning to identify that the passage is about helping people after a heart attack.","Original Text: A human is a primate. In primates, the heart sends oxygen in the blood all around the body. The body must have oxygen to function properly. The strong heart muscle contracts to pump blood all around the body. A healthy heart never rests. But what happens when a person’s heart gets weaker? People with weak hearts need help. Scientists have to study a medical mystery. Then they might be able to help people. First, scientists need to diagnose the reasons that a human heart gets weak. They need to do tests. But sometimes it would be hard on a sick person to have tests done. So, scientists study animals that have body systems like humans. Scientists knew that the macaque monkey’s heart is similar to the human heart. So, they did tests with macaque monkeys. The scientists learned what happens when a monkey has a heart attack. After a heart attack, the monkey’s heart muscle has scar tissue where it was damaged. The scar tissue cannot contract like a strong heart muscle can. Then the monkey’s heart cannot pump enough blood to give the body the oxygen it needs. Without enough oxygen, the monkey’s body cannot function properly. Second, scientists wanted to try out new solutions that would keep the heart working. Sometimes the new solutions might fail. So, scientists didn’t want to try the solutions with people right away. They tried a solution with macaque monkeys. Scientists developed an idea. Then, they tested an idea. They injected human stem cells from the human heart into the monkey’s heart. After four weeks the human heart cells grew where the monkey’s scar tissue was. After three months, the monkey’s heart got stronger. Now scientists are using what they found in this experiment to help humans who have had heart attacks.: What medical mystery are scientists trying to study in this passage?
How to help macaque monkeys stay strong
How to find macaque monkeys with weak hearts
How to help people after a heart attack
How to find scar tissue in a weak heart
The item asks what medical problem scientists are investigating in the passage, with the correct focus being how to help people after a heart attack.
Primary construct: Reading comprehension of main idea/purpose in an informational science passage.

Justification: The item asks the reader to identify the central “medical mystery” scientists are studying, which requires integrating the passage’s details about weak hearts, heart attacks, animal testing, and stem-cell treatment to select the overall purpose: helping people after a heart attack.
Core ask: assess the item’s cognitive demand and note features that raise difficulty.

This is a low-to-moderate cognitive-demand reading comprehension item. It mainly requires recall plus simple synthesis across the passage: identifying that the “medical mystery” is how to help humans with weakened hearts after heart attacks, not details about monkeys. Cognitive load is increased by the long passage, the repeated discussion of both humans and macaque monkeys, and distractors that reuse passage language (“weak hearts,” “scar tissue,” “macaque monkeys”) but target narrower or secondary details rather than the main purpose. The correct answer depends on tracking the passage’s overall goal rather than a single sentence.
The item appears to require a low-to-moderate level of the latent trait—roughly basic to somewhat developed reading comprehension. A respondent mainly needs to identify the passage’s central purpose and connect the animal research back to its stated human-health goal, rather than make a highly complex inference.","Original Text: A human is a primate. In primates, the heart sends oxygen in the blood all around the body. The body must have oxygen to function properly. The strong heart muscle contracts to pump blood all around the body. A healthy heart never rests. But what happens when a person’s heart gets weaker? People with weak hearts need help. Scientists have to study a medical mystery. Then they might be able to help people. First, scientists need to diagnose the reasons that a human heart gets weak. They need to do tests. But sometimes it would be hard on a sick person to have tests done. So, scientists study animals that have body systems like humans. Scientists knew that the macaque monkey’s heart is similar to the human heart. So, they did tests with macaque monkeys. The scientists learned what happens when a monkey has a heart attack. After a heart attack, the monkey’s heart muscle has scar tissue where it was damaged. The scar tissue cannot contract like a strong heart muscle can. Then the monkey’s heart cannot pump enough blood to give the body the oxygen it needs. Without enough oxygen, the monkey’s body cannot function properly. Second, scientists wanted to try out new solutions that would keep the heart working. Sometimes the new solutions might fail. So, scientists didn’t want to try the solutions with people right away. They tried a solution with macaque monkeys. Scientists developed an idea. Then, they tested an idea. They injected human stem cells from the human heart into the monkey’s heart. After four weeks the human heart cells grew where the monkey’s scar tissue was. After three months, the monkey’s heart got stronger. Now scientists are using what they found in this experiment to help humans who have had heart attacks.: What medical mystery are scientists trying to study in this passage?
How to help macaque monkeys stay strong
How to find macaque monkeys with weak hearts
How to help people after a heart attack
How to find scar tissue in a weak heart
The passage asks what medical problem scientists are investigating: **how to help people after a heart attack**.
**Primary skill:** Reading comprehension—identifying the central research question.

**Justification:** The passage explains that scientists studied macaque monkeys to develop treatments that could strengthen human hearts after heart attacks. The correct answer is **“How to help people after a heart attack.”**
This is a **basic recall/comprehension item**, requiring the reader to identify the passage’s central medical goal, with minimal reasoning or synthesis. The correct answer is **“How to help people after a heart attack.”**

Cognitive load is slightly increased by the passage’s length, two-step experimental sequence, and distractors mentioning macaque monkeys, weak hearts, and scar tissue. The question itself is straightforward, with no complex phrasing, conditional logic, or emotional threshold.
The item requires a **low-to-moderate level of reading comprehension**: the respondent must identify the passage’s explicitly stated central purpose—developing ways to help people after heart attacks—rather than infer complex information.","Original Text: A human is a primate. In primates, the heart sends oxygen in the blood all around the body. The body must have oxygen to function properly. The strong heart muscle contracts to pump blood all around the body. A healthy heart never rests. But what happens when a person’s heart gets weaker? People with weak hearts need help. Scientists have to study a medical mystery. Then they might be able to help people. First, scientists need to diagnose the reasons that a human heart gets weak. They need to do tests. But sometimes it would be hard on a sick person to have tests done. So, scientists study animals that have body systems like humans. Scientists knew that the macaque monkey’s heart is similar to the human heart. So, they did tests with macaque monkeys. The scientists learned what happens when a monkey has a heart attack. After a heart attack, the monkey’s heart muscle has scar tissue where it was damaged. The scar tissue cannot contract like a strong heart muscle can. Then the monkey’s heart cannot pump enough blood to give the body the oxygen it needs. Without enough oxygen, the monkey’s body cannot function properly. Second, scientists wanted to try out new solutions that would keep the heart working. Sometimes the new solutions might fail. So, scientists didn’t want to try the solutions with people right away. They tried a solution with macaque monkeys. Scientists developed an idea. Then, they tested an idea. They injected human stem cells from the human heart into the monkey’s heart. After four weeks the human heart cells grew where the monkey’s scar tissue was. After three months, the monkey’s heart got stronger. Now scientists are using what they found in this experiment to help humans who have had heart attacks.: What medical mystery are scientists trying to study in this passage?
How to help macaque monkeys stay strong
How to find macaque monkeys with weak hearts
How to help people after a heart attack
How to find scar tissue in a weak heart
Identify the medical mystery scientists are studying: how to help people recover after a heart attack.
**Reading comprehension—identifying the central research purpose.** The item measures whether the reader understands that scientists study macaque hearts to learn **how to help people after a heart attack**.
**Low-to-moderate cognitive demand.** The item asks readers to identify the study’s central purpose: **helping people after a heart attack**. It requires basic synthesis across a long passage rather than simple verbatim recall. Cognitive load comes from the passage length, causal sequence, and distractors that reuse details about monkeys, weak hearts, and scar tissue. Phrasing and logic are otherwise straightforward.
This item requires a **low-to-moderate level of reading comprehension ability**, as the medical mystery—how to help people after a heart attack—is stated clearly and reinforced throughout the passage.",1.5049612351184474,0.1636710355008559,0.2998686848937286,0.3599784513459766,1.4332985285734614,752.0,gilbert_meta_8,0.6342505392773772,0.38950431794718204,0.5155351389366899,0.3165991201176161,1.6109403919587288,0.4690774520136338,1.166318771848638,0.3396114719485201,0.9518723394079375,0.41224432613814777,0.6780589541064311,0.29365908120768325,1.1331588283462541,0.4035099938970287,1.0276550887173763,0.36594084448141495,1.0272154128559956,0.4027779775161491,0.756691876950117,0.29670390454275003,0.8834382803493219,0.3928459413966126,0.665522758711508,0.2959436108694694,1.2623584841884257,0.43373130211028565,0.9612802879871231,0.33028442888761167
s_cc_16_2021,"Some birds that are here today are smaller than they were many years ago. Why is this happening? It is a mystery. How do scientists study a mystery? First, scientists try to understand the bird’s skeletal and muscular systems. Those systems help birds to fly. One thing scientists know is that birds’ bones are hollow inside. So, they don’t weigh much. Birds’ skeletons weigh less than their feathers. They have also learned that a bird wing works like a human arm. Birds contract their chest muscles to make their wings flap. Second, scientists try to diagnose the reasons that the birds’ bodies might have changed over time. Some scientists thought that birds’ skeletal or muscular systems might have changed. So, they studied migratory birds in North America. Migratory birds fly long distances to warmer places for the winter. Third, scientists measured the physical characteristics of the birds. They measured the size of the birds’ bones. They found some of the birds’ bones were shorter than they were 40 years ago. For example, the lower leg bone of many birds is smaller. Fourth, scientists measured the migratory birds’ wings. They found the birds’ wings are longer than they used to be. Many scientists asked, “Why are the birds’ bones smaller than they used be. But their wings are longer?” They thought about the long distance the birds fly in winter. They thought that the birds’ bodies changed to adapt to the long winter flight. They would need a lot of energy for the flight. A smaller body would have smaller muscles and less fat. But smaller bones and longer wings would make flying easier. Over time, these characteristics of birds have become more common. The scientists came up with some very good ideas about why these skeletal changes might be occurring.","Scientists found that when one part of a bird became smaller, another part became?","Some birds that are here today are smaller than they were many years ago. Why is this happening? It is a mystery. How do scientists study a mystery? First, scientists try to understand the bird’s skeletal and muscular systems. Those systems help birds to fly. One thing scientists know is that birds’ bones are hollow inside. So, they don’t weigh much. Birds’ skeletons weigh less than their feathers. They have also learned that a bird wing works like a human arm. Birds contract their chest muscles to make their wings flap. Second, scientists try to diagnose the reasons that the birds’ bodies might have changed over time. Some scientists thought that birds’ skeletal or muscular systems might have changed. So, they studied migratory birds in North America. Migratory birds fly long distances to warmer places for the winter. Third, scientists measured the physical characteristics of the birds. They measured the size of the birds’ bones. They found some of the birds’ bones were shorter than they were 40 years ago. For example, the lower leg bone of many birds is smaller. Fourth, scientists measured the migratory birds’ wings. They found the birds’ wings are longer than they used to be. Many scientists asked, “Why are the birds’ bones smaller than they used be. But their wings are longer?” They thought about the long distance the birds fly in winter. They thought that the birds’ bodies changed to adapt to the long winter flight. They would need a lot of energy for the flight. A smaller body would have smaller muscles and less fat. But smaller bones and longer wings would make flying easier. Over time, these characteristics of birds have become more common. The scientists came up with some very good ideas about why these skeletal changes might be occurring.: Scientists found that when one part of a bird became smaller, another part became?
heavier
smaller
lighter
larger","Original Text: Some birds that are here today are smaller than they were many years ago. Why is this happening? It is a mystery. How do scientists study a mystery? First, scientists try to understand the bird’s skeletal and muscular systems. Those systems help birds to fly. One thing scientists know is that birds’ bones are hollow inside. So, they don’t weigh much. Birds’ skeletons weigh less than their feathers. They have also learned that a bird wing works like a human arm. Birds contract their chest muscles to make their wings flap. Second, scientists try to diagnose the reasons that the birds’ bodies might have changed over time. Some scientists thought that birds’ skeletal or muscular systems might have changed. So, they studied migratory birds in North America. Migratory birds fly long distances to warmer places for the winter. Third, scientists measured the physical characteristics of the birds. They measured the size of the birds’ bones. They found some of the birds’ bones were shorter than they were 40 years ago. For example, the lower leg bone of many birds is smaller. Fourth, scientists measured the migratory birds’ wings. They found the birds’ wings are longer than they used to be. Many scientists asked, “Why are the birds’ bones smaller than they used be. But their wings are longer?” They thought about the long distance the birds fly in winter. They thought that the birds’ bodies changed to adapt to the long winter flight. They would need a lot of energy for the flight. A smaller body would have smaller muscles and less fat. But smaller bones and longer wings would make flying easier. Over time, these characteristics of birds have become more common. The scientists came up with some very good ideas about why these skeletal changes might be occurring.: Scientists found that when one part of a bird became smaller, another part became?
heavier
smaller
lighter
larger
This item asks the reader to identify the specific physical change that occurred in birds' wings as their bones became smaller, based on a passage describing scientific research into avian skeletal adaptations for migration.
This item measures the skill of **Reading Comprehension (Literal Retrieval)**. The core idea is to identify the specific cognitive skill or knowledge domain assessed by the question. The item requires the reader to locate and retrieve a specific detail from the text—that while birds' bones became smaller, their wings became longer (larger)—to identify the correct contrasting relationship.
This analysis evaluates the cognitive demand and structural complexity of the bird adaptation item.

**Cognitive Demand:** This item requires **synthesis**. To answer correctly, the reader must integrate two distinct findings presented in separate sections of the text—that bones became smaller/shorter while wings became longer—to identify the inverse relationship between the body parts.

**Structural and Semantic Elements:**
*   **Contrastive Logic:** The item hinges on the text’s ""smaller... but... longer"" framework, requiring the reader to track shifting variables.
*   **Synonym Mapping:** The correct response (""larger"") requires the reader to map the text's specific physical descriptor (""longer"") to a more general category of size.
*   **Thematic Distractors:** The options ""smaller"" and ""lighter"" increase cognitive load by utilizing ""lure"" terms found elsewhere in the passage (e.g., hollow bones and overall body size reduction) to distract from the specific relationship requested.
To describe the level of the underlying latent trait required to correctly identify the physical change in birds, this item necessitates a **low to moderate level of literal reading comprehension**. A respondent must possess the cognitive ability to retrieve explicitly stated information from the text and recognize a simple contrast—specifically, that while bird bones became smaller, their wings became longer (larger). The item does not require high-level inferential reasoning or specialized scientific knowledge.","Original Text: Some birds that are here today are smaller than they were many years ago. Why is this happening? It is a mystery. How do scientists study a mystery? First, scientists try to understand the bird’s skeletal and muscular systems. Those systems help birds to fly. One thing scientists know is that birds’ bones are hollow inside. So, they don’t weigh much. Birds’ skeletons weigh less than their feathers. They have also learned that a bird wing works like a human arm. Birds contract their chest muscles to make their wings flap. Second, scientists try to diagnose the reasons that the birds’ bodies might have changed over time. Some scientists thought that birds’ skeletal or muscular systems might have changed. So, they studied migratory birds in North America. Migratory birds fly long distances to warmer places for the winter. Third, scientists measured the physical characteristics of the birds. They measured the size of the birds’ bones. They found some of the birds’ bones were shorter than they were 40 years ago. For example, the lower leg bone of many birds is smaller. Fourth, scientists measured the migratory birds’ wings. They found the birds’ wings are longer than they used to be. Many scientists asked, “Why are the birds’ bones smaller than they used be. But their wings are longer?” They thought about the long distance the birds fly in winter. They thought that the birds’ bodies changed to adapt to the long winter flight. They would need a lot of energy for the flight. A smaller body would have smaller muscles and less fat. But smaller bones and longer wings would make flying easier. Over time, these characteristics of birds have become more common. The scientists came up with some very good ideas about why these skeletal changes might be occurring.: Scientists found that when one part of a bird became smaller, another part became?
heavier
smaller
lighter
larger
The objective of this prompt is to summarize the core scenario and question presented in the text. The scenario describes scientists investigating physical adaptations in migratory birds, discovering that while the birds' bones have become smaller over time, their wings have grown longer. The core task asks the reader to use this information to identify that when one part of the bird became smaller, another part became larger.
In determining the primary skill this item attempts to measure and providing a brief rationale:

**Primary Skill:** Reading comprehension (literal detail extraction). 

**Justification:** The question requires the reader to locate and synthesize explicitly stated facts within the informational passage—specifically, connecting the detail that the birds' bones became smaller with the detail that their wings became longer (larger).
In evaluating the cognitive demand and structural elements that establish the difficulty of this reading comprehension item, the task requires multi-step reasoning and synthesis. The cognitive load is increased by semantic substitution, as the text explicitly states the birds' wings grew ""longer,"" requiring the reader to map this to the synonymous answer choice ""larger."" Additionally, the lengthy, sequential presentation of facts requires the reader to hold contrasting physical changes (smaller bones versus longer wings) in working memory to successfully deduce the inverse relationship being tested.
Regarding the overall level of the underlying latent trait required to successfully answer this item, a low level of reading comprehension is necessary, as the respondent only needs basic information retrieval skills to match the explicit text stating bones became ""smaller"" while wings became ""longer"" (larger).","Original Text: Some birds that are here today are smaller than they were many years ago. Why is this happening? It is a mystery. How do scientists study a mystery? First, scientists try to understand the bird’s skeletal and muscular systems. Those systems help birds to fly. One thing scientists know is that birds’ bones are hollow inside. So, they don’t weigh much. Birds’ skeletons weigh less than their feathers. They have also learned that a bird wing works like a human arm. Birds contract their chest muscles to make their wings flap. Second, scientists try to diagnose the reasons that the birds’ bodies might have changed over time. Some scientists thought that birds’ skeletal or muscular systems might have changed. So, they studied migratory birds in North America. Migratory birds fly long distances to warmer places for the winter. Third, scientists measured the physical characteristics of the birds. They measured the size of the birds’ bones. They found some of the birds’ bones were shorter than they were 40 years ago. For example, the lower leg bone of many birds is smaller. Fourth, scientists measured the migratory birds’ wings. They found the birds’ wings are longer than they used to be. Many scientists asked, “Why are the birds’ bones smaller than they used be. But their wings are longer?” They thought about the long distance the birds fly in winter. They thought that the birds’ bodies changed to adapt to the long winter flight. They would need a lot of energy for the flight. A smaller body would have smaller muscles and less fat. But smaller bones and longer wings would make flying easier. Over time, these characteristics of birds have become more common. The scientists came up with some very good ideas about why these skeletal changes might be occurring.: Scientists found that when one part of a bird became smaller, another part became?
heavier
smaller
lighter
larger
The core task is a reading comprehension question requiring the reader to identify how a specific body part changed when another part decreased in size, based on an informational passage detailing scientific observations of migratory bird adaptations over time.
**Primary Skill / Domain Measured:** Reading Comprehension: Explicit Information Recall (English Language Arts / Informational Text Literacy).

**Justification:** This item evaluates a reader's ability to locate, extract, and comprehend directly stated factual relationships within an informational science text—specifically identifying the inverse physical adaptation that while certain bird bones decreased in size, their wings became longer (larger).
**Cognitive Demand and Item Complexity Analysis**

*   **Processing Demand:** The item requires low-to-moderate cognitive demand, functioning primarily through straightforward recall and basic semantic association rather than complex multi-step reasoning.
*   **Semantic Abstraction:** The correct response requires a minor conceptual leap, translating the text's specific phrasing (""longer"" wings) into a more generalized dimensional term (""larger"").
*   **Plausible Thematic Distractors:** The incorrect options (""lighter,"" ""heavier"") increase cognitive load by exploiting topical details explicitly mentioned in the text (e.g., hollow bones, weight reduction) to distract from the core dimensional comparison (smaller vs. longer/larger).
To determine the underlying latent trait needed to correctly answer this reading comprehension question, a respondent requires a **low-to-moderate (basic) level of cognitive ability and reading comprehension**. The question relies on direct literal retrieval, requiring only the identification of explicitly stated, contrasting physical adaptations (smaller bones paired with longer/larger wings) found directly within the simple, accessible text.","Original Text: Some birds that are here today are smaller than they were many years ago. Why is this happening? It is a mystery. How do scientists study a mystery? First, scientists try to understand the bird’s skeletal and muscular systems. Those systems help birds to fly. One thing scientists know is that birds’ bones are hollow inside. So, they don’t weigh much. Birds’ skeletons weigh less than their feathers. They have also learned that a bird wing works like a human arm. Birds contract their chest muscles to make their wings flap. Second, scientists try to diagnose the reasons that the birds’ bodies might have changed over time. Some scientists thought that birds’ skeletal or muscular systems might have changed. So, they studied migratory birds in North America. Migratory birds fly long distances to warmer places for the winter. Third, scientists measured the physical characteristics of the birds. They measured the size of the birds’ bones. They found some of the birds’ bones were shorter than they were 40 years ago. For example, the lower leg bone of many birds is smaller. Fourth, scientists measured the migratory birds’ wings. They found the birds’ wings are longer than they used to be. Many scientists asked, “Why are the birds’ bones smaller than they used be. But their wings are longer?” They thought about the long distance the birds fly in winter. They thought that the birds’ bodies changed to adapt to the long winter flight. They would need a lot of energy for the flight. A smaller body would have smaller muscles and less fat. But smaller bones and longer wings would make flying easier. Over time, these characteristics of birds have become more common. The scientists came up with some very good ideas about why these skeletal changes might be occurring.: Scientists found that when one part of a bird became smaller, another part became?
heavier
smaller
lighter
larger
The task is to identify the conclusion about the birds’ body changes: when one part became smaller, another part became **larger**.
Primary domain: reading comprehension / science literacy. It assesses understanding of a passage’s causal explanation and inference about bird adaptation over time. The correct choice is **larger**, because the passage says that when one part of a bird became smaller, another part became longer.
This is a low-to-moderate demand reading-comprehension item requiring recall plus simple inference from the passage. The wording is straightforward, but the question uses a comparative relationship (“when one part became smaller, another part became…”) that requires linking two details and selecting the implied opposite change. The correct choice is **larger**.
A low latent trait level is required: the item can be answered correctly with basic reading comprehension and simple inference, without advanced cognitive ability or specialized knowledge.","Original Text: Some birds that are here today are smaller than they were many years ago. Why is this happening? It is a mystery. How do scientists study a mystery? First, scientists try to understand the bird’s skeletal and muscular systems. Those systems help birds to fly. One thing scientists know is that birds’ bones are hollow inside. So, they don’t weigh much. Birds’ skeletons weigh less than their feathers. They have also learned that a bird wing works like a human arm. Birds contract their chest muscles to make their wings flap. Second, scientists try to diagnose the reasons that the birds’ bodies might have changed over time. Some scientists thought that birds’ skeletal or muscular systems might have changed. So, they studied migratory birds in North America. Migratory birds fly long distances to warmer places for the winter. Third, scientists measured the physical characteristics of the birds. They measured the size of the birds’ bones. They found some of the birds’ bones were shorter than they were 40 years ago. For example, the lower leg bone of many birds is smaller. Fourth, scientists measured the migratory birds’ wings. They found the birds’ wings are longer than they used to be. Many scientists asked, “Why are the birds’ bones smaller than they used be. But their wings are longer?” They thought about the long distance the birds fly in winter. They thought that the birds’ bodies changed to adapt to the long winter flight. They would need a lot of energy for the flight. A smaller body would have smaller muscles and less fat. But smaller bones and longer wings would make flying easier. Over time, these characteristics of birds have become more common. The scientists came up with some very good ideas about why these skeletal changes might be occurring.: Scientists found that when one part of a bird became smaller, another part became?
heavier
smaller
lighter
larger
The item asks the reader to identify the relationship scientists found in birds’ body changes: when one part became smaller, another part became larger.
This item is primarily measuring science reading comprehension, specifically the skill of extracting and integrating stated information from an informational passage. The correct inference comes from identifying that as birds’ bones became smaller, their wings became longer, so it assesses understanding of comparative physical changes described in the text.
Core ask: assess the item’s cognitive demand and note features that raise difficulty.

Moderate cognitive demand: this is mainly multi-step reasoning, not simple recall. The reader must integrate the passage’s finding that birds’ bones became smaller while wings became longer, then infer the relationship asked in the final sentence.

Load-increasing elements:
- Long passage with multiple procedural steps and details, creating memory burden.
- The question paraphrases the key finding (“one part became smaller, another part became…”) rather than repeating it exactly.
- Several plausible distractors, especially “smaller” and “lighter,” because the passage discusses reduced body size and weight.
- Requires linking “another part” specifically to wings, not just any body feature.
- Minor wording awkwardness/errors in the passage can slightly increase processing demand.

Threshold for endorsement: not applicable; this is a cognitive comprehension item, not attitudinal.
This item appears to require a relatively low to moderate level of the underlying trait, since the correct response depends mainly on recalling or recognizing an explicitly stated relationship in the passage: as some bird bones became smaller, the wings became longer, so another part became larger.","Original Text: Some birds that are here today are smaller than they were many years ago. Why is this happening? It is a mystery. How do scientists study a mystery? First, scientists try to understand the bird’s skeletal and muscular systems. Those systems help birds to fly. One thing scientists know is that birds’ bones are hollow inside. So, they don’t weigh much. Birds’ skeletons weigh less than their feathers. They have also learned that a bird wing works like a human arm. Birds contract their chest muscles to make their wings flap. Second, scientists try to diagnose the reasons that the birds’ bodies might have changed over time. Some scientists thought that birds’ skeletal or muscular systems might have changed. So, they studied migratory birds in North America. Migratory birds fly long distances to warmer places for the winter. Third, scientists measured the physical characteristics of the birds. They measured the size of the birds’ bones. They found some of the birds’ bones were shorter than they were 40 years ago. For example, the lower leg bone of many birds is smaller. Fourth, scientists measured the migratory birds’ wings. They found the birds’ wings are longer than they used to be. Many scientists asked, “Why are the birds’ bones smaller than they used be. But their wings are longer?” They thought about the long distance the birds fly in winter. They thought that the birds’ bodies changed to adapt to the long winter flight. They would need a lot of energy for the flight. A smaller body would have smaller muscles and less fat. But smaller bones and longer wings would make flying easier. Over time, these characteristics of birds have become more common. The scientists came up with some very good ideas about why these skeletal changes might be occurring.: Scientists found that when one part of a bird became smaller, another part became?
heavier
smaller
lighter
larger
Identify what happened to another part of the bird when one part became smaller: it became **larger**.
**Primary domain:** Reading comprehension—recall of explicit details and comparative relationships.  

**Justification:** The item requires identifying from the passage that as birds’ bones became smaller, their wings became larger/longer.
This is a reading-comprehension item requiring recall plus a simple cross-sentence inference: smaller bones correspond to longer/larger wings. The correct answer is **larger**. Cognitive load is modest, increased by paraphrasing (“longer” → “larger”) and distractors drawn from related body-size terms.
This item requires a **low-to-moderate level of reading comprehension and factual recall**: the respondent must identify from the passage that as some bird bones became smaller, the wings became **larger** (longer).","Original Text: Some birds that are here today are smaller than they were many years ago. Why is this happening? It is a mystery. How do scientists study a mystery? First, scientists try to understand the bird’s skeletal and muscular systems. Those systems help birds to fly. One thing scientists know is that birds’ bones are hollow inside. So, they don’t weigh much. Birds’ skeletons weigh less than their feathers. They have also learned that a bird wing works like a human arm. Birds contract their chest muscles to make their wings flap. Second, scientists try to diagnose the reasons that the birds’ bodies might have changed over time. Some scientists thought that birds’ skeletal or muscular systems might have changed. So, they studied migratory birds in North America. Migratory birds fly long distances to warmer places for the winter. Third, scientists measured the physical characteristics of the birds. They measured the size of the birds’ bones. They found some of the birds’ bones were shorter than they were 40 years ago. For example, the lower leg bone of many birds is smaller. Fourth, scientists measured the migratory birds’ wings. They found the birds’ wings are longer than they used to be. Many scientists asked, “Why are the birds’ bones smaller than they used be. But their wings are longer?” They thought about the long distance the birds fly in winter. They thought that the birds’ bodies changed to adapt to the long winter flight. They would need a lot of energy for the flight. A smaller body would have smaller muscles and less fat. But smaller bones and longer wings would make flying easier. Over time, these characteristics of birds have become more common. The scientists came up with some very good ideas about why these skeletal changes might be occurring.: Scientists found that when one part of a bird became smaller, another part became?
heavier
smaller
lighter
larger
Scientists found that as birds’ bodies and bones became smaller, their wings became **larger**.
**Primary skill: Reading comprehension—identifying explicitly stated contrasting details.** The item asks learners to connect that birds’ bones became smaller while their wings became **larger/longer**.
Low demand; requires recall and a simple comparison from the passage: bones became smaller while wings became longer, so the answer is **larger**. Cognitive load is mildly increased by the long passage, multiple scientific details, and distractors using related size/weight terms, but no multi-step reasoning or synthesis is needed.
This item requires a relatively low level of reading comprehension: respondents need to identify that as birds’ bodies or bones became smaller, their wings became **larger**.",0.9737296901703486,0.1422957241217459,0.1777743408515048,0.2304025654968403,1.2591067808652014,699.0,gilbert_meta_8,-0.49798074454532404,0.4178028538678057,-0.4047715475645745,0.3396008974029224,-0.3866955490934524,0.445427087947916,-0.27996708019073907,0.3224886387831277,-0.12718227121232917,0.41691929348624324,-0.09059731460707392,0.2969892583115825,0.07578495867862028,0.3962663119667578,0.06872893409653826,0.35937159186608936,0.5834791334243056,0.4205132110791285,0.429816292772041,0.30976845459229346,0.5763920709845407,0.4226784466043755,0.4342148735386361,0.3184174062740507,-0.6549569402913975,0.4452507589298203,-0.49874675384880857,0.3390564432620044
s_cc_11_2021,"A human is a primate. In primates, the heart sends oxygen in the blood all around the body. The body must have oxygen to function properly. The strong heart muscle contracts to pump blood all around the body. A healthy heart never rests. But what happens when a person’s heart gets weaker? People with weak hearts need help. Scientists have to study a medical mystery. Then they might be able to help people. First, scientists need to diagnose the reasons that a human heart gets weak. They need to do tests. But sometimes it would be hard on a sick person to have tests done. So, scientists study animals that have body systems like humans. Scientists knew that the macaque monkey’s heart is similar to the human heart. So, they did tests with macaque monkeys. The scientists learned what happens when a monkey has a heart attack. After a heart attack, the monkey’s heart muscle has scar tissue where it was damaged. The scar tissue cannot contract like a strong heart muscle can. Then the monkey’s heart cannot pump enough blood to give the body the oxygen it needs. Without enough oxygen, the monkey’s body cannot function properly. Second, scientists wanted to try out new solutions that would keep the heart working. Sometimes the new solutions might fail. So, scientists didn’t want to try the solutions with people right away. They tried a solution with macaque monkeys. Scientists developed an idea. Then, they tested an idea. They injected human stem cells from the human heart into the monkey’s heart. After four weeks the human heart cells grew where the monkey’s scar tissue was. After three months, the monkey’s heart got stronger. Now scientists are using what they found in this experiment to help humans who have had heart attacks.",What is this passage mostly about?,"A human is a primate. In primates, the heart sends oxygen in the blood all around the body. The body must have oxygen to function properly. The strong heart muscle contracts to pump blood all around the body. A healthy heart never rests. But what happens when a person’s heart gets weaker? People with weak hearts need help. Scientists have to study a medical mystery. Then they might be able to help people. First, scientists need to diagnose the reasons that a human heart gets weak. They need to do tests. But sometimes it would be hard on a sick person to have tests done. So, scientists study animals that have body systems like humans. Scientists knew that the macaque monkey’s heart is similar to the human heart. So, they did tests with macaque monkeys. The scientists learned what happens when a monkey has a heart attack. After a heart attack, the monkey’s heart muscle has scar tissue where it was damaged. The scar tissue cannot contract like a strong heart muscle can. Then the monkey’s heart cannot pump enough blood to give the body the oxygen it needs. Without enough oxygen, the monkey’s body cannot function properly. Second, scientists wanted to try out new solutions that would keep the heart working. Sometimes the new solutions might fail. So, scientists didn’t want to try the solutions with people right away. They tried a solution with macaque monkeys. Scientists developed an idea. Then, they tested an idea. They injected human stem cells from the human heart into the monkey’s heart. After four weeks the human heart cells grew where the monkey’s scar tissue was. After three months, the monkey’s heart got stronger. Now scientists are using what they found in this experiment to help humans who have had heart attacks.: What is this passage mostly about?
Why scientists want to heal the hearts of monkeys
How scientists study other animals to help human hearts
How the heart muscle provides oxygen to the brain
Who invented the idea of using stem cells","Original Text: A human is a primate. In primates, the heart sends oxygen in the blood all around the body. The body must have oxygen to function properly. The strong heart muscle contracts to pump blood all around the body. A healthy heart never rests. But what happens when a person’s heart gets weaker? People with weak hearts need help. Scientists have to study a medical mystery. Then they might be able to help people. First, scientists need to diagnose the reasons that a human heart gets weak. They need to do tests. But sometimes it would be hard on a sick person to have tests done. So, scientists study animals that have body systems like humans. Scientists knew that the macaque monkey’s heart is similar to the human heart. So, they did tests with macaque monkeys. The scientists learned what happens when a monkey has a heart attack. After a heart attack, the monkey’s heart muscle has scar tissue where it was damaged. The scar tissue cannot contract like a strong heart muscle can. Then the monkey’s heart cannot pump enough blood to give the body the oxygen it needs. Without enough oxygen, the monkey’s body cannot function properly. Second, scientists wanted to try out new solutions that would keep the heart working. Sometimes the new solutions might fail. So, scientists didn’t want to try the solutions with people right away. They tried a solution with macaque monkeys. Scientists developed an idea. Then, they tested an idea. They injected human stem cells from the human heart into the monkey’s heart. After four weeks the human heart cells grew where the monkey’s scar tissue was. After three months, the monkey’s heart got stronger. Now scientists are using what they found in this experiment to help humans who have had heart attacks.: What is this passage mostly about?
Why scientists want to heal the hearts of monkeys
How scientists study other animals to help human hearts
How the heart muscle provides oxygen to the brain
Who invented the idea of using stem cells
This item asks the reader to identify the main idea of a passage describing how scientists utilize macaque monkeys as biological models to research heart function and test stem cell treatments for human cardiac recovery.
This item measures the **Reading Comprehension** skill of **identifying the main idea**.

**Justification:** The question asks the reader to synthesize information across multiple paragraphs to determine the central theme, requiring an understanding of how the specific details regarding heart function, animal models, and stem cell research converge on the primary topic of using animal studies to improve human health.
This analysis evaluates the cognitive demand and structural complexity of the provided reading comprehension item.

**Cognitive Demand**
This item requires **synthesis**. To identify the main idea, the reader must integrate information across the entire passage—connecting the problem of human heart disease, the rationale for animal models, and the specific results of the stem cell experiment—to determine the overarching purpose of the text.

**Structural and Semantic Elements**
*   **Tricky Distractors:** The item employs a ""narrow focus"" distractor (focusing on healing monkeys rather than the human goal) and a ""factual inaccuracy"" distractor (substituting ""brain"" for ""body"") to test for precise reading.
*   **Narrative-Procedural Logic:** The text follows a sequential ""problem-solution"" structure across multiple paragraphs, requiring the reader to track the transition from biological theory to experimental application.
*   **Scope Identification:** The threshold for endorsement depends on the reader's ability to distinguish between the *subject* of the experiment (macaques) and the *objective* of the research (human medical advancement).
To describe the level of the latent trait required to correctly identify the main idea of this passage, the item necessitates a **low to moderate level of cognitive ability and reading proficiency**. The text features simple sentence structures and explicit thematic links, requiring the respondent to perform basic synthesis of a linear narrative—moving from a medical problem to an animal-based solution—without the need for complex inferential reasoning or specialized vocabulary.","Original Text: A human is a primate. In primates, the heart sends oxygen in the blood all around the body. The body must have oxygen to function properly. The strong heart muscle contracts to pump blood all around the body. A healthy heart never rests. But what happens when a person’s heart gets weaker? People with weak hearts need help. Scientists have to study a medical mystery. Then they might be able to help people. First, scientists need to diagnose the reasons that a human heart gets weak. They need to do tests. But sometimes it would be hard on a sick person to have tests done. So, scientists study animals that have body systems like humans. Scientists knew that the macaque monkey’s heart is similar to the human heart. So, they did tests with macaque monkeys. The scientists learned what happens when a monkey has a heart attack. After a heart attack, the monkey’s heart muscle has scar tissue where it was damaged. The scar tissue cannot contract like a strong heart muscle can. Then the monkey’s heart cannot pump enough blood to give the body the oxygen it needs. Without enough oxygen, the monkey’s body cannot function properly. Second, scientists wanted to try out new solutions that would keep the heart working. Sometimes the new solutions might fail. So, scientists didn’t want to try the solutions with people right away. They tried a solution with macaque monkeys. Scientists developed an idea. Then, they tested an idea. They injected human stem cells from the human heart into the monkey’s heart. After four weeks the human heart cells grew where the monkey’s scar tissue was. After three months, the monkey’s heart got stronger. Now scientists are using what they found in this experiment to help humans who have had heart attacks.: What is this passage mostly about?
Why scientists want to heal the hearts of monkeys
How scientists study other animals to help human hearts
How the heart muscle provides oxygen to the brain
Who invented the idea of using stem cells
To summarize the central scenario and task presented in the item: The item provides a reading comprehension passage about scientists studying heart attacks and testing stem cell treatments on macaque monkeys to safely develop therapies for humans, followed by a multiple-choice question asking the reader to identify the main idea of the text.
The objective is to determine the primary construct being measured by the provided text and question, along with a brief justification.

**Primary Skill:** Reading Comprehension (Identifying the Main Idea)

**Justification:** The item requires the reader to synthesize the entire passage and select the option that best summarizes its overarching theme, demonstrating the ability to distinguish the central message from supporting details.
In analyzing the cognitive demand and structural elements of this reading comprehension item asking for the main idea of a passage on heart research, the item requires synthesis. The reader must integrate a multi-step narrative—moving from human heart function to animal testing to stem cell experiments—to determine the overarching theme. The cognitive load is increased by tricky distractors, specifically the option ""Why scientists want to heal the hearts of monkeys."" This distractor utilizes accurate details from the text but misrepresents the ultimate goal, requiring the reader to successfully distinguish between the scientists' experimental methods and their primary objective.
Regarding the overall level of the underlying latent trait required to successfully answer this reading comprehension item, a low to moderate level of cognitive ability and reading proficiency is needed, as the text utilizes simple syntax and explicitly states the main idea throughout the passage.","Original Text: A human is a primate. In primates, the heart sends oxygen in the blood all around the body. The body must have oxygen to function properly. The strong heart muscle contracts to pump blood all around the body. A healthy heart never rests. But what happens when a person’s heart gets weaker? People with weak hearts need help. Scientists have to study a medical mystery. Then they might be able to help people. First, scientists need to diagnose the reasons that a human heart gets weak. They need to do tests. But sometimes it would be hard on a sick person to have tests done. So, scientists study animals that have body systems like humans. Scientists knew that the macaque monkey’s heart is similar to the human heart. So, they did tests with macaque monkeys. The scientists learned what happens when a monkey has a heart attack. After a heart attack, the monkey’s heart muscle has scar tissue where it was damaged. The scar tissue cannot contract like a strong heart muscle can. Then the monkey’s heart cannot pump enough blood to give the body the oxygen it needs. Without enough oxygen, the monkey’s body cannot function properly. Second, scientists wanted to try out new solutions that would keep the heart working. Sometimes the new solutions might fail. So, scientists didn’t want to try the solutions with people right away. They tried a solution with macaque monkeys. Scientists developed an idea. Then, they tested an idea. They injected human stem cells from the human heart into the monkey’s heart. After four weeks the human heart cells grew where the monkey’s scar tissue was. After three months, the monkey’s heart got stronger. Now scientists are using what they found in this experiment to help humans who have had heart attacks.: What is this passage mostly about?
Why scientists want to heal the hearts of monkeys
How scientists study other animals to help human hearts
How the heart muscle provides oxygen to the brain
Who invented the idea of using stem cells
This item is a reading comprehension task that requires identifying the primary subject of a passage detailing how researchers study macaque monkey hearts to test treatments and develop solutions for human heart disease.
**Measured Construct/Skill:** 
Reading Comprehension (specifically, determining the central idea/main topic of an informational text).

**Justification:** 
The assessment asks what the passage is ""mostly about,"" requiring the reader to synthesize the text as a whole—identifying that the narrative centers on using animal research models (macaque monkeys) to develop treatments for human heart conditions—rather than selecting details that represent minor points or inaccurate interpretations.
**Analysis of Cognitive Demand and Structural Complexity**

* **Demand Level (Synthesis):** The item requires **synthesis**. To identify the main idea (""What is this passage mostly about?""), the reader cannot rely on simple verbatim recall; they must integrate information across multiple sequential stages (human heart vulnerability, macaque monkey testing, and subsequent human application) to extract the overarching thesis.

* **Structural and Semantic Elements Affecting Cognitive Load:**
  * **Shifting Subject Focus:** The text alternates between human cardiovascular mechanics and experimental trials on macaque monkeys, requiring the reader to track the primary objective (human treatment) versus the secondary means (animal testing).
  * **Tricky Distractors:** Distractors isolate localized details or invert the core causal intent (e.g., framing the research as healing monkeys rather than humans, or focusing narrowly on stem cell invention), requiring the reader to evaluate the broad scope rather than salient, isolated facts.
The overall level of the underlying latent trait required to correctly identify the main idea of this passage is a **low-to-moderate level of reading comprehension ability (elementary cognitive/verbal ability)**. The text features straightforward syntax, explicit thematic statements, and clearly distinguishable distractors, requiring only foundational summarizing skills rather than complex inferential reasoning.","Original Text: A human is a primate. In primates, the heart sends oxygen in the blood all around the body. The body must have oxygen to function properly. The strong heart muscle contracts to pump blood all around the body. A healthy heart never rests. But what happens when a person’s heart gets weaker? People with weak hearts need help. Scientists have to study a medical mystery. Then they might be able to help people. First, scientists need to diagnose the reasons that a human heart gets weak. They need to do tests. But sometimes it would be hard on a sick person to have tests done. So, scientists study animals that have body systems like humans. Scientists knew that the macaque monkey’s heart is similar to the human heart. So, they did tests with macaque monkeys. The scientists learned what happens when a monkey has a heart attack. After a heart attack, the monkey’s heart muscle has scar tissue where it was damaged. The scar tissue cannot contract like a strong heart muscle can. Then the monkey’s heart cannot pump enough blood to give the body the oxygen it needs. Without enough oxygen, the monkey’s body cannot function properly. Second, scientists wanted to try out new solutions that would keep the heart working. Sometimes the new solutions might fail. So, scientists didn’t want to try the solutions with people right away. They tried a solution with macaque monkeys. Scientists developed an idea. Then, they tested an idea. They injected human stem cells from the human heart into the monkey’s heart. After four weeks the human heart cells grew where the monkey’s scar tissue was. After three months, the monkey’s heart got stronger. Now scientists are using what they found in this experiment to help humans who have had heart attacks.: What is this passage mostly about?
Why scientists want to heal the hearts of monkeys
How scientists study other animals to help human hearts
How the heart muscle provides oxygen to the brain
Who invented the idea of using stem cells
The passage is mainly about how scientists study animals, especially macaque monkeys, to understand weak hearts and test stem cell treatments that may help human heart patients.
Reading comprehension about scientific research methods in medicine; it mainly assesses understanding that scientists use animal models, like macaque monkeys, to study heart damage and test treatments for helping human hearts.
This is a reading-comprehension item with moderate demand: it requires recall plus synthesis across the passage, not deep reasoning. The correct choice is supported by the passage’s main idea, while the distractors are semantically plausible but off-topic or overly specific. The wording is straightforward, with low trickiness and no strong emotional or conditional language.
A moderate level of reading comprehension is needed to identify that the passage is mainly about how scientists use animals to study and improve human heart treatment.","Original Text: A human is a primate. In primates, the heart sends oxygen in the blood all around the body. The body must have oxygen to function properly. The strong heart muscle contracts to pump blood all around the body. A healthy heart never rests. But what happens when a person’s heart gets weaker? People with weak hearts need help. Scientists have to study a medical mystery. Then they might be able to help people. First, scientists need to diagnose the reasons that a human heart gets weak. They need to do tests. But sometimes it would be hard on a sick person to have tests done. So, scientists study animals that have body systems like humans. Scientists knew that the macaque monkey’s heart is similar to the human heart. So, they did tests with macaque monkeys. The scientists learned what happens when a monkey has a heart attack. After a heart attack, the monkey’s heart muscle has scar tissue where it was damaged. The scar tissue cannot contract like a strong heart muscle can. Then the monkey’s heart cannot pump enough blood to give the body the oxygen it needs. Without enough oxygen, the monkey’s body cannot function properly. Second, scientists wanted to try out new solutions that would keep the heart working. Sometimes the new solutions might fail. So, scientists didn’t want to try the solutions with people right away. They tried a solution with macaque monkeys. Scientists developed an idea. Then, they tested an idea. They injected human stem cells from the human heart into the monkey’s heart. After four weeks the human heart cells grew where the monkey’s scar tissue was. After three months, the monkey’s heart got stronger. Now scientists are using what they found in this experiment to help humans who have had heart attacks.: What is this passage mostly about?
Why scientists want to heal the hearts of monkeys
How scientists study other animals to help human hearts
How the heart muscle provides oxygen to the brain
Who invented the idea of using stem cells
The item asks for the main idea of a passage explaining that scientists study monkeys with heart problems and test treatments on them to learn how to help human hearts after heart attacks.
This item is primarily measuring **reading comprehension of main idea in an informational science passage**. It asks the reader to identify what the passage is mostly about, requiring synthesis of details about animal research, heart weakness, and stem-cell testing into the central idea that scientists study animals to help human hearts.
Core ask: assess the item’s cognitive demand and note features that raise difficulty.

This is a cognitive/ability item requiring mainly gist extraction with light multi-step reasoning, not mere recall. The reader must integrate the passage’s sequence—animal studies, monkey heart similarity, stem-cell testing, and application to humans—to identify the main idea. Cognitive load is increased by the long passage, many supporting details, chronological structure (“First,” “Second”), causal chains, and distractors that reuse passage content but are too narrow or off-focus (monkeys’ hearts, oxygen to the brain, who invented the idea). The question stem “mostly about” requires synthesis of the overall theme rather than locating one sentence.
The item appears to require a low-to-moderate level of the underlying trait—specifically, basic to somewhat developed reading comprehension. A respondent only needs to identify the passage’s main idea across clearly stated details, so successful answering reflects general skill in synthesizing an informational text rather than especially high ability.","Original Text: A human is a primate. In primates, the heart sends oxygen in the blood all around the body. The body must have oxygen to function properly. The strong heart muscle contracts to pump blood all around the body. A healthy heart never rests. But what happens when a person’s heart gets weaker? People with weak hearts need help. Scientists have to study a medical mystery. Then they might be able to help people. First, scientists need to diagnose the reasons that a human heart gets weak. They need to do tests. But sometimes it would be hard on a sick person to have tests done. So, scientists study animals that have body systems like humans. Scientists knew that the macaque monkey’s heart is similar to the human heart. So, they did tests with macaque monkeys. The scientists learned what happens when a monkey has a heart attack. After a heart attack, the monkey’s heart muscle has scar tissue where it was damaged. The scar tissue cannot contract like a strong heart muscle can. Then the monkey’s heart cannot pump enough blood to give the body the oxygen it needs. Without enough oxygen, the monkey’s body cannot function properly. Second, scientists wanted to try out new solutions that would keep the heart working. Sometimes the new solutions might fail. So, scientists didn’t want to try the solutions with people right away. They tried a solution with macaque monkeys. Scientists developed an idea. Then, they tested an idea. They injected human stem cells from the human heart into the monkey’s heart. After four weeks the human heart cells grew where the monkey’s scar tissue was. After three months, the monkey’s heart got stronger. Now scientists are using what they found in this experiment to help humans who have had heart attacks.: What is this passage mostly about?
Why scientists want to heal the hearts of monkeys
How scientists study other animals to help human hearts
How the heart muscle provides oxygen to the brain
Who invented the idea of using stem cells
The passage is mainly about how scientists study macaque monkeys to develop treatments that can help repair weakened human hearts.
**Primary domain:** Reading comprehension—identifying the main idea.  

**Justification:** The item asks students to recognize that the passage primarily explains how scientists study macaque monkeys to develop treatments for damaged human hearts.
This is a **main-idea comprehension item** requiring **synthesis**, not simple recall: the respondent must integrate the passage’s purpose, methods, and findings. The correct answer is **“How scientists study other animals to help human hearts.”** Distractors are plausible but focus on isolated details (monkey healing, oxygen, stem-cell inventorship), increasing discrimination demands. The passage’s length, sequential structure (“First,” “Second”), scientific vocabulary, and multiple causal links add moderate cognitive load; no conditional logic or strong emotional wording is present.
The item requires a **low-to-moderate level of reading comprehension**: the respondent must identify the passage’s central idea by integrating its discussion of monkey experiments and their use in developing treatments for human hearts.","Original Text: A human is a primate. In primates, the heart sends oxygen in the blood all around the body. The body must have oxygen to function properly. The strong heart muscle contracts to pump blood all around the body. A healthy heart never rests. But what happens when a person’s heart gets weaker? People with weak hearts need help. Scientists have to study a medical mystery. Then they might be able to help people. First, scientists need to diagnose the reasons that a human heart gets weak. They need to do tests. But sometimes it would be hard on a sick person to have tests done. So, scientists study animals that have body systems like humans. Scientists knew that the macaque monkey’s heart is similar to the human heart. So, they did tests with macaque monkeys. The scientists learned what happens when a monkey has a heart attack. After a heart attack, the monkey’s heart muscle has scar tissue where it was damaged. The scar tissue cannot contract like a strong heart muscle can. Then the monkey’s heart cannot pump enough blood to give the body the oxygen it needs. Without enough oxygen, the monkey’s body cannot function properly. Second, scientists wanted to try out new solutions that would keep the heart working. Sometimes the new solutions might fail. So, scientists didn’t want to try the solutions with people right away. They tried a solution with macaque monkeys. Scientists developed an idea. Then, they tested an idea. They injected human stem cells from the human heart into the monkey’s heart. After four weeks the human heart cells grew where the monkey’s scar tissue was. After three months, the monkey’s heart got stronger. Now scientists are using what they found in this experiment to help humans who have had heart attacks.: What is this passage mostly about?
Why scientists want to heal the hearts of monkeys
How scientists study other animals to help human hearts
How the heart muscle provides oxygen to the brain
Who invented the idea of using stem cells
How scientists study animals such as macaque monkeys to develop treatments for damaged human hearts.
**Primary skill: Reading comprehension—identifying the main idea.** The item requires recognizing that the passage chiefly explains how scientists study and test treatments on animals, specifically macaque monkeys, to develop ways to help human hearts.
This item assesses identifying the passage’s main idea. It requires moderate synthesis across multiple paragraphs rather than simple recall. Cognitive load increases slightly because of the passage’s length, scientific vocabulary, cause-and-effect sequence, and distractors that focus on specific details or misstate the purpose. The correct concept is broadly framed: scientists study animals to develop treatments for human hearts.
This item requires a **moderate level of reading comprehension**, as respondents must identify the passage’s central idea—how animal research can help treat human hearts—rather than select a specific detail.",1.880430293113543,-0.1155184414322652,-0.0832039151912546,-0.0550211347640531,0.9464651444245878,640.0,gilbert_meta_8,0.4951292297054882,0.42423840875756813,0.4024537630171468,0.34483188181486846,1.1939678399594698,0.47085821141532835,0.8644311804952098,0.3409007394650028,0.9783186682976408,0.4591089230881657,0.6968977934806908,0.32704271709767435,1.404093895618394,0.4798424587464219,1.2733645105823943,0.4351663087098502,1.354942361177236,0.5019291737248065,0.9981099052902921,0.36974301963193945,1.5110056662585993,0.49891976587961995,1.1382896596234358,0.3758524690967781,1.5024529827009605,0.51074442197501,1.1441111649250908,0.38892957206177425
s_cc_29_2021,"In many ways, skyscrapers are like the human body. They have bones that keep it tall and strong and skin to protect the body. They have a command center that is like a brain. How do engineers design and build strong and smart skyscrapers? It is very challenging to build a skyscraper because there are many parts that have to work together. If one part is broken, the skyscraper will not work properly. First, engineers need a strong and tall frame that supports the floors and walls. This frame is like the bones of a skyscraper. The bones of a skyscraper are made of concrete, steel and other materials. The columns are like the backbone of a human body. The columns go up. The steel columns hold up each floor. There are also steel beams that go across each floor. The steel columns and beams must be strong to resist the force of gravity. The steel columns and beams must work together to form a strong backbone. Second, engineers need to design a command center. The command center is a computer that sends signals through wires in a skyscraper. For example, it sends signals to help bring fresh air into rooms, just like your lungs. The command center also controls the heating and air conditioning. It helps the building cool down when it’s too hot and warm up when it’s too cold. A skyscraper has many different parts that work together. The bones make the building tall and strong. The skin protects the inside of the building. The skin of a skyscraper can be made of metal, stone, or glass. The brain controls the building temperature. The anatomy of a skyscraper is like a human body. All the parts have to work together. That's how a city skyscraper works properly.",What does the author think is special about the beams and columns of a skyscraper?,"In many ways, skyscrapers are like the human body. They have bones that keep it tall and strong and skin to protect the body. They have a command center that is like a brain. How do engineers design and build strong and smart skyscrapers? It is very challenging to build a skyscraper because there are many parts that have to work together. If one part is broken, the skyscraper will not work properly. First, engineers need a strong and tall frame that supports the floors and walls. This frame is like the bones of a skyscraper. The bones of a skyscraper are made of concrete, steel and other materials. The columns are like the backbone of a human body. The columns go up. The steel columns hold up each floor. There are also steel beams that go across each floor. The steel columns and beams must be strong to resist the force of gravity. The steel columns and beams must work together to form a strong backbone. Second, engineers need to design a command center. The command center is a computer that sends signals through wires in a skyscraper. For example, it sends signals to help bring fresh air into rooms, just like your lungs. The command center also controls the heating and air conditioning. It helps the building cool down when it’s too hot and warm up when it’s too cold. A skyscraper has many different parts that work together. The bones make the building tall and strong. The skin protects the inside of the building. The skin of a skyscraper can be made of metal, stone, or glass. The brain controls the building temperature. The anatomy of a skyscraper is like a human body. All the parts have to work together. That's how a city skyscraper works properly.: What does the author think is special about the beams and columns of a skyscraper?
They are made of many different materials
They can damage parts of the skyscraper
They are like the nervous system of a human body
They are like the skeletal system of a human body","Original Text: In many ways, skyscrapers are like the human body. They have bones that keep it tall and strong and skin to protect the body. They have a command center that is like a brain. How do engineers design and build strong and smart skyscrapers? It is very challenging to build a skyscraper because there are many parts that have to work together. If one part is broken, the skyscraper will not work properly. First, engineers need a strong and tall frame that supports the floors and walls. This frame is like the bones of a skyscraper. The bones of a skyscraper are made of concrete, steel and other materials. The columns are like the backbone of a human body. The columns go up. The steel columns hold up each floor. There are also steel beams that go across each floor. The steel columns and beams must be strong to resist the force of gravity. The steel columns and beams must work together to form a strong backbone. Second, engineers need to design a command center. The command center is a computer that sends signals through wires in a skyscraper. For example, it sends signals to help bring fresh air into rooms, just like your lungs. The command center also controls the heating and air conditioning. It helps the building cool down when it’s too hot and warm up when it’s too cold. A skyscraper has many different parts that work together. The bones make the building tall and strong. The skin protects the inside of the building. The skin of a skyscraper can be made of metal, stone, or glass. The brain controls the building temperature. The anatomy of a skyscraper is like a human body. All the parts have to work together. That's how a city skyscraper works properly.: What does the author think is special about the beams and columns of a skyscraper?
They are made of many different materials
They can damage parts of the skyscraper
They are like the nervous system of a human body
They are like the skeletal system of a human body
The core task is to identify the specific anatomical analogy the author uses to describe the function and importance of a skyscraper's beams and columns. This item asks for the identification of the author's comparison between a skyscraper's structural frame and human anatomy.
This item measures the primary skill of **reading comprehension**, specifically the ability to identify and interpret analogies within an informational text.

**Justification:** The question requires the reader to locate specific details in the passage and recognize the author's use of a metaphorical comparison between a skyscraper's structural components (beams and columns) and the human skeletal system.
This analysis evaluates the cognitive demand and structural complexity of the reading comprehension item regarding the skyscraper-human body analogy.

**Cognitive Demand**
This item requires **synthesis** and **analogical reasoning**. The reader must map specific structural components (beams and columns) to the text’s ""frame"" and ""bones"" metaphors, then conclude that these represent the ""skeletal system.""

**Structural and Semantic Elements**
*   **Analogical Mapping:** The primary load comes from translating technical descriptions into biological metaphors across multiple sentences.
*   **Vocabulary Shift:** The correct option uses the term ""skeletal system,"" which is a higher-level categorical label for the text's more basic ""bones"" and ""backbone"" terminology.
*   **Categorical Distractors:** Option 3 (""nervous system"") acts as a thematic distractor by referencing a different biological system mentioned elsewhere in the text (the ""brain/command center"").
*   **Literal vs. Figurative:** Option 1 provides a literal, text-based detail (materials) to distract from the author’s specific figurative focus on the skyscraper's ""anatomy.""
To describe the level of the underlying latent trait required to correctly identify the author's perspective on skyscraper beams and columns, this item necessitates a **low to moderate level of cognitive ability** in literal reading comprehension. A respondent must possess the foundational literacy skills to retrieve explicit information from the text and map a direct analogy—specifically, the comparison between a building's structural frame and the human skeletal system—while distinguishing it from other biological metaphors presented in the passage.","Original Text: In many ways, skyscrapers are like the human body. They have bones that keep it tall and strong and skin to protect the body. They have a command center that is like a brain. How do engineers design and build strong and smart skyscrapers? It is very challenging to build a skyscraper because there are many parts that have to work together. If one part is broken, the skyscraper will not work properly. First, engineers need a strong and tall frame that supports the floors and walls. This frame is like the bones of a skyscraper. The bones of a skyscraper are made of concrete, steel and other materials. The columns are like the backbone of a human body. The columns go up. The steel columns hold up each floor. There are also steel beams that go across each floor. The steel columns and beams must be strong to resist the force of gravity. The steel columns and beams must work together to form a strong backbone. Second, engineers need to design a command center. The command center is a computer that sends signals through wires in a skyscraper. For example, it sends signals to help bring fresh air into rooms, just like your lungs. The command center also controls the heating and air conditioning. It helps the building cool down when it’s too hot and warm up when it’s too cold. A skyscraper has many different parts that work together. The bones make the building tall and strong. The skin protects the inside of the building. The skin of a skyscraper can be made of metal, stone, or glass. The brain controls the building temperature. The anatomy of a skyscraper is like a human body. All the parts have to work together. That's how a city skyscraper works properly.: What does the author think is special about the beams and columns of a skyscraper?
They are made of many different materials
They can damage parts of the skyscraper
They are like the nervous system of a human body
They are like the skeletal system of a human body
The core task presented in this item is to read an informational text comparing skyscrapers to human anatomy and answer a multiple-choice reading comprehension question identifying the specific analogy the author uses to describe a building's beams and columns.
To identify the primary skill this item attempts to measure and provide a concise justification:

**Primary Skill:** Reading Comprehension (specifically, identifying explicit details and understanding analogies). 

**Justification:** The question requires the reader to analyze the provided text and retrieve the author's explicit comparison between a skyscraper's structural components (beams and columns) and human anatomy (bones/backbone) to select the correct multiple-choice answer.
In analyzing the cognitive demand, reasoning requirements, and structural elements that increase the difficulty of this reading comprehension item:

This cognitive item requires basic synthesis and analogical reasoning. The reader must connect the text's specific comparative terms (""bones,"" ""backbone"") to the broader anatomical category (""skeletal system"") provided in the correct option. The cognitive load is increased by this semantic shift and the use of tricky distractors. One distractor utilizes the same biological analogy framework but applies it to the wrong building component (""nervous system""), while another presents a detail explicitly stated in the text (""made of many different materials"") that does not address the author's overarching comparative theme.
Assessing the overall level of the underlying latent trait of reading comprehension required for a respondent to successfully answer this item reveals that a low to moderate level is necessary. The respondent only needs to locate explicit text comparing columns and beams to bones and a backbone, and then map those terms to the synonymous phrase ""skeletal system"" in the correct option.","Original Text: In many ways, skyscrapers are like the human body. They have bones that keep it tall and strong and skin to protect the body. They have a command center that is like a brain. How do engineers design and build strong and smart skyscrapers? It is very challenging to build a skyscraper because there are many parts that have to work together. If one part is broken, the skyscraper will not work properly. First, engineers need a strong and tall frame that supports the floors and walls. This frame is like the bones of a skyscraper. The bones of a skyscraper are made of concrete, steel and other materials. The columns are like the backbone of a human body. The columns go up. The steel columns hold up each floor. There are also steel beams that go across each floor. The steel columns and beams must be strong to resist the force of gravity. The steel columns and beams must work together to form a strong backbone. Second, engineers need to design a command center. The command center is a computer that sends signals through wires in a skyscraper. For example, it sends signals to help bring fresh air into rooms, just like your lungs. The command center also controls the heating and air conditioning. It helps the building cool down when it’s too hot and warm up when it’s too cold. A skyscraper has many different parts that work together. The bones make the building tall and strong. The skin protects the inside of the building. The skin of a skyscraper can be made of metal, stone, or glass. The brain controls the building temperature. The anatomy of a skyscraper is like a human body. All the parts have to work together. That's how a city skyscraper works properly.: What does the author think is special about the beams and columns of a skyscraper?
They are made of many different materials
They can damage parts of the skyscraper
They are like the nervous system of a human body
They are like the skeletal system of a human body
The core task is a reading comprehension question requiring the reader to identify the author's characterization and anatomical comparison of a skyscraper's beams and columns based on the provided text.
**Primary Skill / Knowledge Domain:** Reading Comprehension (Informational Text Analysis and Analogy Interpretation)

**Justification:** The item evaluates a reader's ability to locate, comprehend, and map an extended functional analogy within an informational text, specifically requiring the test-taker to connect the description of a skyscraper's structural frame (beams and columns) to its metaphorical equivalent in the human body (the skeletal system).
This evaluation assesses the cognitive processing level and structural complexity of the provided reading comprehension item:

* **Cognitive Demand:** The item requires **low-level recall and basic analogical mapping**. The reader must locate explicit textual comparisons (beams and columns as ""bones"" and the ""backbone"") and connect them to the broader biological concept of the ""skeletal system.""
* **Structural and Semantic Elements:** 
  * **Categorical Translation:** Cognitive load is slightly elevated by requiring a shift from the text’s informal terms (""bones,"" ""backbone"") to the standardized terminology in the correct option (""skeletal system"").
  * **Domain-Specific Distractors:** The inclusion of ""nervous system"" acts as a plausible distractor by drawing on the passage's secondary brain/command center metaphor, testing whether the reader accurately distinguishes between parallel analogies.
  * **Syntactic Simplicity:** The passage features short, direct sentences and explicit literal-to-figurative cues, keeping overall cognitive load minimal.
The level of the underlying latent trait—specifically reading comprehension and analogical reasoning ability—required to successfully answer this item is **low to low-moderate**. The question directly maps to explicit statements in the passage that equate the building's columns, beams, and frame to human bones and the backbone, requiring straightforward text-retrieval and basic literal comprehension rather than advanced inferential reasoning.","Original Text: In many ways, skyscrapers are like the human body. They have bones that keep it tall and strong and skin to protect the body. They have a command center that is like a brain. How do engineers design and build strong and smart skyscrapers? It is very challenging to build a skyscraper because there are many parts that have to work together. If one part is broken, the skyscraper will not work properly. First, engineers need a strong and tall frame that supports the floors and walls. This frame is like the bones of a skyscraper. The bones of a skyscraper are made of concrete, steel and other materials. The columns are like the backbone of a human body. The columns go up. The steel columns hold up each floor. There are also steel beams that go across each floor. The steel columns and beams must be strong to resist the force of gravity. The steel columns and beams must work together to form a strong backbone. Second, engineers need to design a command center. The command center is a computer that sends signals through wires in a skyscraper. For example, it sends signals to help bring fresh air into rooms, just like your lungs. The command center also controls the heating and air conditioning. It helps the building cool down when it’s too hot and warm up when it’s too cold. A skyscraper has many different parts that work together. The bones make the building tall and strong. The skin protects the inside of the building. The skin of a skyscraper can be made of metal, stone, or glass. The brain controls the building temperature. The anatomy of a skyscraper is like a human body. All the parts have to work together. That's how a city skyscraper works properly.: What does the author think is special about the beams and columns of a skyscraper?
They are made of many different materials
They can damage parts of the skyscraper
They are like the nervous system of a human body
They are like the skeletal system of a human body
The item asks which idea best captures the author’s point about the beams and columns: they are compared to the skeletal system of a human body.
Primary construct: reading comprehension of an informational science passage, specifically identifying an analogy’s meaning. The beams and columns are described as the building’s “bones” and “backbone,” so they are like the skeletal system of a human body.
This is a low-severity reading-comprehension item requiring straightforward recall and simple synthesis from the passage. The wording is clear, with no strong distractors or conditional logic; the main load is mapping the beams and columns to the body analogy, which points to the skeletal system.
A low level of the underlying trait is needed; the item mainly requires basic reading comprehension and a simple analogy match, not advanced ability.","Original Text: In many ways, skyscrapers are like the human body. They have bones that keep it tall and strong and skin to protect the body. They have a command center that is like a brain. How do engineers design and build strong and smart skyscrapers? It is very challenging to build a skyscraper because there are many parts that have to work together. If one part is broken, the skyscraper will not work properly. First, engineers need a strong and tall frame that supports the floors and walls. This frame is like the bones of a skyscraper. The bones of a skyscraper are made of concrete, steel and other materials. The columns are like the backbone of a human body. The columns go up. The steel columns hold up each floor. There are also steel beams that go across each floor. The steel columns and beams must be strong to resist the force of gravity. The steel columns and beams must work together to form a strong backbone. Second, engineers need to design a command center. The command center is a computer that sends signals through wires in a skyscraper. For example, it sends signals to help bring fresh air into rooms, just like your lungs. The command center also controls the heating and air conditioning. It helps the building cool down when it’s too hot and warm up when it’s too cold. A skyscraper has many different parts that work together. The bones make the building tall and strong. The skin protects the inside of the building. The skin of a skyscraper can be made of metal, stone, or glass. The brain controls the building temperature. The anatomy of a skyscraper is like a human body. All the parts have to work together. That's how a city skyscraper works properly.: What does the author think is special about the beams and columns of a skyscraper?
They are made of many different materials
They can damage parts of the skyscraper
They are like the nervous system of a human body
They are like the skeletal system of a human body
The item asks the reader to identify that the author describes a skyscraper’s beams and columns as being like the human body’s skeletal system, since they form the strong supporting frame.
This item is measuring **reading comprehension of informational text, specifically identifying an analogy/main idea detail**. The question asks the reader to infer what the author says is special about beams and columns by matching them to the passage’s comparison that they function like the **skeletal system/bones** of the human body.
Core ask: assess the item’s cognitive demand and note wording/features that raise difficulty.

This is a low-demand reading-comprehension item requiring mainly explicit recall, not multi-step reasoning or synthesis. The passage directly states that the frame, columns, and beams are like “bones” and a “backbone,” so the correct choice is retrieved from a clear analogy.

Load/threshold-increasing elements:
- Long passage increases memory load.
- Repeated body-part analogies create mild distractor risk.
- One distractor is partially text-grounded (“made of many different materials”) but does not answer what is “special” about beams and columns.
- Another distractor swaps body systems (“nervous system” vs skeletal system), testing precise semantic mapping.
- Question wording (“special about”) is slightly less direct than “compares them to,” adding minor interpretation.
This item appears to require a relatively low to moderate level of the underlying trait, since the correct response depends mainly on identifying an explicitly stated analogy in the passage rather than making a complex inference.","Original Text: In many ways, skyscrapers are like the human body. They have bones that keep it tall and strong and skin to protect the body. They have a command center that is like a brain. How do engineers design and build strong and smart skyscrapers? It is very challenging to build a skyscraper because there are many parts that have to work together. If one part is broken, the skyscraper will not work properly. First, engineers need a strong and tall frame that supports the floors and walls. This frame is like the bones of a skyscraper. The bones of a skyscraper are made of concrete, steel and other materials. The columns are like the backbone of a human body. The columns go up. The steel columns hold up each floor. There are also steel beams that go across each floor. The steel columns and beams must be strong to resist the force of gravity. The steel columns and beams must work together to form a strong backbone. Second, engineers need to design a command center. The command center is a computer that sends signals through wires in a skyscraper. For example, it sends signals to help bring fresh air into rooms, just like your lungs. The command center also controls the heating and air conditioning. It helps the building cool down when it’s too hot and warm up when it’s too cold. A skyscraper has many different parts that work together. The bones make the building tall and strong. The skin protects the inside of the building. The skin of a skyscraper can be made of metal, stone, or glass. The brain controls the building temperature. The anatomy of a skyscraper is like a human body. All the parts have to work together. That's how a city skyscraper works properly.: What does the author think is special about the beams and columns of a skyscraper?
They are made of many different materials
They can damage parts of the skyscraper
They are like the nervous system of a human body
They are like the skeletal system of a human body
Identify how the author compares a skyscraper’s beams and columns to the human body.
**Primary skill:** Reading comprehension—identifying explicitly stated details and analogies.  

**Justification:** The item asks students to recall that skyscraper beams and columns function like the bones or skeletal system of the human body.
This is a low-demand reading-comprehension item requiring **literal recall and matching an explicit analogy**, not multi-step reasoning or synthesis. The correct answer is **“They are like the skeletal system of a human body.”** Distractors use details or analogies from elsewhere in the passage, creating mild retrieval-based confusion but no complex phrasing or conditional logic.
A low-to-moderate level of cognitive ability is required: the respondent must understand and recall the passage’s analogy that beams and columns function like the human skeletal system.","Original Text: In many ways, skyscrapers are like the human body. They have bones that keep it tall and strong and skin to protect the body. They have a command center that is like a brain. How do engineers design and build strong and smart skyscrapers? It is very challenging to build a skyscraper because there are many parts that have to work together. If one part is broken, the skyscraper will not work properly. First, engineers need a strong and tall frame that supports the floors and walls. This frame is like the bones of a skyscraper. The bones of a skyscraper are made of concrete, steel and other materials. The columns are like the backbone of a human body. The columns go up. The steel columns hold up each floor. There are also steel beams that go across each floor. The steel columns and beams must be strong to resist the force of gravity. The steel columns and beams must work together to form a strong backbone. Second, engineers need to design a command center. The command center is a computer that sends signals through wires in a skyscraper. For example, it sends signals to help bring fresh air into rooms, just like your lungs. The command center also controls the heating and air conditioning. It helps the building cool down when it’s too hot and warm up when it’s too cold. A skyscraper has many different parts that work together. The bones make the building tall and strong. The skin protects the inside of the building. The skin of a skyscraper can be made of metal, stone, or glass. The brain controls the building temperature. The anatomy of a skyscraper is like a human body. All the parts have to work together. That's how a city skyscraper works properly.: What does the author think is special about the beams and columns of a skyscraper?
They are made of many different materials
They can damage parts of the skyscraper
They are like the nervous system of a human body
They are like the skeletal system of a human body
Identify that the author views a skyscraper’s beams and columns as being like the human skeletal system.
**Primary skill: Reading comprehension—identifying an author’s analogy.** The item assesses whether the reader understands that the beams and columns form a skyscraper’s supportive frame, analogous to the human skeletal system.
This is a low-to-moderate demand reading-comprehension item requiring recall and a simple analogy. The correct answer is **“They are like the skeletal system of a human body.”** Cognitive load comes from the long passage, repeated body/building comparisons, and distractors that reuse passage concepts; however, no multi-step reasoning or synthesis is needed.
The item requires a **low to moderate level of reading comprehension**. Respondents need to identify an explicitly stated analogy between skyscraper beams and columns and the human skeletal system, with minimal inference.",1.692588215102542,-0.0851200176765852,-0.0426040269635944,-0.0060021013404844,0.9940158752859398,611.0,gilbert_meta_8,0.7634083047806972,0.3941849710073259,0.6205178901683552,0.32040367522043867,0.759181056601298,0.418286608401329,0.549646108549907,0.3028389664984381,0.2849175593559686,0.404297392291327,0.20295883629062003,0.28799814388505873,-0.23977978909965453,0.39375712799096985,-0.21745488300122445,0.357096027649721,-1.2549233289840698,0.44628470693908695,-0.9244315041937237,0.3287528675304373,-0.35131358049325667,0.3970178285919668,-0.2646559340514872,0.299086429034636,0.6464004684922432,0.4165227561414817,0.4922310391938443,0.31718019880405773
s_cc_27_2021,"In many ways, skyscrapers are like the human body. They have bones that keep it tall and strong and skin to protect the body. They have a command center that is like a brain. How do engineers design and build strong and smart skyscrapers? It is very challenging to build a skyscraper because there are many parts that have to work together. If one part is broken, the skyscraper will not work properly. First, engineers need a strong and tall frame that supports the floors and walls. This frame is like the bones of a skyscraper. The bones of a skyscraper are made of concrete, steel and other materials. The columns are like the backbone of a human body. The columns go up. The steel columns hold up each floor. There are also steel beams that go across each floor. The steel columns and beams must be strong to resist the force of gravity. The steel columns and beams must work together to form a strong backbone. Second, engineers need to design a command center. The command center is a computer that sends signals through wires in a skyscraper. For example, it sends signals to help bring fresh air into rooms, just like your lungs. The command center also controls the heating and air conditioning. It helps the building cool down when it’s too hot and warm up when it’s too cold. A skyscraper has many different parts that work together. The bones make the building tall and strong. The skin protects the inside of the building. The skin of a skyscraper can be made of metal, stone, or glass. The brain controls the building temperature. The anatomy of a skyscraper is like a human body. All the parts have to work together. That's how a city skyscraper works properly.",What is the main idea of paragraph 3?,"In many ways, skyscrapers are like the human body. They have bones that keep it tall and strong and skin to protect the body. They have a command center that is like a brain. How do engineers design and build strong and smart skyscrapers? It is very challenging to build a skyscraper because there are many parts that have to work together. If one part is broken, the skyscraper will not work properly. First, engineers need a strong and tall frame that supports the floors and walls. This frame is like the bones of a skyscraper. The bones of a skyscraper are made of concrete, steel and other materials. The columns are like the backbone of a human body. The columns go up. The steel columns hold up each floor. There are also steel beams that go across each floor. The steel columns and beams must be strong to resist the force of gravity. The steel columns and beams must work together to form a strong backbone. Second, engineers need to design a command center. The command center is a computer that sends signals through wires in a skyscraper. For example, it sends signals to help bring fresh air into rooms, just like your lungs. The command center also controls the heating and air conditioning. It helps the building cool down when it’s too hot and warm up when it’s too cold. A skyscraper has many different parts that work together. The bones make the building tall and strong. The skin protects the inside of the building. The skin of a skyscraper can be made of metal, stone, or glass. The brain controls the building temperature. The anatomy of a skyscraper is like a human body. All the parts have to work together. That's how a city skyscraper works properly.: What is the main idea of paragraph 3?
To describe what the backbone of a skyscraper is made of
To describe how engineers work together to build skyscrapers
To describe the reasons why a skyscraper is a tall building
To describe why checklists are needed to build a safe skyscraper","Original Text: In many ways, skyscrapers are like the human body. They have bones that keep it tall and strong and skin to protect the body. They have a command center that is like a brain. How do engineers design and build strong and smart skyscrapers? It is very challenging to build a skyscraper because there are many parts that have to work together. If one part is broken, the skyscraper will not work properly. First, engineers need a strong and tall frame that supports the floors and walls. This frame is like the bones of a skyscraper. The bones of a skyscraper are made of concrete, steel and other materials. The columns are like the backbone of a human body. The columns go up. The steel columns hold up each floor. There are also steel beams that go across each floor. The steel columns and beams must be strong to resist the force of gravity. The steel columns and beams must work together to form a strong backbone. Second, engineers need to design a command center. The command center is a computer that sends signals through wires in a skyscraper. For example, it sends signals to help bring fresh air into rooms, just like your lungs. The command center also controls the heating and air conditioning. It helps the building cool down when it’s too hot and warm up when it’s too cold. A skyscraper has many different parts that work together. The bones make the building tall and strong. The skin protects the inside of the building. The skin of a skyscraper can be made of metal, stone, or glass. The brain controls the building temperature. The anatomy of a skyscraper is like a human body. All the parts have to work together. That's how a city skyscraper works properly.: What is the main idea of paragraph 3?
To describe what the backbone of a skyscraper is made of
To describe how engineers work together to build skyscrapers
To describe the reasons why a skyscraper is a tall building
To describe why checklists are needed to build a safe skyscraper
The core task is to identify the main idea of the third paragraph within an informational text that uses human anatomy as an analogy for skyscraper engineering.
This item measures the **Reading Comprehension** skill, specifically the ability to **identify the main idea** of a text segment. It requires the reader to synthesize the specific details of a paragraph—in this case, the analogy between a skyscraper's command center and the human brain—to determine its primary purpose or central theme.
This analysis evaluates the cognitive demand and structural complexity of identifying the main idea of paragraph 3.

**Cognitive Demand**
This item requires **synthesis**. The reader must integrate specific details regarding frames, columns, beams, and materials to identify the unifying theme of structural composition.

**Structural and Semantic Elements**
*   **Metaphorical Mapping:** The use of an analogy (comparing structural steel to a ""backbone"") increases cognitive load by requiring the reader to translate figurative language into literal architectural concepts.
*   **Keyword Distractors:** Option 2 uses ""engineers,"" a term present in the text, to create a plausible but incorrect summary of the paragraph's focus.
*   **External Information Distractor:** Option 4 introduces ""checklists,"" a concept entirely absent from the text, testing the reader's ability to stay within the provided scope.
*   **Scope Differentiation:** The item requires distinguishing between a specific supporting detail (the materials used) and the broader purpose of the paragraph (describing the ""backbone"" or frame).
To describe the level of reading comprehension required to identify the main idea of the third paragraph, this item necessitates a **low to moderate** level of the latent trait. The text utilizes simple vocabulary and explicit analogies (command center as a brain) that are accessible to early-to-middle elementary readers. However, because the provided multiple-choice options do not accurately reflect the content of paragraph 3, a **high** level of cognitive flexibility and test-taking strategy is required for a respondent to successfully navigate the item's internal inconsistency.","Original Text: In many ways, skyscrapers are like the human body. They have bones that keep it tall and strong and skin to protect the body. They have a command center that is like a brain. How do engineers design and build strong and smart skyscrapers? It is very challenging to build a skyscraper because there are many parts that have to work together. If one part is broken, the skyscraper will not work properly. First, engineers need a strong and tall frame that supports the floors and walls. This frame is like the bones of a skyscraper. The bones of a skyscraper are made of concrete, steel and other materials. The columns are like the backbone of a human body. The columns go up. The steel columns hold up each floor. There are also steel beams that go across each floor. The steel columns and beams must be strong to resist the force of gravity. The steel columns and beams must work together to form a strong backbone. Second, engineers need to design a command center. The command center is a computer that sends signals through wires in a skyscraper. For example, it sends signals to help bring fresh air into rooms, just like your lungs. The command center also controls the heating and air conditioning. It helps the building cool down when it’s too hot and warm up when it’s too cold. A skyscraper has many different parts that work together. The bones make the building tall and strong. The skin protects the inside of the building. The skin of a skyscraper can be made of metal, stone, or glass. The brain controls the building temperature. The anatomy of a skyscraper is like a human body. All the parts have to work together. That's how a city skyscraper works properly.: What is the main idea of paragraph 3?
To describe what the backbone of a skyscraper is made of
To describe how engineers work together to build skyscrapers
To describe the reasons why a skyscraper is a tall building
To describe why checklists are needed to build a safe skyscraper
The objective of this request is to provide a summary of the primary task and scenario outlined in the provided text. 

The core task of the item requires a reader to identify the main idea of a specific paragraph within a passage that compares skyscraper engineering to human anatomy, selecting the correct interpretation from four multiple-choice options.
The objective is to identify the primary construct or skill assessed by the provided passage and question, accompanied by a concise justification.

**Primary Skill:** Reading Comprehension (Identifying the Main Idea)

**Justification:** The item requires the reader to analyze an informational text, synthesize the details of a specific paragraph, and determine its central focus from the provided multiple-choice options.
Evaluating the cognitive demand and structural complexity of this reading comprehension question reveals that it requires synthesis to determine the overarching theme of a specific section. The cognitive load is increased by the lack of explicit paragraph numbering in the source text, forcing the reader to manually parse the text's structure to locate the target paragraph. Furthermore, the item employs tricky distractors that use plausible keywords from the passage (such as ""engineers"" and ""tall building"") to penalize superficial word-matching, thereby requiring true comprehension of the paragraph's specific focus on the materials comprising a skyscraper's structural ""backbone.""
The overall level of the underlying latent trait, specifically reading comprehension and basic cognitive ability, required for a respondent to successfully answer this item is low.","Original Text: In many ways, skyscrapers are like the human body. They have bones that keep it tall and strong and skin to protect the body. They have a command center that is like a brain. How do engineers design and build strong and smart skyscrapers? It is very challenging to build a skyscraper because there are many parts that have to work together. If one part is broken, the skyscraper will not work properly. First, engineers need a strong and tall frame that supports the floors and walls. This frame is like the bones of a skyscraper. The bones of a skyscraper are made of concrete, steel and other materials. The columns are like the backbone of a human body. The columns go up. The steel columns hold up each floor. There are also steel beams that go across each floor. The steel columns and beams must be strong to resist the force of gravity. The steel columns and beams must work together to form a strong backbone. Second, engineers need to design a command center. The command center is a computer that sends signals through wires in a skyscraper. For example, it sends signals to help bring fresh air into rooms, just like your lungs. The command center also controls the heating and air conditioning. It helps the building cool down when it’s too hot and warm up when it’s too cold. A skyscraper has many different parts that work together. The bones make the building tall and strong. The skin protects the inside of the building. The skin of a skyscraper can be made of metal, stone, or glass. The brain controls the building temperature. The anatomy of a skyscraper is like a human body. All the parts have to work together. That's how a city skyscraper works properly.: What is the main idea of paragraph 3?
To describe what the backbone of a skyscraper is made of
To describe how engineers work together to build skyscrapers
To describe the reasons why a skyscraper is a tall building
To describe why checklists are needed to build a safe skyscraper
The core task is to determine the main idea of the third paragraph within an informational passage that compares the structural design and systems of a skyscraper to human anatomy.
**Construct Measured:** Reading Comprehension (specifically, identifying the main/central idea of an informational text).

**Justification:** The item evaluates a reader's ability to analyze an expository passage, synthesize the supporting details of a designated paragraph, and determine the overarching primary purpose or core message of that specific section.
This evaluation examines the cognitive processing demands and structural complexity of the provided reading comprehension item:

* **Cognitive Demand:** **Low-level synthesis.** The item requires isolating a specific subsection of text and synthesizing its central message rather than recalling a single stated fact. 
* **Structural and Semantic Elements Affecting Load:**
  * **Paragraph Segmentation:** The unformatted text block increases processing demand slightly, as the test-taker must mentally count and delineate paragraphs using transitional markers (e.g., ""First,"").
  * **Metaphorical Phrasing:** The correct option relies on the passage's central anatomical metaphor (""backbone"") rather than purely literal terminology (columns, beams, materials), requiring basic semantic mapping.
  * **Distractor Plausibility:** The cognitive load is kept low by weak distractors. One introduces a completely non-existent concept (""checklists""), another misapplies an internal concept (misattributing ""parts working together"" to ""engineers working together""), and the third is overly broad, making elimination straightforward.
The level of the underlying latent trait required to correctly identify the main idea of the specified paragraph is a **low to lower-moderate level of reading comprehension and verbal cognitive ability**. The task relies on elementary-level vocabulary, explicit paragraph-level evidence, and distinctly incorrect distractors, requiring only fundamental informational text processing and basic structural identification skills.","Original Text: In many ways, skyscrapers are like the human body. They have bones that keep it tall and strong and skin to protect the body. They have a command center that is like a brain. How do engineers design and build strong and smart skyscrapers? It is very challenging to build a skyscraper because there are many parts that have to work together. If one part is broken, the skyscraper will not work properly. First, engineers need a strong and tall frame that supports the floors and walls. This frame is like the bones of a skyscraper. The bones of a skyscraper are made of concrete, steel and other materials. The columns are like the backbone of a human body. The columns go up. The steel columns hold up each floor. There are also steel beams that go across each floor. The steel columns and beams must be strong to resist the force of gravity. The steel columns and beams must work together to form a strong backbone. Second, engineers need to design a command center. The command center is a computer that sends signals through wires in a skyscraper. For example, it sends signals to help bring fresh air into rooms, just like your lungs. The command center also controls the heating and air conditioning. It helps the building cool down when it’s too hot and warm up when it’s too cold. A skyscraper has many different parts that work together. The bones make the building tall and strong. The skin protects the inside of the building. The skin of a skyscraper can be made of metal, stone, or glass. The brain controls the building temperature. The anatomy of a skyscraper is like a human body. All the parts have to work together. That's how a city skyscraper works properly.: What is the main idea of paragraph 3?
To describe what the backbone of a skyscraper is made of
To describe how engineers work together to build skyscrapers
To describe the reasons why a skyscraper is a tall building
To describe why checklists are needed to build a safe skyscraper
The task is to identify the main idea of paragraph 3, which is that engineers work together to build skyscrapers.
Reading comprehension: identifying the main idea of a paragraph. The item measures the ability to determine that paragraph 3 explains the skyscraper’s backbone/frame and its materials, rather than broader building processes or safety procedures.
This is a low-to-moderate cognitive item: it mainly requires reading comprehension and identifying the main idea, with some synthesis across details. The threshold is raised by dense explanatory wording and multiple plausible distractors, but there is no severe symptom or strong belief component.
Low latent trait: the item mainly requires basic reading comprehension and identifying the paragraph’s main idea.","Original Text: In many ways, skyscrapers are like the human body. They have bones that keep it tall and strong and skin to protect the body. They have a command center that is like a brain. How do engineers design and build strong and smart skyscrapers? It is very challenging to build a skyscraper because there are many parts that have to work together. If one part is broken, the skyscraper will not work properly. First, engineers need a strong and tall frame that supports the floors and walls. This frame is like the bones of a skyscraper. The bones of a skyscraper are made of concrete, steel and other materials. The columns are like the backbone of a human body. The columns go up. The steel columns hold up each floor. There are also steel beams that go across each floor. The steel columns and beams must be strong to resist the force of gravity. The steel columns and beams must work together to form a strong backbone. Second, engineers need to design a command center. The command center is a computer that sends signals through wires in a skyscraper. For example, it sends signals to help bring fresh air into rooms, just like your lungs. The command center also controls the heating and air conditioning. It helps the building cool down when it’s too hot and warm up when it’s too cold. A skyscraper has many different parts that work together. The bones make the building tall and strong. The skin protects the inside of the building. The skin of a skyscraper can be made of metal, stone, or glass. The brain controls the building temperature. The anatomy of a skyscraper is like a human body. All the parts have to work together. That's how a city skyscraper works properly.: What is the main idea of paragraph 3?
To describe what the backbone of a skyscraper is made of
To describe how engineers work together to build skyscrapers
To describe the reasons why a skyscraper is a tall building
To describe why checklists are needed to build a safe skyscraper
The item asks for the main idea of paragraph 3, which explains what the skyscraper’s “backbone” is made of and how steel columns and beams support the building.
This item is measuring **reading comprehension—main idea identification in informational text**. It asks the reader to determine the central idea of paragraph 3 by distinguishing the paragraph’s focus on the skyscraper’s structural frame/backbone from other plausible but unsupported choices.
Core ask: assess the item’s cognitive demand and note features that raise difficulty.

Demand: low to moderate cognitive load. It mainly requires locating paragraph 3, identifying its main idea, and matching it to the best option. This is basic reading comprehension with light synthesis, not deep multi-step reasoning.

Load-increasing elements:
- Requires paragraph-specific focus rather than whole-passage gist.
- “Main idea” asks for summarization, not simple recall of one fact.
- Analogy language (“backbone,” “bones”) could slightly distract from the literal structural description.
- Distractors are mostly weak/off-topic, so they do not greatly increase difficulty.
- No conditional logic, tricky wording, or emotional/attitudinal threshold.
This item appears to require a relatively low to moderate level of the underlying trait, since identifying the main idea of paragraph 3 mainly depends on straightforward reading comprehension and locating explicitly stated details rather than making complex inferences.","Original Text: In many ways, skyscrapers are like the human body. They have bones that keep it tall and strong and skin to protect the body. They have a command center that is like a brain. How do engineers design and build strong and smart skyscrapers? It is very challenging to build a skyscraper because there are many parts that have to work together. If one part is broken, the skyscraper will not work properly. First, engineers need a strong and tall frame that supports the floors and walls. This frame is like the bones of a skyscraper. The bones of a skyscraper are made of concrete, steel and other materials. The columns are like the backbone of a human body. The columns go up. The steel columns hold up each floor. There are also steel beams that go across each floor. The steel columns and beams must be strong to resist the force of gravity. The steel columns and beams must work together to form a strong backbone. Second, engineers need to design a command center. The command center is a computer that sends signals through wires in a skyscraper. For example, it sends signals to help bring fresh air into rooms, just like your lungs. The command center also controls the heating and air conditioning. It helps the building cool down when it’s too hot and warm up when it’s too cold. A skyscraper has many different parts that work together. The bones make the building tall and strong. The skin protects the inside of the building. The skin of a skyscraper can be made of metal, stone, or glass. The brain controls the building temperature. The anatomy of a skyscraper is like a human body. All the parts have to work together. That's how a city skyscraper works properly.: What is the main idea of paragraph 3?
To describe what the backbone of a skyscraper is made of
To describe how engineers work together to build skyscrapers
To describe the reasons why a skyscraper is a tall building
To describe why checklists are needed to build a safe skyscraper
Identify the main idea of paragraph 3, which explains the materials and structure forming a skyscraper’s backbone.
**Primary skill:** Reading comprehension—identifying a paragraph’s main idea.  

**Justification:** The item asks students to determine what paragraph 3 mainly explains: the skyscraper’s backbone/frame and the materials composing it, especially concrete and steel.
This is a low-to-moderate reading-comprehension item requiring recall and basic main-idea identification, not multi-step reasoning or synthesis. The learner must locate paragraph 3, recognize its focus on the skyscraper’s backbone, and reject distractors about cooperation, height, or checklists. The phrasing is simple; the main challenge is paragraph tracking and distinguishing a specific detail from broader or unsupported alternatives.
This item requires a **low-to-moderate level of cognitive ability**, primarily basic reading comprehension: identifying a paragraph’s central topic and distinguishing it from unrelated details.","Original Text: In many ways, skyscrapers are like the human body. They have bones that keep it tall and strong and skin to protect the body. They have a command center that is like a brain. How do engineers design and build strong and smart skyscrapers? It is very challenging to build a skyscraper because there are many parts that have to work together. If one part is broken, the skyscraper will not work properly. First, engineers need a strong and tall frame that supports the floors and walls. This frame is like the bones of a skyscraper. The bones of a skyscraper are made of concrete, steel and other materials. The columns are like the backbone of a human body. The columns go up. The steel columns hold up each floor. There are also steel beams that go across each floor. The steel columns and beams must be strong to resist the force of gravity. The steel columns and beams must work together to form a strong backbone. Second, engineers need to design a command center. The command center is a computer that sends signals through wires in a skyscraper. For example, it sends signals to help bring fresh air into rooms, just like your lungs. The command center also controls the heating and air conditioning. It helps the building cool down when it’s too hot and warm up when it’s too cold. A skyscraper has many different parts that work together. The bones make the building tall and strong. The skin protects the inside of the building. The skin of a skyscraper can be made of metal, stone, or glass. The brain controls the building temperature. The anatomy of a skyscraper is like a human body. All the parts have to work together. That's how a city skyscraper works properly.: What is the main idea of paragraph 3?
To describe what the backbone of a skyscraper is made of
To describe how engineers work together to build skyscrapers
To describe the reasons why a skyscraper is a tall building
To describe why checklists are needed to build a safe skyscraper
Identify the main idea of paragraph 3, focusing on the materials and structural components that form a skyscraper’s backbone.
**Reading comprehension—identifying a paragraph’s main idea.** The item assesses whether the reader can distinguish paragraph 3’s central point—what a skyscraper’s supporting “backbone” is made of—from irrelevant or overly broad alternatives.
Low-to-moderate cognitive demand: identifying paragraph 3’s main idea requires comprehension and brief synthesis, not simple recall or multi-step reasoning. The lengthy passage, paragraph tracking, extended body/skyscraper analogy, and broad distractors add some load. The correct choice is **“To describe what the backbone of a skyscraper is made of.”**
This item requires a relatively low level of reading comprehension. The main idea is explicitly stated and reinforced with concrete details, while the distractors are clearly unsupported. A respondent needs only basic paragraph-level summarization to select that the paragraph describes what a skyscraper’s backbone is made of.",0.3254077123199484,3.2789614609924147,1.2278917983832456,1.389859981080751,4.014287937383164,923.0,gilbert_meta_8,1.1329719746717903,0.4517246344850013,0.9209087390595947,0.3671733924982996,0.13086608705683445,0.42899022002707576,0.09474687871422771,0.3105883675489058,0.8272408305424714,0.44388909590757364,0.5892786554766928,0.31620099003774965,0.31306584685988226,0.4056016915718375,0.28391757852577504,0.3678377928224632,-0.06248121722629585,0.4223978763003033,-0.046026402004271515,0.3111567815642071,0.5371440308321682,0.42486067685384893,0.4046480497579203,0.32006135121969986,0.9545189466895565,0.43876784130257035,0.7268618696319095,0.33411973074984813
s_cc_20_2021,"Some birds that are here today are smaller than they were many years ago. Why is this happening? It is a mystery. How do scientists study a mystery? First, scientists try to understand the bird’s skeletal and muscular systems. Those systems help birds to fly. One thing scientists know is that birds’ bones are hollow inside. So, they don’t weigh much. Birds’ skeletons weigh less than their feathers. They have also learned that a bird wing works like a human arm. Birds contract their chest muscles to make their wings flap. Second, scientists try to diagnose the reasons that the birds’ bodies might have changed over time. Some scientists thought that birds’ skeletal or muscular systems might have changed. So, they studied migratory birds in North America. Migratory birds fly long distances to warmer places for the winter. Third, scientists measured the physical characteristics of the birds. They measured the size of the birds’ bones. They found some of the birds’ bones were shorter than they were 40 years ago. For example, the lower leg bone of many birds is smaller. Fourth, scientists measured the migratory birds’ wings. They found the birds’ wings are longer than they used to be. Many scientists asked, “Why are the birds’ bones smaller than they used be. But their wings are longer?” They thought about the long distance the birds fly in winter. They thought that the birds’ bodies changed to adapt to the long winter flight. They would need a lot of energy for the flight. A smaller body would have smaller muscles and less fat. But smaller bones and longer wings would make flying easier. Over time, these characteristics of birds have become more common. The scientists came up with some very good ideas about why these skeletal changes might be occurring.",The author of this article mainly wants you to learn that,"Some birds that are here today are smaller than they were many years ago. Why is this happening? It is a mystery. How do scientists study a mystery? First, scientists try to understand the bird’s skeletal and muscular systems. Those systems help birds to fly. One thing scientists know is that birds’ bones are hollow inside. So, they don’t weigh much. Birds’ skeletons weigh less than their feathers. They have also learned that a bird wing works like a human arm. Birds contract their chest muscles to make their wings flap. Second, scientists try to diagnose the reasons that the birds’ bodies might have changed over time. Some scientists thought that birds’ skeletal or muscular systems might have changed. So, they studied migratory birds in North America. Migratory birds fly long distances to warmer places for the winter. Third, scientists measured the physical characteristics of the birds. They measured the size of the birds’ bones. They found some of the birds’ bones were shorter than they were 40 years ago. For example, the lower leg bone of many birds is smaller. Fourth, scientists measured the migratory birds’ wings. They found the birds’ wings are longer than they used to be. Many scientists asked, “Why are the birds’ bones smaller than they used be. But their wings are longer?” They thought about the long distance the birds fly in winter. They thought that the birds’ bodies changed to adapt to the long winter flight. They would need a lot of energy for the flight. A smaller body would have smaller muscles and less fat. But smaller bones and longer wings would make flying easier. Over time, these characteristics of birds have become more common. The scientists came up with some very good ideas about why these skeletal changes might be occurring.: The author of this article mainly wants you to learn that
Scientists study living things to see how they change over time
All animals including humans change over time
Birds’ wings are getting smaller and their bodies are getting larger
Birds migrate to a warmer climate every winter","Original Text: Some birds that are here today are smaller than they were many years ago. Why is this happening? It is a mystery. How do scientists study a mystery? First, scientists try to understand the bird’s skeletal and muscular systems. Those systems help birds to fly. One thing scientists know is that birds’ bones are hollow inside. So, they don’t weigh much. Birds’ skeletons weigh less than their feathers. They have also learned that a bird wing works like a human arm. Birds contract their chest muscles to make their wings flap. Second, scientists try to diagnose the reasons that the birds’ bodies might have changed over time. Some scientists thought that birds’ skeletal or muscular systems might have changed. So, they studied migratory birds in North America. Migratory birds fly long distances to warmer places for the winter. Third, scientists measured the physical characteristics of the birds. They measured the size of the birds’ bones. They found some of the birds’ bones were shorter than they were 40 years ago. For example, the lower leg bone of many birds is smaller. Fourth, scientists measured the migratory birds’ wings. They found the birds’ wings are longer than they used to be. Many scientists asked, “Why are the birds’ bones smaller than they used be. But their wings are longer?” They thought about the long distance the birds fly in winter. They thought that the birds’ bodies changed to adapt to the long winter flight. They would need a lot of energy for the flight. A smaller body would have smaller muscles and less fat. But smaller bones and longer wings would make flying easier. Over time, these characteristics of birds have become more common. The scientists came up with some very good ideas about why these skeletal changes might be occurring.: The author of this article mainly wants you to learn that
Scientists study living things to see how they change over time
All animals including humans change over time
Birds’ wings are getting smaller and their bodies are getting larger
Birds migrate to a warmer climate every winter
This item requires identifying the primary purpose of a text describing the scientific methodology used to investigate and explain physical adaptations in birds over time.
This item measures the **Reading Comprehension** skill, specifically the ability to identify the **Main Idea** or central theme of a text.

**Justification:** The item requires the reader to synthesize information across multiple paragraphs—detailing the specific steps and findings of a scientific investigation into avian morphological changes—to determine the author's primary communicative purpose rather than focusing on isolated facts or supporting details.
This analysis evaluates the cognitive demand and structural complexity of the provided reading comprehension item.

**Cognitive Demand**
This item requires **synthesis**. To identify the author’s main goal, the reader must integrate information across the four-step scientific process described—skeletal analysis, diagnosis of change, physical measurement, and adaptation theory—to derive a generalized conclusion about scientific study.

**Structural and Semantic Elements**
*   **Scope Distractors:** Option 2 introduces an over-generalization (applying bird data to ""all animals including humans""), requiring the reader to recognize the specific boundaries of the text's evidence.
*   **Detail vs. Main Idea:** Option 4 functions as a ""true-but-partial"" distractor; it is a factual statement from the text that lacks the breadth to be the primary lesson, increasing the load on hierarchical reasoning.
*   **Factual Inversion:** Option 3 employs a tricky distractor by swapping the text's findings (smaller bodies/longer wings) with their opposites, necessitating precise recall and careful verification.
*   **Abstract Synthesis:** The correct option requires the reader to abstract the specific case study of birds into the broader principle of how scientists monitor biological change over time.
To identify the author's primary purpose in this passage, a respondent requires a **moderate level of reading comprehension**. This involves the ability to synthesize information across multiple paragraphs, distinguish between specific supporting details (such as wing measurements or migratory patterns) and the central theme, and recognize the overarching narrative of scientific methodology applied to biological adaptation.","Original Text: Some birds that are here today are smaller than they were many years ago. Why is this happening? It is a mystery. How do scientists study a mystery? First, scientists try to understand the bird’s skeletal and muscular systems. Those systems help birds to fly. One thing scientists know is that birds’ bones are hollow inside. So, they don’t weigh much. Birds’ skeletons weigh less than their feathers. They have also learned that a bird wing works like a human arm. Birds contract their chest muscles to make their wings flap. Second, scientists try to diagnose the reasons that the birds’ bodies might have changed over time. Some scientists thought that birds’ skeletal or muscular systems might have changed. So, they studied migratory birds in North America. Migratory birds fly long distances to warmer places for the winter. Third, scientists measured the physical characteristics of the birds. They measured the size of the birds’ bones. They found some of the birds’ bones were shorter than they were 40 years ago. For example, the lower leg bone of many birds is smaller. Fourth, scientists measured the migratory birds’ wings. They found the birds’ wings are longer than they used to be. Many scientists asked, “Why are the birds’ bones smaller than they used be. But their wings are longer?” They thought about the long distance the birds fly in winter. They thought that the birds’ bodies changed to adapt to the long winter flight. They would need a lot of energy for the flight. A smaller body would have smaller muscles and less fat. But smaller bones and longer wings would make flying easier. Over time, these characteristics of birds have become more common. The scientists came up with some very good ideas about why these skeletal changes might be occurring.: The author of this article mainly wants you to learn that
Scientists study living things to see how they change over time
All animals including humans change over time
Birds’ wings are getting smaller and their bodies are getting larger
Birds migrate to a warmer climate every winter
The core task presented in this item is to determine the author's main purpose or primary lesson in the provided text about scientists studying the physical adaptations of birds over time, selecting the most accurate summary from four multiple-choice options.
To identify the primary construct this assessment item is designed to evaluate and provide a brief rationale:

**Primary Skill:** Reading Comprehension (Identifying the Main Idea / Author's Purpose)

**Justification:** The question explicitly requires the reader to synthesize the provided informational passage to determine the author's overarching educational goal (""mainly wants you to learn that""), testing the ability to distinguish the central theme of the text from its supporting details.
In analyzing the cognitive demand and structural elements that determine the difficulty of this reading comprehension item:

This cognitive item requires synthesis, as the reader must abstract the overarching main idea from a series of sequential, detailed facts about bird anatomy and the scientific method. 

The cognitive load is increased by the use of tricky distractors that require careful discrimination:
*   **Detail vs. Main Idea:** One distractor presents a true supporting detail from the text (winter migration) that fails to capture the author's primary purpose.
*   **Factual Contradiction:** Another distractor uses familiar vocabulary from the text but reverses the facts (stating wings are getting smaller and bodies larger, rather than the inverse).
*   **Overgeneralization:** A third distractor requires the reader to recognize an unsupported logical leap (applying the text's specific findings about birds to all animals and humans). 

To endorse the correct option, the reader must bypass these semantic traps and synthesize the text's step-by-step structural framework (""First,"" ""Second,"" ""Third,"" ""Fourth"") into a broader generalization about scientists studying how living things change over time.
The level of the underlying latent trait, specifically reading comprehension and basic cognitive ability, required for a respondent to successfully answer this item is low to moderate.","Original Text: Some birds that are here today are smaller than they were many years ago. Why is this happening? It is a mystery. How do scientists study a mystery? First, scientists try to understand the bird’s skeletal and muscular systems. Those systems help birds to fly. One thing scientists know is that birds’ bones are hollow inside. So, they don’t weigh much. Birds’ skeletons weigh less than their feathers. They have also learned that a bird wing works like a human arm. Birds contract their chest muscles to make their wings flap. Second, scientists try to diagnose the reasons that the birds’ bodies might have changed over time. Some scientists thought that birds’ skeletal or muscular systems might have changed. So, they studied migratory birds in North America. Migratory birds fly long distances to warmer places for the winter. Third, scientists measured the physical characteristics of the birds. They measured the size of the birds’ bones. They found some of the birds’ bones were shorter than they were 40 years ago. For example, the lower leg bone of many birds is smaller. Fourth, scientists measured the migratory birds’ wings. They found the birds’ wings are longer than they used to be. Many scientists asked, “Why are the birds’ bones smaller than they used be. But their wings are longer?” They thought about the long distance the birds fly in winter. They thought that the birds’ bodies changed to adapt to the long winter flight. They would need a lot of energy for the flight. A smaller body would have smaller muscles and less fat. But smaller bones and longer wings would make flying easier. Over time, these characteristics of birds have become more common. The scientists came up with some very good ideas about why these skeletal changes might be occurring.: The author of this article mainly wants you to learn that
Scientists study living things to see how they change over time
All animals including humans change over time
Birds’ wings are getting smaller and their bodies are getting larger
Birds migrate to a warmer climate every winter
The provided item is a multiple-choice reading comprehension task that asks the reader to identify the author's primary purpose or main lesson regarding how scientists investigate physical adaptations and evolutionary changes in living organisms over time.
This item is designed to evaluate the English Language Arts reading comprehension skill of identifying the main idea (or central authorial purpose) of an informational text. 

**Justification:** The question requires the reader to synthesize the passage as a whole to determine the overarching theme—how scientists investigate anatomical adaptations over time—rather than selecting isolated factual details or distractor statements.
**Cognitive Demand Evaluation:**

This assessment measures the cognitive demand and structural complexity involved in identifying the central theme of the passage. The item requires **synthesis and abstraction**, as the reader must integrate a four-step scientific process into an overarching primary purpose rather than locating a single stated fact.

**Elements Increasing Cognitive Load:**

*   **Thematic Abstraction:** The reader must generalize a specific case study about North American migratory bird morphology to the broader concept of how scientific inquiry tracks biological adaptation over time.
*   **Scope Distractors:** The options include a hyper-specific supporting detail (winter migration) and an overgeneralized inference (all animals and humans changing) to test the boundary between main ideas and extraneous details.
*   **Semantic Inversion:** One distractor directly inverts passage facts (swapping bone reduction and wing elongation), requiring careful working-memory verification to rule out plausible-sounding phrasing.
To determine the primary purpose of the provided text, a respondent requires a **low-to-moderate level of reading comprehension ability**, as the passage uses straightforward vocabulary, clear chronological structuring, and explicit explanations to support identifying the main idea.","Original Text: Some birds that are here today are smaller than they were many years ago. Why is this happening? It is a mystery. How do scientists study a mystery? First, scientists try to understand the bird’s skeletal and muscular systems. Those systems help birds to fly. One thing scientists know is that birds’ bones are hollow inside. So, they don’t weigh much. Birds’ skeletons weigh less than their feathers. They have also learned that a bird wing works like a human arm. Birds contract their chest muscles to make their wings flap. Second, scientists try to diagnose the reasons that the birds’ bodies might have changed over time. Some scientists thought that birds’ skeletal or muscular systems might have changed. So, they studied migratory birds in North America. Migratory birds fly long distances to warmer places for the winter. Third, scientists measured the physical characteristics of the birds. They measured the size of the birds’ bones. They found some of the birds’ bones were shorter than they were 40 years ago. For example, the lower leg bone of many birds is smaller. Fourth, scientists measured the migratory birds’ wings. They found the birds’ wings are longer than they used to be. Many scientists asked, “Why are the birds’ bones smaller than they used be. But their wings are longer?” They thought about the long distance the birds fly in winter. They thought that the birds’ bodies changed to adapt to the long winter flight. They would need a lot of energy for the flight. A smaller body would have smaller muscles and less fat. But smaller bones and longer wings would make flying easier. Over time, these characteristics of birds have become more common. The scientists came up with some very good ideas about why these skeletal changes might be occurring.: The author of this article mainly wants you to learn that
Scientists study living things to see how they change over time
All animals including humans change over time
Birds’ wings are getting smaller and their bodies are getting larger
Birds migrate to a warmer climate every winter
The main point is that scientists investigate how living things change over time, using birds as an example.
Primary domain: scientific reading comprehension / identifying the main idea. The item measures whether the reader understands that scientists study living things to see how they change over time.
This is a low-to-moderate demand reading-comprehension item: it mainly requires recall plus synthesis of the passage’s central idea, not deep reasoning. The correct choice is supported by integrating multiple details about scientists studying bird changes over time. Structural load is modest, but the item includes distractors with plausible facts, one reversed claim, and a broad main-idea framing that raises the threshold slightly.
A low-to-moderate reading comprehension and inference level is needed to identify the main idea: the respondent must understand that scientists investigate how living things change over time.","Original Text: Some birds that are here today are smaller than they were many years ago. Why is this happening? It is a mystery. How do scientists study a mystery? First, scientists try to understand the bird’s skeletal and muscular systems. Those systems help birds to fly. One thing scientists know is that birds’ bones are hollow inside. So, they don’t weigh much. Birds’ skeletons weigh less than their feathers. They have also learned that a bird wing works like a human arm. Birds contract their chest muscles to make their wings flap. Second, scientists try to diagnose the reasons that the birds’ bodies might have changed over time. Some scientists thought that birds’ skeletal or muscular systems might have changed. So, they studied migratory birds in North America. Migratory birds fly long distances to warmer places for the winter. Third, scientists measured the physical characteristics of the birds. They measured the size of the birds’ bones. They found some of the birds’ bones were shorter than they were 40 years ago. For example, the lower leg bone of many birds is smaller. Fourth, scientists measured the migratory birds’ wings. They found the birds’ wings are longer than they used to be. Many scientists asked, “Why are the birds’ bones smaller than they used be. But their wings are longer?” They thought about the long distance the birds fly in winter. They thought that the birds’ bodies changed to adapt to the long winter flight. They would need a lot of energy for the flight. A smaller body would have smaller muscles and less fat. But smaller bones and longer wings would make flying easier. Over time, these characteristics of birds have become more common. The scientists came up with some very good ideas about why these skeletal changes might be occurring.: The author of this article mainly wants you to learn that
Scientists study living things to see how they change over time
All animals including humans change over time
Birds’ wings are getting smaller and their bodies are getting larger
Birds migrate to a warmer climate every winter
The item asks you to identify the article’s main idea: scientists investigate how birds’ bodies have changed over time, especially smaller bones and longer wings, to understand adaptation.
This item is mainly measuring **reading comprehension of main idea in a science informational text**. The task asks the reader to identify what the author mainly wants them to learn, requiring synthesis of the passage’s central message about how scientists investigate changes in birds over time, rather than recall of a single detail.
This item mainly requires recall of the passage’s central idea, with light synthesis across the “scientists study” steps and findings. Endorsing the correct answer does not require deep inference or nuanced attitude judgment; it is low-to-moderate cognitive demand.

Load-increasing features: long passage, multiple details and sequences (“first, second, third, fourth”), and distractors that reuse true but non-central facts. The main challenge is distinguishing the overall purpose from specific details. One distractor directly contradicts the passage (“wings smaller,” “bodies larger”), while another is true but too narrow (migration), making this a main-idea discrimination task rather than complex reasoning.
This item appears to require a moderately low to moderate level of the underlying trait, since successfully answering it mainly depends on identifying the passage’s central idea from explicitly stated information rather than making a highly complex inference.","Original Text: Some birds that are here today are smaller than they were many years ago. Why is this happening? It is a mystery. How do scientists study a mystery? First, scientists try to understand the bird’s skeletal and muscular systems. Those systems help birds to fly. One thing scientists know is that birds’ bones are hollow inside. So, they don’t weigh much. Birds’ skeletons weigh less than their feathers. They have also learned that a bird wing works like a human arm. Birds contract their chest muscles to make their wings flap. Second, scientists try to diagnose the reasons that the birds’ bodies might have changed over time. Some scientists thought that birds’ skeletal or muscular systems might have changed. So, they studied migratory birds in North America. Migratory birds fly long distances to warmer places for the winter. Third, scientists measured the physical characteristics of the birds. They measured the size of the birds’ bones. They found some of the birds’ bones were shorter than they were 40 years ago. For example, the lower leg bone of many birds is smaller. Fourth, scientists measured the migratory birds’ wings. They found the birds’ wings are longer than they used to be. Many scientists asked, “Why are the birds’ bones smaller than they used be. But their wings are longer?” They thought about the long distance the birds fly in winter. They thought that the birds’ bodies changed to adapt to the long winter flight. They would need a lot of energy for the flight. A smaller body would have smaller muscles and less fat. But smaller bones and longer wings would make flying easier. Over time, these characteristics of birds have become more common. The scientists came up with some very good ideas about why these skeletal changes might be occurring.: The author of this article mainly wants you to learn that
Scientists study living things to see how they change over time
All animals including humans change over time
Birds’ wings are getting smaller and their bodies are getting larger
Birds migrate to a warmer climate every winter
Scientists study living things to understand how they change over time.
**Primary skill:** Reading comprehension—identifying the author’s main idea.  
**Justification:** The passage explains how scientists investigate physical changes in birds over time, making **“Scientists study living things to see how they change over time”** the best answer.
This is a moderate reading-comprehension item requiring recall and synthesis of the passage’s main idea, not merely a single detail. The reader must integrate the scientists’ observations and methods across several steps.

Cognitive load increases through the passage’s length, sequential structure (“first,” “second,” “third,” “fourth”), temporal comparisons, and adaptation-based causal reasoning. Distractors include an unsupported overgeneralization (“all animals”), reversed details about body and wing size, and a true but narrower supporting detail about migration.
This item requires a **moderate level of reading comprehension**, especially identifying the passage’s main idea and integrating details about how scientists investigate changes in living organisms over time. It does not require advanced scientific knowledge; basic inference and distinguishing the correct generalization from specific or inaccurate distractors are sufficient.","Original Text: Some birds that are here today are smaller than they were many years ago. Why is this happening? It is a mystery. How do scientists study a mystery? First, scientists try to understand the bird’s skeletal and muscular systems. Those systems help birds to fly. One thing scientists know is that birds’ bones are hollow inside. So, they don’t weigh much. Birds’ skeletons weigh less than their feathers. They have also learned that a bird wing works like a human arm. Birds contract their chest muscles to make their wings flap. Second, scientists try to diagnose the reasons that the birds’ bodies might have changed over time. Some scientists thought that birds’ skeletal or muscular systems might have changed. So, they studied migratory birds in North America. Migratory birds fly long distances to warmer places for the winter. Third, scientists measured the physical characteristics of the birds. They measured the size of the birds’ bones. They found some of the birds’ bones were shorter than they were 40 years ago. For example, the lower leg bone of many birds is smaller. Fourth, scientists measured the migratory birds’ wings. They found the birds’ wings are longer than they used to be. Many scientists asked, “Why are the birds’ bones smaller than they used be. But their wings are longer?” They thought about the long distance the birds fly in winter. They thought that the birds’ bodies changed to adapt to the long winter flight. They would need a lot of energy for the flight. A smaller body would have smaller muscles and less fat. But smaller bones and longer wings would make flying easier. Over time, these characteristics of birds have become more common. The scientists came up with some very good ideas about why these skeletal changes might be occurring.: The author of this article mainly wants you to learn that
Scientists study living things to see how they change over time
All animals including humans change over time
Birds’ wings are getting smaller and their bodies are getting larger
Birds migrate to a warmer climate every winter
Identify the article’s main idea: scientists study living things, such as migratory birds, to understand how they change and adapt over time.
**Primary skill: Reading comprehension—identifying the author’s main idea.** The item asks readers to distinguish the article’s central message—that scientists study how living things change over time—from supporting details about bird anatomy, migration, and adaptation.
Moderate cognitive demand: requires identifying the passage’s main idea by synthesizing repeated details about scientists studying birds’ physical changes over time. Distractors include an overgeneralization, a reversal of the findings, and a minor supporting detail. The long passage, sequential study steps, and comparison of past versus present increase load; wording is otherwise straightforward.
This item requires a **moderate level of reading comprehension ability**: respondents must identify the article’s main idea, distinguish it from supporting details, and reject overly broad or contradictory options.",0.6773345638643776,1.751705479575071,1.320576572810826,1.492360098119677,4.447579866973318,968.0,gilbert_meta_8,1.6606191697982968,0.4764948505893228,1.3497939401017893,0.3873072607570202,1.649101876830856,0.503430899282653,1.1939476378142262,0.3644833235872094,1.7522357527897559,0.504046856219196,1.248191687788222,0.3590539088058857,0.995783960900789,0.4397844542945668,0.9030706279509731,0.39883793965068653,0.8069546385283208,0.4716441839507975,0.5944381406270819,0.34743376933380105,1.7154460964901657,0.5107725933227729,1.292301277804708,0.38478158909753185,1.537892751719872,0.4967874098741896,1.1710983890737037,0.37830137034271827
s_cc_3_2021,"A human is a primate. In primates, the heart sends oxygen in the blood all around the body. The body must have oxygen to function properly. The strong heart muscle contracts to pump blood all around the body. A healthy heart never rests. But what happens when a person’s heart gets weaker? People with weak hearts need help. Scientists have to study a medical mystery. Then they might be able to help people. First, scientists need to diagnose the reasons that a human heart gets weak. They need to do tests. But sometimes it would be hard on a sick person to have tests done. So, scientists study animals that have body systems like humans. Scientists knew that the macaque monkey’s heart is similar to the human heart. So, they did tests with macaque monkeys. The scientists learned what happens when a monkey has a heart attack. After a heart attack, the monkey’s heart muscle has scar tissue where it was damaged. The scar tissue cannot contract like a strong heart muscle can. Then the monkey’s heart cannot pump enough blood to give the body the oxygen it needs. Without enough oxygen, the monkey’s body cannot function properly. Second, scientists wanted to try out new solutions that would keep the heart working. Sometimes the new solutions might fail. So, scientists didn’t want to try the solutions with people right away. They tried a solution with macaque monkeys. Scientists developed an idea. Then, they tested an idea. They injected human stem cells from the human heart into the monkey’s heart. After four weeks the human heart cells grew where the monkey’s scar tissue was. After three months, the monkey’s heart got stronger. Now scientists are using what they found in this experiment to help humans who have had heart attacks.","According to paragraph 3, why do scientists study macaque monkeys?","A human is a primate. In primates, the heart sends oxygen in the blood all around the body. The body must have oxygen to function properly. The strong heart muscle contracts to pump blood all around the body. A healthy heart never rests. But what happens when a person’s heart gets weaker? People with weak hearts need help. Scientists have to study a medical mystery. Then they might be able to help people. First, scientists need to diagnose the reasons that a human heart gets weak. They need to do tests. But sometimes it would be hard on a sick person to have tests done. So, scientists study animals that have body systems like humans. Scientists knew that the macaque monkey’s heart is similar to the human heart. So, they did tests with macaque monkeys. The scientists learned what happens when a monkey has a heart attack. After a heart attack, the monkey’s heart muscle has scar tissue where it was damaged. The scar tissue cannot contract like a strong heart muscle can. Then the monkey’s heart cannot pump enough blood to give the body the oxygen it needs. Without enough oxygen, the monkey’s body cannot function properly. Second, scientists wanted to try out new solutions that would keep the heart working. Sometimes the new solutions might fail. So, scientists didn’t want to try the solutions with people right away. They tried a solution with macaque monkeys. Scientists developed an idea. Then, they tested an idea. They injected human stem cells from the human heart into the monkey’s heart. After four weeks the human heart cells grew where the monkey’s scar tissue was. After three months, the monkey’s heart got stronger. Now scientists are using what they found in this experiment to help humans who have had heart attacks.: According to paragraph 3, why do scientists study macaque monkeys?
Their heart muscles pump blood
Their heart muscles have scar tissue
Their heart muscles are similar to humans
Their heart muscles are always strong","Original Text: A human is a primate. In primates, the heart sends oxygen in the blood all around the body. The body must have oxygen to function properly. The strong heart muscle contracts to pump blood all around the body. A healthy heart never rests. But what happens when a person’s heart gets weaker? People with weak hearts need help. Scientists have to study a medical mystery. Then they might be able to help people. First, scientists need to diagnose the reasons that a human heart gets weak. They need to do tests. But sometimes it would be hard on a sick person to have tests done. So, scientists study animals that have body systems like humans. Scientists knew that the macaque monkey’s heart is similar to the human heart. So, they did tests with macaque monkeys. The scientists learned what happens when a monkey has a heart attack. After a heart attack, the monkey’s heart muscle has scar tissue where it was damaged. The scar tissue cannot contract like a strong heart muscle can. Then the monkey’s heart cannot pump enough blood to give the body the oxygen it needs. Without enough oxygen, the monkey’s body cannot function properly. Second, scientists wanted to try out new solutions that would keep the heart working. Sometimes the new solutions might fail. So, scientists didn’t want to try the solutions with people right away. They tried a solution with macaque monkeys. Scientists developed an idea. Then, they tested an idea. They injected human stem cells from the human heart into the monkey’s heart. After four weeks the human heart cells grew where the monkey’s scar tissue was. After three months, the monkey’s heart got stronger. Now scientists are using what they found in this experiment to help humans who have had heart attacks.: According to paragraph 3, why do scientists study macaque monkeys?
Their heart muscles pump blood
Their heart muscles have scar tissue
Their heart muscles are similar to humans
Their heart muscles are always strong
This item requires identifying the specific reason scientists utilize macaque monkeys as research models for human heart conditions based on the provided text.
This item measures the skill of **Reading Comprehension (Literal Retrieval)**. It requires the reader to locate and extract explicitly stated information from a specific section of the text to identify the causal justification provided for a scientific methodology.
This analysis evaluates the cognitive demand and structural complexity of the reading comprehension item regarding macaque monkey research.

**Cognitive Demand**
The item requires **recall** and **literal identification** of information explicitly stated in the text. It demands the reader locate a specific rationale provided in paragraph 3 to justify a scientific method.

**Structural and Semantic Elements**
*   **Direct Mapping:** The correct answer is a near-verbatim paraphrase of the text (""macaque monkey’s heart is similar to the human heart""), minimizing the need for synthesis.
*   **Contextual Distractors:** Options 1 and 2 use ""tricky"" distractors that are factually true within the passage's context but do not provide the specific causal reason for the scientists' choice.
*   **Conditional Logic:** The item relies on simple **causal logic** (similarity as a prerequisite for comparative study), which requires the reader to distinguish between a general characteristic and a specific scientific justification.
The level of the underlying latent trait—specifically reading comprehension and literal retrieval—required to successfully answer why scientists study macaque monkeys is low to moderate. The item requires the respondent to locate an explicit statement within a specific paragraph and identify a direct causal link between the similarity of biological systems and the selection of a research subject.","Original Text: A human is a primate. In primates, the heart sends oxygen in the blood all around the body. The body must have oxygen to function properly. The strong heart muscle contracts to pump blood all around the body. A healthy heart never rests. But what happens when a person’s heart gets weaker? People with weak hearts need help. Scientists have to study a medical mystery. Then they might be able to help people. First, scientists need to diagnose the reasons that a human heart gets weak. They need to do tests. But sometimes it would be hard on a sick person to have tests done. So, scientists study animals that have body systems like humans. Scientists knew that the macaque monkey’s heart is similar to the human heart. So, they did tests with macaque monkeys. The scientists learned what happens when a monkey has a heart attack. After a heart attack, the monkey’s heart muscle has scar tissue where it was damaged. The scar tissue cannot contract like a strong heart muscle can. Then the monkey’s heart cannot pump enough blood to give the body the oxygen it needs. Without enough oxygen, the monkey’s body cannot function properly. Second, scientists wanted to try out new solutions that would keep the heart working. Sometimes the new solutions might fail. So, scientists didn’t want to try the solutions with people right away. They tried a solution with macaque monkeys. Scientists developed an idea. Then, they tested an idea. They injected human stem cells from the human heart into the monkey’s heart. After four weeks the human heart cells grew where the monkey’s scar tissue was. After three months, the monkey’s heart got stronger. Now scientists are using what they found in this experiment to help humans who have had heart attacks.: According to paragraph 3, why do scientists study macaque monkeys?
Their heart muscles pump blood
Their heart muscles have scar tissue
Their heart muscles are similar to humans
Their heart muscles are always strong
The core request of this prompt is to summarize the primary task or scenario of the provided text. The item presents a reading comprehension task where the reader must analyze an informational passage about cardiac research to select the correct reason why scientists study macaque monkeys from four multiple-choice options.
To identify the primary skill this item attempts to measure and provide a concise justification:

**Primary Skill:** Reading Comprehension (Locating Explicit Information)

**Justification:** The question requires the reader to retrieve a specific, directly stated detail from a designated paragraph within the provided informational text.
To evaluate the cognitive demand and structural elements of this reading comprehension item: 

The question requires direct recall and basic information retrieval. The cognitive load is minimized by explicitly directing the reader to a specific location (""paragraph 3"") to find the answer. The primary structural element that slightly increases the difficulty is the use of tricky distractors; the incorrect options utilize plausible vocabulary and concepts found elsewhere in the text (e.g., ""scar tissue,"" ""pump blood""), requiring the reader to distinguish between general passage details and the specific causal relationship requested.
To determine the overall level of the underlying latent trait required for a respondent to successfully answer this item, a low level of reading comprehension or cognitive ability is needed. The correct answer requires only basic literal comprehension and direct information retrieval to locate the explicitly stated fact within the text.","Original Text: A human is a primate. In primates, the heart sends oxygen in the blood all around the body. The body must have oxygen to function properly. The strong heart muscle contracts to pump blood all around the body. A healthy heart never rests. But what happens when a person’s heart gets weaker? People with weak hearts need help. Scientists have to study a medical mystery. Then they might be able to help people. First, scientists need to diagnose the reasons that a human heart gets weak. They need to do tests. But sometimes it would be hard on a sick person to have tests done. So, scientists study animals that have body systems like humans. Scientists knew that the macaque monkey’s heart is similar to the human heart. So, they did tests with macaque monkeys. The scientists learned what happens when a monkey has a heart attack. After a heart attack, the monkey’s heart muscle has scar tissue where it was damaged. The scar tissue cannot contract like a strong heart muscle can. Then the monkey’s heart cannot pump enough blood to give the body the oxygen it needs. Without enough oxygen, the monkey’s body cannot function properly. Second, scientists wanted to try out new solutions that would keep the heart working. Sometimes the new solutions might fail. So, scientists didn’t want to try the solutions with people right away. They tried a solution with macaque monkeys. Scientists developed an idea. Then, they tested an idea. They injected human stem cells from the human heart into the monkey’s heart. After four weeks the human heart cells grew where the monkey’s scar tissue was. After three months, the monkey’s heart got stronger. Now scientists are using what they found in this experiment to help humans who have had heart attacks.: According to paragraph 3, why do scientists study macaque monkeys?
Their heart muscles pump blood
Their heart muscles have scar tissue
Their heart muscles are similar to humans
Their heart muscles are always strong
The provided item presents an informational science passage detailing cardiovascular and stem cell research, followed by a multiple-choice reading comprehension question that requires identifying the textual reason scientists use macaque monkeys as study subjects for human heart conditions.
This assessment item evaluates the cognitive skill of **Reading Comprehension (specifically, explicit information retrieval from informational text)**. 

**Justification:** The question requires the reader to locate and directly extract a factual detail explicitly stated in the third paragraph of the text (""the macaque monkey's heart is similar to the human heart"") to identify the correct causal reason, measuring literal comprehension rather than inferential reasoning or specialized scientific knowledge.
**Cognitive Demand Analysis:**

* **Processing Level:** This reading comprehension item has a **low cognitive demand**, requiring simple **information retrieval and direct recall** rather than multi-step reasoning or synthesis. 
* **Structural and Semantic Elements:**
  * **Explicit Navigational Cue:** The stem directly points the reader to ""paragraph 3,"" minimizing search time and working memory load.
  * **Literal Text Matching:** The correct response (""Their heart muscles are similar to humans"") closely parallels the phrasing in the source text (""macaque monkey’s heart is similar to the human heart""), requiring minimal inference.
  * **Plausible Distractors:** The incorrect options use familiar terms found across the text (e.g., ""scar tissue,"" ""pump blood""), introducing a minor retrieval challenge by requiring the reader to isolate the specific causal reason stated rather than just recognizing related vocabulary.
Successfully answering this item requires a **low to basic level of the underlying latent trait of reading comprehension ability**. The task requires only literal information retrieval directly stated in the text, demanding minimal cognitive processing, basic vocabulary recognition, and straightforward matching without the need for complex synthesis or abstract inference.","Original Text: A human is a primate. In primates, the heart sends oxygen in the blood all around the body. The body must have oxygen to function properly. The strong heart muscle contracts to pump blood all around the body. A healthy heart never rests. But what happens when a person’s heart gets weaker? People with weak hearts need help. Scientists have to study a medical mystery. Then they might be able to help people. First, scientists need to diagnose the reasons that a human heart gets weak. They need to do tests. But sometimes it would be hard on a sick person to have tests done. So, scientists study animals that have body systems like humans. Scientists knew that the macaque monkey’s heart is similar to the human heart. So, they did tests with macaque monkeys. The scientists learned what happens when a monkey has a heart attack. After a heart attack, the monkey’s heart muscle has scar tissue where it was damaged. The scar tissue cannot contract like a strong heart muscle can. Then the monkey’s heart cannot pump enough blood to give the body the oxygen it needs. Without enough oxygen, the monkey’s body cannot function properly. Second, scientists wanted to try out new solutions that would keep the heart working. Sometimes the new solutions might fail. So, scientists didn’t want to try the solutions with people right away. They tried a solution with macaque monkeys. Scientists developed an idea. Then, they tested an idea. They injected human stem cells from the human heart into the monkey’s heart. After four weeks the human heart cells grew where the monkey’s scar tissue was. After three months, the monkey’s heart got stronger. Now scientists are using what they found in this experiment to help humans who have had heart attacks.: According to paragraph 3, why do scientists study macaque monkeys?
Their heart muscles pump blood
Their heart muscles have scar tissue
Their heart muscles are similar to humans
Their heart muscles are always strong
The task is to identify why scientists study macaque monkeys in the passage: because their heart muscles are similar to humans.
Reading comprehension in science, specifically identifying the reason for using an animal model; the passage shows scientists study macaque monkeys because their heart muscles are similar to humans.
This is a low-to-moderate demand reading-comprehension item: it mainly requires recall of a stated detail, not multi-step reasoning or synthesis. The wording is straightforward, with one clear correct choice and three simple distractors; the main load comes from identifying the specific similarity between macaque and human hearts.
A low level of reading comprehension is needed: the respondent must identify that scientists study macaque monkeys because their heart muscles are similar to humans.","Original Text: A human is a primate. In primates, the heart sends oxygen in the blood all around the body. The body must have oxygen to function properly. The strong heart muscle contracts to pump blood all around the body. A healthy heart never rests. But what happens when a person’s heart gets weaker? People with weak hearts need help. Scientists have to study a medical mystery. Then they might be able to help people. First, scientists need to diagnose the reasons that a human heart gets weak. They need to do tests. But sometimes it would be hard on a sick person to have tests done. So, scientists study animals that have body systems like humans. Scientists knew that the macaque monkey’s heart is similar to the human heart. So, they did tests with macaque monkeys. The scientists learned what happens when a monkey has a heart attack. After a heart attack, the monkey’s heart muscle has scar tissue where it was damaged. The scar tissue cannot contract like a strong heart muscle can. Then the monkey’s heart cannot pump enough blood to give the body the oxygen it needs. Without enough oxygen, the monkey’s body cannot function properly. Second, scientists wanted to try out new solutions that would keep the heart working. Sometimes the new solutions might fail. So, scientists didn’t want to try the solutions with people right away. They tried a solution with macaque monkeys. Scientists developed an idea. Then, they tested an idea. They injected human stem cells from the human heart into the monkey’s heart. After four weeks the human heart cells grew where the monkey’s scar tissue was. After three months, the monkey’s heart got stronger. Now scientists are using what they found in this experiment to help humans who have had heart attacks.: According to paragraph 3, why do scientists study macaque monkeys?
Their heart muscles pump blood
Their heart muscles have scar tissue
Their heart muscles are similar to humans
Their heart muscles are always strong
The item asks why scientists study macaque monkeys in paragraph 3, with the key idea being that macaque hearts are similar to human hearts.
This item is primarily measuring **reading comprehension of informational science text**, specifically the skill of **identifying an explicitly stated supporting detail**. The correct idea is that scientists study macaque monkeys **because their hearts are similar to human hearts**, and the question asks the reader to locate and recognize that stated reason from paragraph 3.
Core ask: assess the item’s cognitive demand and note features that raise difficulty.

This is a low-to-moderate cognitive-demand reading comprehension item. It mainly requires recall/localization of an explicitly stated detail in paragraph 3, with slight paraphrase matching (“heart is similar to the human heart” → “heart muscles are similar to humans”). It does not require multi-step reasoning or synthesis.

Load-increasing elements:
- Long passage with substantial irrelevant detail before the target sentence
- Need to attend to the paragraph reference (“According to paragraph 3”)
- Paraphrased correct option rather than exact wording
- Distractors reuse passage language (“pump blood,” “scar tissue,” “always strong”), making them superficially plausible

No severe endorsement threshold applies; this is not a psychological/attitudinal item.
This item appears to require a low-to-moderate level of the underlying trait—specifically, basic to somewhat developed reading comprehension and ability to identify an explicitly stated main reason in informational text. A respondent does not need especially high ability, because the passage directly states that scientists study macaque monkeys because their hearts are similar to human hearts.","Original Text: A human is a primate. In primates, the heart sends oxygen in the blood all around the body. The body must have oxygen to function properly. The strong heart muscle contracts to pump blood all around the body. A healthy heart never rests. But what happens when a person’s heart gets weaker? People with weak hearts need help. Scientists have to study a medical mystery. Then they might be able to help people. First, scientists need to diagnose the reasons that a human heart gets weak. They need to do tests. But sometimes it would be hard on a sick person to have tests done. So, scientists study animals that have body systems like humans. Scientists knew that the macaque monkey’s heart is similar to the human heart. So, they did tests with macaque monkeys. The scientists learned what happens when a monkey has a heart attack. After a heart attack, the monkey’s heart muscle has scar tissue where it was damaged. The scar tissue cannot contract like a strong heart muscle can. Then the monkey’s heart cannot pump enough blood to give the body the oxygen it needs. Without enough oxygen, the monkey’s body cannot function properly. Second, scientists wanted to try out new solutions that would keep the heart working. Sometimes the new solutions might fail. So, scientists didn’t want to try the solutions with people right away. They tried a solution with macaque monkeys. Scientists developed an idea. Then, they tested an idea. They injected human stem cells from the human heart into the monkey’s heart. After four weeks the human heart cells grew where the monkey’s scar tissue was. After three months, the monkey’s heart got stronger. Now scientists are using what they found in this experiment to help humans who have had heart attacks.: According to paragraph 3, why do scientists study macaque monkeys?
Their heart muscles pump blood
Their heart muscles have scar tissue
Their heart muscles are similar to humans
Their heart muscles are always strong
Identify why scientists study macaque monkeys: their hearts are similar to human hearts.
**Primary skill:** Reading comprehension—locating explicitly stated information.  

**Justification:** The item asks students to identify why scientists study macaque monkeys, stated in paragraph 3: their hearts are similar to human hearts.
This is a low-demand reading-comprehension item requiring recall of an explicitly stated detail from paragraph 3, not multi-step reasoning or synthesis. The correct answer is **“Their heart muscles are similar to humans.”** Distractors repeat related passage details but do not explain why macaques were studied; wording is simple, with no conditional logic or strong emotional content.
The item requires a **low level of cognitive ability**: basic reading comprehension and identifying an explicitly stated detail—that macaque monkeys’ heart muscles are similar to humans’.","Original Text: A human is a primate. In primates, the heart sends oxygen in the blood all around the body. The body must have oxygen to function properly. The strong heart muscle contracts to pump blood all around the body. A healthy heart never rests. But what happens when a person’s heart gets weaker? People with weak hearts need help. Scientists have to study a medical mystery. Then they might be able to help people. First, scientists need to diagnose the reasons that a human heart gets weak. They need to do tests. But sometimes it would be hard on a sick person to have tests done. So, scientists study animals that have body systems like humans. Scientists knew that the macaque monkey’s heart is similar to the human heart. So, they did tests with macaque monkeys. The scientists learned what happens when a monkey has a heart attack. After a heart attack, the monkey’s heart muscle has scar tissue where it was damaged. The scar tissue cannot contract like a strong heart muscle can. Then the monkey’s heart cannot pump enough blood to give the body the oxygen it needs. Without enough oxygen, the monkey’s body cannot function properly. Second, scientists wanted to try out new solutions that would keep the heart working. Sometimes the new solutions might fail. So, scientists didn’t want to try the solutions with people right away. They tried a solution with macaque monkeys. Scientists developed an idea. Then, they tested an idea. They injected human stem cells from the human heart into the monkey’s heart. After four weeks the human heart cells grew where the monkey’s scar tissue was. After three months, the monkey’s heart got stronger. Now scientists are using what they found in this experiment to help humans who have had heart attacks.: According to paragraph 3, why do scientists study macaque monkeys?
Their heart muscles pump blood
Their heart muscles have scar tissue
Their heart muscles are similar to humans
Their heart muscles are always strong
Identify why scientists study macaque monkeys: their hearts are similar to human hearts.
**Reading comprehension—identifying an explicitly stated reason.** The item measures whether the reader can locate that scientists study macaque monkeys because their hearts are similar to human hearts.
Low demand: requires locating and recalling an explicitly stated detail from paragraph 3. No multi-step reasoning or synthesis is needed. Cognitive load is slightly increased by repetitive answer wording and plausible distractors drawn from other passages, but the correct answer—macaque hearts are similar to human hearts—is direct and unambiguous.
This item requires a **low level of the underlying reading-comprehension ability**, because the correct answer is directly stated in the paragraph and requires only locating explicit information.",1.709596448368465,-0.4116928959743827,-0.5382957143819684,-0.5475343922562415,0.5783740974457834,517.0,gilbert_meta_8,-1.095020172063737,0.47515012081185193,-0.8900605385161119,0.3862142298335454,-1.4908860288189625,0.4795310115408967,-1.0793995673447447,0.34717983560129284,-2.141538831712231,0.5393664071527686,-1.5255087476460343,0.38421351978945856,0.02108026513502015,0.3962924852693663,0.019117568689934254,0.35939532828056303,-1.4050143608722758,0.47372541914283817,-1.0349951339946992,0.34896689835827827,-2.8218014576255346,0.59393402182171,-2.1257547158501295,0.44742979502666363,-1.4598029199247833,0.4706750437782942,-1.1116333346243659,0.35841692142025133
s_cc_26_2021,"In many ways, skyscrapers are like the human body. They have bones that keep it tall and strong and skin to protect the body. They have a command center that is like a brain. How do engineers design and build strong and smart skyscrapers? It is very challenging to build a skyscraper because there are many parts that have to work together. If one part is broken, the skyscraper will not work properly. First, engineers need a strong and tall frame that supports the floors and walls. This frame is like the bones of a skyscraper. The bones of a skyscraper are made of concrete, steel and other materials. The columns are like the backbone of a human body. The columns go up. The steel columns hold up each floor. There are also steel beams that go across each floor. The steel columns and beams must be strong to resist the force of gravity. The steel columns and beams must work together to form a strong backbone. Second, engineers need to design a command center. The command center is a computer that sends signals through wires in a skyscraper. For example, it sends signals to help bring fresh air into rooms, just like your lungs. The command center also controls the heating and air conditioning. It helps the building cool down when it’s too hot and warm up when it’s too cold. A skyscraper has many different parts that work together. The bones make the building tall and strong. The skin protects the inside of the building. The skin of a skyscraper can be made of metal, stone, or glass. The brain controls the building temperature. The anatomy of a skyscraper is like a human body. All the parts have to work together. That's how a city skyscraper works properly.","According to the passage, why does the author think that skyscrapers are like the human body?","In many ways, skyscrapers are like the human body. They have bones that keep it tall and strong and skin to protect the body. They have a command center that is like a brain. How do engineers design and build strong and smart skyscrapers? It is very challenging to build a skyscraper because there are many parts that have to work together. If one part is broken, the skyscraper will not work properly. First, engineers need a strong and tall frame that supports the floors and walls. This frame is like the bones of a skyscraper. The bones of a skyscraper are made of concrete, steel and other materials. The columns are like the backbone of a human body. The columns go up. The steel columns hold up each floor. There are also steel beams that go across each floor. The steel columns and beams must be strong to resist the force of gravity. The steel columns and beams must work together to form a strong backbone. Second, engineers need to design a command center. The command center is a computer that sends signals through wires in a skyscraper. For example, it sends signals to help bring fresh air into rooms, just like your lungs. The command center also controls the heating and air conditioning. It helps the building cool down when it’s too hot and warm up when it’s too cold. A skyscraper has many different parts that work together. The bones make the building tall and strong. The skin protects the inside of the building. The skin of a skyscraper can be made of metal, stone, or glass. The brain controls the building temperature. The anatomy of a skyscraper is like a human body. All the parts have to work together. That's how a city skyscraper works properly.: According to the passage, why does the author think that skyscrapers are like the human body?
A skyscraper has parts that can get old
A skyscraper has parts that are like skin, bones, and brain
The skyscraper has parts that need regular check-ups
The skyscraper has parts that are like strong legs","Original Text: In many ways, skyscrapers are like the human body. They have bones that keep it tall and strong and skin to protect the body. They have a command center that is like a brain. How do engineers design and build strong and smart skyscrapers? It is very challenging to build a skyscraper because there are many parts that have to work together. If one part is broken, the skyscraper will not work properly. First, engineers need a strong and tall frame that supports the floors and walls. This frame is like the bones of a skyscraper. The bones of a skyscraper are made of concrete, steel and other materials. The columns are like the backbone of a human body. The columns go up. The steel columns hold up each floor. There are also steel beams that go across each floor. The steel columns and beams must be strong to resist the force of gravity. The steel columns and beams must work together to form a strong backbone. Second, engineers need to design a command center. The command center is a computer that sends signals through wires in a skyscraper. For example, it sends signals to help bring fresh air into rooms, just like your lungs. The command center also controls the heating and air conditioning. It helps the building cool down when it’s too hot and warm up when it’s too cold. A skyscraper has many different parts that work together. The bones make the building tall and strong. The skin protects the inside of the building. The skin of a skyscraper can be made of metal, stone, or glass. The brain controls the building temperature. The anatomy of a skyscraper is like a human body. All the parts have to work together. That's how a city skyscraper works properly.: According to the passage, why does the author think that skyscrapers are like the human body?
A skyscraper has parts that can get old
A skyscraper has parts that are like skin, bones, and brain
The skyscraper has parts that need regular check-ups
The skyscraper has parts that are like strong legs
The core task is to identify the specific anatomical parallels—specifically skin, bones, and a brain—that the author uses to explain how skyscraper components function together like a human body.
This item measures the **Reading Comprehension (Literal Retrieval)** skill. It requires the reader to identify the specific analogy explicitly stated in the text—comparing skyscraper components to human skin, bones, and a brain—to determine the author's reasoning for the comparison.
This analysis evaluates the cognitive demand and structural complexity of the reading comprehension item regarding the skyscraper-human body analogy.

**Cognitive Demand**
This item requires **recall** and literal identification of information explicitly stated in the text. It does not necessitate multi-step reasoning or synthesis, as the answer directly mirrors the passage's primary metaphor.

**Structural and Semantic Elements**
*   **Central Metaphor:** The text relies on a simple analogy (skyscraper as a body) to organize facts, which requires the reader to map mechanical parts to biological ones.
*   **Direct Mapping:** The correct option uses the exact terminology found in the text (skin, bones, brain), minimizing cognitive load.
*   **Low-Complexity Distractors:** The incorrect options introduce external concepts (aging, check-ups, legs) not mentioned in the passage, making them easily identifiable as false and lowering the threshold for endorsement.
To describe the level of the latent trait required to identify the author's reasoning for the skyscraper-human body analogy, this item necessitates a **low to moderate level of literal reading comprehension**. A respondent must possess the ability to retrieve explicitly stated information and recognize direct parallels—specifically the ""skin, bones, and brain"" comparison—provided within the text without requiring complex inference or synthesis.","Original Text: In many ways, skyscrapers are like the human body. They have bones that keep it tall and strong and skin to protect the body. They have a command center that is like a brain. How do engineers design and build strong and smart skyscrapers? It is very challenging to build a skyscraper because there are many parts that have to work together. If one part is broken, the skyscraper will not work properly. First, engineers need a strong and tall frame that supports the floors and walls. This frame is like the bones of a skyscraper. The bones of a skyscraper are made of concrete, steel and other materials. The columns are like the backbone of a human body. The columns go up. The steel columns hold up each floor. There are also steel beams that go across each floor. The steel columns and beams must be strong to resist the force of gravity. The steel columns and beams must work together to form a strong backbone. Second, engineers need to design a command center. The command center is a computer that sends signals through wires in a skyscraper. For example, it sends signals to help bring fresh air into rooms, just like your lungs. The command center also controls the heating and air conditioning. It helps the building cool down when it’s too hot and warm up when it’s too cold. A skyscraper has many different parts that work together. The bones make the building tall and strong. The skin protects the inside of the building. The skin of a skyscraper can be made of metal, stone, or glass. The brain controls the building temperature. The anatomy of a skyscraper is like a human body. All the parts have to work together. That's how a city skyscraper works properly.: According to the passage, why does the author think that skyscrapers are like the human body?
A skyscraper has parts that can get old
A skyscraper has parts that are like skin, bones, and brain
The skyscraper has parts that need regular check-ups
The skyscraper has parts that are like strong legs
The core task of this item is to assess reading comprehension by asking the reader to identify the specific anatomical analogies—namely skin, bones, and a brain—that the author uses in the text to compare a skyscraper to the human body.
To identify the primary skill this item attempts to measure and provide a concise justification:

**Primary Skill:** Reading comprehension (literal information retrieval). 

**Justification:** The question requires the reader to locate and extract explicitly stated details from the passage to identify the specific analogies made between a skyscraper's structure and human anatomy (skin, bones, and brain).
In evaluating the cognitive demand and structural elements that determine the difficulty of this reading comprehension item, the question requires simple recall and literal comprehension. The cognitive load is low because the correct answer directly mirrors explicit vocabulary found in the passage (""skin,"" ""bones,"" and ""brain""). The distractors introduce semantically plausible but unmentioned human traits (aging, check-ups, strong legs), acting as basic semantic traps that are easily eliminated through direct text-matching rather than synthesis or multi-step reasoning.
In assessing the magnitude of the underlying latent trait needed to correctly answer this reading comprehension question, a low level of cognitive ability or reading comprehension is required, as the correct response relies on basic, literal retrieval of information explicitly stated in the text.","Original Text: In many ways, skyscrapers are like the human body. They have bones that keep it tall and strong and skin to protect the body. They have a command center that is like a brain. How do engineers design and build strong and smart skyscrapers? It is very challenging to build a skyscraper because there are many parts that have to work together. If one part is broken, the skyscraper will not work properly. First, engineers need a strong and tall frame that supports the floors and walls. This frame is like the bones of a skyscraper. The bones of a skyscraper are made of concrete, steel and other materials. The columns are like the backbone of a human body. The columns go up. The steel columns hold up each floor. There are also steel beams that go across each floor. The steel columns and beams must be strong to resist the force of gravity. The steel columns and beams must work together to form a strong backbone. Second, engineers need to design a command center. The command center is a computer that sends signals through wires in a skyscraper. For example, it sends signals to help bring fresh air into rooms, just like your lungs. The command center also controls the heating and air conditioning. It helps the building cool down when it’s too hot and warm up when it’s too cold. A skyscraper has many different parts that work together. The bones make the building tall and strong. The skin protects the inside of the building. The skin of a skyscraper can be made of metal, stone, or glass. The brain controls the building temperature. The anatomy of a skyscraper is like a human body. All the parts have to work together. That's how a city skyscraper works properly.: According to the passage, why does the author think that skyscrapers are like the human body?
A skyscraper has parts that can get old
A skyscraper has parts that are like skin, bones, and brain
The skyscraper has parts that need regular check-ups
The skyscraper has parts that are like strong legs
The provided item is a reading comprehension multiple-choice question requiring the reader to determine, based on the text, why the author compares the architectural components of skyscrapers to the anatomy of the human body.
**Target Construct:** Reading Comprehension (English Language Arts domain), specifically the skill of identifying explicitly stated details and analogies within an informational text.

**Justification:** The item requires the reader to extract and recognize directly stated textual evidence that explains the author's comparison between the structural components of a skyscraper and the anatomical features of the human body (skin, bones, and brain).
**Cognitive Demand Analysis**
This evaluation examines the cognitive level and structural complexity of the provided reading comprehension item. The item operates at a low **recall and direct matching** level, requiring the reader to locate explicitly stated textual parallels rather than perform multi-step reasoning or complex synthesis.

**Structural and Semantic Elements Affecting Cognitive Load**
* **Direct Lexical Mapping:** The correct answer relies on verbatim keywords (""skin,"" ""bones,"" ""brain"") explicitly repeated in the passage, enabling simple visual and conceptual matching.
* **Low-Plausibility Distractors:** The incorrect options use external, real-world associations with the human body (aging, check-ups, legs) that lack textual support, making them easy to eliminate without deep analysis.
* **Simple Syntax:** The text and question stem feature straightforward sentence structures with no complex conditional logic, negative phrasing, or semantic ambiguity.
The level of the underlying latent trait—specifically basic reading comprehension and literal information retrieval—required to correctly answer this item is low. Successfully identifying the correct answer requires only direct, surface-level text matching from a straightforward passage rather than complex inferential reasoning or advanced cognitive ability.","Original Text: In many ways, skyscrapers are like the human body. They have bones that keep it tall and strong and skin to protect the body. They have a command center that is like a brain. How do engineers design and build strong and smart skyscrapers? It is very challenging to build a skyscraper because there are many parts that have to work together. If one part is broken, the skyscraper will not work properly. First, engineers need a strong and tall frame that supports the floors and walls. This frame is like the bones of a skyscraper. The bones of a skyscraper are made of concrete, steel and other materials. The columns are like the backbone of a human body. The columns go up. The steel columns hold up each floor. There are also steel beams that go across each floor. The steel columns and beams must be strong to resist the force of gravity. The steel columns and beams must work together to form a strong backbone. Second, engineers need to design a command center. The command center is a computer that sends signals through wires in a skyscraper. For example, it sends signals to help bring fresh air into rooms, just like your lungs. The command center also controls the heating and air conditioning. It helps the building cool down when it’s too hot and warm up when it’s too cold. A skyscraper has many different parts that work together. The bones make the building tall and strong. The skin protects the inside of the building. The skin of a skyscraper can be made of metal, stone, or glass. The brain controls the building temperature. The anatomy of a skyscraper is like a human body. All the parts have to work together. That's how a city skyscraper works properly.: According to the passage, why does the author think that skyscrapers are like the human body?
A skyscraper has parts that can get old
A skyscraper has parts that are like skin, bones, and brain
The skyscraper has parts that need regular check-ups
The skyscraper has parts that are like strong legs
The passage asks why skyscrapers are compared to the human body, emphasizing that they have parts like skin, bones, and a brain.
Reading comprehension: identifying the main analogy in a passage. The item measures understanding that skyscrapers are compared to the human body because they have parts like skin, bones, and a brain.
This is a low-demand reading comprehension item requiring simple recall from the passage, not multi-step reasoning or synthesis. The correct choice is directly stated, and the distractors are straightforward but semantically off-topic. The wording is simple, with no conditional logic or emotionally loaded language; endorsement threshold is low.
A low latent trait level is required; the item is straightforward and mainly tests basic reading comprehension of the body-skyscraper analogy.","Original Text: In many ways, skyscrapers are like the human body. They have bones that keep it tall and strong and skin to protect the body. They have a command center that is like a brain. How do engineers design and build strong and smart skyscrapers? It is very challenging to build a skyscraper because there are many parts that have to work together. If one part is broken, the skyscraper will not work properly. First, engineers need a strong and tall frame that supports the floors and walls. This frame is like the bones of a skyscraper. The bones of a skyscraper are made of concrete, steel and other materials. The columns are like the backbone of a human body. The columns go up. The steel columns hold up each floor. There are also steel beams that go across each floor. The steel columns and beams must be strong to resist the force of gravity. The steel columns and beams must work together to form a strong backbone. Second, engineers need to design a command center. The command center is a computer that sends signals through wires in a skyscraper. For example, it sends signals to help bring fresh air into rooms, just like your lungs. The command center also controls the heating and air conditioning. It helps the building cool down when it’s too hot and warm up when it’s too cold. A skyscraper has many different parts that work together. The bones make the building tall and strong. The skin protects the inside of the building. The skin of a skyscraper can be made of metal, stone, or glass. The brain controls the building temperature. The anatomy of a skyscraper is like a human body. All the parts have to work together. That's how a city skyscraper works properly.: According to the passage, why does the author think that skyscrapers are like the human body?
A skyscraper has parts that can get old
A skyscraper has parts that are like skin, bones, and brain
The skyscraper has parts that need regular check-ups
The skyscraper has parts that are like strong legs
The item asks why the passage compares skyscrapers to the human body, with the correct idea being that a skyscraper has parts like skin, bones, and a brain that work together.
This item is primarily measuring **reading comprehension of an informational passage, specifically identifying an author’s analogy/main idea**. The correct choice depends on understanding that the passage compares skyscraper components to **skin, bones, and a brain/command center**, so the reader must extract the central comparison rather than recall an unrelated detail.
Core ask: assess the item’s cognitive demand and what features raise difficulty.

This is a low-demand reading-comprehension item. It mainly requires recall/paraphrase of the passage’s central analogy, not multi-step reasoning or synthesis.

Load/threshold-increasing features:
- Long passage increases memory load before a simple question.
- Analogy structure (“skyscraper” mapped to “human body”) requires basic conceptual matching.
- Distractors are mostly easy, but one is plausibly tempting (“parts that can get old”) because it fits bodies, though not the passage’s main point.
- The correct answer depends on integrating repeated details about “skin, bones, and brain,” but only at a straightforward summary level.
- No conditional logic, no tricky wording, and no emotional or attitudinal threshold for endorsement.
This item appears to require a relatively low to moderate level of the underlying trait, since the correct response depends on identifying an explicitly stated main analogy from the passage rather than making a difficult inference.","Original Text: In many ways, skyscrapers are like the human body. They have bones that keep it tall and strong and skin to protect the body. They have a command center that is like a brain. How do engineers design and build strong and smart skyscrapers? It is very challenging to build a skyscraper because there are many parts that have to work together. If one part is broken, the skyscraper will not work properly. First, engineers need a strong and tall frame that supports the floors and walls. This frame is like the bones of a skyscraper. The bones of a skyscraper are made of concrete, steel and other materials. The columns are like the backbone of a human body. The columns go up. The steel columns hold up each floor. There are also steel beams that go across each floor. The steel columns and beams must be strong to resist the force of gravity. The steel columns and beams must work together to form a strong backbone. Second, engineers need to design a command center. The command center is a computer that sends signals through wires in a skyscraper. For example, it sends signals to help bring fresh air into rooms, just like your lungs. The command center also controls the heating and air conditioning. It helps the building cool down when it’s too hot and warm up when it’s too cold. A skyscraper has many different parts that work together. The bones make the building tall and strong. The skin protects the inside of the building. The skin of a skyscraper can be made of metal, stone, or glass. The brain controls the building temperature. The anatomy of a skyscraper is like a human body. All the parts have to work together. That's how a city skyscraper works properly.: According to the passage, why does the author think that skyscrapers are like the human body?
A skyscraper has parts that can get old
A skyscraper has parts that are like skin, bones, and brain
The skyscraper has parts that need regular check-ups
The skyscraper has parts that are like strong legs
The passage asks why skyscrapers are compared to human bodies: because they have parts analogous to bones, skin, and a brain.
**Primary skill:** Reading comprehension—identifying a stated comparison and supporting detail.  

**Justification:** The item requires recognizing that the passage compares skyscraper components to human body parts, making the correct answer: **“A skyscraper has parts that are like skin, bones, and brain.”**
This is a low-demand reading-comprehension item requiring direct recall of the passage’s central analogy, not multi-step reasoning or synthesis. The correct answer is explicitly stated: skyscrapers have parts analogous to skin, bones, and the brain. Distractors are semantically related but unsupported; phrasing and endorsement threshold are straightforward, with no conditional logic or strong emotional wording.
This item requires a **low level of cognitive ability**: basic reading comprehension and recognition of an explicitly stated analogy between a skyscraper’s parts and human skin, bones, and brain.","Original Text: In many ways, skyscrapers are like the human body. They have bones that keep it tall and strong and skin to protect the body. They have a command center that is like a brain. How do engineers design and build strong and smart skyscrapers? It is very challenging to build a skyscraper because there are many parts that have to work together. If one part is broken, the skyscraper will not work properly. First, engineers need a strong and tall frame that supports the floors and walls. This frame is like the bones of a skyscraper. The bones of a skyscraper are made of concrete, steel and other materials. The columns are like the backbone of a human body. The columns go up. The steel columns hold up each floor. There are also steel beams that go across each floor. The steel columns and beams must be strong to resist the force of gravity. The steel columns and beams must work together to form a strong backbone. Second, engineers need to design a command center. The command center is a computer that sends signals through wires in a skyscraper. For example, it sends signals to help bring fresh air into rooms, just like your lungs. The command center also controls the heating and air conditioning. It helps the building cool down when it’s too hot and warm up when it’s too cold. A skyscraper has many different parts that work together. The bones make the building tall and strong. The skin protects the inside of the building. The skin of a skyscraper can be made of metal, stone, or glass. The brain controls the building temperature. The anatomy of a skyscraper is like a human body. All the parts have to work together. That's how a city skyscraper works properly.: According to the passage, why does the author think that skyscrapers are like the human body?
A skyscraper has parts that can get old
A skyscraper has parts that are like skin, bones, and brain
The skyscraper has parts that need regular check-ups
The skyscraper has parts that are like strong legs
Identify why the author compares skyscrapers to the human body: skyscrapers have parts resembling skin, bones, and a brain.
**Primary skill: Reading comprehension—identifying an author’s stated comparison.** The item measures whether the reader recognizes that skyscrapers are compared to the human body because they have analogous parts—skin, bones, and a brain-like command center.
Low demand: requires direct recall and simple analogy matching. The correct answer is explicitly repeated: skyscrapers have parts like “skin, bones, and brain.” Cognitive load is modest due to the long passage, but the question is straightforward; distractors are plausible yet unsupported, with no conditional logic or complex phrasing.
This item requires a **low level of the underlying reading-comprehension trait**. The correct answer is stated directly and repeatedly in the passage: skyscrapers have parts analogous to **skin, bones, and a brain**.",1.910385387349168,0.1130560185247206,0.2815632524250687,0.3461199172501239,1.4135721173355589,701.0,gilbert_meta_8,-2.310412743350836,0.5511737187271466,-1.8779628567624567,0.44800816407029387,-2.960431240157852,0.6536545742504344,-2.1433484102816545,0.47324507105197866,-3.2099031890423038,0.669185703686807,-2.2865498964900093,0.476689299141818,-1.255968661299812,0.43805077329988357,-1.1390306052135426,0.397265674534949,-1.823137392136717,0.488427194329293,-1.3430028774181488,0.35979687006733474,-2.119069911931791,0.5070775692704086,-1.5963642113558318,0.38199800743083917,-1.6527075869699024,0.4579821446160656,-1.2585293678937182,0.3487513359982917
s_cc_33_2021,"In many ways, skyscrapers are like the human body. They have bones that keep it tall and strong and skin to protect the body. They have a command center that is like a brain. How do engineers design and build strong and smart skyscrapers? It is very challenging to build a skyscraper because there are many parts that have to work together. If one part is broken, the skyscraper will not work properly. First, engineers need a strong and tall frame that supports the floors and walls. This frame is like the bones of a skyscraper. The bones of a skyscraper are made of concrete, steel and other materials. The columns are like the backbone of a human body. The columns go up. The steel columns hold up each floor. There are also steel beams that go across each floor. The steel columns and beams must be strong to resist the force of gravity. The steel columns and beams must work together to form a strong backbone. Second, engineers need to design a command center. The command center is a computer that sends signals through wires in a skyscraper. For example, it sends signals to help bring fresh air into rooms, just like your lungs. The command center also controls the heating and air conditioning. It helps the building cool down when it’s too hot and warm up when it’s too cold. A skyscraper has many different parts that work together. The bones make the building tall and strong. The skin protects the inside of the building. The skin of a skyscraper can be made of metal, stone, or glass. The brain controls the building temperature. The anatomy of a skyscraper is like a human body. All the parts have to work together. That's how a city skyscraper works properly.",A skyscraper has a command center. Another word for command is,"In many ways, skyscrapers are like the human body. They have bones that keep it tall and strong and skin to protect the body. They have a command center that is like a brain. How do engineers design and build strong and smart skyscrapers? It is very challenging to build a skyscraper because there are many parts that have to work together. If one part is broken, the skyscraper will not work properly. First, engineers need a strong and tall frame that supports the floors and walls. This frame is like the bones of a skyscraper. The bones of a skyscraper are made of concrete, steel and other materials. The columns are like the backbone of a human body. The columns go up. The steel columns hold up each floor. There are also steel beams that go across each floor. The steel columns and beams must be strong to resist the force of gravity. The steel columns and beams must work together to form a strong backbone. Second, engineers need to design a command center. The command center is a computer that sends signals through wires in a skyscraper. For example, it sends signals to help bring fresh air into rooms, just like your lungs. The command center also controls the heating and air conditioning. It helps the building cool down when it’s too hot and warm up when it’s too cold. A skyscraper has many different parts that work together. The bones make the building tall and strong. The skin protects the inside of the building. The skin of a skyscraper can be made of metal, stone, or glass. The brain controls the building temperature. The anatomy of a skyscraper is like a human body. All the parts have to work together. That's how a city skyscraper works properly.: A skyscraper has a command center. Another word for command is
control
check
help
work","Original Text: In many ways, skyscrapers are like the human body. They have bones that keep it tall and strong and skin to protect the body. They have a command center that is like a brain. How do engineers design and build strong and smart skyscrapers? It is very challenging to build a skyscraper because there are many parts that have to work together. If one part is broken, the skyscraper will not work properly. First, engineers need a strong and tall frame that supports the floors and walls. This frame is like the bones of a skyscraper. The bones of a skyscraper are made of concrete, steel and other materials. The columns are like the backbone of a human body. The columns go up. The steel columns hold up each floor. There are also steel beams that go across each floor. The steel columns and beams must be strong to resist the force of gravity. The steel columns and beams must work together to form a strong backbone. Second, engineers need to design a command center. The command center is a computer that sends signals through wires in a skyscraper. For example, it sends signals to help bring fresh air into rooms, just like your lungs. The command center also controls the heating and air conditioning. It helps the building cool down when it’s too hot and warm up when it’s too cold. A skyscraper has many different parts that work together. The bones make the building tall and strong. The skin protects the inside of the building. The skin of a skyscraper can be made of metal, stone, or glass. The brain controls the building temperature. The anatomy of a skyscraper is like a human body. All the parts have to work together. That's how a city skyscraper works properly.: A skyscraper has a command center. Another word for command is
control
check
help
work
The core task of this item is to identify a synonym for the word ""command"" as it is used to describe the function of a skyscraper's central operational system.
This item measures the primary skill of **vocabulary acquisition and contextual word meaning**. It requires the respondent to identify a synonym for ""command"" by utilizing context clues within the text that describe the command center's function in regulating and managing building systems.
This analysis evaluates the cognitive demand and structural complexity of the vocabulary item regarding the skyscraper analogy.

**Cognitive Demand**
This item requires **synthesis** of contextual information and **recall** of synonyms. The reader must integrate the text’s functional description of a ""command center""—which ""sends signals"" and ""controls"" temperature—to determine the word's meaning within the established analogy.

**Structural and Semantic Elements**
*   **Functional Analogy:** The cognitive load is increased by the requirement to map biological functions (the brain) onto mechanical systems (the command center).
*   **Semantic Mapping:** The item relies on the reader identifying the specific operational power of a ""command"" rather than its general utility.
*   **Plausible Distractors:** Words like ""help"" and ""work"" act as weak distractors because they describe the general output of the system, whereas ""control"" specifically matches the authoritative function described in the text.
To describe the level of the underlying latent trait required to correctly identify a synonym for ""command"" in the context of the provided text, this item requires a **low to moderate level of verbal ability and reading comprehension**. A respondent must possess basic vocabulary knowledge to associate ""command"" with ""control"" and the ability to utilize explicit contextual clues—specifically the passage's statement that the command center ""controls the heating and air conditioning""—to verify the relationship.","Original Text: In many ways, skyscrapers are like the human body. They have bones that keep it tall and strong and skin to protect the body. They have a command center that is like a brain. How do engineers design and build strong and smart skyscrapers? It is very challenging to build a skyscraper because there are many parts that have to work together. If one part is broken, the skyscraper will not work properly. First, engineers need a strong and tall frame that supports the floors and walls. This frame is like the bones of a skyscraper. The bones of a skyscraper are made of concrete, steel and other materials. The columns are like the backbone of a human body. The columns go up. The steel columns hold up each floor. There are also steel beams that go across each floor. The steel columns and beams must be strong to resist the force of gravity. The steel columns and beams must work together to form a strong backbone. Second, engineers need to design a command center. The command center is a computer that sends signals through wires in a skyscraper. For example, it sends signals to help bring fresh air into rooms, just like your lungs. The command center also controls the heating and air conditioning. It helps the building cool down when it’s too hot and warm up when it’s too cold. A skyscraper has many different parts that work together. The bones make the building tall and strong. The skin protects the inside of the building. The skin of a skyscraper can be made of metal, stone, or glass. The brain controls the building temperature. The anatomy of a skyscraper is like a human body. All the parts have to work together. That's how a city skyscraper works properly.: A skyscraper has a command center. Another word for command is
control
check
help
work
The core task requested is to summarize the primary scenario and question presented in the provided text. 

The item consists of a reading comprehension passage comparing a skyscraper's structural and operational systems to human anatomy, concluding with a multiple-choice vocabulary question that asks the reader to identify a synonym for the word ""command.""
The objective of this analysis is to determine the primary construct or skill evaluated by the provided text and question, along with a brief rationale.

**Primary Skill:** Vocabulary (Synonym Identification)

**Justification:** The item directly requires the reader to identify a word (""control"") that shares the same meaning as a target vocabulary word (""command"") presented in the reading passage.
To evaluate the cognitive demand and structural complexity of this vocabulary item: 

This question primarily requires direct recall of a synonym and basic synthesis of context clues, as the passage explicitly states later that the command center ""controls"" the heating and air conditioning. The cognitive load is marginally increased by the passage's extended analogy mapping human anatomy to architectural components. The distractors (""check,"" ""help,"" ""work"") serve as mild semantic distractors because they represent plausible, related actions performed by the building's systems, requiring the reader to isolate the exact synonym for ""command"" rather than selecting a loosely associated function.
Regarding the degree of the underlying latent trait necessary to correctly answer this question, a low level of cognitive ability and reading comprehension is required. The respondent only needs basic vocabulary and simple contextual matching skills, as the text explicitly states that the command center ""controls"" the building's systems.","Original Text: In many ways, skyscrapers are like the human body. They have bones that keep it tall and strong and skin to protect the body. They have a command center that is like a brain. How do engineers design and build strong and smart skyscrapers? It is very challenging to build a skyscraper because there are many parts that have to work together. If one part is broken, the skyscraper will not work properly. First, engineers need a strong and tall frame that supports the floors and walls. This frame is like the bones of a skyscraper. The bones of a skyscraper are made of concrete, steel and other materials. The columns are like the backbone of a human body. The columns go up. The steel columns hold up each floor. There are also steel beams that go across each floor. The steel columns and beams must be strong to resist the force of gravity. The steel columns and beams must work together to form a strong backbone. Second, engineers need to design a command center. The command center is a computer that sends signals through wires in a skyscraper. For example, it sends signals to help bring fresh air into rooms, just like your lungs. The command center also controls the heating and air conditioning. It helps the building cool down when it’s too hot and warm up when it’s too cold. A skyscraper has many different parts that work together. The bones make the building tall and strong. The skin protects the inside of the building. The skin of a skyscraper can be made of metal, stone, or glass. The brain controls the building temperature. The anatomy of a skyscraper is like a human body. All the parts have to work together. That's how a city skyscraper works properly.: A skyscraper has a command center. Another word for command is
control
check
help
work
The core task requires selecting the correct synonym for the word ""command"" from a set of four multiple-choice options, based on an informational reading passage that compares the structural and operational systems of a skyscraper to the anatomy of the human body.
**Primary Skill Measured:** Reading Comprehension: Vocabulary and Synonym Identification

**Justification:** This item evaluates a student's lexical knowledge by requiring them to determine the correct synonym for the target word ""command"" (""control"") based on general semantic understanding and its usage within the informational passage.
**Evaluation of Item Demand and Complexity**

* **Cognitive Demand:** **Low (Recall / Direct Retrieval)**  
  The item operates at a low cognitive level, requiring basic vocabulary recognition (synonym identification) and single-step textual retrieval rather than multi-step reasoning or synthesis.

* **Structural and Semantic Elements Affecting Load:**
  * **Explicit Textual Clues:** The passage explicitly uses the base root of the correct answer in relation to the target concept (""The command center also *controls*...""), allowing test-takers to bypass abstract vocabulary knowledge via simple textual matching.
  * **Semantic Distractors:** The incorrect options (*help*, *work*) are active verbs appearing elsewhere in the passage to describe component functions, providing mild contextual distraction without requiring complex elimination logic.
  * **Syntactic Simplicity:** Short, declarative sentences and familiar figurative comparisons (analogy to the human body) keep working-memory load minimal.
To successfully answer this vocabulary-in-context item, a respondent requires a **low to low-moderate level of the underlying latent trait of reading comprehension and verbal ability**. The task demands only foundational elementary-level vocabulary knowledge and basic contextual inference to identify ""control"" as a direct synonym for ""command,"" which is also explicitly reinforced within the simple informational passage.","Original Text: In many ways, skyscrapers are like the human body. They have bones that keep it tall and strong and skin to protect the body. They have a command center that is like a brain. How do engineers design and build strong and smart skyscrapers? It is very challenging to build a skyscraper because there are many parts that have to work together. If one part is broken, the skyscraper will not work properly. First, engineers need a strong and tall frame that supports the floors and walls. This frame is like the bones of a skyscraper. The bones of a skyscraper are made of concrete, steel and other materials. The columns are like the backbone of a human body. The columns go up. The steel columns hold up each floor. There are also steel beams that go across each floor. The steel columns and beams must be strong to resist the force of gravity. The steel columns and beams must work together to form a strong backbone. Second, engineers need to design a command center. The command center is a computer that sends signals through wires in a skyscraper. For example, it sends signals to help bring fresh air into rooms, just like your lungs. The command center also controls the heating and air conditioning. It helps the building cool down when it’s too hot and warm up when it’s too cold. A skyscraper has many different parts that work together. The bones make the building tall and strong. The skin protects the inside of the building. The skin of a skyscraper can be made of metal, stone, or glass. The brain controls the building temperature. The anatomy of a skyscraper is like a human body. All the parts have to work together. That's how a city skyscraper works properly.: A skyscraper has a command center. Another word for command is
control
check
help
work
The task is to identify the meaning of “command” in the context of a skyscraper’s command center. The correct answer is **control**.
Primary domain: reading comprehension / vocabulary in context. The item measures understanding that “command” means control, inferred from the passage’s description of a command center that directs building functions.
Low demand: a straightforward vocabulary-in-context item requiring simple recall/recognition, not multi-step reasoning or synthesis. The wording is direct, with no tricky distractors, conditional logic, or emotionally loaded language; endorsement hinges only on identifying “command” as “control.”
A low latent trait level is required; this is a straightforward vocabulary item that can be answered with minimal ability.","Original Text: In many ways, skyscrapers are like the human body. They have bones that keep it tall and strong and skin to protect the body. They have a command center that is like a brain. How do engineers design and build strong and smart skyscrapers? It is very challenging to build a skyscraper because there are many parts that have to work together. If one part is broken, the skyscraper will not work properly. First, engineers need a strong and tall frame that supports the floors and walls. This frame is like the bones of a skyscraper. The bones of a skyscraper are made of concrete, steel and other materials. The columns are like the backbone of a human body. The columns go up. The steel columns hold up each floor. There are also steel beams that go across each floor. The steel columns and beams must be strong to resist the force of gravity. The steel columns and beams must work together to form a strong backbone. Second, engineers need to design a command center. The command center is a computer that sends signals through wires in a skyscraper. For example, it sends signals to help bring fresh air into rooms, just like your lungs. The command center also controls the heating and air conditioning. It helps the building cool down when it’s too hot and warm up when it’s too cold. A skyscraper has many different parts that work together. The bones make the building tall and strong. The skin protects the inside of the building. The skin of a skyscraper can be made of metal, stone, or glass. The brain controls the building temperature. The anatomy of a skyscraper is like a human body. All the parts have to work together. That's how a city skyscraper works properly.: A skyscraper has a command center. Another word for command is
control
check
help
work
The item asks for the meaning of “command” in the context of a skyscraper’s command center, where it means “control.”
This item is primarily measuring vocabulary-in-context within reading comprehension, specifically understanding the meaning of “command” as used in an informational passage. The correct sense is “control,” because the passage explains that the command center directs building systems like air, heating, and cooling.
Core ask: assess the item’s cognitive demand and note features that raise difficulty.

This is a low-demand cognitive/ability item: it mainly requires recall of a directly supported synonym from the passage (“command center” → “controls”), with minimal inference rather than multi-step reasoning or synthesis.

Load/threshold-increasing features:
- Long passage creates some reading-load before a simple vocabulary question.
- Analogy-heavy wording (“brain,” “bones,” “skin”) may mildly distract from the target word.
- The stem asks for a synonym of “command,” requiring lexical knowledge plus context use.
- Distractors are simple and not especially tricky; “check,” “help,” and “work” are plausible but weaker fits than “control.”
- No conditional logic, complex syntax, or strong emotional wording.
This item appears to require a relatively low to moderate level of the underlying trait, since successfully answering it mainly depends on recognizing the straightforward synonym “control” from the phrase “command center” in a clearly supported context.","Original Text: In many ways, skyscrapers are like the human body. They have bones that keep it tall and strong and skin to protect the body. They have a command center that is like a brain. How do engineers design and build strong and smart skyscrapers? It is very challenging to build a skyscraper because there are many parts that have to work together. If one part is broken, the skyscraper will not work properly. First, engineers need a strong and tall frame that supports the floors and walls. This frame is like the bones of a skyscraper. The bones of a skyscraper are made of concrete, steel and other materials. The columns are like the backbone of a human body. The columns go up. The steel columns hold up each floor. There are also steel beams that go across each floor. The steel columns and beams must be strong to resist the force of gravity. The steel columns and beams must work together to form a strong backbone. Second, engineers need to design a command center. The command center is a computer that sends signals through wires in a skyscraper. For example, it sends signals to help bring fresh air into rooms, just like your lungs. The command center also controls the heating and air conditioning. It helps the building cool down when it’s too hot and warm up when it’s too cold. A skyscraper has many different parts that work together. The bones make the building tall and strong. The skin protects the inside of the building. The skin of a skyscraper can be made of metal, stone, or glass. The brain controls the building temperature. The anatomy of a skyscraper is like a human body. All the parts have to work together. That's how a city skyscraper works properly.: A skyscraper has a command center. Another word for command is
control
check
help
work
Choose the word that means the same as “command” in the passage.
**Primary domain:** Vocabulary—synonym recognition.  
**Justification:** The item measures whether the learner understands that “command” means “control” in the passage’s context.
This is a basic vocabulary/reading-recall item. It requires locating the passage’s meaning of “command center” and selecting the synonym **“control,”** with no multi-step reasoning or synthesis.

Cognitive load is increased slightly by the long passage, human-body/skyscraper analogy, and repeated technical details. The distractors (“check,” “help,” “work”) are simple and do not create substantial ambiguity.
This item requires a low-to-moderate level of verbal ability and reading comprehension: the respondent must recognize that “control” is a synonym for “command” in context.","Original Text: In many ways, skyscrapers are like the human body. They have bones that keep it tall and strong and skin to protect the body. They have a command center that is like a brain. How do engineers design and build strong and smart skyscrapers? It is very challenging to build a skyscraper because there are many parts that have to work together. If one part is broken, the skyscraper will not work properly. First, engineers need a strong and tall frame that supports the floors and walls. This frame is like the bones of a skyscraper. The bones of a skyscraper are made of concrete, steel and other materials. The columns are like the backbone of a human body. The columns go up. The steel columns hold up each floor. There are also steel beams that go across each floor. The steel columns and beams must be strong to resist the force of gravity. The steel columns and beams must work together to form a strong backbone. Second, engineers need to design a command center. The command center is a computer that sends signals through wires in a skyscraper. For example, it sends signals to help bring fresh air into rooms, just like your lungs. The command center also controls the heating and air conditioning. It helps the building cool down when it’s too hot and warm up when it’s too cold. A skyscraper has many different parts that work together. The bones make the building tall and strong. The skin protects the inside of the building. The skin of a skyscraper can be made of metal, stone, or glass. The brain controls the building temperature. The anatomy of a skyscraper is like a human body. All the parts have to work together. That's how a city skyscraper works properly.: A skyscraper has a command center. Another word for command is
control
check
help
work
Identify the synonym for “command” in the phrase “command center”: **control**.
**Skill: Vocabulary in context.** The item measures whether the reader can identify **“control”** as a synonym for **“command”** based on its use in the passage.
Low-demand vocabulary-in-context item requiring simple recall/inference: “command center” is described as controlling building systems, so **control** is the clear synonym. The short stem and familiar options impose little cognitive load; distractors are plausible verbs but not semantically tricky, with no conditional logic or emotional wording.
This item requires a relatively low level of reading ability, as respondents only need basic vocabulary knowledge to identify “control” as a synonym for “command.”",2.1320710725668697,-0.5048460487017046,-0.7591166440806069,-0.7708573855227437,0.4626162577437431,423.0,gilbert_meta_8,-1.2753133157088867,0.42724117655134825,-1.0366074393107616,0.34727260865055204,-2.077635684957782,0.48706100521018036,-1.504205563734443,0.3526315413330664,-0.7151464528025253,0.4037687798900483,-0.5094290859652655,0.28762159089880257,-2.110365209113596,0.5227475801575642,-1.9138778183132232,0.47407671142413266,-2.89147543224495,0.6430890160988453,-2.1299874832459404,0.4737275439480366,-1.235797088889595,0.43653616331488,-0.9309660970093426,0.3288568744969703,-2.3328292108307775,0.534883933010294,-1.776438914698542,0.4073117007601722
s_cc_7_2021,"A human is a primate. In primates, the heart sends oxygen in the blood all around the body. The body must have oxygen to function properly. The strong heart muscle contracts to pump blood all around the body. A healthy heart never rests. But what happens when a person’s heart gets weaker? People with weak hearts need help. Scientists have to study a medical mystery. Then they might be able to help people. First, scientists need to diagnose the reasons that a human heart gets weak. They need to do tests. But sometimes it would be hard on a sick person to have tests done. So, scientists study animals that have body systems like humans. Scientists knew that the macaque monkey’s heart is similar to the human heart. So, they did tests with macaque monkeys. The scientists learned what happens when a monkey has a heart attack. After a heart attack, the monkey’s heart muscle has scar tissue where it was damaged. The scar tissue cannot contract like a strong heart muscle can. Then the monkey’s heart cannot pump enough blood to give the body the oxygen it needs. Without enough oxygen, the monkey’s body cannot function properly. Second, scientists wanted to try out new solutions that would keep the heart working. Sometimes the new solutions might fail. So, scientists didn’t want to try the solutions with people right away. They tried a solution with macaque monkeys. Scientists developed an idea. Then, they tested an idea. They injected human stem cells from the human heart into the monkey’s heart. After four weeks the human heart cells grew where the monkey’s scar tissue was. After three months, the monkey’s heart got stronger. Now scientists are using what they found in this experiment to help humans who have had heart attacks.",A heart muscle that functions properly is,"A human is a primate. In primates, the heart sends oxygen in the blood all around the body. The body must have oxygen to function properly. The strong heart muscle contracts to pump blood all around the body. A healthy heart never rests. But what happens when a person’s heart gets weaker? People with weak hearts need help. Scientists have to study a medical mystery. Then they might be able to help people. First, scientists need to diagnose the reasons that a human heart gets weak. They need to do tests. But sometimes it would be hard on a sick person to have tests done. So, scientists study animals that have body systems like humans. Scientists knew that the macaque monkey’s heart is similar to the human heart. So, they did tests with macaque monkeys. The scientists learned what happens when a monkey has a heart attack. After a heart attack, the monkey’s heart muscle has scar tissue where it was damaged. The scar tissue cannot contract like a strong heart muscle can. Then the monkey’s heart cannot pump enough blood to give the body the oxygen it needs. Without enough oxygen, the monkey’s body cannot function properly. Second, scientists wanted to try out new solutions that would keep the heart working. Sometimes the new solutions might fail. So, scientists didn’t want to try the solutions with people right away. They tried a solution with macaque monkeys. Scientists developed an idea. Then, they tested an idea. They injected human stem cells from the human heart into the monkey’s heart. After four weeks the human heart cells grew where the monkey’s scar tissue was. After three months, the monkey’s heart got stronger. Now scientists are using what they found in this experiment to help humans who have had heart attacks.: A heart muscle that functions properly is
helping scientists
not getting oxygen
showing scar tissue
working well","Original Text: A human is a primate. In primates, the heart sends oxygen in the blood all around the body. The body must have oxygen to function properly. The strong heart muscle contracts to pump blood all around the body. A healthy heart never rests. But what happens when a person’s heart gets weaker? People with weak hearts need help. Scientists have to study a medical mystery. Then they might be able to help people. First, scientists need to diagnose the reasons that a human heart gets weak. They need to do tests. But sometimes it would be hard on a sick person to have tests done. So, scientists study animals that have body systems like humans. Scientists knew that the macaque monkey’s heart is similar to the human heart. So, they did tests with macaque monkeys. The scientists learned what happens when a monkey has a heart attack. After a heart attack, the monkey’s heart muscle has scar tissue where it was damaged. The scar tissue cannot contract like a strong heart muscle can. Then the monkey’s heart cannot pump enough blood to give the body the oxygen it needs. Without enough oxygen, the monkey’s body cannot function properly. Second, scientists wanted to try out new solutions that would keep the heart working. Sometimes the new solutions might fail. So, scientists didn’t want to try the solutions with people right away. They tried a solution with macaque monkeys. Scientists developed an idea. Then, they tested an idea. They injected human stem cells from the human heart into the monkey’s heart. After four weeks the human heart cells grew where the monkey’s scar tissue was. After three months, the monkey’s heart got stronger. Now scientists are using what they found in this experiment to help humans who have had heart attacks.: A heart muscle that functions properly is
helping scientists
not getting oxygen
showing scar tissue
working well
This item asks to identify the defining characteristic of a properly functioning heart muscle based on a passage describing medical research on heart attacks and stem cell therapy in macaque monkeys.
This analysis identifies the primary skill measured by the provided reading comprehension item.

**Primary Skill:** Reading Comprehension (Literal Inference/Vocabulary in Context)

**Justification:** The item requires the reader to identify a synonym for ""functions properly"" by synthesizing the text's description of a healthy heart's performance compared to a damaged one.
This analysis evaluates the cognitive demand and structural complexity of the reading comprehension item regarding heart muscle function.

**Cognitive Demand**
This item requires **recall** and basic **inference**. The reader must locate the description of a healthy heart and map the phrase ""functions properly"" to the text's explanation of a strong heart's behavior.

**Structural and Semantic Elements**
*   **Semantic Mapping:** The item relies on recognizing ""working well"" as a direct synonym for ""functions properly.""
*   **Contextual Distractors:** Options such as ""showing scar tissue"" and ""not getting oxygen"" increase cognitive load by using terminology found in the passage that describes heart *dysfunction*, requiring the reader to distinguish between the healthy state and the pathological states described in the research.
*   **Simple Syntax:** The use of short, declarative sentences minimizes linguistic complexity, keeping the focus on basic comprehension and vocabulary matching.
The level of the underlying latent trait required to successfully answer this item is low. The item measures basic reading comprehension and literal information retrieval, requiring the respondent to recognize ""working well"" as a synonym for ""functions properly"" within the context of the provided text.","Original Text: A human is a primate. In primates, the heart sends oxygen in the blood all around the body. The body must have oxygen to function properly. The strong heart muscle contracts to pump blood all around the body. A healthy heart never rests. But what happens when a person’s heart gets weaker? People with weak hearts need help. Scientists have to study a medical mystery. Then they might be able to help people. First, scientists need to diagnose the reasons that a human heart gets weak. They need to do tests. But sometimes it would be hard on a sick person to have tests done. So, scientists study animals that have body systems like humans. Scientists knew that the macaque monkey’s heart is similar to the human heart. So, they did tests with macaque monkeys. The scientists learned what happens when a monkey has a heart attack. After a heart attack, the monkey’s heart muscle has scar tissue where it was damaged. The scar tissue cannot contract like a strong heart muscle can. Then the monkey’s heart cannot pump enough blood to give the body the oxygen it needs. Without enough oxygen, the monkey’s body cannot function properly. Second, scientists wanted to try out new solutions that would keep the heart working. Sometimes the new solutions might fail. So, scientists didn’t want to try the solutions with people right away. They tried a solution with macaque monkeys. Scientists developed an idea. Then, they tested an idea. They injected human stem cells from the human heart into the monkey’s heart. After four weeks the human heart cells grew where the monkey’s scar tissue was. After three months, the monkey’s heart got stronger. Now scientists are using what they found in this experiment to help humans who have had heart attacks.: A heart muscle that functions properly is
helping scientists
not getting oxygen
showing scar tissue
working well
The objective of this prompt is to summarize the primary task and scenario of the provided text. The item presents a scenario about scientists using macaque monkeys to study heart attacks and test stem cell treatments, and tasks the reader with completing a sentence to indicate that a properly functioning heart muscle is ""working well.""
To identify the primary skill this assessment item aims to measure along with a concise justification:

**Primary Skill:** Reading comprehension (literal comprehension and vocabulary in context). 

**Justification:** The item requires the reader to understand the provided text and recognize that the phrase ""functions properly"" is synonymous with the correct answer choice, ""working well,"" in the context of a healthy heart muscle.
In evaluating the cognitive demand, reasoning level, and structural elements that impact the difficulty of this item, it requires basic recall and simple vocabulary recognition rather than multi-step reasoning or synthesis. While the passage's length and scientific terminology slightly increase the initial reading cognitive load, the threshold for answering correctly is very low. The question relies on a direct semantic match between ""functions properly"" and ""working well."" The distractors lack complex phrasing or conditional logic and are easily eliminated, as they describe a damaged heart or the experimental process rather than a healthy heart.
The level of the underlying latent trait (reading comprehension and basic cognitive ability) required for a respondent to successfully answer the item regarding a properly functioning heart muscle is low, as it primarily requires recognizing the basic synonymy between ""functions properly"" and ""working well.""","Original Text: A human is a primate. In primates, the heart sends oxygen in the blood all around the body. The body must have oxygen to function properly. The strong heart muscle contracts to pump blood all around the body. A healthy heart never rests. But what happens when a person’s heart gets weaker? People with weak hearts need help. Scientists have to study a medical mystery. Then they might be able to help people. First, scientists need to diagnose the reasons that a human heart gets weak. They need to do tests. But sometimes it would be hard on a sick person to have tests done. So, scientists study animals that have body systems like humans. Scientists knew that the macaque monkey’s heart is similar to the human heart. So, they did tests with macaque monkeys. The scientists learned what happens when a monkey has a heart attack. After a heart attack, the monkey’s heart muscle has scar tissue where it was damaged. The scar tissue cannot contract like a strong heart muscle can. Then the monkey’s heart cannot pump enough blood to give the body the oxygen it needs. Without enough oxygen, the monkey’s body cannot function properly. Second, scientists wanted to try out new solutions that would keep the heart working. Sometimes the new solutions might fail. So, scientists didn’t want to try the solutions with people right away. They tried a solution with macaque monkeys. Scientists developed an idea. Then, they tested an idea. They injected human stem cells from the human heart into the monkey’s heart. After four weeks the human heart cells grew where the monkey’s scar tissue was. After three months, the monkey’s heart got stronger. Now scientists are using what they found in this experiment to help humans who have had heart attacks.: A heart muscle that functions properly is
helping scientists
not getting oxygen
showing scar tissue
working well
Based on an informational passage describing heart function, heart attack damage, and stem-cell research in primates, the task requires selecting the correct description of a properly functioning heart muscle.
The primary skill this item assesses is **Reading Comprehension**, specifically **Vocabulary in Context / Semantic Paraphrasing**. 

**Justification:** The question requires the reader to understand the informational text and identify the correct meaning of the phrase ""functions properly"" by selecting its contextual equivalent, ""working well.""
**Cognitive Demand Assessment of the Reading Item:**

* **Reasoning Level:** The item requires **basic recall and simple semantic matching** (recognizing that ""functions properly"" is synonymous with ""working well""). It does not require multi-step reasoning or synthesis.
* **Structural and Semantic Elements:**
  * **Low Lexical/Syntactic Load:** The passage and question use short, elementary sentences with straightforward syntax, keeping baseline cognitive load minimal.
  * **Polarity and Distractor Design:** Distractors (""showing scar tissue,"" ""not getting oxygen"") directly reference dysfunctional states from the text, creating simple negative-versus-positive contrasts that make the correct option (""working well"") readily identifiable without deep contextual integration.
To determine the degree of the underlying latent trait—specifically reading comprehension and foundational vocabulary ability—necessary to correctly answer this item, a respondent requires only a low to elementary level of cognitive ability, as the question simply requires identifying the basic synonym for ""functions properly"" (""working well"") supported by a straightforward informational text.","Original Text: A human is a primate. In primates, the heart sends oxygen in the blood all around the body. The body must have oxygen to function properly. The strong heart muscle contracts to pump blood all around the body. A healthy heart never rests. But what happens when a person’s heart gets weaker? People with weak hearts need help. Scientists have to study a medical mystery. Then they might be able to help people. First, scientists need to diagnose the reasons that a human heart gets weak. They need to do tests. But sometimes it would be hard on a sick person to have tests done. So, scientists study animals that have body systems like humans. Scientists knew that the macaque monkey’s heart is similar to the human heart. So, they did tests with macaque monkeys. The scientists learned what happens when a monkey has a heart attack. After a heart attack, the monkey’s heart muscle has scar tissue where it was damaged. The scar tissue cannot contract like a strong heart muscle can. Then the monkey’s heart cannot pump enough blood to give the body the oxygen it needs. Without enough oxygen, the monkey’s body cannot function properly. Second, scientists wanted to try out new solutions that would keep the heart working. Sometimes the new solutions might fail. So, scientists didn’t want to try the solutions with people right away. They tried a solution with macaque monkeys. Scientists developed an idea. Then, they tested an idea. They injected human stem cells from the human heart into the monkey’s heart. After four weeks the human heart cells grew where the monkey’s scar tissue was. After three months, the monkey’s heart got stronger. Now scientists are using what they found in this experiment to help humans who have had heart attacks.: A heart muscle that functions properly is
helping scientists
not getting oxygen
showing scar tissue
working well
The item asks which option describes a heart muscle that functions properly: **working well**.
This item primarily measures reading comprehension of a science passage, specifically understanding a cause-and-effect detail about heart function. The correct idea is **working well**.
Low severity; this is a straightforward reading-comprehension item requiring recall and simple inference, not deep reasoning or strong endorsement. The wording is mostly plain, with a mild distractor set: “not getting oxygen” and “showing scar tissue” are plausible but incorrect, while “working well” matches the passage.
A low level of the underlying trait is needed here: the item mainly requires basic reading comprehension and simple inference, not high cognitive ability.","Original Text: A human is a primate. In primates, the heart sends oxygen in the blood all around the body. The body must have oxygen to function properly. The strong heart muscle contracts to pump blood all around the body. A healthy heart never rests. But what happens when a person’s heart gets weaker? People with weak hearts need help. Scientists have to study a medical mystery. Then they might be able to help people. First, scientists need to diagnose the reasons that a human heart gets weak. They need to do tests. But sometimes it would be hard on a sick person to have tests done. So, scientists study animals that have body systems like humans. Scientists knew that the macaque monkey’s heart is similar to the human heart. So, they did tests with macaque monkeys. The scientists learned what happens when a monkey has a heart attack. After a heart attack, the monkey’s heart muscle has scar tissue where it was damaged. The scar tissue cannot contract like a strong heart muscle can. Then the monkey’s heart cannot pump enough blood to give the body the oxygen it needs. Without enough oxygen, the monkey’s body cannot function properly. Second, scientists wanted to try out new solutions that would keep the heart working. Sometimes the new solutions might fail. So, scientists didn’t want to try the solutions with people right away. They tried a solution with macaque monkeys. Scientists developed an idea. Then, they tested an idea. They injected human stem cells from the human heart into the monkey’s heart. After four weeks the human heart cells grew where the monkey’s scar tissue was. After three months, the monkey’s heart got stronger. Now scientists are using what they found in this experiment to help humans who have had heart attacks.: A heart muscle that functions properly is
helping scientists
not getting oxygen
showing scar tissue
working well
The item asks the reader to identify that a properly functioning heart muscle is working well.
Primary construct: Reading comprehension of life science/biomedical content.

Justification: The item asks the reader to infer from the passage that a properly functioning heart muscle is “working well,” using understanding of the text’s explanation of heart function, oxygen delivery, and scar tissue.
Core ask: assess the item’s cognitive demand and note wording/features that raise difficulty.

Low-to-moderate cognitive demand: mainly recall/comprehension with a small inference. The correct choice comes from paraphrasing “functions properly” as “working well,” so it does not require multi-step reasoning or synthesis.

Load-increasing elements: long passage, several causal steps, and multiple medically related details that can distract from the final simple definition. The options include plausible distractors drawn from the passage (“helping scientists,” “not getting oxygen,” “showing scar tissue”), which increases selection difficulty slightly. No tricky conditional logic or strong emotional wording.
The item appears to require a relatively low to moderate level of the latent trait—basic reading comprehension/scientific text understanding. Successfully answering it depends on recognizing that “functions properly” matches “working well,” which is a fairly direct paraphrase stated in the passage rather than an inference requiring advanced ability.","Original Text: A human is a primate. In primates, the heart sends oxygen in the blood all around the body. The body must have oxygen to function properly. The strong heart muscle contracts to pump blood all around the body. A healthy heart never rests. But what happens when a person’s heart gets weaker? People with weak hearts need help. Scientists have to study a medical mystery. Then they might be able to help people. First, scientists need to diagnose the reasons that a human heart gets weak. They need to do tests. But sometimes it would be hard on a sick person to have tests done. So, scientists study animals that have body systems like humans. Scientists knew that the macaque monkey’s heart is similar to the human heart. So, they did tests with macaque monkeys. The scientists learned what happens when a monkey has a heart attack. After a heart attack, the monkey’s heart muscle has scar tissue where it was damaged. The scar tissue cannot contract like a strong heart muscle can. Then the monkey’s heart cannot pump enough blood to give the body the oxygen it needs. Without enough oxygen, the monkey’s body cannot function properly. Second, scientists wanted to try out new solutions that would keep the heart working. Sometimes the new solutions might fail. So, scientists didn’t want to try the solutions with people right away. They tried a solution with macaque monkeys. Scientists developed an idea. Then, they tested an idea. They injected human stem cells from the human heart into the monkey’s heart. After four weeks the human heart cells grew where the monkey’s scar tissue was. After three months, the monkey’s heart got stronger. Now scientists are using what they found in this experiment to help humans who have had heart attacks.: A heart muscle that functions properly is
helping scientists
not getting oxygen
showing scar tissue
working well
Identify which description best completes the statement about a properly functioning heart muscle: **working well**.
**Primary construct:** Science reading comprehension—understanding basic heart function.  
**Justification:** The passage states that a properly functioning heart contracts strongly and pumps blood effectively; therefore, it is **working well**.
This is a low-to-moderate recall/comprehension item. It requires identifying the passage’s description of a properly functioning heart and matching it to “working well,” with minimal reasoning rather than multi-step synthesis.

Cognitive load is increased by the lengthy scientific passage, repeated causal details, and distractors drawn from passage vocabulary (“not getting oxygen,” “showing scar tissue,” “helping scientists”). The sentence completion is straightforward, with no conditional logic, complex phrasing, or strong emotional/attitudinal content.
The item requires a **low level of underlying cognitive ability**: basic reading comprehension and recognition of explicitly stated information. A respondent must understand that a properly functioning heart muscle is **working well**.","Original Text: A human is a primate. In primates, the heart sends oxygen in the blood all around the body. The body must have oxygen to function properly. The strong heart muscle contracts to pump blood all around the body. A healthy heart never rests. But what happens when a person’s heart gets weaker? People with weak hearts need help. Scientists have to study a medical mystery. Then they might be able to help people. First, scientists need to diagnose the reasons that a human heart gets weak. They need to do tests. But sometimes it would be hard on a sick person to have tests done. So, scientists study animals that have body systems like humans. Scientists knew that the macaque monkey’s heart is similar to the human heart. So, they did tests with macaque monkeys. The scientists learned what happens when a monkey has a heart attack. After a heart attack, the monkey’s heart muscle has scar tissue where it was damaged. The scar tissue cannot contract like a strong heart muscle can. Then the monkey’s heart cannot pump enough blood to give the body the oxygen it needs. Without enough oxygen, the monkey’s body cannot function properly. Second, scientists wanted to try out new solutions that would keep the heart working. Sometimes the new solutions might fail. So, scientists didn’t want to try the solutions with people right away. They tried a solution with macaque monkeys. Scientists developed an idea. Then, they tested an idea. They injected human stem cells from the human heart into the monkey’s heart. After four weeks the human heart cells grew where the monkey’s scar tissue was. After three months, the monkey’s heart got stronger. Now scientists are using what they found in this experiment to help humans who have had heart attacks.: A heart muscle that functions properly is
helping scientists
not getting oxygen
showing scar tissue
working well
Identify that a heart muscle functioning properly is **working well**.
**Skill: Reading comprehension—interpreting vocabulary in context.** The item assesses whether the reader understands that “functions properly” means **“working well.”**
This is a low-demand reading-comprehension item requiring simple recall and synonym matching: “functions properly” means “working well.” Cognitive load is slightly increased by the long passage and irrelevant distractors, but the question itself is direct, with no conditional logic or synthesis required.
This item requires a **low level of reading comprehension ability**, as the correct response, **“working well,”** directly paraphrases “functions properly.”",1.620965398181458,-0.1322861150535441,-0.1125352760591484,-0.087472251315448,0.9162442958720703,633.0,gilbert_meta_8,-2.4637890389723407,0.639737742965852,-2.0026310517046566,0.5199952791190455,-2.205609943410414,0.5776048197116159,-1.5968587622585868,0.4181851465781391,-2.2012307700939053,0.5786410076664105,-1.5680298417381673,0.4121904799811918,-1.3189212143357791,0.4271404544075619,-1.1961219059710688,0.3873711703853527,-1.7824134149746131,0.5058518741651187,-1.3130038116623217,0.37263265263563444,-1.7659971809499408,0.47099948855720136,-1.3303830520880513,0.35481921708481073,-2.5238535044283097,0.5892985271497058,-1.9219030520747227,0.44874816859416067
s_cc_21_2021,"Some birds that are here today are smaller than they were many years ago. Why is this happening? It is a mystery. How do scientists study a mystery? First, scientists try to understand the bird’s skeletal and muscular systems. Those systems help birds to fly. One thing scientists know is that birds’ bones are hollow inside. So, they don’t weigh much. Birds’ skeletons weigh less than their feathers. They have also learned that a bird wing works like a human arm. Birds contract their chest muscles to make their wings flap. Second, scientists try to diagnose the reasons that the birds’ bodies might have changed over time. Some scientists thought that birds’ skeletal or muscular systems might have changed. So, they studied migratory birds in North America. Migratory birds fly long distances to warmer places for the winter. Third, scientists measured the physical characteristics of the birds. They measured the size of the birds’ bones. They found some of the birds’ bones were shorter than they were 40 years ago. For example, the lower leg bone of many birds is smaller. Fourth, scientists measured the migratory birds’ wings. They found the birds’ wings are longer than they used to be. Many scientists asked, “Why are the birds’ bones smaller than they used be. But their wings are longer?” They thought about the long distance the birds fly in winter. They thought that the birds’ bodies changed to adapt to the long winter flight. They would need a lot of energy for the flight. A smaller body would have smaller muscles and less fat. But smaller bones and longer wings would make flying easier. Over time, these characteristics of birds have become more common. The scientists came up with some very good ideas about why these skeletal changes might be occurring.",Paragraph 2 states that “scientists had to understand the bird’s skeletal and muscular systems.” What does the word systems mean?,"Some birds that are here today are smaller than they were many years ago. Why is this happening? It is a mystery. How do scientists study a mystery? First, scientists try to understand the bird’s skeletal and muscular systems. Those systems help birds to fly. One thing scientists know is that birds’ bones are hollow inside. So, they don’t weigh much. Birds’ skeletons weigh less than their feathers. They have also learned that a bird wing works like a human arm. Birds contract their chest muscles to make their wings flap. Second, scientists try to diagnose the reasons that the birds’ bodies might have changed over time. Some scientists thought that birds’ skeletal or muscular systems might have changed. So, they studied migratory birds in North America. Migratory birds fly long distances to warmer places for the winter. Third, scientists measured the physical characteristics of the birds. They measured the size of the birds’ bones. They found some of the birds’ bones were shorter than they were 40 years ago. For example, the lower leg bone of many birds is smaller. Fourth, scientists measured the migratory birds’ wings. They found the birds’ wings are longer than they used to be. Many scientists asked, “Why are the birds’ bones smaller than they used be. But their wings are longer?” They thought about the long distance the birds fly in winter. They thought that the birds’ bodies changed to adapt to the long winter flight. They would need a lot of energy for the flight. A smaller body would have smaller muscles and less fat. But smaller bones and longer wings would make flying easier. Over time, these characteristics of birds have become more common. The scientists came up with some very good ideas about why these skeletal changes might be occurring.: Paragraph 2 states that “scientists had to understand the bird’s skeletal and muscular systems.” What does the word systems mean?
illnesses
networks
bodies
mysteries","Original Text: Some birds that are here today are smaller than they were many years ago. Why is this happening? It is a mystery. How do scientists study a mystery? First, scientists try to understand the bird’s skeletal and muscular systems. Those systems help birds to fly. One thing scientists know is that birds’ bones are hollow inside. So, they don’t weigh much. Birds’ skeletons weigh less than their feathers. They have also learned that a bird wing works like a human arm. Birds contract their chest muscles to make their wings flap. Second, scientists try to diagnose the reasons that the birds’ bodies might have changed over time. Some scientists thought that birds’ skeletal or muscular systems might have changed. So, they studied migratory birds in North America. Migratory birds fly long distances to warmer places for the winter. Third, scientists measured the physical characteristics of the birds. They measured the size of the birds’ bones. They found some of the birds’ bones were shorter than they were 40 years ago. For example, the lower leg bone of many birds is smaller. Fourth, scientists measured the migratory birds’ wings. They found the birds’ wings are longer than they used to be. Many scientists asked, “Why are the birds’ bones smaller than they used be. But their wings are longer?” They thought about the long distance the birds fly in winter. They thought that the birds’ bodies changed to adapt to the long winter flight. They would need a lot of energy for the flight. A smaller body would have smaller muscles and less fat. But smaller bones and longer wings would make flying easier. Over time, these characteristics of birds have become more common. The scientists came up with some very good ideas about why these skeletal changes might be occurring.: Paragraph 2 states that “scientists had to understand the bird’s skeletal and muscular systems.” What does the word systems mean?
illnesses
networks
bodies
mysteries
The core task of this item is to identify the contextual meaning of the word ""systems"" as it relates to avian skeletal and muscular anatomy within the provided scientific passage.
This item measures the **Reading Comprehension** skill, specifically **Vocabulary Acquisition and Use**. It assesses the ability to determine the meaning of a word (""systems"") by analyzing its specific usage and context within a scientific text.
This analysis evaluates the cognitive demand and structural complexity of the vocabulary-in-context item regarding the definition of ""systems.""

**Cognitive Demand**
This item requires **multi-step reasoning**. The reader must first locate the term within the specific biological context of the passage, synthesize the relationship between the ""skeletal"" and ""muscular"" examples, and then map those interconnected structures to the abstract concept of a ""network.""

**Structural and Semantic Elements**
*   **Semantic Abstraction:** The word ""systems"" is a high-level concept; the item tests the ability to move from concrete anatomical descriptions to a functional synonym.
*   **Categorical Distractors:** The option ""bodies"" serves as a ""whole-to-part"" distractor, which increases cognitive load by offering a related biological term that lacks the specific organizational nuance of ""networks.""
*   **Thematic Distractor:** The option ""mysteries"" functions as a thematic trap, leveraging the passage’s introductory framing to distract readers who rely on global themes rather than local context.
To describe the level of the latent trait—specifically reading comprehension and vocabulary acquisition—required to correctly identify ""networks"" as the meaning of ""systems,"" a respondent must possess a **low to moderate** level of proficiency. The item requires the ability to use local context clues to distinguish between biological structures and unrelated concepts, a task typical of middle-elementary grade levels.","Original Text: Some birds that are here today are smaller than they were many years ago. Why is this happening? It is a mystery. How do scientists study a mystery? First, scientists try to understand the bird’s skeletal and muscular systems. Those systems help birds to fly. One thing scientists know is that birds’ bones are hollow inside. So, they don’t weigh much. Birds’ skeletons weigh less than their feathers. They have also learned that a bird wing works like a human arm. Birds contract their chest muscles to make their wings flap. Second, scientists try to diagnose the reasons that the birds’ bodies might have changed over time. Some scientists thought that birds’ skeletal or muscular systems might have changed. So, they studied migratory birds in North America. Migratory birds fly long distances to warmer places for the winter. Third, scientists measured the physical characteristics of the birds. They measured the size of the birds’ bones. They found some of the birds’ bones were shorter than they were 40 years ago. For example, the lower leg bone of many birds is smaller. Fourth, scientists measured the migratory birds’ wings. They found the birds’ wings are longer than they used to be. Many scientists asked, “Why are the birds’ bones smaller than they used be. But their wings are longer?” They thought about the long distance the birds fly in winter. They thought that the birds’ bodies changed to adapt to the long winter flight. They would need a lot of energy for the flight. A smaller body would have smaller muscles and less fat. But smaller bones and longer wings would make flying easier. Over time, these characteristics of birds have become more common. The scientists came up with some very good ideas about why these skeletal changes might be occurring.: Paragraph 2 states that “scientists had to understand the bird’s skeletal and muscular systems.” What does the word systems mean?
illnesses
networks
bodies
mysteries
The core task presented in this item requires the reader to determine the contextual meaning of the vocabulary word ""systems"" based on a provided passage about scientific research into changes in bird anatomy.
The objective is to determine the primary skill assessed by the provided reading passage and question, accompanied by a brief rationale. 

**Primary Skill:** Vocabulary in context 

**Justification:** The item directly asks the reader to define the word ""systems"" based on its specific usage within the passage, requiring the application of context clues to select the most accurate synonym from the provided multiple-choice options.
In analyzing the cognitive demand and structural complexity of this vocabulary-in-context item, the question requires synthesis rather than simple recall. The reader must integrate surrounding context clues to deduce the meaning of ""systems"" within an anatomical framework. The cognitive load is elevated by tricky distractors: ""bodies"" serves as a strong semantic trap because skeletal and muscular systems are components of a body, requiring the reader to differentiate between a whole entity and its interconnected networks, while ""mysteries"" acts as a structural distractor pulled directly from adjacent text to penalize readers relying on word proximity rather than actual comprehension.
To determine the degree of the underlying latent trait necessary to correctly answer this vocabulary-in-context question, a low to moderate level of reading comprehension and cognitive ability is required, as the respondent must only use basic vocabulary knowledge and simple contextual clues to deduce the correct meaning of the word.","Original Text: Some birds that are here today are smaller than they were many years ago. Why is this happening? It is a mystery. How do scientists study a mystery? First, scientists try to understand the bird’s skeletal and muscular systems. Those systems help birds to fly. One thing scientists know is that birds’ bones are hollow inside. So, they don’t weigh much. Birds’ skeletons weigh less than their feathers. They have also learned that a bird wing works like a human arm. Birds contract their chest muscles to make their wings flap. Second, scientists try to diagnose the reasons that the birds’ bodies might have changed over time. Some scientists thought that birds’ skeletal or muscular systems might have changed. So, they studied migratory birds in North America. Migratory birds fly long distances to warmer places for the winter. Third, scientists measured the physical characteristics of the birds. They measured the size of the birds’ bones. They found some of the birds’ bones were shorter than they were 40 years ago. For example, the lower leg bone of many birds is smaller. Fourth, scientists measured the migratory birds’ wings. They found the birds’ wings are longer than they used to be. Many scientists asked, “Why are the birds’ bones smaller than they used be. But their wings are longer?” They thought about the long distance the birds fly in winter. They thought that the birds’ bodies changed to adapt to the long winter flight. They would need a lot of energy for the flight. A smaller body would have smaller muscles and less fat. But smaller bones and longer wings would make flying easier. Over time, these characteristics of birds have become more common. The scientists came up with some very good ideas about why these skeletal changes might be occurring.: Paragraph 2 states that “scientists had to understand the bird’s skeletal and muscular systems.” What does the word systems mean?
illnesses
networks
bodies
mysteries
The core task requires identifying the context-appropriate definition of the word ""systems"" as it refers to a bird's muscular and skeletal anatomy within the provided passage.
This assessment item measures the English Language Arts skill of **determining vocabulary meaning in context** within reading comprehension. It evaluates a student's ability to analyze informational text and use surrounding contextual clues to identify the correct definition of a multi-meaning academic word (""systems"").
**Assessment of Item Demand and Complexity Factors**

* **Cognitive Demand:** This item functions at a **low-to-moderate cognitive demand**, requiring single-step contextual vocabulary interpretation and semantic mapping rather than multi-step reasoning or deep textual synthesis.
* **Semantic and Structural Load Factors:**
  * **Domain-Specific Polysemy:** Test-takers must isolate the functional biological meaning of ""systems"" from abstract or colloquial definitions.
  * **Plausible Anatomical Distractor:** The option *""bodies""* introduces mild cognitive interference, as test-takers must distinguish between an entire organism and the interconnected, functional subsystems (*""networks""*) of anatomy.
The latent trait required to successfully answer this vocabulary-in-context reading comprehension item is a low-to-moderate level of verbal cognitive ability, characterized by basic reading comprehension skills and elementary vocabulary knowledge.","Original Text: Some birds that are here today are smaller than they were many years ago. Why is this happening? It is a mystery. How do scientists study a mystery? First, scientists try to understand the bird’s skeletal and muscular systems. Those systems help birds to fly. One thing scientists know is that birds’ bones are hollow inside. So, they don’t weigh much. Birds’ skeletons weigh less than their feathers. They have also learned that a bird wing works like a human arm. Birds contract their chest muscles to make their wings flap. Second, scientists try to diagnose the reasons that the birds’ bodies might have changed over time. Some scientists thought that birds’ skeletal or muscular systems might have changed. So, they studied migratory birds in North America. Migratory birds fly long distances to warmer places for the winter. Third, scientists measured the physical characteristics of the birds. They measured the size of the birds’ bones. They found some of the birds’ bones were shorter than they were 40 years ago. For example, the lower leg bone of many birds is smaller. Fourth, scientists measured the migratory birds’ wings. They found the birds’ wings are longer than they used to be. Many scientists asked, “Why are the birds’ bones smaller than they used be. But their wings are longer?” They thought about the long distance the birds fly in winter. They thought that the birds’ bodies changed to adapt to the long winter flight. They would need a lot of energy for the flight. A smaller body would have smaller muscles and less fat. But smaller bones and longer wings would make flying easier. Over time, these characteristics of birds have become more common. The scientists came up with some very good ideas about why these skeletal changes might be occurring.: Paragraph 2 states that “scientists had to understand the bird’s skeletal and muscular systems.” What does the word systems mean?
illnesses
networks
bodies
mysteries
The task is to determine the meaning of “systems” in the context of birds’ skeletal and muscular systems. The best answer is **bodies**.
This item primarily measures reading vocabulary/word meaning in context, specifically understanding “systems” as interconnected body parts or networks. The passage about birds’ skeletal and muscular systems supports the meaning of organized parts working together, so “networks” is the best fit.
This is a low-to-moderate cognitive item: it mainly requires vocabulary recall and context-based inference, not multi-step reasoning or synthesis. The wording is straightforward, with no strong distractors or emotional language; the main load comes from the technical term “systems,” which is used in a biological sense. The correct meaning is **networks**.
A low-to-moderate reading comprehension level is needed: the respondent must infer that “systems” means interconnected parts working together, so the correct choice is **networks**.","Original Text: Some birds that are here today are smaller than they were many years ago. Why is this happening? It is a mystery. How do scientists study a mystery? First, scientists try to understand the bird’s skeletal and muscular systems. Those systems help birds to fly. One thing scientists know is that birds’ bones are hollow inside. So, they don’t weigh much. Birds’ skeletons weigh less than their feathers. They have also learned that a bird wing works like a human arm. Birds contract their chest muscles to make their wings flap. Second, scientists try to diagnose the reasons that the birds’ bodies might have changed over time. Some scientists thought that birds’ skeletal or muscular systems might have changed. So, they studied migratory birds in North America. Migratory birds fly long distances to warmer places for the winter. Third, scientists measured the physical characteristics of the birds. They measured the size of the birds’ bones. They found some of the birds’ bones were shorter than they were 40 years ago. For example, the lower leg bone of many birds is smaller. Fourth, scientists measured the migratory birds’ wings. They found the birds’ wings are longer than they used to be. Many scientists asked, “Why are the birds’ bones smaller than they used be. But their wings are longer?” They thought about the long distance the birds fly in winter. They thought that the birds’ bodies changed to adapt to the long winter flight. They would need a lot of energy for the flight. A smaller body would have smaller muscles and less fat. But smaller bones and longer wings would make flying easier. Over time, these characteristics of birds have become more common. The scientists came up with some very good ideas about why these skeletal changes might be occurring.: Paragraph 2 states that “scientists had to understand the bird’s skeletal and muscular systems.” What does the word systems mean?
illnesses
networks
bodies
mysteries
The item asks students to determine the meaning of the word “systems” in the context of birds’ skeletal and muscular systems, with the correct idea being networks.
This item is primarily measuring vocabulary-in-context reading comprehension, specifically the ability to infer the meaning of an academic science word from the passage. The question asks what “systems” means in “skeletal and muscular systems,” and the correct sense is “networks,” since these are organized groups of body parts working together.
Core ask: assess the item’s cognitive demand and note wording/features that raise difficulty.

Moderate cognitive demand: mainly vocabulary-in-context with local recall, but supported by multi-step reasoning. The test-taker must map “skeletal and muscular systems” to the meaning of systems as organized body-part networks, not just remember a definition.

Load-increasing elements:
- Long passage with substantial irrelevant detail before the target word.
- Requires using context from a science passage, not standalone vocabulary recall.
- Distractors are semantically related to the passage: “illnesses” and “mysteries” echo nearby content; “bodies” is broadly plausible.
- Mild abstraction: “systems” refers to functional biological networks rather than a concrete object.

Overall threshold: not severe; it does not require synthesis across the whole passage, but does require context-based discrimination among plausible distractors.
This item appears to require a relatively low to below-average level of the underlying trait, since the correct answer can be reached through basic vocabulary-in-context and straightforward comprehension of “skeletal and muscular systems” as connected body-part networks.","Original Text: Some birds that are here today are smaller than they were many years ago. Why is this happening? It is a mystery. How do scientists study a mystery? First, scientists try to understand the bird’s skeletal and muscular systems. Those systems help birds to fly. One thing scientists know is that birds’ bones are hollow inside. So, they don’t weigh much. Birds’ skeletons weigh less than their feathers. They have also learned that a bird wing works like a human arm. Birds contract their chest muscles to make their wings flap. Second, scientists try to diagnose the reasons that the birds’ bodies might have changed over time. Some scientists thought that birds’ skeletal or muscular systems might have changed. So, they studied migratory birds in North America. Migratory birds fly long distances to warmer places for the winter. Third, scientists measured the physical characteristics of the birds. They measured the size of the birds’ bones. They found some of the birds’ bones were shorter than they were 40 years ago. For example, the lower leg bone of many birds is smaller. Fourth, scientists measured the migratory birds’ wings. They found the birds’ wings are longer than they used to be. Many scientists asked, “Why are the birds’ bones smaller than they used be. But their wings are longer?” They thought about the long distance the birds fly in winter. They thought that the birds’ bodies changed to adapt to the long winter flight. They would need a lot of energy for the flight. A smaller body would have smaller muscles and less fat. But smaller bones and longer wings would make flying easier. Over time, these characteristics of birds have become more common. The scientists came up with some very good ideas about why these skeletal changes might be occurring.: Paragraph 2 states that “scientists had to understand the bird’s skeletal and muscular systems.” What does the word systems mean?
illnesses
networks
bodies
mysteries
Determine the meaning of “systems” in the passage; it means **networks**.
**Primary skill:** Vocabulary-in-context comprehension.  
**Justification:** The item asks students to infer the meaning of “systems” from its use describing interconnected skeletal and muscular parts; the best answer is **networks**.
This is a low-demand vocabulary-in-context item requiring recall and simple contextual interpretation, not multi-step reasoning or synthesis. The distractors (“illnesses,” “bodies,” “mysteries”) are semantically related to the passage but incorrect; “networks” best matches “systems.” Wording is straightforward, with no conditional logic or strong emotional language.
The item requires a **low to moderate level of reading comprehension and vocabulary knowledge**. The respondent must infer from context that “systems” refers to bodily structures, selecting **“bodies”** rather than the distractors.","Original Text: Some birds that are here today are smaller than they were many years ago. Why is this happening? It is a mystery. How do scientists study a mystery? First, scientists try to understand the bird’s skeletal and muscular systems. Those systems help birds to fly. One thing scientists know is that birds’ bones are hollow inside. So, they don’t weigh much. Birds’ skeletons weigh less than their feathers. They have also learned that a bird wing works like a human arm. Birds contract their chest muscles to make their wings flap. Second, scientists try to diagnose the reasons that the birds’ bodies might have changed over time. Some scientists thought that birds’ skeletal or muscular systems might have changed. So, they studied migratory birds in North America. Migratory birds fly long distances to warmer places for the winter. Third, scientists measured the physical characteristics of the birds. They measured the size of the birds’ bones. They found some of the birds’ bones were shorter than they were 40 years ago. For example, the lower leg bone of many birds is smaller. Fourth, scientists measured the migratory birds’ wings. They found the birds’ wings are longer than they used to be. Many scientists asked, “Why are the birds’ bones smaller than they used be. But their wings are longer?” They thought about the long distance the birds fly in winter. They thought that the birds’ bodies changed to adapt to the long winter flight. They would need a lot of energy for the flight. A smaller body would have smaller muscles and less fat. But smaller bones and longer wings would make flying easier. Over time, these characteristics of birds have become more common. The scientists came up with some very good ideas about why these skeletal changes might be occurring.: Paragraph 2 states that “scientists had to understand the bird’s skeletal and muscular systems.” What does the word systems mean?
illnesses
networks
bodies
mysteries
Determine the meaning of “systems” in the passage; the correct answer is **networks**.
**Primary skill: Vocabulary in context.** The item measures whether the reader can infer that **“systems” means “networks”** of connected body parts, using the passage’s discussion of skeletal and muscular structures.
Low demand; requires contextual vocabulary recall and a simple synonym match. “Systems” means interconnected structures, so **networks** is correct. Cognitive load is slightly raised by the long passage and plausible distractor “bodies,” but there is no multi-step reasoning, synthesis, or conditional logic.
This item requires a low overall level of reading comprehension and vocabulary knowledge, as identifying “systems” as “networks” is a straightforward contextual word-meaning task.",1.1762015553013607,0.1611391444051322,0.2359400351481849,0.2964086251342561,1.3450196533917984,705.0,gilbert_meta_8,0.516851846194647,0.3845146107487825,0.4201104639835599,0.31254335786834614,0.6657296094608328,0.4099264046780509,0.48198738101386196,0.2967861897553568,0.7730376727335184,0.4118214058777626,0.5506674520919356,0.29335781720666654,-0.12048936099144297,0.36376401952739124,-0.10927109409708076,0.329895453671904,0.36497634463637735,0.4037019931055292,0.2688575656175535,0.2973845749083895,0.5350536208031337,0.4044940377327889,0.4030732759674851,0.304718500275806,-0.12541883739529303,0.3958906272597605,-0.0955058785919023,0.30146892578484147
s_cc_8_2021,"A human is a primate. In primates, the heart sends oxygen in the blood all around the body. The body must have oxygen to function properly. The strong heart muscle contracts to pump blood all around the body. A healthy heart never rests. But what happens when a person’s heart gets weaker? People with weak hearts need help. Scientists have to study a medical mystery. Then they might be able to help people. First, scientists need to diagnose the reasons that a human heart gets weak. They need to do tests. But sometimes it would be hard on a sick person to have tests done. So, scientists study animals that have body systems like humans. Scientists knew that the macaque monkey’s heart is similar to the human heart. So, they did tests with macaque monkeys. The scientists learned what happens when a monkey has a heart attack. After a heart attack, the monkey’s heart muscle has scar tissue where it was damaged. The scar tissue cannot contract like a strong heart muscle can. Then the monkey’s heart cannot pump enough blood to give the body the oxygen it needs. Without enough oxygen, the monkey’s body cannot function properly. Second, scientists wanted to try out new solutions that would keep the heart working. Sometimes the new solutions might fail. So, scientists didn’t want to try the solutions with people right away. They tried a solution with macaque monkeys. Scientists developed an idea. Then, they tested an idea. They injected human stem cells from the human heart into the monkey’s heart. After four weeks the human heart cells grew where the monkey’s scar tissue was. After three months, the monkey’s heart got stronger. Now scientists are using what they found in this experiment to help humans who have had heart attacks.",The author of this article mainly wants you to learn,"A human is a primate. In primates, the heart sends oxygen in the blood all around the body. The body must have oxygen to function properly. The strong heart muscle contracts to pump blood all around the body. A healthy heart never rests. But what happens when a person’s heart gets weaker? People with weak hearts need help. Scientists have to study a medical mystery. Then they might be able to help people. First, scientists need to diagnose the reasons that a human heart gets weak. They need to do tests. But sometimes it would be hard on a sick person to have tests done. So, scientists study animals that have body systems like humans. Scientists knew that the macaque monkey’s heart is similar to the human heart. So, they did tests with macaque monkeys. The scientists learned what happens when a monkey has a heart attack. After a heart attack, the monkey’s heart muscle has scar tissue where it was damaged. The scar tissue cannot contract like a strong heart muscle can. Then the monkey’s heart cannot pump enough blood to give the body the oxygen it needs. Without enough oxygen, the monkey’s body cannot function properly. Second, scientists wanted to try out new solutions that would keep the heart working. Sometimes the new solutions might fail. So, scientists didn’t want to try the solutions with people right away. They tried a solution with macaque monkeys. Scientists developed an idea. Then, they tested an idea. They injected human stem cells from the human heart into the monkey’s heart. After four weeks the human heart cells grew where the monkey’s scar tissue was. After three months, the monkey’s heart got stronger. Now scientists are using what they found in this experiment to help humans who have had heart attacks.: The author of this article mainly wants you to learn
How scientists are learning to help humans with weak heart muscles
How difficult it is to find healthy macaque monkeys
How the scientists feel about injected human heart stem cells
How scientists work together to give tests to a sick person","Original Text: A human is a primate. In primates, the heart sends oxygen in the blood all around the body. The body must have oxygen to function properly. The strong heart muscle contracts to pump blood all around the body. A healthy heart never rests. But what happens when a person’s heart gets weaker? People with weak hearts need help. Scientists have to study a medical mystery. Then they might be able to help people. First, scientists need to diagnose the reasons that a human heart gets weak. They need to do tests. But sometimes it would be hard on a sick person to have tests done. So, scientists study animals that have body systems like humans. Scientists knew that the macaque monkey’s heart is similar to the human heart. So, they did tests with macaque monkeys. The scientists learned what happens when a monkey has a heart attack. After a heart attack, the monkey’s heart muscle has scar tissue where it was damaged. The scar tissue cannot contract like a strong heart muscle can. Then the monkey’s heart cannot pump enough blood to give the body the oxygen it needs. Without enough oxygen, the monkey’s body cannot function properly. Second, scientists wanted to try out new solutions that would keep the heart working. Sometimes the new solutions might fail. So, scientists didn’t want to try the solutions with people right away. They tried a solution with macaque monkeys. Scientists developed an idea. Then, they tested an idea. They injected human stem cells from the human heart into the monkey’s heart. After four weeks the human heart cells grew where the monkey’s scar tissue was. After three months, the monkey’s heart got stronger. Now scientists are using what they found in this experiment to help humans who have had heart attacks.: The author of this article mainly wants you to learn
How scientists are learning to help humans with weak heart muscles
How difficult it is to find healthy macaque monkeys
How the scientists feel about injected human heart stem cells
How scientists work together to give tests to a sick person
The core task of this item is to identify the primary objective of an article describing how scientists use macaque monkeys to research and test stem cell treatments for strengthening weakened human heart muscles.
This item measures the **Reading Comprehension** skill of **identifying the main idea**.

**Justification:** The question requires the reader to synthesize information across the entire passage to determine the author's primary communicative intent, distinguishing the central theme from specific supporting details or secondary information.
This analysis evaluates the cognitive demand and structural complexity of the provided reading comprehension item.

**Cognitive Demand**
This item requires **synthesis**. To identify the main idea, the reader must integrate information across the entire narrative—moving from the problem (human heart weakness) to the methodology (animal testing) and the solution (stem cell research)—rather than recalling a single isolated fact.

**Structural and Semantic Elements**
*   **Generalization Threshold:** The correct option requires the reader to generalize specific details (macaque monkeys and stem cells) into a broader concept (""learning to help humans""), increasing the abstraction level.
*   **Plausible Distractors:** The distractors use keywords found in the text (e.g., ""macaque monkeys,"" ""tests,"" ""stem cells"") but misrepresent the author's intent or focus on minor details, requiring the reader to distinguish between supporting evidence and the primary thesis.
*   **Sequential Logic:** The text follows a multi-step scientific process; the reader must track the causal chain from heart damage to scar tissue to stem cell injection to conclude the overall purpose.
The level of the underlying latent trait—specifically reading comprehension and cognitive synthesis—required to correctly identify the main idea of this passage is **low-to-moderate**. A respondent must possess the ability to integrate information across several paragraphs to recognize the overarching theme of medical research and stem cell application, distinguishing the primary purpose from specific details or irrelevant distractors.","Original Text: A human is a primate. In primates, the heart sends oxygen in the blood all around the body. The body must have oxygen to function properly. The strong heart muscle contracts to pump blood all around the body. A healthy heart never rests. But what happens when a person’s heart gets weaker? People with weak hearts need help. Scientists have to study a medical mystery. Then they might be able to help people. First, scientists need to diagnose the reasons that a human heart gets weak. They need to do tests. But sometimes it would be hard on a sick person to have tests done. So, scientists study animals that have body systems like humans. Scientists knew that the macaque monkey’s heart is similar to the human heart. So, they did tests with macaque monkeys. The scientists learned what happens when a monkey has a heart attack. After a heart attack, the monkey’s heart muscle has scar tissue where it was damaged. The scar tissue cannot contract like a strong heart muscle can. Then the monkey’s heart cannot pump enough blood to give the body the oxygen it needs. Without enough oxygen, the monkey’s body cannot function properly. Second, scientists wanted to try out new solutions that would keep the heart working. Sometimes the new solutions might fail. So, scientists didn’t want to try the solutions with people right away. They tried a solution with macaque monkeys. Scientists developed an idea. Then, they tested an idea. They injected human stem cells from the human heart into the monkey’s heart. After four weeks the human heart cells grew where the monkey’s scar tissue was. After three months, the monkey’s heart got stronger. Now scientists are using what they found in this experiment to help humans who have had heart attacks.: The author of this article mainly wants you to learn
How scientists are learning to help humans with weak heart muscles
How difficult it is to find healthy macaque monkeys
How the scientists feel about injected human heart stem cells
How scientists work together to give tests to a sick person
The core task of this item requires the reader to identify the author's primary purpose for writing a passage about scientists using macaque monkeys to research stem cell treatments for weakened human hearts by selecting the most accurate main idea from four multiple-choice options.
The objective is to identify the primary construct measured by the provided text and question, accompanied by a concise justification.

**Primary Skill:** Reading Comprehension (Identifying Main Idea / Author's Purpose)

**Justification:** The item requires the reader to synthesize the informational passage about heart research and select the multiple-choice option that best summarizes the overarching theme and primary intent of the author.
To analyze the cognitive demand and structural elements that affect the difficulty of this reading comprehension item:

This cognitive item requires synthesis. The reader must integrate sequential details across multiple paragraphs—human heart function, macaque monkey models, and stem cell experiments—to abstract the overarching main idea. The cognitive load is increased by tricky distractors, particularly the fourth option, which recycles verbatim phrases from the text (""scientists,"" ""tests,"" ""sick person"") but misrepresents the passage's logic, penalizing readers who rely on superficial word-matching rather than holistic comprehension.
In assessing the overall level of the underlying latent trait required for a respondent to successfully answer this item, a low to moderate level of reading comprehension and cognitive ability is necessary. The straightforward language, explicit main idea, and easily eliminated distractors require only basic synthesis rather than advanced inference.","Original Text: A human is a primate. In primates, the heart sends oxygen in the blood all around the body. The body must have oxygen to function properly. The strong heart muscle contracts to pump blood all around the body. A healthy heart never rests. But what happens when a person’s heart gets weaker? People with weak hearts need help. Scientists have to study a medical mystery. Then they might be able to help people. First, scientists need to diagnose the reasons that a human heart gets weak. They need to do tests. But sometimes it would be hard on a sick person to have tests done. So, scientists study animals that have body systems like humans. Scientists knew that the macaque monkey’s heart is similar to the human heart. So, they did tests with macaque monkeys. The scientists learned what happens when a monkey has a heart attack. After a heart attack, the monkey’s heart muscle has scar tissue where it was damaged. The scar tissue cannot contract like a strong heart muscle can. Then the monkey’s heart cannot pump enough blood to give the body the oxygen it needs. Without enough oxygen, the monkey’s body cannot function properly. Second, scientists wanted to try out new solutions that would keep the heart working. Sometimes the new solutions might fail. So, scientists didn’t want to try the solutions with people right away. They tried a solution with macaque monkeys. Scientists developed an idea. Then, they tested an idea. They injected human stem cells from the human heart into the monkey’s heart. After four weeks the human heart cells grew where the monkey’s scar tissue was. After three months, the monkey’s heart got stronger. Now scientists are using what they found in this experiment to help humans who have had heart attacks.: The author of this article mainly wants you to learn
How scientists are learning to help humans with weak heart muscles
How difficult it is to find healthy macaque monkeys
How the scientists feel about injected human heart stem cells
How scientists work together to give tests to a sick person
The core task presents a multiple-choice reading comprehension item where the reader must identify the author's main purpose or central takeaway from a passage explaining how scientists use macaque monkeys and stem cell research to develop treatments for damaged human hearts.
The primary skill this assessment item measures is **reading comprehension**, specifically the ability to **identify the main idea or author's central purpose** in an informational text. 

**Justification:** The question requires the reader to synthesize the entire passage to determine its overarching message—how research on macaque monkeys enables scientists to develop treatments for damaged human hearts—rather than merely recalling isolated supporting details.
**Demand Analysis and Structural Evaluation:**

* **Cognitive Demand Level:** **Synthesis.** This item requires the reader to synthesize the overarching narrative arc across multiple paragraphs—integrating the core problem (weak human hearts), the experimental methodology (primate testing), and the ultimate goal (human treatment)—to determine the primary purpose rather than relying on direct factual recall.

* **Elements Increasing Cognitive Load:**
  * **Multi-Step Narrative Structure:** The passage employs a sequential problem-and-solution structure (human health need $\rightarrow$ ethical rationale for animal testing $\rightarrow$ experimental stem cell procedure $\rightarrow$ application to human medicine), requiring the reader to track causal relationships across the entire text to discern the main idea.
  * **Distractor Discrimination:** Distractors target isolated, distorted, or out-of-scope concepts (e.g., assessing scientist sentiment vs. empirical outcomes, or misinterpreting the testing logistics), requiring the reader to actively filter out granular details and unsupported inferences in favor of the global theme.
To successfully answer this main-idea item, a respondent requires a **low-to-moderate (foundational) level of reading comprehension and cognitive ability**. The passage uses simple vocabulary, direct sentence structures, and explicit thematic repetition, allowing a reader with basic informational-text processing skills to easily identify the central purpose and eliminate the clearly unsupported distractors.","Original Text: A human is a primate. In primates, the heart sends oxygen in the blood all around the body. The body must have oxygen to function properly. The strong heart muscle contracts to pump blood all around the body. A healthy heart never rests. But what happens when a person’s heart gets weaker? People with weak hearts need help. Scientists have to study a medical mystery. Then they might be able to help people. First, scientists need to diagnose the reasons that a human heart gets weak. They need to do tests. But sometimes it would be hard on a sick person to have tests done. So, scientists study animals that have body systems like humans. Scientists knew that the macaque monkey’s heart is similar to the human heart. So, they did tests with macaque monkeys. The scientists learned what happens when a monkey has a heart attack. After a heart attack, the monkey’s heart muscle has scar tissue where it was damaged. The scar tissue cannot contract like a strong heart muscle can. Then the monkey’s heart cannot pump enough blood to give the body the oxygen it needs. Without enough oxygen, the monkey’s body cannot function properly. Second, scientists wanted to try out new solutions that would keep the heart working. Sometimes the new solutions might fail. So, scientists didn’t want to try the solutions with people right away. They tried a solution with macaque monkeys. Scientists developed an idea. Then, they tested an idea. They injected human stem cells from the human heart into the monkey’s heart. After four weeks the human heart cells grew where the monkey’s scar tissue was. After three months, the monkey’s heart got stronger. Now scientists are using what they found in this experiment to help humans who have had heart attacks.: The author of this article mainly wants you to learn
How scientists are learning to help humans with weak heart muscles
How difficult it is to find healthy macaque monkeys
How the scientists feel about injected human heart stem cells
How scientists work together to give tests to a sick person
How scientists are learning to help humans with weak heart muscles
Scientific understanding of biomedical research using animal models to develop treatments for heart disease; the passage explains how macaque studies help scientists learn about weak heart muscles and test stem-cell therapy before using it in humans.
This is a low-to-moderate demand reading-comprehension item: it mainly requires synthesis of the passage’s central idea, not recall of a specific detail or deep reasoning. The correct choice is supported by the article’s repeated explanation of scientists studying macaque monkeys to understand weak hearts and test stem-cell treatments for humans. The other options are distractors with irrelevant specifics or unsupported emotional/coordination claims.
A moderate level of reading comprehension is needed to identify that the passage mainly explains how scientists use macaque monkeys to study and develop treatments for weak human heart muscles.","Original Text: A human is a primate. In primates, the heart sends oxygen in the blood all around the body. The body must have oxygen to function properly. The strong heart muscle contracts to pump blood all around the body. A healthy heart never rests. But what happens when a person’s heart gets weaker? People with weak hearts need help. Scientists have to study a medical mystery. Then they might be able to help people. First, scientists need to diagnose the reasons that a human heart gets weak. They need to do tests. But sometimes it would be hard on a sick person to have tests done. So, scientists study animals that have body systems like humans. Scientists knew that the macaque monkey’s heart is similar to the human heart. So, they did tests with macaque monkeys. The scientists learned what happens when a monkey has a heart attack. After a heart attack, the monkey’s heart muscle has scar tissue where it was damaged. The scar tissue cannot contract like a strong heart muscle can. Then the monkey’s heart cannot pump enough blood to give the body the oxygen it needs. Without enough oxygen, the monkey’s body cannot function properly. Second, scientists wanted to try out new solutions that would keep the heart working. Sometimes the new solutions might fail. So, scientists didn’t want to try the solutions with people right away. They tried a solution with macaque monkeys. Scientists developed an idea. Then, they tested an idea. They injected human stem cells from the human heart into the monkey’s heart. After four weeks the human heart cells grew where the monkey’s scar tissue was. After three months, the monkey’s heart got stronger. Now scientists are using what they found in this experiment to help humans who have had heart attacks.: The author of this article mainly wants you to learn
How scientists are learning to help humans with weak heart muscles
How difficult it is to find healthy macaque monkeys
How the scientists feel about injected human heart stem cells
How scientists work together to give tests to a sick person
The item is asking you to identify the article’s main idea: that scientists study macaque monkeys and test stem-cell treatments to learn how to help humans with weak heart muscles after heart attacks.
Primary domain: Reading comprehension / main idea identification

Justification: The item asks what the author mainly wants the reader to learn from an informational passage, so it measures the ability to identify the central idea of a science text rather than science knowledge itself.
Core ask: assess the item’s cognitive demand and note features that raise difficulty.

This is a moderate-demand reading-comprehension/main-idea item. It primarily requires synthesis across multiple paragraphs, not mere recall: the reader must integrate the problem, why macaques were used, what was tested, and the outcome, then select the overarching purpose. Cognitive load is increased by the long passage, sequential structure (“first,” “second”), causal chains, and several plausible distractors that reuse passage details but are too narrow or off-focus. There is no psychological endorsement threshold involved.
This item appears to require a moderate level of the latent trait—here, reading comprehension of main idea. A respondent needs enough ability to integrate the passage’s central points about why scientists study macaque monkeys and how that research helps humans with weak heart muscles, but not an especially high level of inference or abstraction, since the correct answer is broadly stated and strongly supported throughout the text.","Original Text: A human is a primate. In primates, the heart sends oxygen in the blood all around the body. The body must have oxygen to function properly. The strong heart muscle contracts to pump blood all around the body. A healthy heart never rests. But what happens when a person’s heart gets weaker? People with weak hearts need help. Scientists have to study a medical mystery. Then they might be able to help people. First, scientists need to diagnose the reasons that a human heart gets weak. They need to do tests. But sometimes it would be hard on a sick person to have tests done. So, scientists study animals that have body systems like humans. Scientists knew that the macaque monkey’s heart is similar to the human heart. So, they did tests with macaque monkeys. The scientists learned what happens when a monkey has a heart attack. After a heart attack, the monkey’s heart muscle has scar tissue where it was damaged. The scar tissue cannot contract like a strong heart muscle can. Then the monkey’s heart cannot pump enough blood to give the body the oxygen it needs. Without enough oxygen, the monkey’s body cannot function properly. Second, scientists wanted to try out new solutions that would keep the heart working. Sometimes the new solutions might fail. So, scientists didn’t want to try the solutions with people right away. They tried a solution with macaque monkeys. Scientists developed an idea. Then, they tested an idea. They injected human stem cells from the human heart into the monkey’s heart. After four weeks the human heart cells grew where the monkey’s scar tissue was. After three months, the monkey’s heart got stronger. Now scientists are using what they found in this experiment to help humans who have had heart attacks.: The author of this article mainly wants you to learn
How scientists are learning to help humans with weak heart muscles
How difficult it is to find healthy macaque monkeys
How the scientists feel about injected human heart stem cells
How scientists work together to give tests to a sick person
The question asks what the article mainly teaches: **how scientists are learning to help humans with weak heart muscles.**
**Primary skill:** Reading comprehension—identifying the author’s main idea.  

**Justification:** The passage explains how scientists use macaque monkeys to study weak hearts and test stem-cell treatments that may help humans, making the first option the central message.
This is a **moderate-demand reading-comprehension item** requiring **synthesis**, not simple recall. The respondent must identify the article’s overall purpose by connecting the problem of weak hearts, animal research, stem-cell testing, and potential human benefits.

- **Cognitive demand:** Integrating information across the passage and distinguishing the central idea from supporting details.
- **Structural elements increasing load:** Long passage with sequential markers (“First,” “Second,” “Then,” “After”), multiple causal links, and scientific vocabulary.
- **Distractors:**  
  - “Difficulty finding healthy macaque monkeys” introduces an irrelevant detail.  
  - “How scientists feel” misrepresents an objective scientific account.  
  - “How scientists work together to give tests” confuses animal experimentation with testing sick people.
- **Semantic complexity:** The question asks for the author’s **main purpose**, requiring global interpretation rather than locating an explicitly repeated sentence.
The item requires a **low-to-moderate level of cognitive ability**, particularly basic reading comprehension and main-idea identification. A respondent must recognize that the passage explains how scientists use monkey research to develop treatments for humans with weakened hearts.","Original Text: A human is a primate. In primates, the heart sends oxygen in the blood all around the body. The body must have oxygen to function properly. The strong heart muscle contracts to pump blood all around the body. A healthy heart never rests. But what happens when a person’s heart gets weaker? People with weak hearts need help. Scientists have to study a medical mystery. Then they might be able to help people. First, scientists need to diagnose the reasons that a human heart gets weak. They need to do tests. But sometimes it would be hard on a sick person to have tests done. So, scientists study animals that have body systems like humans. Scientists knew that the macaque monkey’s heart is similar to the human heart. So, they did tests with macaque monkeys. The scientists learned what happens when a monkey has a heart attack. After a heart attack, the monkey’s heart muscle has scar tissue where it was damaged. The scar tissue cannot contract like a strong heart muscle can. Then the monkey’s heart cannot pump enough blood to give the body the oxygen it needs. Without enough oxygen, the monkey’s body cannot function properly. Second, scientists wanted to try out new solutions that would keep the heart working. Sometimes the new solutions might fail. So, scientists didn’t want to try the solutions with people right away. They tried a solution with macaque monkeys. Scientists developed an idea. Then, they tested an idea. They injected human stem cells from the human heart into the monkey’s heart. After four weeks the human heart cells grew where the monkey’s scar tissue was. After three months, the monkey’s heart got stronger. Now scientists are using what they found in this experiment to help humans who have had heart attacks.: The author of this article mainly wants you to learn
How scientists are learning to help humans with weak heart muscles
How difficult it is to find healthy macaque monkeys
How the scientists feel about injected human heart stem cells
How scientists work together to give tests to a sick person
How scientists use macaque monkey experiments and human heart stem cells to develop treatments for people with weakened heart muscles.
**Primary skill: Reading comprehension—identifying the author’s main idea or purpose.** The item asks readers to distinguish the passage’s central focus—how animal research helps scientists develop treatments for weakened human hearts—from minor or unsupported details.
This is a **low-to-moderate cognitive-demand main-idea item** requiring synthesis across the passage rather than simple recall. The reader must connect scientists’ use of macaque monkeys, stem-cell testing, and the goal of treating weak human hearts. The correct answer broadly summarizes these ideas. Distractors are relatively easy to reject because they mention unsupported or minor topics. Repetition and straightforward chronology reduce cognitive load, though the passage’s length and scientific vocabulary modestly increase it.
This item requires a **low to moderate level of reading comprehension**, as the central idea—scientists using macaque monkeys to develop treatments for weakened human hearts—is stated clearly and reinforced throughout the passage.",1.9470890649215211,-0.219663803598962,-0.2520491873724184,-0.2369041663723103,0.789066903538153,593.0,gilbert_meta_8,1.1984161735475043,0.39283865520149036,0.9741034658601919,0.3193093551323472,1.2963658091586037,0.4128896974533321,0.938567178495059,0.29893160991338735,1.517479305780086,0.4305724711145113,1.0809647348250468,0.30671499458900287,1.4350807324099724,0.42117629029344716,1.301466290946753,0.3819623049655241,1.7394192051875117,0.44676504679003326,1.2813323930926417,0.32910670690905014,1.7476151014575483,0.4681346316965669,1.316535234389011,0.3526610273350422,1.6531887879059122,0.4607761339900913,1.2588958002345632,0.3508789462957922
s_cc_28_2021,"In many ways, skyscrapers are like the human body. They have bones that keep it tall and strong and skin to protect the body. They have a command center that is like a brain. How do engineers design and build strong and smart skyscrapers? It is very challenging to build a skyscraper because there are many parts that have to work together. If one part is broken, the skyscraper will not work properly. First, engineers need a strong and tall frame that supports the floors and walls. This frame is like the bones of a skyscraper. The bones of a skyscraper are made of concrete, steel and other materials. The columns are like the backbone of a human body. The columns go up. The steel columns hold up each floor. There are also steel beams that go across each floor. The steel columns and beams must be strong to resist the force of gravity. The steel columns and beams must work together to form a strong backbone. Second, engineers need to design a command center. The command center is a computer that sends signals through wires in a skyscraper. For example, it sends signals to help bring fresh air into rooms, just like your lungs. The command center also controls the heating and air conditioning. It helps the building cool down when it’s too hot and warm up when it’s too cold. A skyscraper has many different parts that work together. The bones make the building tall and strong. The skin protects the inside of the building. The skin of a skyscraper can be made of metal, stone, or glass. The brain controls the building temperature. The anatomy of a skyscraper is like a human body. All the parts have to work together. That's how a city skyscraper works properly.",What part of the skyscraper helps control the room temperature?,"In many ways, skyscrapers are like the human body. They have bones that keep it tall and strong and skin to protect the body. They have a command center that is like a brain. How do engineers design and build strong and smart skyscrapers? It is very challenging to build a skyscraper because there are many parts that have to work together. If one part is broken, the skyscraper will not work properly. First, engineers need a strong and tall frame that supports the floors and walls. This frame is like the bones of a skyscraper. The bones of a skyscraper are made of concrete, steel and other materials. The columns are like the backbone of a human body. The columns go up. The steel columns hold up each floor. There are also steel beams that go across each floor. The steel columns and beams must be strong to resist the force of gravity. The steel columns and beams must work together to form a strong backbone. Second, engineers need to design a command center. The command center is a computer that sends signals through wires in a skyscraper. For example, it sends signals to help bring fresh air into rooms, just like your lungs. The command center also controls the heating and air conditioning. It helps the building cool down when it’s too hot and warm up when it’s too cold. A skyscraper has many different parts that work together. The bones make the building tall and strong. The skin protects the inside of the building. The skin of a skyscraper can be made of metal, stone, or glass. The brain controls the building temperature. The anatomy of a skyscraper is like a human body. All the parts have to work together. That's how a city skyscraper works properly.: What part of the skyscraper helps control the room temperature?
the skeletal frame
the skin covering the walls
the engineers’ design
the command center","Original Text: In many ways, skyscrapers are like the human body. They have bones that keep it tall and strong and skin to protect the body. They have a command center that is like a brain. How do engineers design and build strong and smart skyscrapers? It is very challenging to build a skyscraper because there are many parts that have to work together. If one part is broken, the skyscraper will not work properly. First, engineers need a strong and tall frame that supports the floors and walls. This frame is like the bones of a skyscraper. The bones of a skyscraper are made of concrete, steel and other materials. The columns are like the backbone of a human body. The columns go up. The steel columns hold up each floor. There are also steel beams that go across each floor. The steel columns and beams must be strong to resist the force of gravity. The steel columns and beams must work together to form a strong backbone. Second, engineers need to design a command center. The command center is a computer that sends signals through wires in a skyscraper. For example, it sends signals to help bring fresh air into rooms, just like your lungs. The command center also controls the heating and air conditioning. It helps the building cool down when it’s too hot and warm up when it’s too cold. A skyscraper has many different parts that work together. The bones make the building tall and strong. The skin protects the inside of the building. The skin of a skyscraper can be made of metal, stone, or glass. The brain controls the building temperature. The anatomy of a skyscraper is like a human body. All the parts have to work together. That's how a city skyscraper works properly.: What part of the skyscraper helps control the room temperature?
the skeletal frame
the skin covering the walls
the engineers’ design
the command center
The core task is to identify the specific component of a skyscraper responsible for temperature regulation based on a text comparing building systems to human anatomy.
This item measures the **Reading Comprehension (Literal Information Retrieval)** construct. It requires the reader to locate and extract a specific fact—that the command center controls temperature—which is explicitly stated in the provided informational text.
This analysis evaluates the cognitive demand and structural complexity of the question regarding which part of a skyscraper controls room temperature.

**Cognitive Demand**
This item requires **recall** and literal retrieval of information explicitly stated in the text. While the passage uses an analogy (comparing a command center to a brain), the connection between the command center and temperature control is direct, requiring minimal multi-step reasoning or synthesis.

**Structural and Semantic Elements**
*   **Functional Mapping:** The reader must link the phrase ""control the room temperature"" in the prompt to ""heating and air conditioning"" and ""cool down/warm up"" in the text.
*   **Analogy-Based Distractors:** The distractors (skeletal frame, skin) are semantically plausible because they are part of the central ""human body"" analogy used throughout the passage, increasing the need for precise attribute matching.
*   **Categorical Distractor:** ""The engineers’ design"" acts as a global distractor that refers to the process rather than a specific functional component, requiring the student to distinguish between a creator and a system part.
To identify the skyscraper component responsible for temperature control, a respondent requires a low to moderate level of the underlying latent trait of literal reading comprehension. This task necessitates basic information retrieval skills to locate the explicit connection in the text between the ""command center"" and the regulation of heating and air conditioning, requiring minimal inferential reasoning or synthesis.","Original Text: In many ways, skyscrapers are like the human body. They have bones that keep it tall and strong and skin to protect the body. They have a command center that is like a brain. How do engineers design and build strong and smart skyscrapers? It is very challenging to build a skyscraper because there are many parts that have to work together. If one part is broken, the skyscraper will not work properly. First, engineers need a strong and tall frame that supports the floors and walls. This frame is like the bones of a skyscraper. The bones of a skyscraper are made of concrete, steel and other materials. The columns are like the backbone of a human body. The columns go up. The steel columns hold up each floor. There are also steel beams that go across each floor. The steel columns and beams must be strong to resist the force of gravity. The steel columns and beams must work together to form a strong backbone. Second, engineers need to design a command center. The command center is a computer that sends signals through wires in a skyscraper. For example, it sends signals to help bring fresh air into rooms, just like your lungs. The command center also controls the heating and air conditioning. It helps the building cool down when it’s too hot and warm up when it’s too cold. A skyscraper has many different parts that work together. The bones make the building tall and strong. The skin protects the inside of the building. The skin of a skyscraper can be made of metal, stone, or glass. The brain controls the building temperature. The anatomy of a skyscraper is like a human body. All the parts have to work together. That's how a city skyscraper works properly.: What part of the skyscraper helps control the room temperature?
the skeletal frame
the skin covering the walls
the engineers’ design
the command center
The objective of this request is to provide a summary of the presented scenario and question. The core task of the item is a reading comprehension exercise requiring the reader to use the provided informational passage, which compares skyscraper systems to human anatomy, to identify which specific component of the building regulates its temperature.
In determining the primary skill or construct this text and question attempt to measure, along with a concise rationale:

**Primary Skill:** Reading comprehension (literal information retrieval). 

**Justification:** The item requires the reader to locate and extract an explicitly stated detail from the passage—specifically, that the command center controls heating and air conditioning—to answer the question.
In evaluating the cognitive demand and structural elements that influence the difficulty of this reading comprehension item, this task primarily requires simple recall and direct information retrieval. The cognitive load is slightly elevated by the passage's extended analogy, which requires the reader to track both literal building components and their metaphorical human counterparts. Additionally, the distractors are drawn directly from the text, requiring accurate mapping of the specific function (temperature control) to the correct component. However, the question phrasing is direct and lacks complex conditional logic, keeping the overall cognitive threshold low.
To successfully answer this item, the overall level of the underlying latent trait required is a low level of reading comprehension and cognitive ability, as the respondent only needs to perform basic information retrieval to locate the explicitly stated answer within the text.","Original Text: In many ways, skyscrapers are like the human body. They have bones that keep it tall and strong and skin to protect the body. They have a command center that is like a brain. How do engineers design and build strong and smart skyscrapers? It is very challenging to build a skyscraper because there are many parts that have to work together. If one part is broken, the skyscraper will not work properly. First, engineers need a strong and tall frame that supports the floors and walls. This frame is like the bones of a skyscraper. The bones of a skyscraper are made of concrete, steel and other materials. The columns are like the backbone of a human body. The columns go up. The steel columns hold up each floor. There are also steel beams that go across each floor. The steel columns and beams must be strong to resist the force of gravity. The steel columns and beams must work together to form a strong backbone. Second, engineers need to design a command center. The command center is a computer that sends signals through wires in a skyscraper. For example, it sends signals to help bring fresh air into rooms, just like your lungs. The command center also controls the heating and air conditioning. It helps the building cool down when it’s too hot and warm up when it’s too cold. A skyscraper has many different parts that work together. The bones make the building tall and strong. The skin protects the inside of the building. The skin of a skyscraper can be made of metal, stone, or glass. The brain controls the building temperature. The anatomy of a skyscraper is like a human body. All the parts have to work together. That's how a city skyscraper works properly.: What part of the skyscraper helps control the room temperature?
the skeletal frame
the skin covering the walls
the engineers’ design
the command center
The item is a reading comprehension question that asks to identify the specific component of a skyscraper responsible for regulating indoor climate based on an informational text that draws analogies between building systems and human biology.
**Measured Target:** Reading Comprehension (Explicit Information Retrieval / Literal Comprehension) within the domain of English Language Arts.

**Justification:** This assessment item evaluates a reader's ability to locate and recall directly stated factual details within an informational text, specifically requiring them to match the function of temperature regulation directly to the passage's description of the skyscraper's command center.
**Item Demand and Cognitive Load Analysis**

* **Cognitive Demand Classification:** **Direct Recall with Basic Semantic Matching**  
  This is a low-to-moderate demand cognitive item. It does not require multi-step reasoning or complex synthesis; rather, it requires identifying and retrieving a directly stated functional relationship within the text.

* **Structural and Semantic Elements Influencing Load:**
  * **Metaphorical Mapping:** The passage relies on an extended analogy comparing skyscraper mechanics to human anatomy (e.g., command center to brain/lungs, beams to bones, exterior to skin). Readers must map these conceptual metaphors back to their literal mechanical functions.
  * **Paraphrased Key Terms:** The question stem uses the term *""room temperature,""* which requires a basic semantic link to the passage’s phrasing (*""heating and air conditioning""* and *""cool down when it’s too hot and warm up when it’s too cold""*).
  * **Text-Based Distractors:** Options such as *""the skeletal frame""* and *""the skin covering the walls""* are salient concepts explicitly taught in the passage, requiring readers to isolate the specific functional detail (climate control) from other structural functions (support and protection).
The level of the underlying latent cognitive ability and reading comprehension required to answer this item correctly is low (basic). Successfully selecting the correct answer requires only straightforward, literal text retrieval and direct fact-matching, as the passage explicitly connects the command center to temperature regulation without demanding complex inferential reasoning.","Original Text: In many ways, skyscrapers are like the human body. They have bones that keep it tall and strong and skin to protect the body. They have a command center that is like a brain. How do engineers design and build strong and smart skyscrapers? It is very challenging to build a skyscraper because there are many parts that have to work together. If one part is broken, the skyscraper will not work properly. First, engineers need a strong and tall frame that supports the floors and walls. This frame is like the bones of a skyscraper. The bones of a skyscraper are made of concrete, steel and other materials. The columns are like the backbone of a human body. The columns go up. The steel columns hold up each floor. There are also steel beams that go across each floor. The steel columns and beams must be strong to resist the force of gravity. The steel columns and beams must work together to form a strong backbone. Second, engineers need to design a command center. The command center is a computer that sends signals through wires in a skyscraper. For example, it sends signals to help bring fresh air into rooms, just like your lungs. The command center also controls the heating and air conditioning. It helps the building cool down when it’s too hot and warm up when it’s too cold. A skyscraper has many different parts that work together. The bones make the building tall and strong. The skin protects the inside of the building. The skin of a skyscraper can be made of metal, stone, or glass. The brain controls the building temperature. The anatomy of a skyscraper is like a human body. All the parts have to work together. That's how a city skyscraper works properly.: What part of the skyscraper helps control the room temperature?
the skeletal frame
the skin covering the walls
the engineers’ design
the command center
The core task is to identify which skyscraper component controls room temperature; the answer is the command center.
Primary domain: reading comprehension, specifically identifying a detail from an informational passage. The item measures the ability to locate the function of a described building component; the correct choice is the command center because it controls heating and air conditioning, which regulate room temperature.
Low demand: this is a straightforward reading-comprehension item with direct recall from the passage. The wording is simple, with no real distractors, conditional logic, or emotional/attitudinal threshold; the correct choice is the command center, which controls heating and air conditioning.
Low latent trait is required; the item mainly calls for basic reading comprehension and recall of a directly stated detail.","Original Text: In many ways, skyscrapers are like the human body. They have bones that keep it tall and strong and skin to protect the body. They have a command center that is like a brain. How do engineers design and build strong and smart skyscrapers? It is very challenging to build a skyscraper because there are many parts that have to work together. If one part is broken, the skyscraper will not work properly. First, engineers need a strong and tall frame that supports the floors and walls. This frame is like the bones of a skyscraper. The bones of a skyscraper are made of concrete, steel and other materials. The columns are like the backbone of a human body. The columns go up. The steel columns hold up each floor. There are also steel beams that go across each floor. The steel columns and beams must be strong to resist the force of gravity. The steel columns and beams must work together to form a strong backbone. Second, engineers need to design a command center. The command center is a computer that sends signals through wires in a skyscraper. For example, it sends signals to help bring fresh air into rooms, just like your lungs. The command center also controls the heating and air conditioning. It helps the building cool down when it’s too hot and warm up when it’s too cold. A skyscraper has many different parts that work together. The bones make the building tall and strong. The skin protects the inside of the building. The skin of a skyscraper can be made of metal, stone, or glass. The brain controls the building temperature. The anatomy of a skyscraper is like a human body. All the parts have to work together. That's how a city skyscraper works properly.: What part of the skyscraper helps control the room temperature?
the skeletal frame
the skin covering the walls
the engineers’ design
the command center
The item asks which skyscraper part controls room temperature, based on the passage’s explanation that the command center manages heating and air conditioning.
This item is primarily measuring reading comprehension of informational text, specifically identifying a stated detail. The correct idea is that the question asks whether the reader can recall that the command center “controls the heating and air conditioning” and helps the building warm up or cool down.
Core ask: assess the item’s cognitive demand and note features that raise load.

Demand: low to moderate recall/comprehension. It mainly requires retrieving an explicitly stated detail (“The command center also controls the heating and air conditioning”) rather than multi-step reasoning or synthesis.

Load-increasing elements:
- Long passage with many analogies to the human body, which adds irrelevant detail.
- Multiple related building parts (frame, skin, engineers’ design, command center), creating plausible distractors.
- The correct idea is paraphrased in the question (“control the room temperature”) versus the text (“controls the heating and air conditioning,” “cool down/warm up”).
- No conditional logic or severe/attitudinal endorsement threshold.
This item appears to require a relatively low to moderate level of the underlying trait, since the correct answer is stated explicitly in the passage and can be identified through straightforward reading comprehension and recall rather than complex inference.","Original Text: In many ways, skyscrapers are like the human body. They have bones that keep it tall and strong and skin to protect the body. They have a command center that is like a brain. How do engineers design and build strong and smart skyscrapers? It is very challenging to build a skyscraper because there are many parts that have to work together. If one part is broken, the skyscraper will not work properly. First, engineers need a strong and tall frame that supports the floors and walls. This frame is like the bones of a skyscraper. The bones of a skyscraper are made of concrete, steel and other materials. The columns are like the backbone of a human body. The columns go up. The steel columns hold up each floor. There are also steel beams that go across each floor. The steel columns and beams must be strong to resist the force of gravity. The steel columns and beams must work together to form a strong backbone. Second, engineers need to design a command center. The command center is a computer that sends signals through wires in a skyscraper. For example, it sends signals to help bring fresh air into rooms, just like your lungs. The command center also controls the heating and air conditioning. It helps the building cool down when it’s too hot and warm up when it’s too cold. A skyscraper has many different parts that work together. The bones make the building tall and strong. The skin protects the inside of the building. The skin of a skyscraper can be made of metal, stone, or glass. The brain controls the building temperature. The anatomy of a skyscraper is like a human body. All the parts have to work together. That's how a city skyscraper works properly.: What part of the skyscraper helps control the room temperature?
the skeletal frame
the skin covering the walls
the engineers’ design
the command center
Identify the skyscraper component that controls room temperature: **the command center**.
**Primary construct:** Reading comprehension—identifying explicitly stated information.  
**Justification:** The passage directly states that the **command center** controls heating and air conditioning, which regulates room temperature.
This is a low-demand recall/comprehension item. The answer is stated explicitly: the command center controls heating and air conditioning. The passage is lengthy, creating minor information-search load, but the question uses simple wording and has no conditional logic or multi-step reasoning. Distractors are plausible skyscraper parts but do not require subtle semantic discrimination.
This item requires a **low level of the underlying trait**—basic reading comprehension and information retrieval. The answer is stated explicitly: **the command center** controls room temperature.","Original Text: In many ways, skyscrapers are like the human body. They have bones that keep it tall and strong and skin to protect the body. They have a command center that is like a brain. How do engineers design and build strong and smart skyscrapers? It is very challenging to build a skyscraper because there are many parts that have to work together. If one part is broken, the skyscraper will not work properly. First, engineers need a strong and tall frame that supports the floors and walls. This frame is like the bones of a skyscraper. The bones of a skyscraper are made of concrete, steel and other materials. The columns are like the backbone of a human body. The columns go up. The steel columns hold up each floor. There are also steel beams that go across each floor. The steel columns and beams must be strong to resist the force of gravity. The steel columns and beams must work together to form a strong backbone. Second, engineers need to design a command center. The command center is a computer that sends signals through wires in a skyscraper. For example, it sends signals to help bring fresh air into rooms, just like your lungs. The command center also controls the heating and air conditioning. It helps the building cool down when it’s too hot and warm up when it’s too cold. A skyscraper has many different parts that work together. The bones make the building tall and strong. The skin protects the inside of the building. The skin of a skyscraper can be made of metal, stone, or glass. The brain controls the building temperature. The anatomy of a skyscraper is like a human body. All the parts have to work together. That's how a city skyscraper works properly.: What part of the skyscraper helps control the room temperature?
the skeletal frame
the skin covering the walls
the engineers’ design
the command center
Identify which skyscraper component controls room temperature: the command center.
**Primary skill: Reading comprehension—retrieving explicit information.** The item asks the reader to identify a directly stated detail: the **command center** controls the building’s heating and air conditioning.
Low-demand recall item. The passage explicitly states that the **command center** controls heating and air conditioning. The long passage and body–building analogy add modest reading load, but the question is direct, requires no multi-step reasoning, and distractors are clearly contradicted or irrelevant.
This item requires a **low level of reading-comprehension ability**. The answer, **“the command center,”** is stated directly in the passage, requiring only simple recall and matching.",1.4660379107336836,0.2503670370327661,0.4103488741754203,0.4869064233842909,1.627274327429291,731.0,gilbert_meta_8,-1.5949032042675917,0.471881133089999,-1.2963783143794523,0.38355711259831554,-1.1371156662717627,0.44627468623930383,-0.8232702798663859,0.3231022988559442,-1.17499247322636,0.45735414482355885,-0.836996868691813,0.32579271427111034,-2.103676585583034,0.5223642749877893,-1.9078119449018778,0.4737290942160262,-2.720855544643018,0.641141152585295,-2.004301398926426,0.4722926623451477,-2.2059932396546147,0.5535920717922322,-1.6618463781910788,0.4170388933953651,-2.1156128552017957,0.5423218399722808,-1.6110296403046813,0.4129756333403352
