id,BT_Score_Bipartite,BT_Strength_Bipartite,BT_Total_Wins,theta_2PL,se_2PL,theta_1PL,se_1PL
2,-1.7545432333077289,0.17298623860091572,4.0,-1.478002046243343,0.36409681735009963,-1.4655391128705675,0.4407151174075109
20,-0.9867828736515368,0.37277402514008634,7.0,-0.6896182392533564,0.1807214802609614,-0.8856600396737417,0.4001524822913059
21,0.09610776265520099,1.100877691105123,14.0,-0.02784322989896192,0.16328313991683455,0.0350622092734013,0.3461491178036456
22,0.39167910408478823,1.4794628816254742,16.0,0.19386971171700187,0.30858121806507843,0.2958398939838304,0.37653063635506856
23,1.2002994442219028,3.321111261432162,21.0,0.6589231088194112,0.2384425263042911,0.9870495057016886,0.395008439659237
24,0.6962431438568252,2.0062015214817475,18.0,0.5595726227452865,0.28406597979368026,0.5747814039134828,0.36273148125602356
25,-0.5128063298910415,0.5988127525073104,10.0,-0.6595428936843544,0.18085502755877153,-0.5028567202118661,0.37768895415145776
26,1.2002994442219028,3.321111261432162,21.0,0.9062788545875622,0.34184071839763613,0.9870495057016864,0.3950084396592367
29,1.2002994442219028,3.321111261432162,21.0,0.7893960982803309,0.28502224205401955,0.9870495057016864,0.3950084396592367
33,0.27104554613415416,1.311334795254965,11.0,0.026584201821362986,0.23059511226367596,0.1838697401423198,0.41490333975418087
34,-0.8533617366680986,0.4259804879618963,8.0,-0.6306499881216961,0.20381418960642061,-0.7819195973726168,0.3795035313206921
36,0.09610776265520099,1.100877691105123,14.0,0.019484110998759963,0.15378500961648559,0.0350622092734007,0.34614911780364555
38,0.8558315025939318,2.3533303675630854,19.0,0.605490020894227,0.25942466737404796,0.7040915132396226,0.35962564821007786
41,-1.0461289914357448,0.3512949863786475,4.0,-0.8144628287709614,0.3497042395104845,-0.8517309171461944,0.49327496381007135
45,1.8381981877131282,6.285203295829569,24.0,1.3574546824841611,0.39465948218147695,1.4789306476109634,0.41813545124777657
46,-1.0419415732393122,0.3527690895862547,7.0,-0.7883211755385748,0.26197592641637985,-0.9337792889842921,0.40035243883551724
52,2.9105402742160837,18.366718951596216,27.0,1.7107349758006287,0.4649297823974754,2.095742888656415,0.4886509528184001
54,-0.6781729309234265,0.5075434627109395,9.0,-0.6631509856788997,0.17901244324080642,-0.6423483769432573,0.3707738556440143
56,-0.3546081598647803,0.7014482449410298,11.0,-0.41132824731253825,0.33302990368513785,-0.3576444837838573,0.38226583393437064
58,-0.5590582519338164,0.5717472522592524,7.0,-0.5595001504710736,0.2984481631391943,-0.5152977915620306,0.43000953681693677
59,-1.0419415732393122,0.3527690895862547,7.0,-0.8448585809538655,0.3005834261129944,-0.9337792889842934,0.40035243883551735
63,-0.3546081598647803,0.7014482449410298,11.0,-0.3087984422471201,0.3387916901829809,-0.35764448378385727,0.3822658339343704
64,-0.2014979330591675,0.8175052672933703,12.0,-0.056360247003313865,0.19899692762537247,-0.21503634688828244,0.37023929565928293
65,-0.5128063298910415,0.5988127525073104,10.0,-0.6170625019773359,0.2166111097437734,-0.5028567202118646,0.37768895415145765
67,2.9105402742160837,18.366718951596216,27.0,1.770610685529406,0.47821439644019614,2.095742888656414,0.4886509528183998
68,-0.5128063298910415,0.5988127525073104,10.0,-0.5986506230682577,0.23367059283424568,-0.5028567202118646,0.37768895415145765
69,1.0229601521991782,2.781416004602156,20.0,0.6172362094011784,0.2534910771808356,0.8382474315135976,0.3752979834173018
71,0.6962431438568252,2.0062015214817475,18.0,0.21062199908233525,0.3158974873489033,0.5747814039134829,0.3627314812560235
74,-0.6781729309234265,0.5075434627109395,9.0,-0.5247522294970555,0.28890932524225715,-0.6423483769432573,0.3707738556440143
75,-0.8533617366680986,0.4259804879618963,8.0,-0.6735412918107134,0.17583228157458677,-0.781919597372618,0.3795035313206927
77,-1.0419415732393122,0.3527690895862547,7.0,-0.7778911259024176,0.25342880447583155,-0.9337792889842921,0.40035243883551724
78,-1.2489945866752366,0.28679299745664455,6.0,-0.8373399715473441,0.2961622793627568,-1.1013385416307273,0.41656691171433724
81,-0.05175779075817196,0.9495588309165609,13.0,-0.1055626217127062,0.25028161815437544,-0.08518150069093988,0.35104280801891313
82,-0.6781729309234265,0.5075434627109395,9.0,-0.6433367642623713,0.1924863897875718,-0.6423483769432579,0.370773855644015
84,1.2002994442219028,3.321111261432162,21.0,0.6588579478452867,0.23845487776518362,0.9870495057016864,0.39500843965923665
88,-1.2489945866752366,0.28679299745664455,6.0,-0.7058034309803981,0.18769653210876183,-1.1013385416307273,0.41656691171433724
90,-0.6781729309234265,0.5075434627109395,9.0,-0.6338559390448014,0.2008560885708103,-0.6423483769432584,0.37077385564401527
93,-1.0419415732393122,0.3527690895862547,7.0,-0.6772852470575917,0.17555070526725322,-0.933779288984294,0.4003524388355176
97,-1.0419415732393122,0.3527690895862547,7.0,-0.8016176940455814,0.27221052461806367,-0.9337792889842934,0.4003524388355172
98,0.6962431438568252,2.0062015214817475,18.0,0.5436515510662042,0.292234229812475,0.5747814039134829,0.3627314812560231
103,1.601483249380976,4.960384457774143,23.0,1.154553505187321,0.3850685119185615,1.3103702421170753,0.4054066454631446
104,-1.0419415732393122,0.3527690895862547,7.0,-0.7021943574663362,0.1850324606423664,-0.933779288984294,0.4003524388355176
105,0.2434740008453099,1.2756731509859245,15.0,0.02989083260441011,0.1658239407525714,0.15924460267640667,0.3607840127233479
106,-0.6781729309234265,0.5075434627109395,9.0,-0.6534778503760379,0.18465265279699278,-0.6423483769432567,0.370773855644014
110,0.09610776265520099,1.100877691105123,14.0,-0.05458643998608644,0.1968426508123837,0.03506220927340055,0.34614911780364493
113,0.5421015229183047,1.719616881874658,17.0,0.5108720361204646,0.3074616079180681,0.4384249483671169,0.3754844922547118
114,-0.5128063298910415,0.5988127525073104,10.0,-0.353763664488287,0.33998424854073006,-0.5028567202118662,0.3776889541514581
118,1.2002994442219028,3.321111261432162,21.0,0.97778919245639,0.36349084281355615,0.9870495057016876,0.395008439659237
119,1.8381981877131282,6.285203295829569,24.0,1.3882836066656605,0.39821246242009267,1.4789306476109636,0.4181354512477767
121,0.2434740008453099,1.2756731509859245,15.0,0.04189980589197315,0.18102865542145358,0.1592446026764072,0.36078401272334826
123,1.3914384290243949,4.02062928535033,22.0,0.9212867324060714,0.34718220166018776,1.1471695605746195,0.4030989602860781
125,1.3914384290243949,4.02062928535033,22.0,1.1210161963559933,0.3833933926021367,1.1471695605746193,0.40309896028607783
130,-0.8533617366680986,0.4259804879618963,8.0,-0.7533875567833814,0.23163864326546713,-0.7819195973726164,0.3795035313206925
132,0.8802504781170783,2.4115036596715176,7.0,0.7062313308640716,0.45974724595357025,0.6035071073284943,0.5690321328322648
133,-1.2489945866752366,0.28679299745664455,6.0,-0.7595230422914876,0.23730193002266578,-1.1013385416307273,0.41656691171433724
138,1.0229601521991782,2.781416004602156,20.0,0.6604979922596478,0.23815734867718846,0.838247431513599,0.3752979834173023
140,0.39167910408478823,1.4794628816254742,16.0,-0.0058613610425735305,0.14343361673644375,0.2958398939838315,0.37653063635506856
145,-0.3546081598647803,0.7014482449410298,11.0,-0.3560166277962711,0.33989188877154763,-0.35764448378385616,0.38226583393437036
146,2.454071785826621,11.63562817981425,26.0,1.8389690245096768,0.4927506193889227,1.8689458682376263,0.4646651746225961
148,-0.8533617366680986,0.4259804879618963,8.0,-0.6534192188718713,0.1846931327893671,-0.7819195973726164,0.3795035313206924
151,-1.2489945866752366,0.28679299745664455,6.0,-0.8268636320955719,0.289653198106343,-1.1013385416307273,0.41656691171433724
154,-0.5128063298910415,0.5988127525073104,10.0,-0.6272511027290072,0.20699034136887223,-0.5028567202118646,0.37768895415145765
155,-1.006672635330762,0.3654328873730139,3.0,-0.7862747392920701,0.4024739741021642,-0.7521334260621165,0.5539792215987498
157,-1.4177154482808227,0.24226685632457295,2.0,-0.6958447193173851,0.40888357491160904,-0.9736491419633057,0.5881495975224295
158,-1.2489945866752366,0.28679299745664455,6.0,-0.7174929572663816,0.1975747225978098,-1.101338541630729,0.4165669117143375
159,-0.2014979330591675,0.8175052672933703,12.0,-0.16327924441598768,0.29204988393676057,-0.21503634688828344,0.37023929565928326
160,0.2434740008453099,1.2756731509859245,15.0,0.007569095237772036,0.14420817511993003,0.1592446026764064,0.36078401272334804
161,-0.3546081598647803,0.7014482449410298,11.0,-0.15069388507825357,0.28434465383663665,-0.35764448378385616,0.3822658339343706
165,0.08003131771727885,1.0833209942843252,9.0,-0.06522085794036771,0.27696218665639655,0.02112414018099465,0.429785116042784
166,3.65390138076685,38.62506355938012,28.0,1.8502954760179016,0.49509588178441716,2.3500857825409502,0.5215516894828057
167,-0.8533617366680986,0.4259804879618963,8.0,-0.6795728238267551,0.17561526119330978,-0.7819195973726168,0.3795035313206921
168,1.0229601521991782,2.781416004602156,20.0,0.7263735973124625,0.24980981814692493,0.8382474315135977,0.37529798341730214
170,-0.2014979330591675,0.8175052672933703,12.0,-0.263750511054587,0.33169758881598366,-0.2150363468882817,0.37023929565928304
171,-1.2489945866752366,0.28679299745664455,6.0,-0.7873702165093213,0.26121554617150267,-1.1013385416307286,0.4165669117143378
172,1.0229601521991782,2.781416004602156,20.0,0.6637327643923046,0.23765334848830988,0.8382474315135977,0.3752979834173019
175,1.2002994442219028,3.321111261432162,21.0,0.8784763053395703,0.3307490658488306,0.9870495057016864,0.3950084396592367
176,0.2434740008453099,1.2756731509859245,15.0,0.0518964482196487,0.19360648486174342,0.15924460267640644,0.3607840127233482
178,-1.4822571921003804,0.2271244458532474,5.0,-1.0497189097285577,0.35843329436289917,-1.2787552882576787,0.42559977487881073
179,0.09610776265520099,1.100877691105123,14.0,-0.004901916272199339,0.14308422789731198,0.0350622092734013,0.3461491178036456
183,1.0229601521991782,2.781416004602156,20.0,0.65402679052454,0.23948983438941226,0.838247431513599,0.37529798341730247
186,0.09610776265520099,1.100877691105123,14.0,-0.0022121848989151514,0.14242972673654294,0.03506220927340131,0.3461491178036456
188,-0.30056279010797626,0.7404014128139835,7.0,-0.3442136148242472,0.3565581960111117,-0.29065948625046867,0.4500983322696534
196,1.3914384290243949,4.02062928535033,22.0,1.0475237066546406,0.3763859187270192,1.147169560574621,0.40309896028607817
197,0.2434740008453099,1.2756731509859245,15.0,0.03468932097616553,0.17184261100882892,0.15924460267640642,0.3607840127233481
201,0.5421015229183047,1.719616881874658,17.0,0.4031179975067547,0.33851121834475056,0.4384249483671167,0.37548449225471164
202,2.114428886681762,8.284852824937035,25.0,1.67303453587357,0.4563338428049744,1.6633930755222888,0.4415185268887049
205,2.454071785826621,11.63562817981425,26.0,1.5100232624046508,0.4193677189343315,1.8689458682376274,0.46466517462259627
206,-0.05175779075817196,0.9495588309165609,13.0,-0.05890826235181897,0.20205754289432104,-0.08518150069094024,0.35104280801891263
208,-0.6781729309234265,0.5075434627109395,9.0,-0.6046873998813822,0.2281732601453702,-0.6423483769432579,0.37077385564401527
209,0.6962431438568252,2.0062015214817475,18.0,0.41693332510885495,0.3362345153803941,0.5747814039134828,0.36273148125602356
210,-1.2489945866752366,0.28679299745664455,6.0,-0.9335738471246445,0.3388964076882832,-1.1013385416307278,0.4165669117143373
213,-0.5128063298910415,0.5988127525073104,10.0,-0.4037361304588853,0.33450147265934754,-0.502856720211865,0.37768895415145826
214,-0.4099495156333803,0.663683754944582,5.0,-0.14058456195715877,0.3574227294263277,-0.3515918723114773,0.5072882212889368
215,2.9105402742160837,18.366718951596216,27.0,2.0317703059527106,0.5308363594712449,2.0957428886564156,0.4886509528184004
217,-0.5128063298910415,0.5988127525073104,10.0,-0.5668193002336143,0.2603299315683983,-0.5028567202118647,0.37768895415145765
219,0.2434740008453099,1.2756731509859245,15.0,0.033091138597182206,0.16982227027186747,0.15924460267640644,0.36078401272334815
220,0.39167910408478823,1.4794628816254742,16.0,0.04582522455939407,0.18601131189243325,0.2958398939838304,0.37653063635506834
224,-1.2489945866752366,0.28679299745664455,6.0,-0.8626869239582854,0.310268327255538,-1.1013385416307273,0.41656691171433724
226,-2.08971331968215,0.12372259956800169,3.0,-1.4936766051507646,0.36890320098871454,-1.6708504218063107,0.46664918109593356
228,-0.8533617366680986,0.4259804879618963,8.0,-0.6953599092837291,0.1807075361218137,-0.7819195973726168,0.37950353132069176
234,-0.3546081598647803,0.7014482449410298,11.0,-0.18965246042875664,0.30601935492870486,-0.35764448378385727,0.3822658339343704
235,-1.006672635330762,0.3654328873730139,3.0,-0.736072840817044,0.3951467836400575,-0.7521334260621173,0.5539792215987498
236,0.5421015229183047,1.719616881874658,17.0,0.2389121375281596,0.32605332631469636,0.43842494836711654,0.37548449225471153
237,-1.4822571921003804,0.2271244458532474,5.0,-0.8235729493475479,0.2875226131797987,-1.2787552882576798,0.42559977487881057
238,0.5421015229183047,1.719616881874658,17.0,0.21084316794012736,0.31598738625718525,0.438424948367118,0.37548449225471137
241,0.6962431438568252,2.0062015214817475,18.0,0.5817431506079354,0.2721686513668793,0.5747814039134828,0.36273148125602356
244,-0.5128063298910415,0.5988127525073104,10.0,-0.5562917805356976,0.2681912487051058,-0.5028567202118649,0.3776889541514582
245,1.2002994442219028,3.321111261432162,21.0,0.7726681354587146,0.2752155738170385,0.9870495057016861,0.3950084396592365
248,-0.5128063298910415,0.5988127525073104,10.0,-0.48944769870225946,0.30740475834853564,-0.5028567202118649,0.3776889541514579
250,-0.5128063298910415,0.5988127525073104,10.0,-0.4752446165625474,0.31356017254157037,-0.5028567202118646,0.37768895415145803
252,-0.8533617366680986,0.4259804879618963,8.0,-0.7267735696807137,0.20622104050904408,-0.781919597372618,0.3795035313206927
253,0.39167910408478823,1.4794628816254742,16.0,0.10383360695966473,0.24893602682228916,0.2958398939838305,0.37653063635506834
260,0.6962431438568252,2.0062015214817475,18.0,0.5428665040212289,0.2926255696058445,0.5747814039134832,0.36273148125602334
261,0.39167910408478823,1.4794628816254742,16.0,0.21870907971612388,0.31907463466119756,0.2958398939838304,0.37653063635506856
265,-0.8533617366680986,0.4259804879618963,8.0,-0.6865382567668921,0.1769033706653257,-0.7819195973726157,0.3795035313206915
267,-1.4822571921003804,0.2271244458532474,5.0,-0.8973710573164487,0.3261251704044802,-1.2787552882576785,0.42559977487881073
269,0.5421015229183047,1.719616881874658,17.0,0.3077850220870221,0.3404076852037185,0.43842494836711665,0.3754844922547121
273,-0.6781729309234265,0.5075434627109395,9.0,-0.651993258796835,0.1856974727417488,-0.6423483769432567,0.370773855644014
274,-0.6781729309234265,0.5075434627109395,9.0,-0.5491017752395881,0.2732835600053421,-0.6423483769432584,0.3707738556440156
275,2.114428886681762,8.284852824937035,25.0,1.398546998484678,0.39957524728207083,1.6633930755222888,0.4415185268887049
278,-0.05175779075817196,0.9495588309165609,13.0,-0.04516118191046517,0.18511662717534486,-0.08518150069094052,0.3510428080189132
282,-0.05175779075817196,0.9495588309165609,13.0,-0.07643184020254956,0.22191883699303627,-0.08518150069094052,0.3510428080189132
285,1.601483249380976,4.960384457774143,23.0,1.0854178195444715,0.38068501530531484,1.3103702421170755,0.4054066454631448
288,-0.3546081598647803,0.7014482449410298,11.0,-0.6142541148665998,0.2192594057191706,-0.35764448378385716,0.3822658339343703
291,-0.8533617366680986,0.4259804879618963,8.0,-0.66855183610603,0.1769376718585765,-0.781919597372618,0.3795035313206927
292,-0.3546081598647803,0.7014482449410298,11.0,-0.18495945876673714,0.3037377782709888,-0.35764448378385727,0.3822658339343704
294,-0.5128063298910415,0.5988127525073104,10.0,-0.4808284907647447,0.3112243084491295,-0.5028567202118646,0.37768895415145765
295,-0.6781729309234265,0.5075434627109395,9.0,-0.6478441824902176,0.1888176283026925,-0.6423483769432596,0.37077385564401466
296,0.6962431438568252,2.0062015214817475,18.0,0.28078134774992636,0.33643812078767227,0.5747814039134832,0.3627314812560238
297,0.5421015229183047,1.719616881874658,17.0,0.20692905055047836,0.31437105643024144,0.43842494836711654,0.37548449225471153
300,-0.5128063298910415,0.5988127525073104,10.0,-0.5164233773405866,0.29370131865323523,-0.5028567202118649,0.37768895415145787
303,0.39167910408478823,1.4794628816254742,16.0,0.13843807507911154,0.27644213589921396,0.2958398939838304,0.37653063635506834
304,0.8558315025939318,2.3533303675630854,19.0,0.5978751780488998,0.2634465920641907,0.7040915132396226,0.35962564821007764
309,-1.7545432333077289,0.17298623860091572,4.0,-1.1054250102028809,0.3584481087429263,-1.4655391128705682,0.44071511740751074
310,-1.4822571921003804,0.2271244458532474,5.0,-0.979001404894877,0.35011539811692,-1.278755288257681,0.42559977487881107
311,0.39167910408478823,1.4794628816254742,16.0,0.16388502741713282,0.2928209440230457,0.2958398939838305,0.37653063635506834
312,-0.8533617366680986,0.4259804879618963,8.0,-0.6770332551789446,0.17555459321010178,-0.7819195973726181,0.37950353132069253
314,1.2002994442219028,3.321111261432162,21.0,0.6659830231127148,0.2373690157762349,0.9870495057016876,0.395008439659237
316,1.601483249380976,4.960384457774143,23.0,1.13331530990467,0.3840903325436602,1.3103702421170729,0.4054066454631444
317,-0.8533617366680986,0.4259804879618963,8.0,-0.6154086340176343,0.21817181327001556,-0.781919597372617,0.3795035313206922
319,0.8558315025939318,2.3533303675630854,19.0,0.186899603890547,0.3052330338789035,0.7040915132396233,0.35962564821007825
321,-0.8533617366680986,0.4259804879618963,8.0,-0.6468834121395832,0.18957759728900486,-0.7819195973726168,0.3795035313206921
322,0.09610776265520099,1.100877691105123,14.0,0.009939790130703736,0.14556435954723043,0.03506220927340131,0.3461491178036456
324,-1.0419415732393122,0.3527690895862547,7.0,-0.7060938219046826,0.18792052824265182,-0.9337792889842921,0.40035243883551713
326,-1.0419415732393122,0.3527690895862547,7.0,-0.8315652274304525,0.29262542020871424,-0.9337792889842917,0.4003524388355171
330,-0.8533617366680986,0.4259804879618963,8.0,-0.6567705221199273,0.18249057865405136,-0.7819195973726168,0.3795035313206921
331,-1.0419415732393122,0.3527690895862547,7.0,-0.7980671822254709,0.26954990856963423,-0.9337792889842917,0.4003524388355171
332,-1.4822571921003804,0.2271244458532474,5.0,-0.8874347652699454,0.32196450217082867,-1.2787552882576785,0.4255997748788107
333,0.5421015229183047,1.719616881874658,17.0,0.1996928063761824,0.31123942339604843,0.438424948367118,0.37548449225471175
334,-0.6781729309234265,0.5075434627109395,9.0,-0.6236729626496635,0.21036122605821633,-0.6423483769432584,0.3707738556440152
335,2.454071785826621,11.63562817981425,26.0,1.6868105359536676,0.45949196469558146,1.868945868237626,0.46466517462259654
337,-1.2489945866752366,0.28679299745664455,6.0,-0.795548306177579,0.2676305306304861,-1.1013385416307278,0.4165669117143374
339,1.0229601521991782,2.781416004602156,20.0,0.722754315806586,0.2481568634362581,0.8382474315135975,0.37529798341730236
340,-0.5128063298910415,0.5988127525073104,10.0,-0.5215491578175467,0.29078461673437805,-0.5028567202118652,0.3776889541514588
343,1.601483249380976,4.960384457774143,23.0,1.1336496757044228,0.3841078264230856,1.310370242117075,0.4054066454631445
347,1.601483249380976,4.960384457774143,23.0,0.8186820928549885,0.30158510205786565,1.310370242117075,0.4054066454631448
353,1.8381981877131282,6.285203295829569,24.0,1.2355756413265604,0.3874935896364438,1.478930647610964,0.418135451247777
355,1.8381981877131282,6.285203295829569,24.0,1.434882070623519,0.4050915280761921,1.478930647610965,0.4181354512477768
358,-0.8533617366680986,0.4259804879618963,8.0,-0.6956484125014488,0.1808682111716961,-0.7819195973726164,0.3795035313206925
360,-1.0419415732393122,0.3527690895862547,7.0,-0.7243540614816483,0.20392791903848206,-0.9337792889842934,0.40035243883551735
363,1.2002994442219028,3.321111261432162,21.0,0.6619920103448759,0.23791076786577003,0.9870495057016886,0.395008439659237
364,1.8381981877131282,6.285203295829569,24.0,1.1755056329401616,0.38581917620506134,1.4789306476109645,0.4181354512477769
368,-1.1644145993980528,0.31210531520418383,3.0,-0.8045152104096902,0.3945016737135728,-0.8904720076885801,0.5350976996459748
370,-0.8533617366680986,0.4259804879618963,8.0,-0.6202014403179933,0.21364354342261616,-0.7819195973726168,0.3795035313206921
373,0.5055757680074838,1.6579398344177554,9.0,0.20872038172082835,0.35476291091737844,0.37139287173257995,0.47989626789248324
374,-1.4822571921003804,0.2271244458532474,5.0,-1.0147174632300917,0.35559898268292084,-1.278755288257679,0.4255997748788109
380,0.8558315025939318,2.3533303675630854,19.0,0.5199362167414118,0.3034931333288422,0.7040915132396233,0.35962564821007825
384,-0.13327806275172469,0.8752216917180801,9.0,-0.07718186030793288,0.2559746858820824,-0.15517333378491713,0.4154787102183448
385,1.0229601521991782,2.781416004602156,20.0,0.6281820212176946,0.24842920656560802,0.8382474315135987,0.3752979834173027
387,-1.2907475583416503,0.27506507901711846,4.0,-0.846826353514819,0.3343943670541133,-1.0645103611495674,0.4744868840745173
389,0.39167910408478823,1.4794628816254742,16.0,0.1534341060405553,0.2864515379000994,0.2958398939838304,0.37653063635506856
393,-1.2489945866752366,0.28679299745664455,6.0,-0.8159851580905275,0.28244900647156246,-1.1013385416307282,0.4165669117143376
394,-2.08971331968215,0.12372259956800169,3.0,-1.3749502404498057,0.34125271929733664,-1.6708504218063107,0.4666491810959335
399,0.2434740008453099,1.2756731509859245,15.0,0.1239035002565858,0.2656842676569122,0.1592446026764066,0.36078401272334776
403,1.3914384290243949,4.02062928535033,22.0,0.7620779064037863,0.26902019779555797,1.14716956057462,0.4030989602860782
406,-0.6781729309234265,0.5075434627109395,9.0,-0.5225586150730056,0.2901980128959777,-0.6423483769432579,0.3707738556440146
407,-0.3546081598647803,0.7014482449410298,11.0,-0.2264928926024628,0.3211095490210988,-0.3576444837838573,0.38226583393437064
416,-0.3546081598647803,0.7014482449410298,11.0,-0.3708835941453369,0.33891815506742795,-0.3576444837838573,0.38226583393437064
417,3.65390138076685,38.62506355938012,28.0,2.0986234704069484,0.5434569679020834,2.3500857825409494,0.5215516894828053
418,1.5458041736287491,4.691743086427639,9.0,0.8075121643668024,0.45641953771203075,1.0280866210439323,0.5786662724172562
419,1.8381981877131282,6.285203295829569,24.0,1.2568529681595966,0.3881681695324973,1.478930647610963,0.4181354512477767
420,-0.3546081598647803,0.7014482449410298,11.0,-0.2770921162367481,0.3344301872242294,-0.35764448378385727,0.3822658339343704
426,-0.8533617366680986,0.4259804879618963,8.0,-0.6705080084925721,0.17640730443012273,-0.7819195973726168,0.3795035313206921
430,0.6962431438568252,2.0062015214817475,18.0,0.2582144067313327,0.3315015153609523,0.5747814039134829,0.3627314812560231
432,1.8381981877131282,6.285203295829569,24.0,1.0412020357531524,0.3755013946071081,1.4789306476109647,0.41813545124777696
433,-1.2489945866752366,0.28679299745664455,6.0,-0.8904826721525785,0.32327229079331443,-1.101338541630729,0.4165669117143375
434,2.454071785826621,11.63562817981425,26.0,1.8305631475454391,0.49099891608327656,1.8689458682376257,0.4646651746225959
436,-0.8533617366680986,0.4259804879618963,8.0,-0.6508779416029816,0.1865084988231222,-0.781919597372617,0.3795035313206924
439,-0.6781729309234265,0.5075434627109395,9.0,-0.6387793872026547,0.19642178519770492,-0.6423483769432567,0.370773855644014
440,1.601483249380976,4.960384457774143,23.0,1.0000999266019874,0.368409848892879,1.310370242117073,0.40540664546314387
441,-0.6781729309234265,0.5075434627109395,9.0,-0.6601811150864377,0.18050461497592832,-0.6423483769432573,0.37077385564401466
442,0.2434740008453099,1.2756731509859245,15.0,0.01345878141641699,0.14813596076835203,0.1592446026764064,0.36078401272334804
443,1.2002994442219028,3.321111261432162,21.0,0.7652472584208144,0.2708663364097063,0.9870495057016886,0.3950084396592371
445,0.005112442058155623,1.0051255328892523,5.0,-0.11707973654681553,0.379170073409226,-0.019313948510259193,0.5523063006782665
449,1.8381981877131282,6.285203295829569,24.0,1.3736513024331127,0.3964245835693315,1.478930647610965,0.4181354512477769
451,0.2434740008453099,1.2756731509859245,15.0,0.08090072058300264,0.22676436653183063,0.15924460267640583,0.36078401272334765
452,0.09610776265520099,1.100877691105123,14.0,0.0029941200054349696,0.14257298976405222,0.03506220927340131,0.3461491178036456
454,-0.8533617366680986,0.4259804879618963,8.0,-0.7268041168225239,0.20625011389730624,-0.7819195973726168,0.37950353132069237
458,-2.08971331968215,0.12372259956800169,3.0,-1.7128942428374077,0.43906612371573045,-1.6708504218063107,0.46664918109593345
460,-0.6781729309234265,0.5075434627109395,9.0,-0.6339323739004648,0.20078613810272564,-0.6423483769432591,0.37077385564401427
461,3.65390138076685,38.62506355938012,28.0,2.1265586430178933,0.5486884133826624,2.350085782540949,0.5215516894828052
463,0.2434740008453099,1.2756731509859245,15.0,0.04616846371977558,0.18644483901586625,0.15924460267640667,0.36078401272334776
464,-0.8533617366680986,0.4259804879618963,8.0,-0.705677285700082,0.18759964989282502,-0.7819195973726181,0.37950353132069303
466,-0.2014979330591675,0.8175052672933703,12.0,-0.029212790335460988,0.16495498238544978,-0.21503634688828244,0.37023929565928293
467,1.601483249380976,4.960384457774143,23.0,0.9480936966392823,0.35564321809305416,1.3103702421170735,0.40540664546314487
468,-0.6781729309234265,0.5075434627109395,9.0,-0.6479105354308733,0.18876562481595957,-0.6423483769432579,0.37077385564401527
469,-1.2489945866752366,0.28679299745664455,6.0,-0.8500343914059115,0.3035089404158296,-1.1013385416307273,0.41656691171433724
473,-0.2014979330591675,0.8175052672933703,12.0,-0.4343856764353609,0.3274938870196922,-0.21503634688828333,0.3702392956592832
475,-1.0419415732393122,0.3527690895862547,7.0,-0.7059891690137479,0.18783964811964454,-0.9337792889842921,0.40035243883551713
476,-0.5128063298910415,0.5988127525073104,10.0,-0.40506738768260053,0.3342558363418037,-0.5028567202118662,0.37768895415145776
480,-0.6781729309234265,0.5075434627109395,9.0,-0.5677629715306346,0.2596015865699203,-0.6423483769432579,0.37077385564401494
481,-0.5128063298910415,0.5988127525073104,10.0,-0.5774216373982058,0.2519232964775342,-0.5028567202118662,0.37768895415145776
485,2.114428886681762,8.284852824937035,25.0,1.5637019160180732,0.43112779095338666,1.6633930755222879,0.4415185268887049
486,-0.5128063298910415,0.5988127525073104,10.0,-0.5065185011966655,0.2990492546134807,-0.5028567202118644,0.3776889541514574
487,-0.8533617366680986,0.4259804879618963,8.0,-0.7271791712016005,0.20660729178929835,-0.7819195973726168,0.37950353132069187
488,1.601483249380976,4.960384457774143,23.0,0.9500927773140715,0.35622054860418484,1.3103702421170755,0.40540664546314487
492,1.8381981877131282,6.285203295829569,24.0,1.1239177687148327,0.38356753922002834,1.4789306476109647,0.4181354512477766
494,-1.4822571921003804,0.2271244458532474,5.0,-0.8767546071376601,0.31715621660544135,-1.2787552882576803,0.4255997748788108
495,0.09610776265520099,1.100877691105123,14.0,-0.014785435762859319,0.14924213494675875,0.0350622092734013,0.3461491178036456
496,1.601483249380976,4.960384457774143,23.0,1.1232499151943665,0.3835280075422811,1.3103702421170733,0.40540664546314464
498,-1.0419415732393122,0.3527690895862547,7.0,-0.7018322676443627,0.18477830921788455,-0.9337792889842934,0.4003524388355172
500,-0.3546081598647803,0.7014482449410298,11.0,-0.42554482009268485,0.32980850592663086,-0.3576444837838574,0.3822658339343705
501,1.0229601521991782,2.781416004602156,20.0,0.6086369625604116,0.257796658973001,0.838247431513599,0.37529798341730247
506,0.6962431438568252,2.0062015214817475,18.0,0.21492407930139876,0.31761566265218916,0.5747814039134824,0.36273148125602256
508,-27.63102195422812,9.999991617007794e-13,0.0,-0.36494417952567215,0.9366311266426476,-0.4283745642720493,0.9098963238756472
509,-0.2014979330591675,0.8175052672933703,12.0,-0.08476519758148154,0.23061183838274663,-0.21503634688828344,0.37023929565928343
511,0.09610776265520099,1.100877691105123,14.0,-0.012477492614368974,0.14734333519785017,0.0350622092734018,0.34614911780364505
512,-0.49201760555411456,0.6113916018497245,7.0,-0.574396131091701,0.3018902579149613,-0.4547049552553656,0.43703453657992497
515,1.0229601521991782,2.781416004602156,20.0,0.6253085228337959,0.2497028415345173,0.8382474315135977,0.3752979834173019
517,1.281488036200272,3.601995639588961,19.0,0.7365984617896979,0.27736076635175627,1.0388246940306023,0.4121109914137605
522,-1.7545432333077289,0.17298623860091572,4.0,-1.0037570570580705,0.35420761073036283,-1.4655391128705666,0.44071511740751074
528,-0.5128063298910415,0.5988127525073104,10.0,-0.5785017592431015,0.25103947768347334,-0.5028567202118646,0.37768895415145803
529,-0.3546081598647803,0.7014482449410298,11.0,-0.38893033844987934,0.3368812099978579,-0.3576444837838574,0.3822658339343705
530,-2.032252833802965,0.13103997707775303,2.0,-1.2916007472129012,0.43292972709696714,-1.489331017028166,0.5279670451359273
531,0.2434740008453099,1.2756731509859245,15.0,0.23619218969466976,0.325191405219529,0.15924460267640644,0.3607840127233482
533,-0.3546081598647803,0.7014482449410298,11.0,-0.1239892185166221,0.2655007417650151,-0.35764448378385605,0.38226583393437025
534,1.8381981877131282,6.285203295829569,24.0,1.3371009513009042,0.39275566712572474,1.478930647610965,0.4181354512477769
536,-0.6781729309234265,0.5075434627109395,9.0,-0.6004494806130394,0.23204478778219076,-0.6423483769432579,0.37077385564401494
540,0.09610776265520099,1.100877691105123,14.0,0.002160765716493998,0.14242436399362612,0.0350622092734013,0.34614911780364555
541,-0.05175779075817196,0.9495588309165609,13.0,-0.06855932397976693,0.21326004404692764,-0.08518150069093958,0.3510428080189125
542,1.3914384290243949,4.02062928535033,22.0,0.8236266561245038,0.3042567109338077,1.1471695605746204,0.40309896028607783
545,0.6332052736522757,1.883638490374839,2.0,0.05756843717081249,0.6859305107723818,0.26238339271929256,0.7833505343286231
548,1.8381981877131282,6.285203295829569,24.0,1.2954533089506002,0.38986902734490236,1.478930647610964,0.41813545124777657
550,-0.6781729309234265,0.5075434627109395,9.0,-0.6044640115971359,0.22837869873899352,-0.6423483769432573,0.37077385564401466
551,-0.2014979330591675,0.8175052672933703,12.0,-0.22636164149206156,0.32106424320489074,-0.21503634688828338,0.3702392956592834
557,-0.3546081598647803,0.7014482449410298,11.0,-0.6090974597724181,0.224089837919713,-0.3576444837838561,0.3822658339343701
559,-1.2489945866752366,0.28679299745664455,6.0,-0.9498082711235761,0.34348699636063906,-1.1013385416307273,0.41656691171433724
561,-0.8533617366680986,0.4259804879618963,8.0,-0.7101676476337915,0.19119449752294262,-0.7819195973726157,0.37950353132069176
562,-0.5128063298910415,0.5988127525073104,10.0,-0.6526933919460126,0.185199647887201,-0.5028567202118662,0.37768895415145776
564,-0.2014979330591675,0.8175052672933703,12.0,-0.1246951033090395,0.266045824762745,-0.21503634688828407,0.3702392956592837
566,0.6962431438568252,2.0062015214817475,18.0,0.4326046316796274,0.3330425478424293,0.5747814039134832,0.3627314812560237
569,-1.0419415732393122,0.3527690895862547,7.0,-0.7990458705653694,0.2702885293459271,-0.9337792889842934,0.4003524388355172
570,1.2002994442219028,3.321111261432162,21.0,0.9617421322484137,0.35944189519541114,0.9870495057016881,0.3950084396592371
575,-1.0419415732393122,0.3527690895862547,7.0,-0.7476968438836583,0.22628512178297977,-0.9337792889842936,0.4003524388355177
577,-0.5128063298910415,0.5988127525073104,10.0,-0.5183217736409801,0.2926330930531278,-0.5028567202118662,0.37768895415145776
578,-1.4822571921003804,0.2271244458532474,5.0,-1.0419961221270346,0.35801020844240317,-1.2787552882576785,0.4255997748788107
579,1.3914384290243949,4.02062928535033,22.0,0.741945100066931,0.25768231944938896,1.14716956057462,0.4030989602860782
580,1.0229601521991782,2.781416004602156,20.0,0.6201717043828927,0.25208076559413956,0.8382474315135977,0.37529798341730214
588,-0.5128063298910415,0.5988127525073104,10.0,-0.3492790132367717,0.34012493487900497,-0.5028567202118649,0.37768895415145787
590,1.3914384290243949,4.02062928535033,22.0,0.8957846301635933,0.3378388880180682,1.1471695605746222,0.403098960286078
591,1.3914384290243949,4.02062928535033,22.0,1.0788996858489366,0.38005949712430886,1.147169560574621,0.40309896028607817
595,-0.5128063298910415,0.5988127525073104,10.0,-0.6029097108864079,0.2298040245989412,-0.5028567202118646,0.37768895415145803
597,1.8381981877131282,6.285203295829569,24.0,1.3423715719321314,0.39321571614194384,1.4789306476109627,0.41813545124777657
598,1.3247683902464944,3.7613140970770083,15.0,0.9736752492930848,0.40306983013542597,1.0314374884908593,0.4564922389201652
599,-0.04415042432901605,0.9568100191422795,10.0,-0.0550454273960285,0.23467190986441464,-0.08598349810882518,0.39670208069419155
607,-0.5128063298910415,0.5988127525073104,10.0,-0.3837874787005118,0.33755778077797977,-0.5028567202118662,0.37768895415145776
612,0.2434740008453099,1.2756731509859245,15.0,0.04584908397708945,0.18604146082298031,0.15924460267640644,0.36078401272334815
613,0.2434740008453099,1.2756731509859245,15.0,0.10305668197327321,0.24824011058074388,0.1592446026764066,0.36078401272334776
617,-0.05175779075817196,0.9495588309165609,13.0,-0.10859541922516952,0.25292215998213313,-0.08518150069094024,0.35104280801891263
618,0.8558315025939318,2.3533303675630854,19.0,0.39805438420580563,0.33921962903790787,0.7040915132396226,0.3596256482100773
619,0.6962431438568252,2.0062015214817475,18.0,0.2856892674269617,0.33731400899401665,0.5747814039134835,0.36273148125602395
620,2.114428886681762,8.284852824937035,25.0,1.5306731714849513,0.42378592484413746,1.6633930755222905,0.44151852688870524
621,-0.8671091956993447,0.42016440841258546,3.0,-0.6458921087236044,0.4051540812398794,-0.6406058321125543,0.5676177011622021
623,0.39167910408478823,1.4794628816254742,16.0,0.09870945404814276,0.24427717383668063,0.2958398939838305,0.37653063635506834
624,0.09610776265520099,1.100877691105123,14.0,-0.017812636536189648,0.1520664010290212,0.03506220927340131,0.34614911780364566
625,-1.0419415732393122,0.3527690895862547,7.0,-0.6466199976401696,0.18978818139580814,-0.933779288984294,0.4003524388355176
627,-0.2014979330591675,0.8175052672933703,12.0,-0.27269871644975047,0.3335900997793152,-0.21503634688828407,0.3702392956592837
632,-1.2907475583416503,0.27506507901711846,4.0,-0.8216488555356455,0.3242870248828769,-1.064510361149569,0.4744868840745178
633,0.6962431438568252,2.0062015214817475,18.0,0.231173040869428,0.3235382787140221,0.5747814039134824,0.3627314812560233
634,2.114428886681762,8.284852824937035,25.0,1.4458755788991142,0.40695979780059566,1.6633930755222905,0.44151852688870524
636,-0.3546081598647803,0.7014482449410298,11.0,-0.341107074681924,0.3402336296750687,-0.3576444837838561,0.3822658339343701
640,-0.5128063298910415,0.5988127525073104,10.0,-0.5659142976591731,0.26102476878341146,-0.5028567202118662,0.3776889541514581
650,0.7073079537984911,2.028523023877737,14.0,0.3186969797232866,0.34838872421778,0.5581951942538426,0.4034792690627402
651,-0.8533617366680986,0.4259804879618963,8.0,-0.6453524774144435,0.19081423005045664,-0.7819195973726164,0.3795035313206924
655,-0.8533617366680986,0.4259804879618963,8.0,-0.6327993058458753,0.20182603529885382,-0.781919597372617,0.37950353132069214
660,1.8381981877131282,6.285203295829569,24.0,1.023890212189304,0.37280753841353526,1.4789306476109634,0.41813545124777657
663,1.9914345209030058,7.3260355791452,17.0,1.4752831909067181,0.48776047791225413,1.477591996385228,0.4905038638070531
664,-0.2014979330591675,0.8175052672933703,12.0,-0.060255044015774584,0.20365848372215375,-0.21503634688828338,0.37023929565928326
665,-0.2014979330591675,0.8175052672933703,12.0,-0.3433829698335167,0.34022251359796946,-0.21503634688828338,0.37023929565928326
666,-0.6781729309234265,0.5075434627109395,9.0,-0.5087612445822152,0.2978711416590179,-0.6423483769432596,0.37077385564401466
667,7.93990709848323,2807.0997123656102,29.0,2.345596218729057,0.5892532696831356,2.6438605181892445,0.5635156230234843
669,-0.6781729309234265,0.5075434627109395,9.0,-0.5695945088863813,0.25817684489936205,-0.6423483769432591,0.3707738556440143
670,-0.2014979330591675,0.8175052672933703,12.0,-0.15940555476807894,0.2897533688264449,-0.21503634688828338,0.37023929565928326
672,0.2434740008453099,1.2756731509859245,15.0,0.007897971783026096,0.14437667974064683,0.15924460267640586,0.36078401272334765
674,-1.4822571921003804,0.2271244458532474,5.0,-0.8446376273282273,0.3004564152981307,-1.2787552882576807,0.4255997748788109
676,-0.5128063298910415,0.5988127525073104,10.0,-0.6405503007819896,0.1948697950528153,-0.5028567202118649,0.3776889541514582
677,-0.8533617366680986,0.4259804879618963,8.0,-0.6532582505089306,0.18480460538879406,-0.781919597372617,0.3795035313206924
679,-0.8533617366680986,0.4259804879618963,8.0,-0.7199522134318104,0.19982037305853192,-0.7819195973726168,0.3795035313206921
681,0.5421015229183047,1.719616881874658,17.0,0.15448772012971448,0.2871155833481137,0.4384249483671167,0.37548449225471164
682,0.5421015229183047,1.719616881874658,17.0,0.1386992521438796,0.2766256588479541,0.4384249483671177,0.37548449225471103
683,-0.8533617366680986,0.4259804879618963,8.0,-0.6118348252241063,0.2215319054162969,-0.7819195973726168,0.3795035313206921
685,0.6962431438568252,2.0062015214817475,18.0,0.3374007175606582,0.3424295353219332,0.5747814039134829,0.3627314812560231
687,0.2434740008453099,1.2756731509859245,15.0,0.024154386095407064,0.15893666089843358,0.15924460267640644,0.36078401272334826
688,-1.5733878348954542,0.20734155219280062,4.0,-0.881163870301983,0.32624263093301126,-1.3153246549754438,0.4527317690407381
692,-1.0419415732393122,0.3527690895862547,7.0,-0.6909718260724191,0.17853490672275693,-0.9337792889842954,0.4003524388355177
693,-1.2489945866752366,0.28679299745664455,6.0,-1.0393206708655935,0.3578376457884449,-1.1013385416307278,0.4165669117143373
694,1.8381981877131282,6.285203295829569,24.0,1.2646895375489111,0.38845515769751887,1.478930647610964,0.41813545124777657
695,1.3914384290243949,4.02062928535033,22.0,0.9619827620694104,0.3595058960598775,1.1471695605746208,0.403098960286078
696,0.42408109656908183,1.5281855193615606,6.0,0.34479625701954725,0.41846808725823637,0.2874189930671034,0.55671187994322
697,0.39167910408478823,1.4794628816254742,16.0,0.06803018103434352,0.2127579921977663,0.2958398939838315,0.3765306363550688
698,-1.0419415732393122,0.3527690895862547,7.0,-0.7310586484731428,0.21032099431097448,-0.933779288984294,0.4003524388355176
699,0.8558315025939318,2.3533303675630854,19.0,0.3706095597647767,0.3418816204402968,0.7040915132396218,0.359625648210077
705,-0.05175779075817196,0.9495588309165609,13.0,-0.06785372431805362,0.21246270830578606,-0.08518150069094052,0.3510428080189132
706,-0.05175779075817196,0.9495588309165609,13.0,-0.03622847026193153,0.1737557002728024,-0.0851815006909408,0.3510428080189138
709,-0.8533617366680986,0.4259804879618963,8.0,-0.6871577909059804,0.17709499439651114,-0.7819195973726168,0.3795035313206921
710,0.8802504781170783,2.4115036596715176,7.0,0.6617088901996229,0.4538538668758532,0.6035071073284943,0.5690321328322647
711,1.601483249380976,4.960384457774143,23.0,1.3239351124501688,0.3917036854102279,1.3103702421170744,0.4054066454631445
712,-0.5128063298910415,0.5988127525073104,10.0,-0.6176599104100612,0.21604673413054779,-0.502856720211865,0.37768895415145787
713,1.0229601521991782,2.781416004602156,20.0,0.6769787972343326,0.23679024761248776,0.838247431513599,0.37529798341730203
723,-1.4822571921003804,0.2271244458532474,5.0,-0.8993142092715666,0.32690453321547,-1.2787552882576794,0.4255997748788104
726,-1.2489945866752366,0.28679299745664455,6.0,-0.8165130099385132,0.28280930324714343,-1.1013385416307286,0.4165669117143374
727,-0.6781729309234265,0.5075434627109395,9.0,-0.4840355890220019,0.30983369292756235,-0.6423483769432584,0.37077385564401555
728,-2.08971331968215,0.12372259956800169,3.0,-1.348055489881485,0.3389399981964153,-1.670850421806312,0.46664918109593373
730,3.65390138076685,38.62506355938012,28.0,2.1265586430178933,0.5486884133826624,2.350085782540949,0.5215516894828052
731,0.5421015229183047,1.719616881874658,17.0,0.23156685544906316,0.32367094430278986,0.438424948367118,0.3754844922547113
732,-0.3546081598647803,0.7014482449410298,11.0,-0.10233522008926083,0.24741020165441283,-0.35764448378385616,0.3822658339343706
733,0.5421015229183047,1.719616881874658,17.0,0.05344405308669799,0.1955136414686183,0.4384249483671178,0.3754844922547116
734,-1.2489945866752366,0.28679299745664455,6.0,-0.8761321973521532,0.3168649847811074,-1.1013385416307273,0.41656691171433713
735,-1.0419415732393122,0.3527690895862547,7.0,-0.7008279290320544,0.18408689467945322,-0.933779288984294,0.4003524388355176
738,0.005112442058155623,1.0051255328892523,5.0,-0.08633992801030321,0.3767139948816697,-0.01931394851025961,0.552306300678266
739,0.8558315025939318,2.3533303675630854,19.0,0.27615821875727997,0.33554919341818534,0.7040915132396226,0.35962564821007764
745,-1.2489945866752366,0.28679299745664455,6.0,-0.7398556296284444,0.2187913630031416,-1.1013385416307275,0.4165669117143373
746,-0.3546081598647803,0.7014482449410298,11.0,-0.23541525167621535,0.3240543519781402,-0.35764448378385605,0.38226583393437047
748,-0.6781729309234265,0.5075434627109395,9.0,-0.6722417155371356,0.17604120207954205,-0.6423483769432591,0.3707738556440143
751,0.5421015229183047,1.719616881874658,17.0,0.2580789413562005,0.33146728637494527,0.43842494836711654,0.37548449225471164
753,0.2434740008453099,1.2756731509859245,15.0,0.07388302116592135,0.21927112766344528,0.15924460267640644,0.36078401272334815
754,-0.3546081598647803,0.7014482449410298,11.0,-0.5225288794247466,0.2902153502699118,-0.35764448378385605,0.38226583393437025
757,-0.6781729309234265,0.5075434627109395,9.0,-0.6262028854659091,0.20797568396838206,-0.6423483769432579,0.37077385564401494
760,-1.2489945866752366,0.28679299745664455,6.0,-0.7561441607784664,0.23419825910289618,-1.1013385416307286,0.41656691171433774
762,-0.3546081598647803,0.7014482449410298,11.0,-0.4888365240637096,0.3076842634666112,-0.35764448378385616,0.38226583393437036
763,-0.2014979330591675,0.8175052672933703,12.0,-0.22067181405067987,0.319044029764691,-0.21503634688828338,0.37023929565928326
764,1.2002994442219028,3.321111261432162,21.0,0.7415131917445076,0.25745042116534644,0.9870495057016864,0.3950084396592367
769,1.601483249380976,4.960384457774143,23.0,1.18865686169243,0.38621626031058076,1.3103702421170746,0.4054066454631445
770,-0.2014979330591675,0.8175052672933703,12.0,-0.05364269119000438,0.1956889084020672,-0.21503634688828413,0.37023929565928376
771,-0.2014979330591675,0.8175052672933703,12.0,-0.18333630075949733,0.30292868115929356,-0.21503634688828344,0.37023929565928326
773,1.8381981877131282,6.285203295829569,24.0,1.0427822435982073,0.375727324025384,1.4789306476109627,0.41813545124777646
774,-0.6781729309234265,0.5075434627109395,9.0,-0.599534251777465,0.2328733384503171,-0.6423483769432573,0.37077385564401466
776,1.601483249380976,4.960384457774143,23.0,0.902703138401216,0.34050208228463597,1.3103702421170746,0.4054066454631445
777,1.2002994442219028,3.321111261432162,21.0,0.8053854267956069,0.29420518407773905,0.9870495057016886,0.3950084396592371
779,1.601483249380976,4.960384457774143,23.0,1.0030995149996382,0.3690110299316899,1.3103702421170738,0.40540664546314414
780,-0.6781729309234265,0.5075434627109395,9.0,-0.6688934076940435,0.17683625910583417,-0.6423483769432573,0.3707738556440143
782,-0.8284053790123015,0.4367451743565482,5.0,-0.6983570086270535,0.3135608563877831,-0.7101305923990451,0.4670088432845011
785,-0.6781729309234265,0.5075434627109395,9.0,-0.6659244292496784,0.1778387329852359,-0.6423483769432584,0.3707738556440152
790,1.0229601521991782,2.781416004602156,20.0,0.6558741210902203,0.2390666616440157,0.838247431513599,0.3752979834173027
793,0.09610776265520099,1.100877691105123,14.0,-0.00269502476909104,0.14251123227123966,0.035062209273401174,0.346149117803645
795,-0.8533617366680986,0.4259804879618963,8.0,-0.6402499479629155,0.19513113022780257,-0.7819195973726164,0.3795035313206927
796,-0.5128063298910415,0.5988127525073104,10.0,-0.6261330496142588,0.20804140576687827,-0.5028567202118646,0.37768895415145765
798,-1.7545432333077289,0.17298623860091572,4.0,-1.2974733914110348,0.33906905211486094,-1.4655391128705666,0.44071511740751074
801,-1.2489945866752366,0.28679299745664455,6.0,-0.7111396641220545,0.19200847838445154,-1.101338541630729,0.4165669117143375
802,-0.6781729309234265,0.5075434627109395,9.0,-0.706442489669412,0.18819123949394395,-0.6423483769432596,0.37077385564401466
804,0.6962431438568252,2.0062015214817475,18.0,0.528792775646049,0.2994307370463693,0.5747814039134832,0.3627314812560238
810,1.0229601521991782,2.781416004602156,20.0,0.7003014842905098,0.24004846019868847,0.8382474315135964,0.3752979834173013
811,1.2002994442219028,3.321111261432162,21.0,0.6033149903503089,0.26056278487694146,0.9870495057016886,0.395008439659237
815,0.09610776265520099,1.100877691105123,14.0,-0.021765511921352596,0.15621147251162026,0.03506220927340192,0.34614911780364566
816,1.601483249380976,4.960384457774143,23.0,0.8500594632692593,0.3177737823299732,1.3103702421170738,0.4054066454631442
819,-1.4822571921003804,0.2271244458532474,5.0,-1.0833794332804851,0.35904371490313897,-1.2787552882576785,0.4255997748788107
821,-0.2014979330591675,0.8175052672933703,12.0,-0.1598244945919939,0.2900049073888202,-0.21503634688828246,0.37023929565928304
822,0.09610776265520099,1.100877691105123,14.0,-0.05397061905103095,0.19609038554694475,0.0350622092734007,0.34614911780364555
824,-0.8533617366680986,0.4259804879618963,8.0,-0.6713395370064534,0.17621935671964595,-0.7819195973726164,0.3795035313206925
825,1.3914384290243949,4.02062928535033,22.0,0.7843962672410278,0.2821025573936128,1.14716956057462,0.4030989602860782
826,0.8558315025939318,2.3533303675630854,19.0,0.5852376752928954,0.2702701602213774,0.7040915132396233,0.35962564821007825
828,-0.3546081598647803,0.7014482449410298,11.0,-0.388751102292447,0.3369060840645309,-0.3576444837838572,0.3822658339343705
832,1.7285792526627353,5.632645654607208,10.0,0.931317747758032,0.4725124409542779,1.1568615746206212,0.5680222265752255
834,-0.05175779075817196,0.9495588309165609,13.0,-0.030050642642602803,0.16598770182016534,-0.08518150069094024,0.3510428080189127
836,1.8381981877131282,6.285203295829569,24.0,1.5113417757752834,0.41964490925892656,1.4789306476109636,0.4181354512477767
838,2.114428886681762,8.284852824937035,25.0,1.5267295196738633,0.4229301938847396,1.6633930755222892,0.4415185268887051
839,-0.2014979330591675,0.8175052672933703,12.0,-0.1565721470632892,0.28803172419138784,-0.21503634688828338,0.3702392956592834
841,-0.05175779075817196,0.9495588309165609,13.0,-0.07438607892434611,0.21971068891598128,-0.08518150069093988,0.35104280801891313
845,0.2434740008453099,1.2756731509859245,15.0,0.011532837092311173,0.1466510549874462,0.15924460267640644,0.3607840127233482
847,1.8381981877131282,6.285203295829569,24.0,1.1352990720305873,0.38419305777104035,1.478930647610965,0.4181354512477773
848,-0.7547041313315306,0.47014969671927165,5.0,-0.797761118951036,0.3431989588216372,-0.6457457792140519,0.47443053081786113
849,-0.6781729309234265,0.5075434627109395,9.0,-0.6874726955317982,0.1771970326866749,-0.6423483769432573,0.37077385564401466
850,-0.3546081598647803,0.7014482449410298,11.0,-0.412697959772874,0.3327460891584319,-0.35764448378385727,0.3822658339343704
851,1.601483249380976,4.960384457774143,23.0,1.0624435432174026,0.3782758677517759,1.3103702421170744,0.4054066454631445
853,1.0229601521991782,2.781416004602156,20.0,0.6570429634391239,0.23881631947003,0.8382474315135976,0.3752979834173018
854,1.3914384290243949,4.02062928535033,22.0,0.9765287329760752,0.3631886719258977,1.1471695605746208,0.403098960286078
855,0.2434740008453099,1.2756731509859245,15.0,0.0727981846479089,0.21808203633934967,0.15924460267640644,0.36078401272334826
856,0.6962431438568252,2.0062015214817475,18.0,0.4849664384721848,0.31768592534541723,0.5747814039134829,0.3627314812560231
859,-1.2489945866752366,0.28679299745664455,6.0,-0.89055673238048,0.323303718392975,-1.1013385416307286,0.4165669117143378
862,-0.5171641709999939,0.5962088993877175,9.0,-0.4963174379832201,0.30852155764236866,-0.5037577755485035,0.39041288786131106
864,1.601483249380976,4.960384457774143,23.0,1.0086500203856705,0.3700872354299682,1.310370242117073,0.4054066454631445
866,-1.2489945866752366,0.28679299745664455,6.0,-0.7509807033818973,0.22938510710009583,-1.1013385416307273,0.41656691171433724
867,0.5909807874581219,1.8057586125619625,12.0,0.43173941797964643,0.3581356687972779,0.4550323422069847,0.4301460446261233
872,-0.6781729309234265,0.5075434627109395,9.0,-0.44338332610597697,0.3248882765082524,-0.6423483769432579,0.37077385564401455
874,-1.0419415732393122,0.3527690895862547,7.0,-0.7048477665688384,0.18696905723051385,-0.933779288984294,0.4003524388355176
876,0.2434740008453099,1.2756731509859245,15.0,0.00030799450277090197,0.14226501845043643,0.1592446026764056,0.360784012723348
879,1.601483249380976,4.960384457774143,23.0,1.1456467603886038,0.3846894199358552,1.3103702421170749,0.40540664546314464
880,1.601483249380976,4.960384457774143,23.0,1.3383504865821962,0.39286268680045455,1.3103702421170749,0.40540664546314464
882,-0.05175779075817196,0.9495588309165609,13.0,-0.026055564154344048,0.16113709380912908,-0.08518150069093994,0.351042808018912
887,7.93990709848323,2807.0997123656102,29.0,2.345596218729057,0.5892532696831356,2.6438605181892445,0.5635156230234843
889,-1.0419415732393122,0.3527690895862547,7.0,-0.6818039253861163,0.17585087957530823,-0.9337792889842936,0.40035243883551713
891,-1.0419415732393122,0.3527690895862547,7.0,-0.7074550668203646,0.18898800843594,-0.9337792889842957,0.4003524388355179
892,0.6962431438568252,2.0062015214817475,18.0,0.5368856530568176,0.2955674554528662,0.5747814039134828,0.36273148125602356
895,1.601483249380976,4.960384457774143,23.0,1.0277449731442911,0.3734428531227312,1.3103702421170762,0.40540664546314514
896,1.3914384290243949,4.02062928535033,22.0,0.9815764355579945,0.36438282482827095,1.1471695605746204,0.4030989602860779
897,-1.137320661421834,0.3206770742526656,4.0,-0.9268051710504833,0.3768146506282297,-0.9355533872719978,0.4837582005148708
899,0.5421015229183047,1.719616881874658,17.0,0.0782126811404902,0.22393475248488065,0.4384249483671181,0.37548449225471187
903,-0.6781729309234265,0.5075434627109395,9.0,-0.6601486275467148,0.18052220635583793,-0.6423483769432579,0.3707738556440146
904,-0.05175779075817196,0.9495588309165609,13.0,-0.016782087727739967,0.1510664180038802,-0.0851815006909408,0.3510428080189138
905,0.5421015229183047,1.719616881874658,17.0,0.45638349067604084,0.3269618298365927,0.4384249483671167,0.375484492254712
906,-0.6781729309234265,0.5075434627109395,9.0,-0.63743790584256,0.19761404360345203,-0.6423483769432591,0.3707738556440143
907,1.2002994442219028,3.321111261432162,21.0,0.7030942789485405,0.24082175926220126,0.9870495057016861,0.3950084396592365
911,0.8558315025939318,2.3533303675630854,19.0,0.5479987414048859,0.2900464532580264,0.7040915132396218,0.35962564821007725
913,0.8558315025939318,2.3533303675630854,19.0,0.41993560386627277,0.3356731739892956,0.7040915132396233,0.359625648210078
916,-1.0419415732393122,0.3527690895862547,7.0,-0.7307020816083991,0.20997850692181144,-0.9337792889842934,0.4003524388355172
919,-0.47799144942433075,0.6200274985513716,9.0,-0.517613819387404,0.29644411244596847,-0.46544359552970965,0.39709263319269134
920,1.8381981877131282,6.285203295829569,24.0,0.9612155502729332,0.3593014841858141,1.4789306476109658,0.41813545124777735
921,1.2002994442219028,3.321111261432162,21.0,0.7962413783683417,0.2889873965702379,0.9870495057016864,0.3950084396592368
923,-0.8671091956993447,0.42016440841258546,3.0,-0.48911324719485305,0.40219000090132306,-0.6406058321125545,0.5676177011622022
925,-0.8533617366680986,0.4259804879618963,8.0,-0.6152839818456889,0.21828932226203346,-0.7819195973726181,0.3795035313206928
926,-0.6781729309234265,0.5075434627109395,9.0,-0.6246668159591442,0.20942307632205384,-0.6423483769432596,0.37077385564401466
927,-0.2014979330591675,0.8175052672933703,12.0,-0.37106523012494436,0.338902337878598,-0.21503634688828246,0.37023929565928304
929,1.5311978522420087,4.623712030279161,17.0,1.2870328277242802,0.4435571463078392,1.2001466423629696,0.4474959595691355
930,-0.6781729309234265,0.5075434627109395,9.0,-0.6599891896012856,0.18060892307878504,-0.6423483769432596,0.37077385564401466
931,1.3914384290243949,4.02062928535033,22.0,0.9101023206633452,0.34324382250831026,1.1471695605746193,0.40309896028607783
935,-0.5128063298910415,0.5988127525073104,10.0,-0.3222418069313486,0.33975570649857195,-0.5028567202118649,0.3776889541514582
936,0.2434740008453099,1.2756731509859245,15.0,0.020110386486328114,0.15444355875092117,0.15924460267640644,0.36078401272334815
938,1.0229601521991782,2.781416004602156,20.0,0.5003955177523547,0.3117997099682978,0.8382474315135977,0.37529798341730175
939,1.2002994442219028,3.321111261432162,21.0,0.8540463839651433,0.3196938219124636,0.9870495057016864,0.3950084396592368
940,0.5421015229183047,1.719616881874658,17.0,0.08547197625760293,0.23146200093555983,0.4384249483671183,0.3754844922547119
947,-1.0419415732393122,0.3527690895862547,7.0,-0.6882258844695996,0.17745362938084702,-0.9337792889842917,0.4003524388355171
948,1.0229601521991782,2.781416004602156,20.0,0.6046436928870584,0.25986635923409834,0.8382474315135964,0.3752979834173013
949,-0.3546081598647803,0.7014482449410298,11.0,-0.31392908698258365,0.3392211217523977,-0.357644483783856,0.38226583393436997
952,-1.4822571921003804,0.2271244458532474,5.0,-0.8771236858732294,0.31732833184403614,-1.2787552882576807,0.42559977487881095
953,-0.992808847262955,0.37053445327904494,5.0,-0.9107328716415788,0.3574694922037026,-0.8485831944707892,0.4552720031409703
954,-0.3546081598647803,0.7014482449410298,11.0,-0.26801759669699354,0.33263058525871725,-0.3576444837838562,0.3822658339343707
955,1.601483249380976,4.960384457774143,23.0,1.1465837178202145,0.38473128149526004,1.310370242117073,0.4054066454631445
957,-0.2014979330591675,0.8175052672933703,12.0,-0.2455098100607418,0.3270706429907997,-0.21503634688828407,0.3702392956592837
958,1.2002994442219028,3.321111261432162,21.0,0.7873244587138085,0.2838144852930749,0.9870495057016884,0.3950084396592371
960,0.39167910408478823,1.4794628816254742,16.0,0.09184979943397853,0.2377799469287116,0.29583989398383154,0.37653063635506856
962,-1.7545432333077289,0.17298623860091572,4.0,-0.9188340693568915,0.3341331465283856,-1.465539112870567,0.44071511740751046
963,1.3914384290243949,4.02062928535033,22.0,0.8615147893724582,0.3232035575443112,1.1471695605746193,0.4030989602860779
967,1.601483249380976,4.960384457774143,23.0,0.9632172964621258,0.35983265176985474,1.3103702421170755,0.4054066454631448
968,-0.6781729309234265,0.5075434627109395,9.0,-0.7179814951320614,0.19801746272130313,-0.6423483769432585,0.37077385564401366
971,-0.7988294435663458,0.449855236982949,1.0,-0.650861928590911,0.6975599748250412,-0.34678230462046256,0.7811059065642659
972,-0.5128063298910415,0.5988127525073104,10.0,-0.28557233985460634,0.33588775962806633,-0.5028567202118664,0.377688954151458
975,-0.5128063298910415,0.5988127525073104,10.0,-0.39686523071950075,0.3356859341204325,-0.5028567202118662,0.37768895415145776
981,-1.4822571921003804,0.2271244458532474,5.0,-0.8668684923975061,0.3123832721074268,-1.2787552882576787,0.42559977487881073
985,1.3914384290243949,4.02062928535033,22.0,0.9485163205565346,0.35576587735606646,1.1471695605746193,0.40309896028607783
990,-1.4822571921003804,0.2271244458532474,5.0,-1.0095814121179407,0.35497815190834364,-1.2787552882576785,0.4255997748788107
991,1.601483249380976,4.960384457774143,23.0,0.9961155938523757,0.36758972892984015,1.3103702421170758,0.4054066454631448
992,1.2002994442219028,3.321111261432162,21.0,0.9472600853231203,0.35540032144700745,0.9870495057016881,0.395008439659237
993,1.601483249380976,4.960384457774143,23.0,1.0643481963868398,0.37849794868832776,1.3103702421170738,0.4054066454631448
995,-0.8533617366680986,0.4259804879618963,8.0,-0.7123055468012435,0.1929994986764751,-0.781919597372618,0.3795035313206924
997,-0.3546081598647803,0.7014482449410298,11.0,-0.3882011928524663,0.3369818152388604,-0.3576444837838573,0.38226583393437064
998,-1.0419415732393122,0.3527690895862547,7.0,-0.7578401456647099,0.23576091974441832,-0.9337792889842923,0.40035243883551747
999,1.2002994442219028,3.321111261432162,21.0,0.6803867110489618,0.2368894573372902,0.9870495057016864,0.3950084396592367
1000,-1.2489945866752366,0.28679299745664455,6.0,-0.7370639449647288,0.2161039334536949,-1.1013385416307278,0.4165669117143374
1002,-0.6781729309234265,0.5075434627109395,9.0,-0.6380234602043349,0.19709197826555339,-0.6423483769432579,0.3707738556440142
1004,1.3914384290243949,4.02062928535033,22.0,0.9011533875848579,0.33991392542878224,1.1471695605746188,0.4030989602860783
1009,0.04370071879349363,1.0446696581029646,3.0,0.1877012634093164,0.5346235349776406,0.004570074214487463,0.6561084318921555
1010,0.39167910408478823,1.4794628816254742,16.0,0.08277294435833163,0.22870567219732788,0.2958398939838304,0.3765306363550688
1014,0.39167910408478823,1.4794628816254742,16.0,0.010934490466217743,0.14622720223881397,0.2958398939838314,0.37653063635506895
1015,-1.2489945866752366,0.28679299745664455,6.0,-0.8046963454662099,0.27447530580661755,-1.1013385416307286,0.41656691171433774
1017,-1.3567062637959408,0.257507543594214,3.0,-1.1352011636152646,0.43536784613574536,-1.0462464556775828,0.520492564411694
1019,-1.4822571921003804,0.2271244458532474,5.0,-1.1499436773327871,0.3552553276272848,-1.2787552882576796,0.4255997748788104
1020,2.114428886681762,8.284852824937035,25.0,1.4551206545596198,0.40859658766212464,1.6633930755222888,0.44151852688870497
1021,-2.08971331968215,0.12372259956800169,3.0,-1.2337140921706646,0.34519292147820724,-1.6708504218063123,0.4666491810959339
1023,-1.7545432333077289,0.17298623860091572,4.0,-1.1310191020362153,0.3569012213040321,-1.4655391128705666,0.44071511740751074
1026,-0.5128063298910415,0.5988127525073104,10.0,-0.2780506440616612,0.334605737448795,-0.502856720211865,0.3776889541514578
1027,-0.6781729309234265,0.5075434627109395,9.0,-0.6734939336764234,0.175838898553703,-0.6423483769432579,0.3707738556440146
1029,1.9914345209030058,7.3260355791452,17.0,1.489542526544004,0.4902209748130495,1.4775919963852282,0.4905038638070532
1030,2.454071785826621,11.63562817981425,26.0,1.470797653214589,0.41149983504119686,1.8689458682376265,0.4646651746225962
1031,-0.5128063298910415,0.5988127525073104,10.0,-0.4132652004620435,0.33262690505525794,-0.5028567202118649,0.37768895415145787
1035,1.8381981877131282,6.285203295829569,24.0,1.3460883369740113,0.39355384815870653,1.4789306476109634,0.41813545124777657
1036,-0.3546081598647803,0.7014482449410298,11.0,-0.3966735752313915,0.3357169788178986,-0.35764448378385616,0.3822658339343706
1038,-0.5128063298910415,0.5988127525073104,10.0,-0.45856097467738016,0.31990842894319693,-0.5028567202118646,0.37768895415145765
1042,0.6962431438568252,2.0062015214817475,18.0,0.5731995624743762,0.2767980867020626,0.5747814039134829,0.3627314812560231
1043,-0.5128063298910415,0.5988127525073104,10.0,-0.4493959313548064,0.3230042793853952,-0.5028567202118662,0.37768895415145776
1050,1.0229601521991782,2.781416004602156,20.0,0.5207730886599744,0.3031169466542191,0.838247431513599,0.37529798341730247
1051,1.2002994442219028,3.321111261432162,21.0,0.8062320877268397,0.29468291457295853,0.9870495057016877,0.39500843965923704
1054,-0.8533617366680986,0.4259804879618963,8.0,-0.7063635065286814,0.1881297488781109,-0.7819195973726181,0.3795035313206928
1055,0.8558315025939318,2.3533303675630854,19.0,0.573349919194402,0.27671693194485464,0.7040915132396226,0.35962564821007764
1057,-0.05175779075817196,0.9495588309165609,13.0,-0.026389114613187804,0.1615340265838793,-0.08518150069093988,0.3510428080189131
1058,-0.5128063298910415,0.5988127525073104,10.0,-0.5562332376330634,0.26823361406998736,-0.502856720211865,0.37768895415145814
1060,1.601483249380976,4.960384457774143,23.0,1.1002801698247158,0.38195336041954386,1.3103702421170758,0.40540664546314475
1062,0.5421015229183047,1.719616881874658,17.0,0.1430816217416044,0.2796554518174277,0.43842494836711665,0.37548449225471175
1063,-1.0419415732393122,0.3527690895862547,7.0,-0.7054704472865864,0.1874413519196037,-0.9337792889842934,0.40035243883551735
1065,2.114428886681762,8.284852824937035,25.0,1.4430999659052595,0.40647992364642144,1.6633930755222897,0.4415185268887053
1067,-0.2014979330591675,0.8175052672933703,12.0,-0.028015066702343064,0.16349169219823073,-0.2150363468882826,0.37023929565928293
1069,1.2002994442219028,3.321111261432162,21.0,0.7858989266498808,0.28298170806349976,0.9870495057016876,0.3950084396592368
1073,0.09610776265520099,1.100877691105123,14.0,-0.03963940004571175,0.17809965548641815,0.03506220927340131,0.3461491178036456
1075,0.39167910408478823,1.4794628816254742,16.0,0.12852594151925603,0.2692240954151499,0.2958398939838304,0.37653063635506834
1077,-0.5128063298910415,0.5988127525073104,10.0,-0.36205791985961727,0.33957258497801557,-0.5028567202118649,0.3776889541514582
1082,-1.0419415732393122,0.3527690895862547,7.0,-0.8155589473384327,0.282157278307651,-0.9337792889842936,0.4003524388355177
1085,-0.8533617366680986,0.4259804879618963,8.0,-0.8553679022233592,0.30642522731118876,-0.7819195973726168,0.3795035313206921
1087,-0.3546081598647803,0.7014482449410298,11.0,-0.46959375124361136,0.31581517926558855,-0.3576444837838574,0.38226583393437025
1088,-0.05175779075817196,0.9495588309165609,13.0,-0.09462806852460044,0.24028935852206373,-0.08518150069094024,0.35104280801891263
1090,-0.2014979330591675,0.8175052672933703,12.0,-0.12238173463424387,0.2642493690669128,-0.21503634688828352,0.37023929565928293
1091,0.09610776265520099,1.100877691105123,14.0,0.003802554976810025,0.14276220948288137,0.03506220927340105,0.3461491178036444
1092,-0.6781729309234265,0.5075434627109395,9.0,-0.5602250986242986,0.26531070418351266,-0.6423483769432579,0.37077385564401494
1094,-0.2014979330591675,0.8175052672933703,12.0,-0.20515903731313354,0.31296558734517393,-0.21503634688828407,0.3702392956592837
1097,-0.6781729309234265,0.5075434627109395,9.0,-0.5383887779663998,0.2804616894248684,-0.6423483769432579,0.3707738556440146
1099,2.114428886681762,8.284852824937035,25.0,1.685531128057549,0.4591994182888003,1.663393075522289,0.44151852688870513
1101,0.2434740008453099,1.2756731509859245,15.0,0.02862713554990171,0.16426961758243927,0.1592446026764056,0.3607840127233479
1102,-0.05175779075817196,0.9495588309165609,13.0,-0.06405336473390931,0.20810872481345435,-0.08518150069094052,0.35104280801891324
1104,1.3914384290243949,4.02062928535033,22.0,0.8815987299409271,0.33207350303527977,1.1471695605746204,0.4030989602860785
1106,-1.0419415732393122,0.3527690895862547,7.0,-0.7062513978841282,0.18804263644421454,-0.933779288984292,0.40035243883551713
1108,0.39167910408478823,1.4794628816254742,16.0,0.001371659318357454,0.1423275141373526,0.2958398939838315,0.3765306363550688
1110,3.65390138076685,38.62506355938012,28.0,2.0399696780464676,0.5323938889879507,2.350085782540949,0.5215516894828052
1111,0.6962431438568252,2.0062015214817475,18.0,0.5265204997850412,0.3004899107589667,0.5747814039134835,0.36273148125602395
1112,0.5421015229183047,1.719616881874658,17.0,0.31620281362923996,0.34122686955799536,0.4384249483671167,0.375484492254712
1113,-0.05175779075817196,0.9495588309165609,13.0,-0.027048725818592977,0.1623238353382162,-0.08518150069094052,0.3510428080189132
1115,-1.0419415732393122,0.3527690895862547,7.0,-0.7821862550872907,0.2570036844255995,-0.9337792889842934,0.40035243883551735
1117,-0.8533617366680986,0.4259804879618963,8.0,-0.7122798258116855,0.1929774701164658,-0.7819195973726168,0.3795035313206921
1118,0.2434740008453099,1.2756731509859245,15.0,0.055371363550419606,0.19786981518351193,0.15924460267640644,0.3607840127233482
1119,-0.5128063298910415,0.5988127525073104,10.0,-0.6439313305870146,0.19198827975732302,-0.5028567202118662,0.37768895415145776
1121,-0.6781729309234265,0.5075434627109395,9.0,-0.27667431902809914,0.33435280424350994,-0.6423483769432579,0.37077385564401466
1125,0.6962431438568252,2.0062015214817475,18.0,0.46966933918383086,0.32291597814057466,0.5747814039134815,0.36273148125602367
1126,0.09610776265520099,1.100877691105123,14.0,-0.023086525887573713,0.15768841400935232,0.03506220927340192,0.34614911780364566
1128,-0.3546081598647803,0.7014482449410298,11.0,-0.3307020170890578,0.34009598589592777,-0.3576444837838562,0.38226583393437047
1129,-0.05175779075817196,0.9495588309165609,13.0,-0.13043893599831913,0.2703824799046541,-0.08518150069093988,0.35104280801891313
1130,-0.8671091956993447,0.42016440841258546,3.0,-0.8205148034319488,0.425725242680846,-0.6406058321125542,0.5676177011622021
1131,-1.7545432333077289,0.17298623860091572,4.0,-0.9652577118362463,0.34724710359070937,-1.4655391128705682,0.4407151174075108
1135,1.8381981877131282,6.285203295829569,24.0,1.3205881338026526,0.39145774531115535,1.4789306476109632,0.41813545124777685
1139,0.006833475670525636,1.0068568771394835,13.0,-0.05268374252342984,0.1976423422756513,-0.036480676118865185,0.35402456783737346
1141,-1.0419415732393122,0.3527690895862547,7.0,-0.7561201601432511,0.23417607733470328,-0.9337792889842934,0.40035243883551747
1142,-0.8533617366680986,0.4259804879618963,8.0,-0.6238792310972233,0.21016643151226921,-0.781919597372618,0.3795035313206925
1144,-1.7545432333077289,0.17298623860091572,4.0,-1.248175946373921,0.34345341953952013,-1.4655391128705657,0.44071511740751057
1147,-0.31716032351598195,0.7282139959381141,9.0,-0.348978840024461,0.3440365564040008,-0.320283849293625,0.4063395440961629
1148,2.114428886681762,8.284852824937035,25.0,1.5303321067516833,0.42371171263753193,1.6633930755222888,0.4415185268887049
1149,1.3914384290243949,4.02062928535033,22.0,0.8165202074677991,0.3004040375730659,1.14716956057462,0.4030989602860782
1151,2.454071785826621,11.63562817981425,26.0,1.6427436929824188,0.44934006513175506,1.868945868237628,0.4646651746225966
1154,0.2434740008453099,1.2756731509859245,15.0,0.016115285754864678,0.15045761041307143,0.15924460267640775,0.3607840127233488
1156,-0.8533617366680986,0.4259804879618963,8.0,-0.6852235381950189,0.17653733955658554,-0.7819195973726181,0.3795035313206928
1157,-0.3546081598647803,0.7014482449410298,11.0,-0.47944694960298423,0.3118122877789305,-0.35764448378385727,0.3822658339343704
1160,0.5633483664200121,1.7565442181540587,8.0,0.24882549717364139,0.38254507289179357,0.40673064970814776,0.5070150986400512
1163,-0.8533617366680986,0.4259804879618963,8.0,-0.6601855780812572,0.18050220042464787,-0.781919597372617,0.3795035313206922
1164,-0.3546081598647803,0.7014482449410298,11.0,-0.42904686087689536,0.3289204881931917,-0.3576444837838561,0.38226583393437047
1165,-0.5128063298910415,0.5988127525073104,10.0,-0.5919463938807521,0.23962812177540507,-0.502856720211866,0.3776889541514572
1167,-0.6781729309234265,0.5075434627109395,9.0,-0.6333183914301831,0.2013488615487197,-0.6423483769432579,0.37077385564401494
1169,1.0229601521991782,2.781416004602156,20.0,0.6275409689297062,0.24870954338695883,0.8382474315135964,0.3752979834173013
1171,-0.2014979330591675,0.8175052672933703,12.0,-0.07106849216500347,0.21606715535096105,-0.21503634688828338,0.3702392956592834
1178,0.09610776265520099,1.100877691105123,14.0,-0.023464523055205386,0.1581181111175107,0.0350622092734013,0.3461491178036456
1179,2.9105402742160837,18.366718951596216,27.0,2.0317703059527106,0.5308363594712449,2.0957428886564156,0.4886509528184004
1180,2.114428886681762,8.284852824937035,25.0,1.3888831995013957,0.39828962547488345,1.66339307552229,0.441518526888705
1181,-0.5128063298910415,0.5988127525073104,10.0,-0.3245628604134226,0.33986948933112265,-0.502856720211865,0.37768895415145814
1182,2.114428886681762,8.284852824937035,25.0,1.570399135708182,0.4326468198246153,1.6633930755222903,0.4415185268887051
1194,-0.2014979330591675,0.8175052672933703,12.0,-0.0072183904018479125,0.1440277681751877,-0.21503634688828252,0.37023929565928315
1198,-0.5128063298910415,0.5988127525073104,10.0,-0.5104512605512166,0.29697076728990945,-0.5028567202118664,0.377688954151458
1203,-0.05175779075817196,0.9495588309165609,13.0,-0.03065150881212179,0.1667323800996516,-0.08518150069094052,0.35104280801891324
1204,-1.0419415732393122,0.3527690895862547,7.0,-0.6392431570727397,0.19601282171602674,-0.933779288984294,0.4003524388355174
1208,1.601483249380976,4.960384457774143,23.0,1.2254243431944787,0.3872090497321193,1.3103702421170746,0.4054066454631445
1209,0.6962431438568252,2.0062015214817475,18.0,0.36297406467964494,0.3422678343710358,0.5747814039134829,0.3627314812560231
1212,-1.4822571921003804,0.2271244458532474,5.0,-0.7982320648449,0.26967462564897576,-1.2787552882576803,0.42559977487881073
1213,1.3914384290243949,4.02062928535033,22.0,0.7899924887772839,0.2853693411234609,1.1471695605746208,0.403098960286078
1215,0.09610776265520099,1.100877691105123,14.0,0.02152732196870217,0.15597330860067582,0.03506220927340119,0.34614911780364505
1220,1.0229601521991782,2.781416004602156,20.0,0.6669581578780425,0.2372629833141146,0.838247431513599,0.37529798341730247
1222,-1.0419415732393122,0.3527690895862547,7.0,-0.8515337256778407,0.30433875672625865,-0.9337792889842917,0.40035243883551697
1224,1.2002994442219028,3.321111261432162,21.0,0.7584293437608722,0.26690849670992933,0.9870495057016866,0.39500843965923693
1225,1.0229601521991782,2.781416004602156,20.0,0.5990360556527786,0.2628273058189314,0.838247431513599,0.3752979834173023
1227,-1.0419415732393122,0.3527690895862547,7.0,-0.872510093461916,0.3151456403430298,-0.9337792889842934,0.4003524388355175
1230,0.5421015229183047,1.719616881874658,17.0,0.08590662234883957,0.23190123710759106,0.43842494836711665,0.37548449225471175
1231,-0.8533617366680986,0.4259804879618963,8.0,-0.6856474794269567,0.17664928630394292,-0.7819195973726168,0.3795035313206921
1233,1.8381981877131282,6.285203295829569,24.0,1.1729105205513743,0.38573513184623454,1.4789306476109627,0.41813545124777673
1234,-0.5128063298910415,0.5988127525073104,10.0,-0.5579617785281646,0.26697646096123845,-0.5028567202118649,0.3776889541514582
1235,2.454071785826621,11.63562817981425,26.0,1.8472645641456316,0.4944699682776817,1.868945868237626,0.46466517462259604
1236,-0.3546081598647803,0.7014482449410298,11.0,-0.39624939095774,0.33578530514719007,-0.35764448378385616,0.38226583393437036
1237,1.601483249380976,4.960384457774143,23.0,1.2480740366056153,0.38787367149408125,1.3103702421170746,0.4054066454631445
1240,-1.7545432333077289,0.17298623860091572,4.0,-1.2048385879554344,0.34887463308756,-1.4655391128705655,0.4407151174075105
1241,-0.3546081598647803,0.7014482449410298,11.0,-0.21770836656944717,0.31794795364736006,-0.3576444837838561,0.3822658339343701
1245,0.6962431438568252,2.0062015214817475,18.0,0.41469384001224924,0.3366377552778332,0.5747814039134832,0.3627314812560237
1248,1.3247683902464944,3.7613140970770083,15.0,1.1670558484592772,0.44018952695761693,1.0314374884908588,0.4564922389201655
1249,-1.1612278631247694,0.31310149897766815,2.0,-0.6053036814710159,0.44743270405718416,-0.7673063886863287,0.6174056629470247
1252,7.544775892112028,1890.8389380101523,1.0,0.33341768582543063,0.9376962825210389,0.39823658133649187,0.911479406435515
1257,0.6962431438568252,2.0062015214817475,18.0,0.4260000346903897,0.3344667769488975,0.5747814039134829,0.36273148125602306
1259,1.8798952222543166,6.5528182366975285,15.0,1.3946651731374142,0.49793535169753095,1.3792041873157734,0.5006471717185211
1261,-0.5128063298910415,0.5988127525073104,10.0,-0.5880342089316514,0.24302518809925533,-0.5028567202118647,0.37768895415145765
1264,-0.6781729309234265,0.5075434627109395,9.0,-0.655583960011858,0.18324371540342513,-0.6423483769432579,0.3707738556440146
1265,-1.4822571921003804,0.2271244458532474,5.0,-0.9278104992241785,0.3371029687953572,-1.2787552882576805,0.42559977487881084
1267,-1.2489945866752366,0.28679299745664455,6.0,-0.7170257326767752,0.19715298594300845,-1.1013385416307273,0.41656691171433724
1269,0.09610776265520099,1.100877691105123,14.0,0.0022042957838971887,0.14243095239822945,0.03506220927340055,0.34614911780364493
1272,1.8381981877131282,6.285203295829569,24.0,1.1326745213491742,0.3840566013190447,1.478930647610965,0.41813545124777723
1274,2.114428886681762,8.284852824937035,25.0,1.1237473388686297,0.38355748215952434,1.663393075522289,0.44151852688870513
1275,0.5421015229183047,1.719616881874658,17.0,0.21197120018848786,0.3164432464301794,0.4384249483671169,0.37548449225471214
1278,0.39167910408478823,1.4794628816254742,16.0,0.2953854496134633,0.338841475060319,0.2958398939838305,0.37653063635506856
1279,0.8558315025939318,2.3533303675630854,19.0,0.6399638478508145,0.24372500128359764,0.7040915132396233,0.35962564821007825
1283,0.5421015229183047,1.719616881874658,17.0,0.436852910630126,0.3320656124465136,0.4384249483671167,0.37548449225471164
1285,0.39167910408478823,1.4794628816254742,16.0,0.18557278927715753,0.30457473395981766,0.2958398939838315,0.37653063635506895
1286,-1.0419415732393122,0.3527690895862547,7.0,-0.786936551226168,0.2608675281177689,-0.9337792889842936,0.4003524388355177
1287,2.114428886681762,8.284852824937035,25.0,1.4145781247468232,0.4018793135179663,1.6633930755222879,0.441518526888705
1288,0.5421015229183047,1.719616881874658,17.0,0.06638516839722378,0.2108843112571699,0.43842494836711815,0.37548449225471175
1290,0.8558315025939318,2.3533303675630854,19.0,0.6695187794649704,0.2370346489846534,0.7040915132396216,0.35962564821007825
1294,3.65390138076685,38.62506355938012,28.0,2.1265586430178933,0.5486884133826624,2.350085782540949,0.5215516894828052
1295,-0.3546081598647803,0.7014482449410298,11.0,-0.3288389507327925,0.34003866060603205,-0.3576444837838574,0.3822658339343705
1297,-1.0419415732393122,0.3527690895862547,7.0,-0.7031023251770308,0.18568074800459758,-0.9337792889842936,0.4003524388355176
1299,-0.5128063298910415,0.5988127525073104,10.0,-0.2952878844119826,0.3372949968241071,-0.502856720211865,0.3776889541514582
1300,-0.6781729309234265,0.5075434627109395,9.0,-0.6177570769185561,0.2159549151551824,-0.6423483769432591,0.3707738556440143
1301,-1.4822571921003804,0.2271244458532474,5.0,-0.9960070879286606,0.3530706581543257,-1.2787552882576794,0.42559977487881034
1303,-1.7545432333077289,0.17298623860091572,4.0,-1.2269702732059924,0.34603859613202637,-1.4655391128705677,0.44071511740751057
1304,-0.05175779075817196,0.9495588309165609,13.0,-0.03874769830781865,0.17696315295534895,-0.08518150069093988,0.35104280801891313
1305,-0.8533617366680986,0.4259804879618963,8.0,-0.5929615926355124,0.2387367784596668,-0.7819195973726191,0.3795035313206929
1309,1.8381981877131282,6.285203295829569,24.0,1.3290728911737473,0.39209796607483777,1.478930647610963,0.4181354512477766
1310,-0.3546081598647803,0.7014482449410298,11.0,-0.32313590496659944,0.3398013681126778,-0.35764448378385616,0.38226583393437036
1311,-0.5128063298910415,0.5988127525073104,10.0,-0.40324519906385775,0.33459073056869776,-0.502856720211865,0.37768895415145826
1315,1.3914384290243949,4.02062928535033,22.0,0.9446963995109673,0.354645344865204,1.1471695605746204,0.4030989602860779
1317,0.5421015229183047,1.719616881874658,17.0,0.3494688038824415,0.3425712283165935,0.4384249483671167,0.37548449225471164
1318,0.8558315025939318,2.3533303675630854,19.0,0.5505256193308542,0.28875925206904446,0.7040915132396218,0.35962564821007725
1320,0.8558315025939318,2.3533303675630854,19.0,0.42329385629698557,0.33501710410790686,0.7040915132396226,0.35962564821007764
1323,0.2434740008453099,1.2756731509859245,15.0,-0.015792463430984026,0.15014267110110563,0.15924460267640644,0.36078401272334826
1326,0.39167910408478823,1.4794628816254742,16.0,0.211195094938694,0.3161300827447714,0.2958398939838305,0.37653063635506834
1327,-0.5128063298910415,0.5988127525073104,10.0,-0.463099643657401,0.3182735736959441,-0.5028567202118649,0.3776889541514582
1330,-1.3567062637959408,0.257507543594214,3.0,-0.8584800119073075,0.3725766435713787,-1.046246455677582,0.5204925644116939
1331,-0.8533617366680986,0.4259804879618963,8.0,-0.5755896489457658,0.25341083278911425,-0.7819195973726164,0.3795035313206924
1332,-0.6781729309234265,0.5075434627109395,9.0,-0.488689023252533,0.3077515194915172,-0.6423483769432579,0.37077385564401494
1335,0.39167910408478823,1.4794628816254742,16.0,0.1730432562531612,0.2980175969532622,0.2958398939838305,0.37653063635506834
1336,0.8558315025939318,2.3533303675630854,19.0,0.6128728176110347,0.2556465453793648,0.7040915132396226,0.35962564821007764
1338,1.0229601521991782,2.781416004602156,20.0,0.7698115101069747,0.2735383197899113,0.838247431513599,0.37529798341730264
1339,-1.2489945866752366,0.28679299745664455,6.0,-0.736489136003398,0.2155500705751439,-1.1013385416307278,0.4165669117143374
1343,-0.2014979330591675,0.8175052672933703,12.0,-0.09914082064059239,0.24450452550067667,-0.21503634688828344,0.37023929565928343
1344,1.601483249380976,4.960384457774143,23.0,1.110280916273969,0.38269253290911576,1.3103702421170738,0.40540664546314487
1345,-0.8533617366680986,0.4259804879618963,8.0,-0.7240756844496512,0.2036654537674189,-0.7819195973726175,0.3795035313206918
1346,-0.3546081598647803,0.7014482449410298,11.0,-0.18917772835007637,0.3057924260575276,-0.35764448378385605,0.38226583393437047
1347,-0.2014979330591675,0.8175052672933703,12.0,-0.10668985147631138,0.25126952681101633,-0.2150363468882826,0.37023929565928293
1352,-0.05175779075817196,0.9495588309165609,13.0,-0.15815336954002526,0.28899691170808595,-0.0851815006909408,0.3510428080189138
1357,-0.3546081598647803,0.7014482449410298,11.0,-0.630793390002029,0.203680976296684,-0.35764448378385594,0.38226583393437014
1358,-0.8533617366680986,0.4259804879618963,8.0,-0.6478884753482828,0.1887829071580685,-0.781919597372617,0.3795035313206922
1359,0.5421015229183047,1.719616881874658,17.0,0.1658277908673606,0.2939527406833514,0.4384249483671166,0.3754844922547114
1360,0.6962431438568252,2.0062015214817475,18.0,0.24240021028762126,0.3271241227948915,0.5747814039134835,0.36273148125602395
1362,-0.3546081598647803,0.7014482449410298,11.0,-0.1982297814529162,0.30997208268021736,-0.35764448378385716,0.3822658339343703
1364,0.8558315025939318,2.3533303675630854,19.0,0.646212787886741,0.2416337300493319,0.7040915132396226,0.35962564821007786
1365,1.3914384290243949,4.02062928535033,22.0,0.697842715306688,0.23943085188767693,1.1471695605746188,0.4030989602860776
1368,-0.6781729309234265,0.5075434627109395,9.0,-0.45666070623689986,0.3205727841326386,-0.6423483769432591,0.3707738556440143
1369,1.0592925144360974,2.8843296456567,14.0,0.7302680260192446,0.3419792986676859,0.8301163843678867,0.4410752040513152
1371,-0.8533617366680986,0.4259804879618963,8.0,-0.6885229185963059,0.1775596417392466,-0.7819195973726168,0.3795035313206921
1372,1.3914384290243949,4.02062928535033,22.0,1.0862643164479548,0.3807630492439122,1.1471695605746193,0.4030989602860779
1373,-0.3546081598647803,0.7014482449410298,11.0,-0.2553274539886405,0.32969075003511045,-0.3576444837838573,0.38226583393437025
1375,0.8558315025939318,2.3533303675630854,19.0,0.6860197104080362,0.23734284065033043,0.7040915132396215,0.3596256482100779
1378,1.8381981877131282,6.285203295829569,24.0,1.2674640200946663,0.38856292666030834,1.4789306476109636,0.4181354512477768
1381,-0.5756092737135203,0.5623621319428052,4.0,-0.3836560232662926,0.3896751609131424,-0.4534505078919459,0.5403328272964403
1384,2.114428886681762,8.284852824937035,25.0,1.456170170966968,0.4087860398710356,1.6633930755222877,0.4415185268887049
1387,-0.05175779075817196,0.9495588309165609,13.0,-0.0016303844478077392,0.14235275001527403,-0.08518150069094024,0.35104280801891263
1390,-0.3546081598647803,0.7014482449410298,11.0,-0.22961180928852193,0.32216910834525025,-0.35764448378385616,0.3822658339343706
1391,0.9161696039037378,2.499697198413198,9.0,0.5467741158955275,0.41193511219219303,0.6685041678813138,0.5171569751671415
1392,0.2434740008453099,1.2756731509859245,15.0,0.09371217658285172,0.23957400935520093,0.15924460267640714,0.3607840127233482
1393,0.2434740008453099,1.2756731509859245,15.0,0.007502136317183697,0.14417466709088156,0.1592446026764056,0.3607840127233479
1398,-0.2014979330591675,0.8175052672933703,12.0,-0.22587012519078165,0.32089406304572055,-0.21503634688828246,0.37023929565928315
1400,-0.3546081598647803,0.7014482449410298,11.0,-0.505308779432678,0.29967684141116585,-0.35764448378385605,0.38226583393437025
1401,0.5421015229183047,1.719616881874658,17.0,0.3249993619799963,0.3418745322860838,0.438424948367118,0.37548449225471175
1402,-0.2014979330591675,0.8175052672933703,12.0,-0.4842839606193671,0.3097244926832982,-0.21503634688828252,0.37023929565928315
1403,1.0229601521991782,2.781416004602156,20.0,0.6603031199805253,0.23819123904136782,0.838247431513599,0.37529798341730247
1407,1.0592925144360974,2.8843296456567,14.0,0.852712428172134,0.3712596613205648,0.8301163843678876,0.4410752040513155
1409,1.2002994442219028,3.321111261432162,21.0,0.7911381562867946,0.28603531573660895,0.9870495057016876,0.395008439659237
1412,1.0229601521991782,2.781416004602156,20.0,0.7175348109277948,0.24592058745328588,0.8382474315135976,0.37529798341730164
1414,-0.7942112079859626,0.4519375791166394,8.0,-0.6272231980361989,0.21291612383608347,-0.7324330539206471,0.38230700699097503
1415,-0.05175779075817196,0.9495588309165609,13.0,-0.05054901542190264,0.19187227006558757,-0.0851815006909408,0.3510428080189138
1416,1.0229601521991782,2.781416004602156,20.0,0.6009436032107781,0.26181400137436694,0.8382474315135976,0.37529798341730164
1417,0.6962431438568252,2.0062015214817475,18.0,0.4594799772578878,0.32606033118184896,0.5747814039134824,0.36273148125602295
1418,0.8558315025939318,2.3533303675630854,19.0,0.5866087115078149,0.26952562042945,0.7040915132396233,0.3596256482100779
1419,-0.6781729309234265,0.5075434627109395,9.0,-0.5452611625432695,0.27591276636658213,-0.6423483769432591,0.3707738556440143
1421,0.2434740008453099,1.2756731509859245,15.0,0.022217539819376887,0.15673692516887808,0.15924460267640694,0.3607840127233486
1422,0.005112442058155623,1.0051255328892523,5.0,-0.1275079998568477,0.380129174415449,-0.0193139485102595,0.5523063006782661
1432,-0.3546081598647803,0.7014482449410298,11.0,-0.4125389409921018,0.33277932762954426,-0.357644483783856,0.38226583393436997
1435,-0.6781729309234265,0.5075434627109395,9.0,-0.580729928782843,0.24920045830296694,-0.6423483769432584,0.3707738556440152
1441,0.09610776265520099,1.100877691105123,14.0,-0.007167721112849584,0.1440035252090876,0.03506220927340119,0.34614911780364505
1446,0.09610776265520099,1.100877691105123,14.0,0.026021624151283576,0.1611258308280523,0.035062209273401174,0.34614911780364505
1447,-0.8533617366680986,0.4259804879618963,8.0,-0.5395529311653511,0.27970506410894413,-0.7819195973726164,0.3795035313206924
1448,-0.2014979330591675,0.8175052672933703,12.0,-0.30787542356601,0.33870634683449835,-0.21503634688828246,0.37023929565928315
1450,0.39167910408478823,1.4794628816254742,16.0,0.08697331041048192,0.23297377191757337,0.2958398939838304,0.37653063635506834
1453,-1.0419415732393122,0.3527690895862547,7.0,-0.6801898545516588,0.17566343157303893,-0.9337792889842939,0.4003524388355175
1455,2.9105402742160837,18.366718951596216,27.0,1.881452523850505,0.5014624335186408,2.0957428886564133,0.48865095281839976
1456,-0.2014979330591675,0.8175052672933703,12.0,-0.05365131314255012,0.19569947198506363,-0.21503634688828246,0.37023929565928304
1457,-1.2489945866752366,0.28679299745664455,6.0,-0.8144924021435758,0.28142408760538923,-1.1013385416307282,0.4165669117143376
1459,1.3914384290243949,4.02062928535033,22.0,0.987600079529267,0.3657528535679047,1.1471695605746204,0.4030989602860779
1460,-0.05175779075817196,0.9495588309165609,13.0,-0.06556937382916206,0.20985756276916462,-0.08518150069094052,0.35104280801891324
1461,-0.05175779075817196,0.9495588309165609,13.0,-0.08159090731315066,0.22735731791476912,-0.08518150069094024,0.35104280801891263
1462,-0.4847160961030741,0.6158720204131563,5.0,-0.30671314741207056,0.37834855275527846,-0.41851404039392176,0.49772052875413053
1467,2.9105402742160837,18.366718951596216,27.0,2.024773637657767,0.5295047196194902,2.0957428886564142,0.48865095281840004
1468,-0.6781729309234265,0.5075434627109395,9.0,-0.6421752652822824,0.19347045286622036,-0.6423483769432579,0.37077385564401455
1469,3.65390138076685,38.62506355938012,28.0,2.1265586430178933,0.5486884133826624,2.350085782540949,0.5215516894828052
1470,2.454071785826621,11.63562817981425,26.0,1.6677975631684947,0.4551289525595962,1.8689458682376274,0.4646651746225964
1472,-1.0419415732393122,0.3527690895862547,7.0,-0.6929006234050663,0.1794253963268612,-0.9337792889842934,0.40035243883551735
1474,1.2027669384548128,3.3293162029765684,9.0,0.7700345288125119,0.44384682159741906,0.848201973822716,0.5444089994927196
1475,-0.5128063298910415,0.5988127525073104,10.0,-0.34674078618663734,0.3401791086862641,-0.502856720211865,0.37768895415145826
1476,-0.8533617366680986,0.4259804879618963,8.0,-0.6862469213098107,0.17681747319768107,-0.7819195973726168,0.37950353132069187
1479,1.3914384290243949,4.02062928535033,22.0,0.7381739412756723,0.25567998828392363,1.14716956057462,0.4030989602860782
1481,-0.5128063298910415,0.5988127525073104,10.0,-0.4890343259115915,0.3075939498106467,-0.5028567202118662,0.37768895415145776
1483,0.2434740008453099,1.2756731509859245,15.0,0.04537165639533422,0.18543781140062626,0.15924460267640642,0.3607840127233481
1484,-0.05175779075817196,0.9495588309165609,13.0,-0.05764089665683561,0.20054032538820293,-0.08518150069093922,0.3510428080189129
1485,-1.0419415732393122,0.3527690895862547,7.0,-0.8388130171847555,0.2970446947581642,-0.933779288984294,0.4003524388355177
1488,1.601483249380976,4.960384457774143,23.0,1.0558225494328715,0.3774705709066784,1.3103702421170738,0.40540664546314414
1491,-0.6781729309234265,0.5075434627109395,9.0,-0.7067068046108363,0.1883977191594561,-0.6423483769432591,0.3707738556440143
1500,-1.0419415732393122,0.3527690895862547,7.0,-0.6642364934369962,0.1785267941221869,-0.9337792889842939,0.4003524388355175
1502,0.39167910408478823,1.4794628816254742,16.0,0.08660837868086314,0.2326077048040447,0.2958398939838314,0.3765306363550687
1503,-0.05175779075817196,0.9495588309165609,13.0,-0.21136338311631175,0.31549848197805097,-0.0851815006909408,0.3510428080189138
1509,1.3914384290243949,4.02062928535033,22.0,0.8000119100172344,0.2911511846677254,1.1471695605746224,0.40309896028607817
1510,-0.5128063298910415,0.5988127525073104,10.0,-0.6112422973486171,0.22208690250951665,-0.5028567202118662,0.3776889541514581
1512,0.5421015229183047,1.719616881874658,17.0,0.142718170282398,0.27940770629223854,0.438424948367117,0.375484492254712
1513,-27.63102195422812,9.999991617007794e-13,0.0,-1.390234498867632,0.6502777552367844,-1.3725131886745334,0.7200995335807125
1514,-1.4822571921003804,0.2271244458532474,5.0,-0.9269341575392371,0.33682257236350527,-1.2787552882576807,0.4255997748788109
1515,-1.4822571921003804,0.2271244458532474,5.0,-0.8644463607969435,0.3111652829823592,-1.2787552882576785,0.4255997748788108
1516,1.8381981877131282,6.285203295829569,24.0,1.1116837740878014,0.3827893794231819,1.478930647610964,0.418135451247777
1520,-0.3546081598647803,0.7014482449410298,11.0,-0.48433044296996947,0.30970403191592866,-0.3576444837838574,0.3822658339343705
1522,-0.05175779075817196,0.9495588309165609,13.0,-0.040577804783251535,0.17929546445958705,-0.08518150069093988,0.35104280801891313
1523,-0.6781729309234265,0.5075434627109395,9.0,-0.6635792375711002,0.1788168960412982,-0.6423483769432573,0.3707738556440143
1527,-0.8533617366680986,0.4259804879618963,8.0,-0.585092537138053,0.2455388558838158,-0.7819195973726175,0.3795035313206925
1529,0.39167910408478823,1.4794628816254742,16.0,0.1508355381354056,0.28479227944108193,0.2958398939838315,0.3765306363550688
1531,-1.2489945866752366,0.28679299745664455,6.0,-0.851870478295244,0.3045240540536435,-1.101338541630729,0.4165669117143375
1533,-0.8533617366680986,0.4259804879618963,8.0,-0.6990685932863879,0.18292592416840925,-0.7819195973726164,0.3795035313206927
1534,1.601483249380976,4.960384457774143,23.0,1.1790854050587138,0.3859317306837198,1.3103702421170749,0.40540664546314464
1537,1.0229601521991782,2.781416004602156,20.0,0.7667051959057696,0.27171842211983693,0.8382474315135977,0.37529798341730214
1539,-0.2014979330591675,0.8175052672933703,12.0,-0.08882758332865358,0.23467661171317492,-0.21503634688828246,0.37023929565928315
1544,-1.2489945866752366,0.28679299745664455,6.0,-0.8026821316668972,0.27299799109487516,-1.1013385416307273,0.41656691171433724
1546,1.0229601521991782,2.781416004602156,20.0,0.7132832527059161,0.244242273773405,0.8382474315135977,0.3752979834173021
1548,-0.8533617366680986,0.4259804879618963,8.0,-0.6959581247566651,0.18104301618409419,-0.7819195973726168,0.37950353132069187
1549,-1.2489945866752366,0.28679299745664455,6.0,-0.9887864688945828,0.3518942628054685,-1.1013385416307286,0.41656691171433774
1552,-0.2014979330591675,0.8175052672933703,12.0,-0.044360725643130546,0.18410359489346534,-0.21503634688828338,0.3702392956592834
1553,-1.7545432333077289,0.17298623860091572,4.0,-1.2847116696283964,0.3398906311106644,-1.4655391128705664,0.4407151174075107
1555,1.2002994442219028,3.321111261432162,21.0,0.7416085483167147,0.25750156488767023,0.9870495057016886,0.3950084396592372
1559,0.2434740008453099,1.2756731509859245,15.0,0.0024517670255345576,0.1424708743789244,0.1592446026764064,0.36078401272334804
1560,-0.8533617366680986,0.4259804879618963,8.0,-0.6444376371106162,0.1915672674294932,-0.7819195973726164,0.3795035313206927
1565,1.8381981877131282,6.285203295829569,24.0,1.2257260026717223,0.3872172843131151,1.4789306476109636,0.4181354512477769
1566,-0.5128063298910415,0.5988127525073104,10.0,-0.523011541232932,0.2899335002330295,-0.5028567202118662,0.37768895415145776
1568,2.9105402742160837,18.366718951596216,27.0,2.0317703059527106,0.5308363594712449,2.0957428886564156,0.4886509528184004
1569,2.454071785826621,11.63562817981425,26.0,1.742099096012694,0.47195088308740424,1.8689458682376252,0.46466517462259627
1570,0.6962431438568252,2.0062015214817475,18.0,0.2685819678896898,0.3339570356503722,0.5747814039134811,0.3627314812560235
1576,0.005112442058155623,1.0051255328892523,5.0,-0.1858921512113304,0.3861205304596494,-0.019313948510258888,0.552306300678266
1582,-0.6781729309234265,0.5075434627109395,9.0,-0.5578833374507759,0.26703379189796067,-0.6423483769432573,0.37077385564401427
1586,-0.05175779075817196,0.9495588309165609,13.0,-0.04849904067047548,0.18931647069054824,-0.08518150069094024,0.35104280801891263
1587,0.8558315025939318,2.3533303675630854,19.0,0.5935677801215001,0.2657586849861801,0.7040915132396216,0.35962564821007825
1589,1.0229601521991782,2.781416004602156,20.0,0.6684293483955464,0.23712288319768576,0.838247431513599,0.37529798341730247
1592,-0.8402033252514984,0.4316227547014307,7.0,-0.6359693841891835,0.22793617217977968,-0.7639487268784578,0.4016772360087262
1593,2.9105402742160837,18.366718951596216,27.0,2.041595015386919,0.5327022634236258,2.095742888656413,0.48865095281839965
1596,1.2002994442219028,3.321111261432162,21.0,0.7516854874475015,0.2630591211323395,0.9870495057016864,0.3950084396592367
1599,-0.2014979330591675,0.8175052672933703,12.0,-0.0550601138235923,0.19741976532829555,-0.21503634688828246,0.37023929565928304
1600,-1.7545432333077289,0.17298623860091572,4.0,-1.3720544954931408,0.34092051063958323,-1.4655391128705657,0.44071511740751057
1603,-1.0419415732393122,0.3527690895862547,7.0,-0.8105271136461927,0.27865817574639035,-0.9337792889842931,0.40035243883551713
1609,-0.5128063298910415,0.5988127525073104,10.0,-0.27478629234980023,0.3339965484144643,-0.5028567202118662,0.3776889541514581
1610,1.2002994442219028,3.321111261432162,21.0,0.8869520196198916,0.33429756121444343,0.9870495057016864,0.39500843965923693
1612,-0.5128063298910415,0.5988127525073104,10.0,-0.4444575667885376,0.3245601275693024,-0.5028567202118647,0.377688954151458
1616,0.8558315025939318,2.3533303675630854,19.0,0.5336875282059628,0.2971107748472077,0.7040915132396218,0.35962564821007725
1617,-0.05175779075817196,0.9495588309165609,13.0,-0.012456431631878285,0.147327140773492,-0.08518150069094052,0.3510428080189132
1619,-0.2014979330591675,0.8175052672933703,12.0,-0.0647165115662508,0.20887566264073953,-0.21503634688828344,0.37023929565928343
1621,0.8802504781170783,2.4115036596715176,7.0,0.38440684805489106,0.42348483192572334,0.6035071073284946,0.5690321328322648
1622,0.2434740008453099,1.2756731509859245,15.0,0.05170580436657882,0.19337065409910614,0.15924460267640642,0.3607840127233481
1623,-0.6781729309234265,0.5075434627109395,9.0,-0.6926198149467792,0.17928928789630136,-0.6423483769432573,0.3707738556440143
1624,0.09610776265520099,1.100877691105123,14.0,-0.015346099903216144,0.14973843672352036,0.0350622092734013,0.3461491178036456
1627,-1.64910315127419,0.1922222255961724,3.0,-1.037291317143936,0.3888649067953984,-1.299580258769364,0.4955600166375749
1628,1.0229601521991782,2.781416004602156,20.0,0.7453500432330866,0.25953165704296977,0.8382474315135977,0.37529798341730214
1629,-0.5128063298910415,0.5988127525073104,10.0,-0.37004947455160075,0.33898957370806015,-0.5028567202118646,0.37768895415145765
1630,0.39167910408478823,1.4794628816254742,16.0,0.21013947352577036,0.3157007610863597,0.2958398939838314,0.3765306363550687
1633,-0.8533617366680986,0.4259804879618963,8.0,-0.7220043499858412,0.2017231501816806,-0.781919597372618,0.3795035313206925
1635,-0.3546081598647803,0.7014482449410298,11.0,-0.5211743864604832,0.29100137260965847,-0.35764448378385727,0.38226583393437014
1636,-0.2014979330591675,0.8175052672933703,12.0,-0.3496020048225466,0.3401167218706213,-0.2150363468882842,0.3702392956592835
1637,1.6273558047606802,5.090396904143027,16.0,1.1485958446148046,0.43725764597619976,1.24677904890925,0.4715620267837829
1639,-0.5128063298910415,0.5988127525073104,10.0,-0.6367670170726448,0.1982151586096227,-0.5028567202118662,0.37768895415145776
1640,-1.0419415732393122,0.3527690895862547,7.0,-0.6691374063590065,0.1767660785989071,-0.933779288984294,0.4003524388355176
1643,-0.5128063298910415,0.5988127525073104,10.0,-0.3071038750177715,0.3386331127675539,-0.5028567202118647,0.37768895415145765
1657,0.09610776265520099,1.100877691105123,14.0,-0.14443143438213388,0.28024074277334216,0.03506220927340192,0.34614911780364566
1661,-0.3546081598647803,0.7014482449410298,11.0,-0.20249826349810576,0.3118368785212707,-0.35764448378385727,0.3822658339343704
1663,0.17735399544864547,1.1940537078989073,9.0,-0.12185560567863309,0.30795070503087457,0.10266521860039093,0.4411135982289366
1664,-1.0419415732393122,0.3527690895862547,7.0,-0.6183251901964189,0.21541794567493722,-0.9337792889842941,0.4003524388355175
1665,-0.6781729309234265,0.5075434627109395,9.0,-0.6112191988274669,0.22210852413331705,-0.6423483769432579,0.37077385564401494
1667,1.3914384290243949,4.02062928535033,22.0,1.0197424565305846,0.3721005136540107,1.1471695605746193,0.4030989602860779
1669,-0.8533617366680986,0.4259804879618963,8.0,-0.6261149707863615,0.20805842097978527,-0.7819195973726168,0.3795035313206921
1674,-0.05175779075817196,0.9495588309165609,13.0,-0.14325345476471138,0.27944801286974297,-0.08518150069094024,0.35104280801891263
1676,-0.8533617366680986,0.4259804879618963,8.0,-0.6392301594625159,0.19602425972828394,-0.781919597372617,0.3795035313206924
1680,-1.4822571921003804,0.2271244458532474,5.0,-0.8866634936194219,0.32162908717185207,-1.27875528825768,0.42559977487881073
1681,-0.2014979330591675,0.8175052672933703,12.0,-0.08586068070695625,0.231718983553182,-0.21503634688828252,0.37023929565928315
1682,-0.2014979330591675,0.8175052672933703,12.0,-0.073551564406407,0.21880147978353873,-0.21503634688828246,0.37023929565928315
1685,1.0229601521991782,2.781416004602156,20.0,0.6543129811541363,0.23942209650024057,0.8382474315135987,0.3752979834173027
1687,1.601483249380976,4.960384457774143,23.0,1.3389105883693329,0.39291106953289273,1.3103702421170738,0.4054066454631448
1691,2.9105402742160837,18.366718951596216,27.0,1.6238696335913192,0.44496437190411514,2.095742888656415,0.48865095281839976
1693,-1.2489945866752366,0.28679299745664455,6.0,-0.7974527627496766,0.26908416433230065,-1.1013385416307273,0.41656691171433724
1696,-1.4177154482808227,0.24226685632457295,2.0,-1.0178258381974787,0.464215924339975,-0.9736491419633055,0.5881495975224296
1697,1.2002994442219028,3.321111261432162,21.0,0.9995582565256214,0.3682998056713404,0.9870495057016884,0.3950084396592372
1699,-0.05175779075817196,0.9495588309165609,13.0,-0.18653004033057777,0.3045108523848851,-0.08518150069093994,0.351042808018912
1700,-0.5128063298910415,0.5988127525073104,10.0,-0.39239320413082157,0.3363822375400743,-0.5028567202118664,0.377688954151458
1702,0.2434740008453099,1.2756731509859245,15.0,0.07152477991861242,0.2166757186845587,0.15924460267640694,0.36078401272334865
1704,-0.3546081598647803,0.7014482449410298,11.0,-0.4179422955159843,0.33160728663502814,-0.35764448378385727,0.3822658339343704
1707,0.39167910408478823,1.4794628816254742,16.0,0.13278428942027445,0.27238616879134575,0.2958398939838305,0.3765306363550686
1708,0.5421015229183047,1.719616881874658,17.0,0.3578797388871066,0.3424393716579948,0.4384249483671168,0.3754844922547122
1709,-1.0419415732393122,0.3527690895862547,7.0,-0.7082267635376336,0.18960540917270535,-0.9337792889842936,0.4003524388355174
1710,1.2002994442219028,3.321111261432162,21.0,0.7389506334662597,0.25608809261210885,0.9870495057016876,0.395008439659237
1711,-0.6781729309234265,0.5075434627109395,9.0,-0.5409364831070079,0.2787984766692345,-0.6423483769432579,0.3707738556440146
1712,1.8381981877131282,6.285203295829569,24.0,1.3111067938578176,0.39080635119352647,1.4789306476109627,0.41813545124777657
1716,-0.6781729309234265,0.5075434627109395,9.0,-0.6882552988205716,0.17746400651262845,-0.6423483769432591,0.3707738556440143
1718,1.3914384290243949,4.02062928535033,22.0,0.6843075476114664,0.23716712384266345,1.14716956057462,0.40309896028607817
1722,-0.05175779075817196,0.9495588309165609,13.0,-0.0017875786557535085,0.1423712529716413,-0.08518150069094052,0.35104280801891324
1723,-1.0419415732393122,0.3527690895862547,7.0,-0.6864870622967193,0.17688808048956,-0.9337792889842939,0.4003524388355175
1724,-1.0419415732393122,0.3527690895862547,7.0,-0.8920661244384105,0.3239406339294535,-0.933779288984294,0.4003524388355176
1725,1.3914384290243949,4.02062928535033,22.0,0.8586885698986614,0.32188878523290637,1.14716956057462,0.4030989602860776
1727,-1.0419415732393122,0.3527690895862547,7.0,-0.7772598267283021,0.25289690571152057,-0.9337792889842917,0.4003524388355168
1728,-1.0419415732393122,0.3527690895862547,7.0,-0.7279132589004375,0.2073074958466508,-0.9337792889842936,0.4003524388355176
1729,-0.6781729309234265,0.5075434627109395,9.0,-0.6181174300132202,0.2156143393496714,-0.6423483769432573,0.37077385564401466
1731,-0.6781729309234265,0.5075434627109395,9.0,-0.6830063949723032,0.176047860988024,-0.6423483769432573,0.3707738556440143
1732,-0.5128063298910415,0.5988127525073104,10.0,-0.622875690589228,0.21111450140759222,-0.5028567202118646,0.37768895415145765
1733,-0.5128063298910415,0.5988127525073104,10.0,-0.5518690604537376,0.2713500174568883,-0.5028567202118661,0.37768895415145776
1735,0.6962431438568252,2.0062015214817475,18.0,0.5780051901416435,0.2741977258683262,0.5747814039134832,0.3627314812560237
1737,1.0229601521991782,2.781416004602156,20.0,0.7117787034036327,0.24368176227761462,0.8382474315135974,0.37529798341730236
1738,-0.2014979330591675,0.8175052672933703,12.0,-0.14019844075793816,0.2773608521059231,-0.21503634688828338,0.37023929565928326
1741,-0.6781729309234265,0.5075434627109395,9.0,-0.6979768419175039,0.18223941665851096,-0.6423483769432585,0.3707738556440136
1743,0.39167910408478823,1.4794628816254742,16.0,0.07394466275167089,0.21933844519409343,0.2958398939838304,0.37653063635506856
1744,-0.8533617366680986,0.4259804879618963,8.0,-0.7098873663519527,0.1909619607901717,-0.7819195973726181,0.3795035313206928
1746,0.2434740008453099,1.2756731509859245,15.0,0.06541289976200805,0.20976807950709564,0.15924460267640644,0.36078401272334826
1749,1.3914384290243949,4.02062928535033,22.0,0.8309788901416426,0.3081493150491567,1.1471695605746195,0.40309896028607806
1750,-0.8533617366680986,0.4259804879618963,8.0,-0.7187192138454324,0.19868929281997483,-0.7819195973726157,0.37950353132069176
1751,0.09610776265520099,1.100877691105123,14.0,0.0013105457773204335,0.1423218039597326,0.03506220927340055,0.34614911780364493
1755,-0.5128063298910415,0.5988127525073104,10.0,-0.3810223620837004,0.33788979996239554,-0.5028567202118649,0.3776889541514582
1763,-1.4822571921003804,0.2271244458532474,5.0,-0.9764835590634748,0.3496226346069559,-1.2787552882576791,0.42559977487881107
1764,-0.8533617366680986,0.4259804879618963,8.0,-0.7250490202045162,0.20458447403648697,-0.7819195973726168,0.37950353132069187
1765,2.154805182695034,8.626209480376442,8.0,0.9938725074625536,0.535753229036971,1.220016831182189,0.6335670416168949
1769,-0.2014979330591675,0.8175052672933703,12.0,-0.2654615992632237,0.33207843035893375,-0.21503634688828338,0.37023929565928326
1770,1.8381981877131282,6.285203295829569,24.0,1.1490477564858075,0.3848390825427871,1.4789306476109652,0.41813545124777685
1773,-0.8533617366680986,0.4259804879618963,8.0,-0.597465703210509,0.2347354432172283,-0.7819195973726181,0.3795035313206928
1774,0.6962431438568252,2.0062015214817475,18.0,0.5187101789707093,0.3040413063831818,0.5747814039134832,0.36273148125602334
1776,-0.3546081598647803,0.7014482449410298,11.0,-0.6058911833042183,0.227063759681538,-0.35764448378385716,0.3822658339343703
1777,0.8558315025939318,2.3533303675630854,19.0,0.532738906897795,0.29756441946973367,0.7040915132396234,0.35962564821007825
1778,7.93990709848323,2807.0997123656102,29.0,2.345596218729057,0.5892532696831356,2.6438605181892445,0.5635156230234843
1779,-0.3546081598647803,0.7014482449410298,11.0,-0.23078315254152199,0.3225586250308648,-0.35764448378385727,0.3822658339343704
1780,-0.05175779075817196,0.9495588309165609,13.0,-0.07507516815422269,0.2204577620891823,-0.08518150069094024,0.35104280801891263
1783,0.2434740008453099,1.2756731509859245,15.0,-0.0035102593081761113,0.14268485028966924,0.15924460267640644,0.3607840127233482
1784,-0.3546081598647803,0.7014482449410298,11.0,-0.4714494184071135,0.31508664039314926,-0.35764448378385727,0.38226583393437014
1786,0.6962431438568252,2.0062015214817475,18.0,0.5304038072083767,0.2986728860505853,0.5747814039134835,0.36273148125602395
1788,0.39167910408478823,1.4794628816254742,16.0,0.06446902315003208,0.208678220670469,0.29583989398383154,0.37653063635506884
1789,-1.2489945866752366,0.28679299745664455,6.0,-0.9117941872520046,0.3316500006532793,-1.1013385416307286,0.41656691171433774
1790,0.09610776265520099,1.100877691105123,14.0,0.012049373182450371,0.14703160599166495,0.0350622092734013,0.3461491178036456
1791,2.114428886681762,8.284852824937035,25.0,1.417828306555114,0.4023718960729744,1.6633930755222892,0.44151852688870513
1792,-0.5128063298910415,0.5988127525073104,10.0,-0.48398788535143283,0.3098546417088605,-0.5028567202118646,0.37768895415145765
1795,1.601483249380976,4.960384457774143,23.0,0.9896962964470402,0.36621578538060395,1.3103702421170733,0.4054066454631454
1796,-1.2489945866752366,0.28679299745664455,6.0,-0.8180864834314567,0.2838767539117511,-1.1013385416307278,0.4165669117143373
1797,0.5421015229183047,1.719616881874658,17.0,0.08765148005227312,0.23365166902686152,0.438424948367118,0.37548449225471175
1799,-0.2014979330591675,0.8175052672933703,12.0,-0.04011786506800767,0.1787094246358199,-0.21503634688828338,0.37023929565928326
1802,-1.4822571921003804,0.2271244458532474,5.0,-1.1973764381413934,0.349826255158232,-1.2787552882576794,0.42559977487881034
1805,-0.6781729309234265,0.5075434627109395,9.0,-0.8510288580175394,0.3040602128457823,-0.6423483769432573,0.3707738556440143
1806,-0.8533617366680986,0.4259804879618963,8.0,-0.6574823729684109,0.18205362010453355,-0.7819195973726168,0.37950353132069176
1807,-0.6781729309234265,0.5075434627109395,9.0,-0.6722290849930138,0.17604350983857486,-0.6423483769432584,0.3707738556440152
1810,-0.3546081598647803,0.7014482449410298,11.0,-0.342642682279973,0.34022775224897756,-0.35764448378385605,0.38226583393437025
1812,-0.11062887979939148,0.8952709404147386,2.0,-0.3338547532696705,0.5894530243188184,-0.06269149918693134,0.7302003891662956
1814,-0.5128063298910415,0.5988127525073104,10.0,-0.5855092067869055,0.24518497380404009,-0.5028567202118646,0.37768895415145765
1815,0.39167910408478823,1.4794628816254742,16.0,0.12053269347945465,0.2630306172284652,0.29583989398383037,0.37653063635506856
1818,-0.8533617366680986,0.4259804879618963,8.0,-0.6527919174660913,0.18513031301179045,-0.7819195973726181,0.37950353132069253
1820,-0.7310103385628643,0.48142234473340517,6.0,-0.7481979188402783,0.2955262839502433,-0.6478061063223047,0.4424207516808855
1822,-0.05175779075817196,0.9495588309165609,13.0,-0.015955647253405168,0.15029241678871996,-0.08518150069094088,0.35104280801891274
1824,0.5421015229183047,1.719616881874658,17.0,0.4309662258454347,0.3334065914640534,0.43842494836711665,0.3754844922547121
1828,-0.3546081598647803,0.7014482449410298,11.0,-0.4266117631395597,0.3295419495707218,-0.3576444837838561,0.3822658339343701
1831,-1.7545432333077289,0.17298623860091572,4.0,-1.1543255274074657,0.35482240706710116,-1.4655391128705657,0.44071511740751057
1833,0.39167910408478823,1.4794628816254742,16.0,0.11490769894830791,0.25846258523970217,0.2958398939838305,0.3765306363550686
1836,1.2002994442219028,3.321111261432162,21.0,0.6614157018781968,0.23800309848884152,0.9870495057016864,0.3950084396592368
1837,0.8558315025939318,2.3533303675630854,19.0,0.6214504684586208,0.2514775613333272,0.7040915132396233,0.35962564821007825
1840,-2.5411402134011185,0.07877652651183102,2.0,-1.4188480039906914,0.3486178902001556,-1.9026536048286213,0.4963815093498051
1841,1.3914384290243949,4.02062928535033,22.0,0.8436650373761568,0.3146277143022341,1.1471695605746193,0.40309896028607783
1842,-0.2014979330591675,0.8175052672933703,12.0,-0.07162354072222767,0.21668213415846616,-0.21503634688828344,0.37023929565928343
1847,-0.6781729309234265,0.5075434627109395,9.0,-0.5043500592108955,0.300170308121922,-0.6423483769432579,0.37077385564401494
1848,-0.6781729309234265,0.5075434627109395,9.0,-0.6575348964448176,0.1820218328260641,-0.6423483769432579,0.37077385564401455
1849,-0.2014979330591675,0.8175052672933703,12.0,-0.20049305777276738,0.3109692007370016,-0.2150363468882842,0.3702392956592835
1850,-0.8533617366680986,0.4259804879618963,8.0,-0.6688529129666086,0.176848089252821,-0.7819195973726163,0.37950353132069264
1852,0.39167910408478823,1.4794628816254742,16.0,0.04802388200720411,0.1887806091823602,0.2958398939838304,0.37653063635506834
1859,-0.6781729309234265,0.5075434627109395,9.0,-0.624519373510777,0.20956218369066434,-0.6423483769432573,0.37077385564401427
1862,-0.5128063298910415,0.5988127525073104,10.0,-0.37300199983132554,0.3387277790173288,-0.5028567202118647,0.377688954151458
1863,-1.4822571921003804,0.2271244458532474,5.0,-1.1251987121144438,0.35732646193974416,-1.2787552882576807,0.4255997748788112
1865,1.8381981877131282,6.285203295829569,24.0,1.4652081777757797,0.4104470413536877,1.478930647610965,0.4181354512477768
1868,-0.3546081598647803,0.7014482449410298,11.0,-0.1743023527454532,0.2982337516036541,-0.35764448378385605,0.38226583393437025
1870,-0.8533617366680986,0.4259804879618963,8.0,-0.6682550611847535,0.1770287684853215,-0.7819195973726181,0.3795035313206928
1871,-1.2489945866752366,0.28679299745664455,6.0,-0.8080104958073671,0.2768698091989867,-1.1013385416307286,0.41656691171433774
1872,0.8558315025939318,2.3533303675630854,19.0,0.5828096081550688,0.271589277401592,0.7040915132396233,0.35962564821007825
1875,-1.2489945866752366,0.28679299745664455,6.0,-0.8325621168563823,0.29324487980702607,-1.1013385416307278,0.4165669117143373
1876,-0.2014979330591675,0.8175052672933703,12.0,-0.11980185786973854,0.2622114470975656,-0.21503634688828344,0.37023929565928343
1880,-0.8533617366680986,0.4259804879618963,8.0,-0.6558709611125686,0.18305877127607073,-0.7819195973726168,0.37950353132069187
1882,1.8381981877131282,6.285203295829569,24.0,1.1573637125325773,0.3851798655378534,1.478930647610963,0.4181354512477766
1885,1.601483249380976,4.960384457774143,23.0,0.886170638707142,0.3339765979651666,1.3103702421170758,0.4054066454631452
1886,-2.239801579360765,0.10647963003955796,1.0,-1.3877581310465072,0.5383492190995866,-1.3369141480568858,0.6189426661628608
1889,-0.5128063298910415,0.5988127525073104,10.0,-0.30380462452570356,0.33830045073806997,-0.5028567202118647,0.37768895415145765
1890,2.9105402742160837,18.366718951596216,27.0,1.8691363568688684,0.49896016845226515,2.0957428886564133,0.4886509528183999
1893,-1.2489945866752366,0.28679299745664455,6.0,-0.8450644040073094,0.30070158213384535,-1.1013385416307273,0.41656691171433724
1897,-1.0419415732393122,0.3527690895862547,7.0,-0.7512535398410318,0.22964139146784507,-0.9337792889842917,0.40035243883551697
1899,2.9105402742160837,18.366718951596216,27.0,1.9987066460942724,0.5245203901769286,2.0957428886564156,0.4886509528184004
1901,-1.0419415732393122,0.3527690895862547,7.0,-0.7655622676464212,0.24274858716281753,-0.9337792889842917,0.4003524388355171
1903,-0.2014979330591675,0.8175052672933703,12.0,-0.18213594651288187,0.302323665820025,-0.21503634688828246,0.37023929565928304
1904,-0.3546081598647803,0.7014482449410298,11.0,-0.2949130383954927,0.3372458645182492,-0.35764448378385727,0.3822658339343704
1905,-0.8533617366680986,0.4259804879618963,8.0,-0.6810066856407186,0.17574721343447733,-0.7819195973726157,0.37950353132069176
1906,0.09610776265520099,1.100877691105123,14.0,-0.06007931104198666,0.20345025901749086,0.03506220927340131,0.34614911780364566
1907,-2.464788221267031,0.0850268473430959,1.0,-1.2453298726007902,0.481146445705675,-1.521959272770399,0.5939237678708915
1908,2.114428886681762,8.284852824937035,25.0,1.555193114481735,0.4292105530294676,1.663393075522289,0.4415185268887051
1909,-0.02843763832695713,0.9719629054891266,4.0,-0.1655582497461729,0.4277989729902308,-0.03741045240749011,0.5978863633134234
1911,1.3914384290243949,4.02062928535033,22.0,0.7986553510146335,0.2903745528913732,1.1471695605746224,0.40309896028607817
1915,-0.3546081598647803,0.7014482449410298,11.0,-0.15636901440968357,0.28790692111215066,-0.35764448378385727,0.3822658339343704
1916,-0.8533617366680986,0.4259804879618963,8.0,-0.6299327888053329,0.2044815105883181,-0.7819195973726181,0.3795035313206927
1918,1.0229601521991782,2.781416004602156,20.0,0.7032903256591853,0.2408788397664121,0.8382474315135974,0.37529798341730236
1919,-1.7545432333077289,0.17298623860091572,4.0,-1.110965116958528,0.35818669342956677,-1.4655391128705664,0.4407151174075105
1921,-0.5128063298910415,0.5988127525073104,10.0,-0.48908245304994424,0.30757195448659047,-0.5028567202118647,0.37768895415145765
1923,0.2434740008453099,1.2756731509859245,15.0,0.05760456477223229,0.20057220054512834,0.15924460267640642,0.3607840127233481
1925,-0.3546081598647803,0.7014482449410298,11.0,-0.42415153482456464,0.3301513439675029,-0.35764448378385727,0.38226583393437014
1928,-0.2014979330591675,0.8175052672933703,12.0,-0.163273686692651,0.2920466358586133,-0.21503634688828344,0.37023929565928326
1929,-0.8533617366680986,0.4259804879618963,8.0,-0.6534290007841762,0.18468637464432944,-0.7819195973726181,0.3795035313206928
1931,-0.05175779075817196,0.9495588309165609,13.0,-0.050331475782963854,0.19160200967515637,-0.08518150069093988,0.35104280801891313
1932,-0.6781729309234265,0.5075434627109395,9.0,-0.5755048699806314,0.2534793201049662,-0.6423483769432573,0.3707738556440143
1934,-0.8533617366680986,0.4259804879618963,8.0,-0.7189634816760306,0.1989125765245233,-0.7819195973726164,0.3795035313206925
1938,-0.5128063298910415,0.5988127525073104,10.0,-0.6276403527072447,0.20662502814689096,-0.5028567202118647,0.37768895415145765
1939,-0.5128063298910415,0.5988127525073104,10.0,-0.5906678386620628,0.24074499654023068,-0.5028567202118649,0.3776889541514582
1942,-0.05175779075817196,0.9495588309165609,13.0,-0.12235219807394065,0.26422624417746876,-0.08518150069093988,0.3510428080189131
1945,-0.30056279010797626,0.7404014128139835,7.0,-0.12901391069782525,0.31054713421509506,-0.2906594862504682,0.45009833226965307
1946,-1.1644145993980528,0.31210531520418383,3.0,-1.0015815752307065,0.43545548758032315,-0.8904720076885797,0.5350976996459746
1948,1.0229601521991782,2.781416004602156,20.0,0.4707568799690405,0.32256429326907365,0.838247431513599,0.37529798341730264
1949,-0.2014979330591675,0.8175052672933703,12.0,-0.2238228320354489,0.32017642536240154,-0.21503634688828321,0.3702392956592835
1954,0.5633483664200121,1.7565442181540587,8.0,0.2941403510096597,0.3900198819600549,0.40673064970814754,0.5070150986400512
1956,-1.2489945866752366,0.28679299745664455,6.0,-1.093435519581406,0.35886310062778937,-1.1013385416307266,0.4165669117143369
1959,-0.8533617366680986,0.4259804879618963,8.0,-0.6144574126985358,0.21906802305789894,-0.7819195973726182,0.3795035313206926
1960,-0.8533617366680986,0.4259804879618963,8.0,-0.7342007630491159,0.2133448468336001,-0.7819195973726164,0.3795035313206927
1963,1.8381981877131282,6.285203295829569,24.0,1.333164237424872,0.3924267295456454,1.4789306476109636,0.4181354512477769
1964,-1.7545432333077289,0.17298623860091572,4.0,-1.0775974417031122,0.3590750512130411,-1.4655391128705677,0.4407151174075107
1965,-0.8533617366680986,0.4259804879618963,8.0,-0.5406951287044931,0.27895720414901676,-0.781919597372617,0.3795035313206919
1968,-0.41312894496871916,0.661576970305915,4.0,-0.17478883712755705,0.3849405085488117,-0.3256948025238348,0.5560473658051516
1976,-0.2014979330591675,0.8175052672933703,12.0,-0.05633596364945559,0.1989675640343391,-0.21503634688828244,0.37023929565928293
1977,-0.6781729309234265,0.5075434627109395,9.0,-0.6527903265386981,0.18513143115611227,-0.6423483769432585,0.370773855644014
1978,-0.3546081598647803,0.7014482449410298,11.0,-0.2420844362318203,0.3260841501490801,-0.3576444837838573,0.38226583393437064
1979,-1.0419415732393122,0.3527690895862547,7.0,-0.6755091109939853,0.17562457590208613,-0.933779288984294,0.4003524388355177
1981,-0.8533617366680986,0.4259804879618963,8.0,-0.7782695591346589,0.2537468609732876,-0.7819195973726168,0.37950353132069187
1984,-0.3546081598647803,0.7014482449410298,11.0,-0.37649068387339407,0.33838609197594105,-0.35764448378385605,0.38226583393437025
1985,-1.0419415732393122,0.3527690895862547,7.0,-0.6718758354921806,0.17611020200732871,-0.933779288984292,0.4003524388355172
1986,1.0229601521991782,2.781416004602156,20.0,0.5813607866596074,0.272376349654084,0.8382474315135977,0.37529798341730214
1987,-0.3546081598647803,0.7014482449410298,11.0,-0.14335661525059537,0.27951770193539716,-0.35764448378385605,0.38226583393437047
1988,-0.5128063298910415,0.5988127525073104,10.0,-0.6234610497392397,0.2105613928407745,-0.5028567202118664,0.377688954151458
1989,1.2002994442219028,3.321111261432162,21.0,0.7124971269974607,0.24394715086212554,0.9870495057016866,0.3950084396592368
1993,-0.7310103385628643,0.48142234473340517,6.0,-0.5728793288832832,0.3023975679945254,-0.6478061063223047,0.44242075168088546
1994,-1.0419415732393122,0.3527690895862547,7.0,-0.7483047919165299,0.22686106866872396,-0.933779288984294,0.4003524388355176
1997,0.14253587296341944,1.1531944487176475,11.0,0.051241826425473785,0.23251995924813623,0.06967360914179095,0.39477773603298694
1998,0.39167910408478823,1.4794628816254742,16.0,0.21018978912173178,0.31572131283993465,0.29583989398383154,0.37653063635506884
2000,2.114428886681762,8.284852824937035,25.0,1.3732400982110184,0.39637699024581735,1.6633930755222903,0.4415185268887049
2001,2.114428886681762,8.284852824937035,25.0,1.272269596462521,0.38875789323844806,1.6633930755222888,0.4415185268887049
2006,-0.5897181505298184,0.5544835436057224,7.0,-0.37327036227471405,0.34392446200801624,-0.547464487939669,0.42635830120318396
2008,-0.2014979330591675,0.8175052672933703,12.0,-0.19533575929125105,0.30866937783892245,-0.21503634688828344,0.37023929565928343
2010,2.454071785826621,11.63562817981425,26.0,1.6614174629886214,0.4536582796447783,1.8689458682376265,0.4646651746225962
2011,-1.0419415732393122,0.3527690895862547,7.0,-0.8187603402197519,0.28433090650313175,-0.9337792889842934,0.40035243883551735
2013,-0.6781729309234265,0.5075434627109395,9.0,-0.6318482902287251,0.20270341312867957,-0.6423483769432579,0.37077385564401494
2015,1.8381981877131282,6.285203295829569,24.0,1.1159939010395947,0.38307688077271246,1.4789306476109634,0.41813545124777657
2016,-0.6781729309234265,0.5075434627109395,9.0,-0.5200851884599151,0.29162818238961286,-0.6423483769432573,0.3707738556440143
2017,2.114428886681762,8.284852824937035,25.0,1.559789805525676,0.4302444157216073,1.6633930755222877,0.44151852688870497
2018,-0.3546081598647803,0.7014482449410298,11.0,-0.2860976188975508,0.33597098630726446,-0.3576444837838572,0.3822658339343705
2019,0.8558315025939318,2.3533303675630854,19.0,0.5434558391078215,0.2923319002245264,0.7040915132396234,0.35962564821007825
2020,-1.2489945866752366,0.28679299745664455,6.0,-0.7447635650102087,0.22349466692076114,-1.1013385416307278,0.4165669117143374
2021,1.601483249380976,4.960384457774143,23.0,0.8725560675741151,0.3281827308855823,1.3103702421170722,0.40540664546314475
2023,-1.0419415732393122,0.3527690895862547,7.0,-0.7278618763056736,0.20725843973706415,-0.9337792889842936,0.4003524388355174
2024,-0.5128063298910415,0.5988127525073104,10.0,-0.29598017183718167,0.33738465261637307,-0.5028567202118661,0.37768895415145814
2025,2.454071785826621,11.63562817981425,26.0,1.8472645641456316,0.4944699682776817,1.868945868237626,0.46466517462259604
2028,0.5421015229183047,1.719616881874658,17.0,0.16795568680389295,0.29517406115684847,0.4384249483671181,0.3754844922547119
2030,-0.2014979330591675,0.8175052672933703,12.0,-0.08325980239976935,0.22907703309873545,-0.21503634688828321,0.3702392956592835
2031,-0.05175779075817196,0.9495588309165609,13.0,-0.047676516047046924,0.18828562467088372,-0.08518150069094088,0.3510428080189128
2032,-0.05175779075817196,0.9495588309165609,13.0,-0.06135662611754708,0.2049590943039872,-0.08518150069094052,0.3510428080189132
2033,1.3914384290243949,4.02062928535033,22.0,0.8599300858993759,0.32246835884628655,1.1471695605746228,0.40309896028607844
2034,0.5421015229183047,1.719616881874658,17.0,0.1400302267469475,0.2775557077342122,0.438424948367118,0.37548449225471175
2037,2.9105402742160837,18.366718951596216,27.0,1.6853843967790985,0.4591658566485476,2.0957428886564147,0.4886509528184
2038,7.331424053043035,1527.555543960691,2.0,0.6433268322607232,0.8186994529407218,0.6196171259737042,0.8549469860874965
2039,0.8558315025939318,2.3533303675630854,19.0,0.4377826135592982,0.33184546647640556,0.7040915132396226,0.35962564821007786
2040,-0.3546081598647803,0.7014482449410298,11.0,-0.211875611021712,0.31570147119495023,-0.3576444837838561,0.3822658339343701
2041,-0.3546081598647803,0.7014482449410298,11.0,-0.31899024002495424,0.33957028392820715,-0.35764448378385616,0.3822658339343706
2043,-0.8533617366680986,0.4259804879618963,8.0,-0.6262108675262247,0.2079681726903408,-0.7819195973726181,0.37950353132069253
2049,1.2002994442219028,3.321111261432162,21.0,0.7695107625180145,0.2733619058884742,0.9870495057016896,0.3950084396592371
2051,0.8558315025939318,2.3533303675630854,19.0,0.5845984620907916,0.2706173923058212,0.7040915132396233,0.35962564821007825
2052,-0.6781729309234265,0.5075434627109395,9.0,-0.6144392442163076,0.21908512906736383,-0.6423483769432573,0.37077385564401427
2054,-0.5128063298910415,0.5988127525073104,10.0,-0.5202615664541215,0.29152699808432614,-0.5028567202118662,0.3776889541514581
2055,-1.4822571921003804,0.2271244458532474,5.0,-0.8425265728609802,0.29923407376683536,-1.2787552882576787,0.42559977487881073
2056,-1.0419415732393122,0.3527690895862547,7.0,-0.6684201887921626,0.17697774029963845,-0.933779288984293,0.40035243883551735
2057,-0.5128063298910415,0.5988127525073104,10.0,-0.5884535161781383,0.24266401419548445,-0.5028567202118666,0.3776889541514579
2059,-0.5128063298910415,0.5988127525073104,10.0,-0.25149659910163086,0.3287046890150871,-0.5028567202118661,0.37768895415145776
2060,-1.2489945866752366,0.28679299745664455,6.0,-0.8526653222010111,0.30495984839621226,-1.1013385416307278,0.4165669117143373
2062,-1.0419415732393122,0.3527690895862547,7.0,-0.7264373097875952,0.20590118655879824,-0.9337792889842934,0.40035243883551735
2065,0.474547521759667,1.6072867706360956,12.0,0.11352183522502848,0.278521612746218,0.358942082786034,0.4209887136621692
2066,-0.2014979330591675,0.8175052672933703,12.0,-0.2528707189999171,0.3290637019585941,-0.21503634688828338,0.3702392956592834
2067,-0.6781729309234265,0.5075434627109395,9.0,-0.5485375908797009,0.2736737334083436,-0.6423483769432573,0.3707738556440143
2069,-0.6781729309234265,0.5075434627109395,9.0,-0.51350801506381,0.29531451443078005,-0.6423483769432579,0.370773855644015
2070,1.601483249380976,4.960384457774143,23.0,0.9746887933036761,0.3627427911915197,1.3103702421170738,0.40540664546314414
2076,0.09610776265520099,1.100877691105123,14.0,-0.059400903461432036,0.20264452245293554,0.0350622092734013,0.3461491178036456
2077,-1.0419415732393122,0.3527690895862547,7.0,-0.7437154911883563,0.22249344987656813,-0.9337792889842934,0.4003524388355172
2078,-2.08971331968215,0.12372259956800169,3.0,-1.2704302186707561,0.3410996154792116,-1.6708504218063107,0.46664918109593356
2081,-1.2489945866752366,0.28679299745664455,6.0,-0.7513259247140115,0.22970935038742196,-1.1013385416307273,0.41656691171433724
2083,-1.7545432333077289,0.17298623860091572,4.0,-1.3279681056355073,0.338329463893314,-1.4655391128705657,0.44071511740751057
2084,1.2002994442219028,3.321111261432162,21.0,0.7304977879543895,0.25178421729781836,0.9870495057016864,0.3950084396592368
2087,0.6962431438568252,2.0062015214817475,18.0,0.448164299293104,0.32923226268892847,0.5747814039134829,0.3627314812560231
2089,-1.2489945866752366,0.28679299745664455,6.0,-0.8450936610427511,0.30071836529583135,-1.1013385416307278,0.4165669117143374
2091,0.6962431438568252,2.0062015214817475,18.0,0.5046559865314125,0.31006829749575365,0.5747814039134828,0.36273148125602356
2099,0.6962431438568252,2.0062015214817475,18.0,0.16137281001499737,0.29133345297809404,0.5747814039134824,0.36273148125602295
2100,0.39167910408478823,1.4794628816254742,16.0,0.014003051580183234,0.14858709082951121,0.2958398939838304,0.3765306363550688
2102,1.3914384290243949,4.02062928535033,22.0,0.9913697179108152,0.3665802752783764,1.1471695605746206,0.40309896028607795
2105,-0.2014979330591675,0.8175052672933703,12.0,-0.03997562182215508,0.17852815609282452,-0.21503634688828246,0.37023929565928304
2107,-1.2489945866752366,0.28679299745664455,6.0,-0.8892581752840973,0.3227502715513848,-1.1013385416307273,0.41656691171433713
2108,-0.8533617366680986,0.4259804879618963,8.0,-0.6908510997584244,0.17848268316667726,-0.7819195973726174,0.3795035313206917
2110,-27.63102195422812,9.999991617007794e-13,0.0,-1.0553468722158188,0.7309596510764964,-0.9686782341575556,0.7993583530763823
2111,-0.2014979330591675,0.8175052672933703,12.0,-0.18713894563862116,0.30480798581573015,-0.21503634688828244,0.37023929565928293
2112,-0.6781729309234265,0.5075434627109395,9.0,-0.6773582537453706,0.17554998666303923,-0.6423483769432585,0.3707738556440136
2113,-0.5128063298910415,0.5988127525073104,10.0,-0.4585758601914291,0.3199031780672826,-0.5028567202118647,0.37768895415145765
2114,0.42408109656908183,1.5281855193615606,6.0,0.2794196373031242,0.40917996660150435,0.2874189930671034,0.5567118799432199
2115,-0.5128063298910415,0.5988127525073104,10.0,-0.2868279739590677,0.3360853438275627,-0.5028567202118649,0.37768895415145787
2117,-0.6781729309234265,0.5075434627109395,9.0,-0.6589901663509209,0.18116660955918515,-0.6423483769432596,0.37077385564401466
2118,-0.2014979330591675,0.8175052672933703,12.0,-0.07595484508607382,0.22140660846622334,-0.21503634688828338,0.3702392956592834
2120,0.8558315025939318,2.3533303675630854,19.0,0.46324892575649584,0.324929028986606,0.7040915132396218,0.35962564821007725
2121,-1.2489945866752366,0.28679299745664455,6.0,-0.7867540142368207,0.260720805055605,-1.1013385416307282,0.4165669117143376
2123,-1.4822571921003804,0.2271244458532474,5.0,-0.9325079943024175,0.33857131919067673,-1.27875528825768,0.42559977487881073
2125,-0.6781729309234265,0.5075434627109395,9.0,-0.5779194500974013,0.25151658056967025,-0.6423483769432573,0.37077385564401427
2126,1.8381981877131282,6.285203295829569,24.0,1.0574080397301637,0.37766817987594914,1.478930647610965,0.4181354512477767
2127,1.3914384290243949,4.02062928535033,22.0,0.9575220711040358,0.35830288509699554,1.1471695605746193,0.403098960286078
2131,-0.5128063298910415,0.5988127525073104,10.0,-0.5691136203258982,0.25855234605646216,-0.5028567202118647,0.37768895415145765
2132,0.09610776265520099,1.100877691105123,14.0,-0.006955747720112166,0.1439038164796131,0.03506220927340131,0.34614911780364566
2135,1.0229601521991782,2.781416004602156,20.0,0.6892981775107484,0.23777050349812281,0.838247431513599,0.3752979834173025
2139,-0.5128063298910415,0.5988127525073104,10.0,-0.5577544854945534,0.2671279089752851,-0.5028567202118649,0.3776889541514582
2140,2.114428886681762,8.284852824937035,25.0,1.555193114481735,0.4292105530294676,1.663393075522289,0.4415185268887051
2141,-0.3546081598647803,0.7014482449410298,11.0,-0.2579520446180538,0.3303397420054405,-0.3576444837838562,0.3822658339343702
2142,-0.6781729309234265,0.5075434627109395,9.0,-0.5601860614490242,0.26533962402570016,-0.6423483769432579,0.37077385564401494
2143,1.0229601521991782,2.781416004602156,20.0,0.6639960645579058,0.2376172422259876,0.8382474315135976,0.3752979834173018
2144,2.454071785826621,11.63562817981425,26.0,1.7162996005894888,0.46618489279145375,1.8689458682376279,0.4646651746225965
2145,-0.2014979330591675,0.8175052672933703,12.0,-0.19905690782210372,0.31033867917202684,-0.2150363468882826,0.37023929565928293
2147,2.454071785826621,11.63562817981425,26.0,1.7826994582223352,0.48083432775457946,1.8689458682376274,0.4646651746225964
2148,1.0229601521991782,2.781416004602156,20.0,0.6597693166521377,0.23828609952808222,0.8382474315135964,0.3752979834173016
2149,-0.3546081598647803,0.7014482449410298,11.0,-0.41565652399426806,0.3321138268683546,-0.357644483783856,0.38226583393436997
2151,-0.8533617366680986,0.4259804879618963,8.0,-0.6050326983108889,0.22785542459617802,-0.7819195973726164,0.3795035313206925
2152,0.09610776265520099,1.100877691105123,14.0,0.03625299779614606,0.1738288827203257,0.035062209273401174,0.34614911780364505
2154,-1.0419415732393122,0.3527690895862547,7.0,-0.7231151923338113,0.2027623586451149,-0.9337792889842934,0.40035243883551735
2155,-0.8533617366680986,0.4259804879618963,8.0,-0.7176892647196947,0.19775241423123643,-0.781919597372618,0.3795035313206927
2157,1.601483249380976,4.960384457774143,23.0,1.1704772252642133,0.3856543083095098,1.3103702421170729,0.4054066454631445
2160,-1.0419415732393122,0.3527690895862547,7.0,-0.7836414235850407,0.25819736303003055,-0.9337792889842934,0.40035243883551735
2161,2.454071785826621,11.63562817981425,26.0,1.4804526390853285,0.4133618008733112,1.8689458682376274,0.4646651746225964
2162,-0.5128063298910415,0.5988127525073104,10.0,-0.3876771742363714,0.3370531611548817,-0.5028567202118647,0.37768895415145765
2163,1.0229601521991782,2.781416004602156,20.0,0.6700325412015598,0.2369976439208025,0.838247431513599,0.3752979834173023
2164,-0.6781729309234265,0.5075434627109395,9.0,-0.648649740993223,0.18819063034194297,-0.6423483769432584,0.3707738556440156
2170,0.8558315025939318,2.3533303675630854,19.0,0.40326536548411707,0.33848958861677203,0.7040915132396233,0.35962564821007825
2171,2.454071785826621,11.63562817981425,26.0,1.5370205387403968,0.42517380832765195,1.8689458682376276,0.4646651746225964
2172,-1.0419415732393122,0.3527690895862547,7.0,-0.8659130904543184,0.31190515603734914,-0.9337792889842917,0.40035243883551697
2173,-2.08971331968215,0.12372259956800169,3.0,-1.189548215807737,0.35080862350921976,-1.6708504218063105,0.4666491810959334
2175,-27.63102195422812,9.999991617007794e-13,0.0,-1.577826578246487,0.5892347531697493,-1.6677629863976642,0.6728244108596908
2177,0.09610776265520099,1.100877691105123,14.0,-0.03967389197063923,0.17814361571842618,0.03506220927340056,0.34614911780364493
2180,-1.0419415732393122,0.3527690895862547,7.0,-0.6828484643731624,0.17601921807511636,-0.9337792889842936,0.4003524388355177
2181,2.9105402742160837,18.366718951596216,27.0,1.656149929679633,0.45244203032126773,2.095742888656415,0.48865095281840015
2182,1.2002994442219028,3.321111261432162,21.0,0.7794699677051684,0.2792130904477233,0.9870495057016864,0.39500843965923693
2183,0.2434740008453099,1.2756731509859245,15.0,0.10410691477458725,0.24917995827323508,0.15924460267640644,0.36078401272334826
2187,1.3914384290243949,4.02062928535033,22.0,1.1223964534898114,0.3834770115683148,1.1471695605746193,0.40309896028607783
2188,2.454071785826621,11.63562817981425,26.0,1.553989777216883,0.4289406790000183,1.8689458682376248,0.4646651746225962
2192,-1.0419415732393122,0.3527690895862547,7.0,-0.6672883658576138,0.17734454090410823,-0.9337792889842931,0.40035243883551724
2194,1.3914384290243949,4.02062928535033,22.0,1.015165288699056,0.3712916156494645,1.1471695605746195,0.4030989602860781
2195,-1.0419415732393122,0.3527690895862547,7.0,-0.8370446953282674,0.2959844359068256,-0.9337792889842934,0.40035243883551747
2197,-0.6781729309234265,0.5075434627109395,9.0,-0.5495659894053192,0.27296150107549044,-0.6423483769432579,0.37077385564401494
2198,0.8558315025939318,2.3533303675630854,19.0,0.6172177295918384,0.25350006270630054,0.7040915132396233,0.3596256482100779
2199,1.2002994442219028,3.321111261432162,21.0,0.6992428800190371,0.2397751751251888,0.9870495057016879,0.39500843965923704
2200,-1.0419415732393122,0.3527690895862547,7.0,-0.7403521482342168,0.2192686615077204,-0.933779288984294,0.4003524388355176
2201,0.5421015229183047,1.719616881874658,17.0,0.17083128059689914,0.29679443202824907,0.4384249483671167,0.37548449225471164
2203,0.9149255841466856,2.496589459157032,19.0,0.5849141694744301,0.2717811008415513,0.7531624569168005,0.3711048336030976
2205,-1.5361611098213934,0.21520566863055227,2.0,-0.8961735708601771,0.41473363836533944,-1.0787302275631458,0.5744098094951606
2207,-0.6781729309234265,0.5075434627109395,9.0,-0.6026448384386005,0.23004618842657634,-0.6423483769432579,0.3707738556440146
2209,1.8381981877131282,6.285203295829569,24.0,1.5477049140401375,0.4275367552352154,1.4789306476109636,0.4181354512477768
2210,-0.5128063298910415,0.5988127525073104,10.0,-0.6187173191075089,0.21504720734786037,-0.5028567202118647,0.37768895415145765
2214,-0.8533617366680986,0.4259804879618963,8.0,-0.6672176917876017,0.1773687593646417,-0.7819195973726181,0.37950353132069253
2216,-0.3546081598647803,0.7014482449410298,11.0,-0.5779535130482565,0.2514887119442306,-0.35764448378385605,0.38226583393437025
2217,0.39167910408478823,1.4794628816254742,16.0,0.06081355386273828,0.20440032592732338,0.29583989398383137,0.37653063635506867
2218,2.454071785826621,11.63562817981425,26.0,1.5247272306696125,0.4224977504006477,1.8689458682376274,0.46466517462259643
2225,-0.3546081598647803,0.7014482449410298,11.0,-0.22734632008753677,0.32140272290068733,-0.35764448378385616,0.3822658339343706
2227,-1.0419415732393122,0.3527690895862547,7.0,-0.7003081569606994,0.18373710260910198,-0.9337792889842921,0.40035243883551713
2228,1.0229601521991782,2.781416004602156,20.0,0.6182945686731883,0.2529786507284504,0.8382474315135975,0.37529798341730247
2229,-0.05175779075817196,0.9495588309165609,13.0,-0.024913008017235325,0.1597909975657306,-0.08518150069094052,0.3510428080189132
2236,0.09610776265520099,1.100877691105123,14.0,-0.014150968779392863,0.14869643944789235,0.0350622092734013,0.3461491178036456
2237,1.601483249380976,4.960384457774143,23.0,1.2113861311142027,0.3868339693815812,1.3103702421170746,0.4054066454631445
2238,0.09610776265520099,1.100877691105123,14.0,-0.0973381816293823,0.2428364057604449,0.03506220927340192,0.3461491178036457
2240,-0.5128063298910415,0.5988127525073104,10.0,-0.6069675973811546,0.22606828386172395,-0.5028567202118666,0.3776889541514579
2241,-0.5128063298910415,0.5988127525073104,10.0,-0.6093103071147788,0.22389152338325255,-0.5028567202118649,0.37768895415145787
2243,1.7899067057900526,5.988893711211963,23.0,0.9503860464430377,0.35988745181452597,1.4366417256268083,0.4213635111835601
2244,-0.3546081598647803,0.7014482449410298,11.0,-0.1675893443181724,0.29452886204496403,-0.3576444837838561,0.3822658339343701
2247,1.0229601521991782,2.781416004602156,20.0,0.7262745540559901,0.24976355280917634,0.838247431513599,0.3752979834173024
2249,-1.3418272328574021,0.26136765242753723,4.0,-0.9140772702941713,0.35332979862077024,-1.110531242160751,0.4705179270948378
2255,-1.0419415732393122,0.3527690895862547,7.0,-0.6599414290912304,0.18063502343006702,-0.9337792889842939,0.40035243883551735
2256,1.8381981877131282,6.285203295829569,24.0,1.1121952152069934,0.38282428263155166,1.478930647610964,0.418135451247777
2258,-0.3546081598647803,0.7014482449410298,11.0,-0.5480652290046929,0.273999358084266,-0.35764448378385716,0.3822658339343703
2259,-1.0419415732393122,0.3527690895862547,7.0,-0.6797684481285534,0.17562912176941944,-0.9337792889842936,0.4003524388355174
2263,-2.08971331968215,0.12372259956800169,3.0,-1.399941366726636,0.3449299223654973,-1.6708504218063105,0.4666491810959334
2264,-1.2489945866752366,0.28679299745664455,6.0,-0.9158618252102336,0.333101492145965,-1.1013385416307278,0.41656691171433724
2267,-0.8533617366680986,0.4259804879618963,8.0,-0.6809866894643416,0.17574489086038553,-0.781919597372617,0.3795035313206924
2269,-0.7310103385628643,0.48142234473340517,6.0,-0.5119790183277733,0.3226155277869599,-0.6478061063223041,0.4424207516808854
2273,0.8558315025939318,2.3533303675630854,19.0,0.5876313342536733,0.2689705927067482,0.7040915132396218,0.359625648210077
2274,-0.6781729309234265,0.5075434627109395,9.0,-0.6960515588913035,0.18109621894549416,-0.6423483769432591,0.3707738556440143
2275,-0.5128063298910415,0.5988127525073104,10.0,-0.2626172892926469,0.33144040046354645,-0.502856720211865,0.37768895415145826
2276,2.114428886681762,8.284852824937035,25.0,1.2582340518676485,0.38821698225421586,1.6633930755222877,0.4415185268887048
2278,-0.6781729309234265,0.5075434627109395,9.0,-0.7642059544291235,0.24153709302374426,-0.6423483769432573,0.3707738556440143
2281,-0.7612726356398535,0.46707163660334533,4.0,-0.6396908405473924,0.37644557341081436,-0.613937798647677,0.5179082917542749
2282,-0.6781729309234265,0.5075434627109395,9.0,-0.6378554464210187,0.19724152059530367,-0.6423483769432573,0.3707738556440143
2283,1.601483249380976,4.960384457774143,23.0,1.0137289252015234,0.3710314864758527,1.3103702421170746,0.4054066454631445
2289,-0.6781729309234265,0.5075434627109395,9.0,-0.560379219052625,0.2651964624604036,-0.6423483769432573,0.37077385564401427
2291,0.09610776265520099,1.100877691105123,14.0,0.008331109592200908,0.14460845782314924,0.03506220927340192,0.34614911780364566
2294,-0.2014979330591675,0.8175052672933703,12.0,-0.03431289011644924,0.17132629580437103,-0.21503634688828338,0.37023929565928326
2295,2.454071785826621,11.63562817981425,26.0,1.5080730020824111,0.41895905383241466,1.8689458682376274,0.4646651746225964
2299,-0.5128063298910415,0.5988127525073104,10.0,-0.4904644941049205,0.30693679360271164,-0.5028567202118661,0.37768895415145776
2303,-0.3546081598647803,0.7014482449410298,11.0,-0.1968088095453066,0.3093363548637859,-0.3576444837838561,0.3822658339343701
2308,0.5421015229183047,1.719616881874658,17.0,0.15159768818873748,0.2852821209217984,0.438424948367118,0.3754844922547113
2312,1.601483249380976,4.960384457774143,23.0,1.089232684603933,0.38103100889289565,1.3103702421170738,0.4054066454631448
2313,3.65390138076685,38.62506355938012,28.0,1.6997586034222434,0.4624429888948278,2.3500857825409476,0.521551689482805
2315,-0.5128063298910415,0.5988127525073104,10.0,-0.47544217241642356,0.31347936519447894,-0.502856720211865,0.37768895415145864
2316,0.2434740008453099,1.2756731509859245,15.0,0.06283250722527892,0.20677418269917344,0.15924460267640644,0.36078401272334815
2317,-0.2427341543383451,0.7844800366672777,7.0,-0.2407795967753152,0.350231512316181,-0.24833513087723258,0.44893495293375213
2320,-0.8533617366680986,0.4259804879618963,8.0,-0.717795529274872,0.19784872174232032,-0.7819195973726163,0.37950353132069237
2322,-1.0419415732393122,0.3527690895862547,7.0,-0.8006465880649661,0.2714880144728262,-0.9337792889842921,0.40035243883551697
2325,-0.8533617366680986,0.4259804879618963,8.0,-0.5520232276162446,0.27124133041543336,-0.781919597372618,0.3795035313206925
2328,2.454071785826621,11.63562817981425,26.0,1.5123356540463953,0.41985432636591946,1.8689458682376248,0.46466517462259616
2329,-0.3045698800542337,0.7374404940523008,1.0,-0.4141825548794486,0.7699794751949615,-0.09383472549093094,0.8376688487906364
2330,-0.05175779075817196,0.9495588309165609,13.0,-0.12130054491933974,0.26339976583980235,-0.08518150069094088,0.35104280801891274
2333,0.8558315025939318,2.3533303675630854,19.0,0.4523528049639733,0.3280974910628302,0.7040915132396218,0.35962564821007725
2337,-1.2489945866752366,0.28679299745664455,6.0,-0.7606019202454647,0.23828466619301197,-1.1013385416307273,0.4165669117143373
2338,-0.8533617366680986,0.4259804879618963,8.0,-0.6800015139473596,0.1756473462815646,-0.7819195973726168,0.37950353132069187
2339,1.3914384290243949,4.02062928535033,22.0,0.7013011709376242,0.24031662640644155,1.14716956057462,0.4030989602860782
2340,-0.6781729309234265,0.5075434627109395,9.0,-0.5654575089791216,0.2613741173691299,-0.6423483769432573,0.37077385564401466
2343,-1.7545432333077289,0.17298623860091572,4.0,-1.17799125413217,0.3522123734029116,-1.4655391128705682,0.44071511740751085
2348,-0.8533617366680986,0.4259804879618963,8.0,-0.684857816549434,0.17644545942242257,-0.7819195973726181,0.37950353132069253
2351,0.39167910408478823,1.4794628816254742,16.0,0.05218271499451998,0.1939602408055658,0.2958398939838314,0.3765306363550687
2353,1.0229601521991782,2.781416004602156,20.0,0.7603932958891905,0.26804312919555984,0.838247431513599,0.3752979834173027
2354,1.2002994442219028,3.321111261432162,21.0,0.6267780075930058,0.2490460791276584,0.9870495057016876,0.3950084396592368
2356,-0.05175779075817196,0.9495588309165609,13.0,-0.07911310661345267,0.22476848760377235,-0.08518150069093988,0.35104280801891313
2357,-0.7612726356398535,0.46707163660334533,4.0,-0.4833898362578167,0.3810633508706851,-0.6139377986476774,0.5179082917542751
2358,-0.6781729309234265,0.5075434627109395,9.0,-0.5855544845346611,0.245146475633083,-0.6423483769432584,0.3707738556440156
2364,-0.5128063298910415,0.5988127525073104,10.0,-0.5450255268337536,0.2760720341529585,-0.5028567202118646,0.37768895415145765
2365,-0.6781729309234265,0.5075434627109395,9.0,-0.6632406520843527,0.17897107795154493,-0.6423483769432573,0.3707738556440143
2368,0.6962431438568252,2.0062015214817475,18.0,0.4003083083663336,0.33891265102616525,0.5747814039134824,0.3627314812560225
2371,2.454071785826621,11.63562817981425,26.0,1.666451539533659,0.454818924422637,1.8689458682376252,0.46466517462259627
2372,-0.2014979330591675,0.8175052672933703,12.0,-0.48520354663643894,0.3093182917159237,-0.21503634688828338,0.3702392956592834
2373,-1.2489945866752366,0.28679299745664455,6.0,-0.789962671349437,0.26327950873644373,-1.1013385416307286,0.41656691171433774
2376,-1.0419415732393122,0.3527690895862547,7.0,-0.6942667568657649,0.18011799543842583,-0.9337792889842931,0.40035243883551713
2377,1.3914384290243949,4.02062928535033,22.0,0.9212231461932368,0.34716050364271256,1.14716956057462,0.4030989602860782
2378,-0.8533617366680986,0.4259804879618963,8.0,-0.6471643570203597,0.18935403929080336,-0.7819195973726157,0.3795035313206912
2379,-1.2489945866752366,0.28679299745664455,6.0,-0.921065799301677,0.33489186149196076,-1.1013385416307286,0.4165669117143375
2385,-1.4822571921003804,0.2271244458532474,5.0,-0.9695307502367227,0.3481860313167544,-1.2787552882576811,0.4255997748788111
2391,0.2434740008453099,1.2756731509859245,15.0,0.00745867950882113,0.14415306561211538,0.15924460267640644,0.36078401272334826
2392,-0.6781729309234265,0.5075434627109395,9.0,-0.6028092839243191,0.22989586702027237,-0.6423483769432585,0.3707738556440136
2393,1.2002994442219028,3.321111261432162,21.0,0.8157600042249303,0.29998690816118684,0.9870495057016888,0.39500843965923743
2396,0.2434740008453099,1.2756731509859245,15.0,0.0078181090599523,0.14433516345061717,0.15924460267640644,0.3607840127233482
2397,-1.2489945866752366,0.28679299745664455,6.0,-0.7006742518511144,0.18398289401315976,-1.1013385416307289,0.41656691171433746
2398,-0.2014979330591675,0.8175052672933703,12.0,-0.19936199008330646,0.31047325781904067,-0.21503634688828246,0.37023929565928304
2400,1.8381981877131282,6.285203295829569,24.0,1.2158570000224531,0.38695229475740184,1.4789306476109647,0.4181354512477766
2401,0.5421015229183047,1.719616881874658,17.0,0.4212628761963867,0.33541743280874475,0.4384249483671167,0.37548449225471164
2402,-1.0419415732393122,0.3527690895862547,7.0,-0.7128578650548139,0.19347426113869992,-0.9337792889842934,0.40035243883551735
2405,-1.0419415732393122,0.3527690895862547,7.0,-0.6981484833446246,0.18234556241115518,-0.9337792889842917,0.40035243883551697
2410,-0.2014979330591675,0.8175052672933703,12.0,-0.0812663131459384,0.22702060443359925,-0.21503634688828333,0.3702392956592832
2411,1.0305976271526445,2.802740328009737,12.0,0.7875910528482296,0.3796144636883669,0.7794538262647461,0.455823363434378
2412,1.0229601521991782,2.781416004602156,20.0,0.7198061090745119,0.24687109640943639,0.8382474315135977,0.37529798341730214
2413,0.8558315025939318,2.3533303675630854,19.0,0.5449167505114854,0.29160109088006253,0.7040915132396218,0.3596256482100776
2414,1.0229601521991782,2.781416004602156,20.0,0.6257982681137676,0.24948272479491115,0.838247431513599,0.37529798341730247
2415,0.6962431438568252,2.0062015214817475,18.0,0.45179960981891926,0.3282500158256125,0.5747814039134832,0.3627314812560237
2416,-1.7545432333077289,0.17298623860091572,4.0,-1.1253902173289678,0.35731312343134053,-1.4655391128705682,0.44071511740751074
2417,-1.0708459648833422,0.3427184669618318,4.0,-0.7722005443260066,0.3360891814562538,-0.8774400759959173,0.48952993362089336
2418,-1.7545432333077289,0.17298623860091572,4.0,-1.2165885043625084,0.34736418838737865,-1.4655391128705664,0.4407151174075107
2420,-1.0419415732393122,0.3527690895862547,7.0,-0.8027918020846708,0.27307885879580585,-0.9337792889842942,0.4003524388355179
2424,-0.6781729309234265,0.5075434627109395,9.0,-0.5369381457478059,0.28139661004647937,-0.6423483769432573,0.3707738556440143
2428,0.2434740008453099,1.2756731509859245,15.0,0.10197864907948564,0.24726833146958666,0.15924460267640697,0.36078401272334865
2430,-0.3546081598647803,0.7014482449410298,11.0,-0.3563971860442701,0.33987485564817604,-0.35764448378385616,0.3822658339343706
2435,-0.2014979330591675,0.8175052672933703,12.0,-0.25402131183412785,0.3293597367471805,-0.21503634688828252,0.37023929565928315
2436,-1.2489945866752366,0.28679299745664455,6.0,-0.7150907880873423,0.1954253697115902,-1.1013385416307275,0.41656691171433735
2445,2.114428886681762,8.284852824937035,25.0,1.3858119999257508,0.3978976157499522,1.663393075522289,0.4415185268887051
2447,-0.6781729309234265,0.5075434627109395,9.0,-0.635984347292731,0.19892021094981205,-0.6423483769432596,0.37077385564401466
2449,0.6962431438568252,2.0062015214817475,18.0,0.2628909769869745,0.33264911447039563,0.5747814039134829,0.3627314812560231
2453,-1.0419415732393122,0.3527690895862547,7.0,-0.700424838715662,0.18381513935929347,-0.9337792889842921,0.40035243883551713
2455,-0.6781729309234265,0.5075434627109395,9.0,-0.5675092667310444,0.2597977843390689,-0.6423483769432573,0.37077385564401427
2456,2.114428886681762,8.284852824937035,25.0,1.5105241759719061,0.4194729405733803,1.6633930755222892,0.4415185268887052
2457,0.2434740008453099,1.2756731509859245,15.0,0.008729897152768135,0.144831614614074,0.1592446026764072,0.36078401272334826
2459,1.2002994442219028,3.321111261432162,21.0,0.6470931703935073,0.24136487477124294,0.9870495057016897,0.3950084396592371
2462,0.09610776265520099,1.100877691105123,14.0,0.014724599201652692,0.14920523158177404,0.03506220927340192,0.34614911780364566
2463,0.2434740008453099,1.2756731509859245,15.0,0.0463995613796895,0.18673648859213776,0.15924460267640644,0.36078401272334815
2466,0.6962431438568252,2.0062015214817475,18.0,0.5257643685240977,0.30083981055543163,0.5747814039134832,0.3627314812560237
2467,-0.6781729309234265,0.5075434627109395,9.0,-0.6623376248210644,0.17939775456916277,-0.6423483769432573,0.3707738556440143
2468,-0.8533617366680986,0.4259804879618963,8.0,-0.7596927141099955,0.2374567532890385,-0.7819195973726157,0.3795035313206915
2469,-0.2014979330591675,0.8175052672933703,12.0,-0.09570418015845807,0.24130639120097924,-0.21503634688828427,0.3702392956592835
2470,-0.5128063298910415,0.5988127525073104,10.0,-0.34946970268523164,0.34012012206014314,-0.5028567202118666,0.3776889541514579
2471,2.454071785826621,11.63562817981425,26.0,1.6941728744622047,0.46117214977211124,1.8689458682376276,0.46466517462259643
2472,2.114428886681762,8.284852824937035,25.0,1.3343759146653025,0.39252664775167817,1.6633930755222885,0.4415185268887052
2474,0.6962431438568252,2.0062015214817475,18.0,0.4921046510580605,0.31503814599188723,0.5747814039134824,0.3627314812560225
2478,1.2002994442219028,3.321111261432162,21.0,0.8510506377196041,0.3182541143486517,0.9870495057016864,0.3950084396592367
2482,0.09610776265520099,1.100877691105123,14.0,0.05556914232196152,0.1981103705822278,0.03506220927340105,0.34614911780364443
2485,-0.5128063298910415,0.5988127525073104,10.0,-0.5318189605073764,0.284626377368796,-0.5028567202118647,0.37768895415145765
2487,-0.2014979330591675,0.8175052672933703,12.0,-0.295435462355723,0.33731422713833564,-0.21503634688828183,0.3702392956592827
2494,-0.5128063298910415,0.5988127525073104,10.0,-0.5139926013821751,0.2950486506212076,-0.5028567202118646,0.37768895415145765
2498,-2.08971331968215,0.12372259956800169,3.0,-1.408230210079336,0.34645618881680673,-1.6708504218063123,0.4666491810959338
2499,-1.0419415732393122,0.3527690895862547,7.0,-0.6930285411097179,0.17948811431455242,-0.9337792889842917,0.4003524388355171
2500,-0.41312894496871916,0.661576970305915,4.0,-0.20610777794695778,0.3882569200397225,-0.32569480252383437,0.5560473658051516
2503,0.5421015229183047,1.719616881874658,17.0,0.26222793024854835,0.33249042258429223,0.438424948367118,0.37548449225471175
2504,-0.6781729309234265,0.5075434627109395,9.0,-0.5859781014294494,0.24478587802824173,-0.6423483769432579,0.37077385564401455
2507,-0.6781729309234265,0.5075434627109395,9.0,-0.5620109384278614,0.2639805889454807,-0.6423483769432584,0.3707738556440156
2510,-1.2489945866752366,0.28679299745664455,6.0,-0.7803366868283402,0.2554736936209205,-1.1013385416307286,0.41656691171433746
2511,-0.2014979330591675,0.8175052672933703,12.0,-0.08031416777181812,0.22602869548306795,-0.21503634688828344,0.37023929565928343
2512,7.687432570871115,2180.7684002817714,10.0,1.549895847405283,0.6251014800090283,1.7170041279704054,0.6644801491488104
2513,-0.5128063298910415,0.5988127525073104,10.0,-0.5978122857322458,0.23442448986454237,-0.5028567202118666,0.3776889541514579
2519,-0.8533617366680986,0.4259804879618963,8.0,-0.5982571567586901,0.2340247330354471,-0.7819195973726181,0.3795035313206925
2526,0.029359361256081483,1.0297945962686155,11.0,-0.0580513562083628,0.2192806933003436,-0.015036834018671286,0.3913084717825307
2529,0.6962431438568252,2.0062015214817475,18.0,0.5762902468845448,0.2751270798950567,0.5747814039134829,0.3627314812560228
2530,-0.8533617366680986,0.4259804879618963,8.0,-0.6862799432552337,0.1768270732616368,-0.7819195973726164,0.3795035313206924
2532,-1.0419415732393122,0.3527690895862547,7.0,-0.6944896065531155,0.18023567308554042,-0.933779288984294,0.4003524388355176
2533,-0.8533617366680986,0.4259804879618963,8.0,-0.7040048218324625,0.18634017060233743,-0.781919597372618,0.3795035313206927
2536,0.09610776265520099,1.100877691105123,14.0,-0.010426047326093027,0.1458703084815529,0.0350622092734013,0.3461491178036456
2537,-0.8533617366680986,0.4259804879618963,8.0,-0.7334553105774532,0.21262676211230552,-0.7819195973726191,0.3795035313206929
2538,0.6962431438568252,2.0062015214817475,18.0,0.6013027948849395,0.26162384570282043,0.5747814039134829,0.36273148125602306
2539,0.6962431438568252,2.0062015214817475,18.0,0.5139412725103951,0.30613980366315785,0.5747814039134829,0.3627314812560231
2541,1.0144249014811937,2.7577769477997283,3.0,0.6952892524269896,0.6532357708007525,0.47702663812493407,0.7422320536601934
2542,-0.2014979330591675,0.8175052672933703,12.0,-0.4078168536655015,0.33373185501672237,-0.21503634688828252,0.37023929565928304
2543,-0.5128063298910415,0.5988127525073104,10.0,-0.3024509294806662,0.3381547968292254,-0.5028567202118649,0.3776889541514582
2544,-0.6781729309234265,0.5075434627109395,9.0,-0.5730923057267596,0.25541519502485543,-0.6423483769432584,0.3707738556440152
2546,-1.0419415732393122,0.3527690895862547,7.0,-0.7894567589562234,0.2628789496774207,-0.9337792889842936,0.4003524388355174
2548,0.2434740008453099,1.2756731509859245,15.0,0.03715487531100468,0.17497737095309632,0.15924460267640642,0.3607840127233481
2549,-0.8533617366680986,0.4259804879618963,8.0,-0.7133871376469827,0.19393224719810073,-0.7819195973726164,0.3795035313206927
2552,-1.0419415732393122,0.3527690895862547,7.0,-0.729858172168615,0.20916869354376796,-0.9337792889842921,0.40035243883551724
2554,0.09610776265520099,1.100877691105123,14.0,0.016451182143308783,0.15077150038453635,0.03506220927340119,0.34614911780364505
2555,0.2434740008453099,1.2756731509859245,15.0,0.026613635273250294,0.16183189452081825,0.15924460267640694,0.36078401272334865
2556,-1.2489945866752366,0.28679299745664455,6.0,-0.8046266020777888,0.27442443198654026,-1.1013385416307266,0.4165669117143368
2559,0.8558315025939318,2.3533303675630854,19.0,0.6728250556344435,0.23684846635079693,0.7040915132396226,0.35962564821007764
2561,-0.3546081598647803,0.7014482449410298,11.0,-0.30964328898674115,0.3388676414782749,-0.35764448378385727,0.3822658339343704
2563,0.5421015229183047,1.719616881874658,17.0,0.22635494723961144,0.3218740193460471,0.4384249483671179,0.37548449225471087
2564,-1.7545432333077289,0.17298623860091572,4.0,-1.0812452025206207,0.35906156612929024,-1.4655391128705673,0.4407151174075106
2566,-0.8533617366680986,0.4259804879618963,8.0,-0.658412607093268,0.1815000626207241,-0.7819195973726157,0.3795035313206915
2572,0.5421015229183047,1.719616881874658,17.0,0.07153500530257575,0.21668705666557972,0.438424948367118,0.37548449225471137
2575,-0.3546081598647803,0.7014482449410298,11.0,-0.15102969307943476,0.2845595388014587,-0.35764448378385616,0.38226583393437036
2576,-0.05175779075817196,0.9495588309165609,13.0,-0.14952908826271183,0.2835952499359997,-0.08518150069093958,0.35104280801891247
2578,-0.8533617366680986,0.4259804879618963,8.0,-0.7912066641275544,0.2642598724341885,-0.781919597372618,0.3795035313206925
2580,0.7624276597832542,2.1434735337844883,12.0,0.5644364693157404,0.35250148093556616,0.589011002492128,0.4391312687531361
2581,-0.2014979330591675,0.8175052672933703,12.0,-0.3616210399904099,0.3395991789589401,-0.21503634688828246,0.37023929565928304
2584,-1.2489945866752366,0.28679299745664455,6.0,-0.9186091270627709,0.3340559187843116,-1.1013385416307266,0.4165669117143368
2588,-1.2489945866752366,0.28679299745664455,6.0,-0.7725966719448635,0.24891724538905355,-1.1013385416307278,0.4165669117143374
2592,0.5421015229183047,1.719616881874658,17.0,0.11841926075864428,0.2613350497030437,0.4384249483671167,0.37548449225471164
2594,-0.05175779075817196,0.9495588309165609,13.0,-0.22989588863067603,0.32226399621791757,-0.08518150069094055,0.3510428080189132
2600,-0.5128063298910415,0.5988127525073104,10.0,-0.4806299468849656,0.3113092166713807,-0.5028567202118662,0.37768895415145737
2601,0.04140975931087447,1.0422791016231159,13.0,0.001669257537945796,0.15667410883007532,-0.011282002762468546,0.3529291915763104
2604,-0.3546081598647803,0.7014482449410298,11.0,-0.15153031880199375,0.28487892568630596,-0.35764448378385616,0.3822658339343706
2605,-2.08971331968215,0.12372259956800169,3.0,-1.4214580940078998,0.3491831313790527,-1.6708504218063136,0.46664918109593384
2606,-1.0419415732393122,0.3527690895862547,7.0,-0.7904142430396597,0.2636361344838834,-0.933779288984294,0.4003524388355176
2607,-0.5128063298910415,0.5988127525073104,10.0,-0.6186628356694186,0.21509872321583742,-0.5028567202118646,0.37768895415145765
2610,0.2434740008453099,1.2756731509859245,15.0,0.048496885763453235,0.1893738152563481,0.15924460267640644,0.36078401272334815
2612,1.601483249380976,4.960384457774143,23.0,1.0745893654642868,0.3796212617578658,1.3103702421170755,0.40540664546314475
2615,-0.8533617366680986,0.4259804879618963,8.0,-0.6213823446960244,0.2125265081780642,-0.7819195973726168,0.3795035313206921
2616,0.39167910408478823,1.4794628816254742,16.0,0.4230778965206797,0.3350601891784962,0.2958398939838305,0.37653063635506884
2617,2.9105402742160837,18.366718951596216,27.0,1.9282677704093616,0.5108187478865273,2.0957428886564156,0.4886509528184004
2618,1.2002994442219028,3.321111261432162,21.0,0.8688457571908426,0.32653753254102197,0.9870495057016886,0.3950084396592371
2620,1.8381981877131282,6.285203295829569,24.0,1.4166622111928202,0.402194198907768,1.478930647610965,0.4181354512477769
2621,1.0229601521991782,2.781416004602156,20.0,0.5937159707742607,0.26567882308167173,0.838247431513599,0.37529798341730247
2624,0.2434740008453099,1.2756731509859245,15.0,0.029144545922179504,0.1649039981163884,0.15924460267640644,0.36078401272334815
2625,0.39167910408478823,1.4794628816254742,16.0,0.07380090476658241,0.2191814085951996,0.29583989398383137,0.37653063635506845
2628,-1.2489945866752366,0.28679299745664455,6.0,-0.7425028180019427,0.2213326335525921,-1.101338541630729,0.4165669117143375
2629,-0.6781729309234265,0.5075434627109395,9.0,-0.6041594249761976,0.22865857720426322,-0.6423483769432579,0.3707738556440149
2630,-0.5128063298910415,0.5988127525073104,10.0,-0.42006624776962387,0.331122443514587,-0.5028567202118652,0.3776889541514588
2631,7.93990709848323,2807.0997123656102,29.0,2.345596218729057,0.5892532696831356,2.6438605181892445,0.5635156230234843
2633,-0.8533617366680986,0.4259804879618963,8.0,-0.6229507588496989,0.21104355446509254,-0.7819195973726168,0.3795035313206921
2635,0.39167910408478823,1.4794628816254742,16.0,0.04598400804797636,0.18621191451276542,0.29583989398383154,0.37653063635506884
2636,-0.8533617366680986,0.4259804879618963,8.0,-0.7588440728892734,0.23668137687634547,-0.7819195973726168,0.37950353132069187
2637,0.39167910408478823,1.4794628816254742,16.0,0.12122345540057891,0.2635794615403766,0.2958398939838314,0.3765306363550685
2638,2.114428886681762,8.284852824937035,25.0,1.4740396497422397,0.4121190564324216,1.6633930755222903,0.441518526888705
2640,-0.2014979330591675,0.8175052672933703,12.0,-0.34161066937145007,0.3402324441836838,-0.21503634688828246,0.37023929565928304
2642,0.09610776265520099,1.100877691105123,14.0,0.0027695066181701276,0.1425282685078934,0.0350622092734018,0.34614911780364505
2647,0.09610776265520099,1.100877691105123,14.0,0.05512667221916852,0.19757187809369928,0.03506220927340056,0.34614911780364493
2648,-0.8533617366680986,0.4259804879618963,8.0,-0.6720595819137503,0.17607499387487546,-0.7819195973726168,0.3795035313206921
2650,-0.3546081598647803,0.7014482449410298,11.0,-0.6439009295551884,0.1920136528424859,-0.3576444837838573,0.38226583393437025
2651,-0.8671091956993447,0.42016440841258546,3.0,-0.5198764265167573,0.40221871261887826,-0.6406058321125542,0.5676177011622021
2653,-0.05175779075817196,0.9495588309165609,13.0,-0.012478365079359868,0.1473440065245267,-0.0851815006909408,0.3510428080189138
2654,1.2002994442219028,3.321111261432162,21.0,0.70771482773928,0.24226106751954976,0.9870495057016864,0.3950084396592367
2655,1.0229601521991782,2.781416004602156,20.0,0.6370704711669098,0.24479466637318634,0.8382474315135974,0.3752979834173022
2656,-1.4822571921003804,0.2271244458532474,5.0,-1.1637729127636967,0.3538313816248882,-1.2787552882576805,0.42559977487881073
2659,2.9105402742160837,18.366718951596216,27.0,1.8691363568688684,0.49896016845226515,2.0957428886564133,0.4886509528183999
2661,-0.6781729309234265,0.5075434627109395,9.0,-0.6188115713346276,0.21495808564715152,-0.6423483769432591,0.3707738556440143
2662,-1.0419415732393122,0.3527690895862547,7.0,-0.7587623932191601,0.23660661718526677,-0.9337792889842934,0.40035243883551735
2663,3.65390138076685,38.62506355938012,28.0,2.2364621960699527,0.5691266416630578,2.350085782540951,0.5215516894828056
2665,-1.0419415732393122,0.3527690895862547,7.0,-0.6675489326227774,0.17725657730977257,-0.933779288984294,0.4003524388355177
2666,-0.05175779075817196,0.9495588309165609,13.0,-0.23113453022204594,0.3226745799067808,-0.08518150069094052,0.3510428080189132
2670,-0.8533617366680986,0.4259804879618963,8.0,-0.6632653152294635,0.1789597393259014,-0.7819195973726165,0.3795035313206926
2676,-0.2014979330591675,0.8175052672933703,12.0,-0.07516564526435532,0.22055560441534092,-0.21503634688828352,0.37023929565928293
2677,-0.3546081598647803,0.7014482449410298,11.0,-0.3104921534718493,0.33894187217794564,-0.35764448378385716,0.38226583393437
2680,1.0229601521991782,2.781416004602156,20.0,0.6337332180380653,0.24610087450926874,0.8382474315135974,0.37529798341730236
2681,0.8558315025939318,2.3533303675630854,19.0,0.54882932636401,0.2896245731310905,0.7040915132396218,0.359625648210077
2683,-0.5128063298910415,0.5988127525073104,10.0,-0.5831351745720699,0.24719159465616902,-0.5028567202118646,0.37768895415145765
2686,1.8381981877131282,6.285203295829569,24.0,1.1799925624300838,0.385959672210673,1.4789306476109638,0.4181354512477769
2687,0.39167910408478823,1.4794628816254742,16.0,0.1369785609371676,0.27541037524395523,0.2958398939838304,0.3765306363550688
2689,1.2002994442219028,3.321111261432162,21.0,0.7485460432377706,0.2612984585327216,0.9870495057016879,0.3950084396592372
2691,-0.3546081598647803,0.7014482449410298,11.0,-0.30082348460646224,0.33797261747838714,-0.3576444837838572,0.3822658339343705
2694,0.2434740008453099,1.2756731509859245,15.0,0.0730601356997275,0.21836991766593702,0.15924460267640644,0.36078401272334815
2695,-0.05175779075817196,0.9495588309165609,13.0,-0.028863001263868086,0.1645259675994547,-0.08518150069094052,0.35104280801891324
2703,-0.2014979330591675,0.8175052672933703,12.0,-0.23711103861559876,0.32458423858792784,-0.21503634688828321,0.3702392956592835
2706,-1.2489945866752366,0.28679299745664455,6.0,-0.8533840334499647,0.30535201076009416,-1.1013385416307273,0.41656691171433724
2709,-0.8533617366680986,0.4259804879618963,8.0,-0.6952824485163421,0.1806647536251882,-0.7819195973726181,0.37950353132069253
2710,-0.3546081598647803,0.7014482449410298,11.0,-0.23054357357287175,0.3224793280542026,-0.35764448378385716,0.38226583393437
2712,-0.8533617366680986,0.4259804879618963,8.0,-0.6873900346253603,0.17716994721575263,-0.7819195973726168,0.3795035313206921
2716,1.601483249380976,4.960384457774143,23.0,0.7676362435396493,0.272263329368874,1.3103702421170738,0.40540664546314414
2720,0.2434740008453099,1.2756731509859245,15.0,0.08610756216725518,0.2321038662937496,0.15924460267640642,0.3607840127233481
2725,0.8558315025939318,2.3533303675630854,19.0,0.6122001616796485,0.25598447028394483,0.7040915132396233,0.3596256482100779
2727,-2.08971331968215,0.12372259956800169,3.0,-1.3311924700572804,0.33836523134496094,-1.670850421806311,0.4666491810959337
2738,-0.5128063298910415,0.5988127525073104,10.0,-0.5022202426380509,0.3012542579743169,-0.5028567202118649,0.37768895415145787
2740,1.3914384290243949,4.02062928535033,22.0,1.0409848433070612,0.3754700874264935,1.1471695605746193,0.4030989602860779
2743,-1.0419415732393122,0.3527690895862547,7.0,-0.7195720909794209,0.19947062529494114,-0.9337792889842921,0.40035243883551724
2745,1.8381981877131282,6.285203295829569,24.0,1.4280239815700724,0.4039710444032537,1.4789306476109634,0.4181354512477766
2749,-0.8533617366680986,0.4259804879618963,8.0,-0.5479949886670105,0.27404769713240235,-0.7819195973726173,0.3795035313206925
2753,1.3914384290243949,4.02062928535033,22.0,1.0142588438705757,0.3711278084042522,1.1471695605746193,0.4030989602860779
2756,0.5421015229183047,1.719616881874658,17.0,0.20641074786555688,0.3141529741210324,0.438424948367118,0.37548449225471175
2758,-0.2014979330591675,0.8175052672933703,12.0,-0.22096690541233835,0.31915151913335565,-0.21503634688828321,0.3702392956592835
2759,-1.4822571921003804,0.2271244458532474,5.0,-0.7386183843045488,0.217600997994767,-1.2787552882576805,0.42559977487881084
2761,-1.0419415732393122,0.3527690895862547,7.0,-0.9191735794852757,0.33424944570897813,-0.9337792889842917,0.40035243883551697
2762,0.8558315025939318,2.3533303675630854,19.0,0.2611541553217406,0.3322306203214253,0.7040915132396226,0.35962564821007764
2763,2.454071785826621,11.63562817981425,26.0,1.5207732322501692,0.4216479772167921,1.868945868237626,0.464665174622596
2769,0.09610776265520099,1.100877691105123,14.0,-0.0745741492103501,0.21991491596665866,0.03506220927340194,0.34614911780364566
2775,-1.0419415732393122,0.3527690895862547,7.0,-0.715587810455604,0.19586608080986992,-0.9337792889842917,0.4003524388355169
2778,-0.05175779075817196,0.9495588309165609,13.0,-0.03800803650160364,0.176020634873943,-0.08518150069093988,0.35104280801891313
2779,1.2002994442219028,3.321111261432162,21.0,0.7137838532221927,0.24443274477826354,0.9870495057016864,0.3950084396592367
2783,-0.2014979330591675,0.8175052672933703,12.0,-0.27516602618005553,0.33406906540600356,-0.21503634688828252,0.37023929565928304
2784,-1.1928942126214739,0.3033420559658341,4.0,-0.8765505404865428,0.3555304780023935,-0.985246347940341,0.4789699277583202
2785,-0.6781729309234265,0.5075434627109395,9.0,-0.561555316714211,0.2643212652487839,-0.6423483769432573,0.37077385564401427
2786,0.8558315025939318,2.3533303675630854,19.0,0.5961047399180727,0.26439442344777114,0.7040915132396233,0.35962564821007825
2788,-0.8533617366680986,0.4259804879618963,8.0,-0.653921716742872,0.18434835500807828,-0.781919597372617,0.3795035313206922
2790,-0.5128063298910415,0.5988127525073104,10.0,-0.6790195778743799,0.17558316588231732,-0.5028567202118662,0.3776889541514581
2791,-0.5128063298910415,0.5988127525073104,10.0,-0.5500013428816073,0.27265862560017706,-0.502856720211866,0.37768895415145753
2792,-1.0419415732393122,0.3527690895862547,7.0,-0.8513609516508206,0.3042435346376499,-0.9337792889842936,0.40035243883551724
2793,0.8558315025939318,2.3533303675630854,19.0,0.575672869882212,0.2754613071720401,0.7040915132396226,0.35962564821007764
2794,0.8558315025939318,2.3533303675630854,19.0,0.6019944577684386,0.2612583005056622,0.7040915132396233,0.3596256482100779
2795,-1.2489945866752366,0.28679299745664455,6.0,-0.7253072781474779,0.20482891820242713,-1.1013385416307275,0.41656691171433735
2797,-1.7545432333077289,0.17298623860091572,4.0,-1.3958184497657733,0.34422585562585334,-1.4655391128705657,0.44071511740751057
2798,-0.8533617366680986,0.4259804879618963,8.0,-0.7277553946035903,0.2071568003150174,-0.7819195973726168,0.3795035313206921
2799,0.5421015229183047,1.719616881874658,17.0,0.15243980755683437,0.28582027733318216,0.4384249483671155,0.375484492254712
2800,-0.8533617366680986,0.4259804879618963,8.0,-0.696693338017437,0.18146744170715182,-0.7819195973726181,0.3795035313206928
2801,0.39167910408478823,1.4794628816254742,16.0,0.045198174395728,0.185218277007122,0.2958398939838304,0.37653063635506834
2809,-0.05175779075817196,0.9495588309165609,13.0,-0.005822712986956328,0.14341839603307033,-0.08518150069094052,0.3510428080189132
2810,2.114428886681762,8.284852824937035,25.0,1.0965670849743026,0.38165619990414984,1.6633930755222888,0.4415185268887049
2818,-0.3546081598647803,0.7014482449410298,11.0,-0.12890041026164578,0.26923794407536394,-0.357644483783855,0.3822658339343703
2821,-1.4822571921003804,0.2271244458532474,5.0,-1.0348671125147881,0.35752023447804493,-1.278755288257679,0.42559977487881084
2823,-1.0419415732393122,0.3527690895862547,7.0,-0.7351797492184271,0.2142882025226491,-0.9337792889842921,0.40035243883551724
2825,-1.2489945866752366,0.28679299745664455,6.0,-0.7547550918475151,0.23291142160191666,-1.1013385416307286,0.4165669117143374
2831,1.8381981877131282,6.285203295829569,24.0,1.2657993944516883,0.38849786085361104,1.4789306476109634,0.4181354512477766
2838,-0.05175779075817196,0.9495588309165609,13.0,-0.07099305786214107,0.21598340884576706,-0.08518150069093988,0.35104280801891313
2839,0.005112442058155623,1.0051255328892523,5.0,-0.3128350469963588,0.39763251296390917,-0.01931394851025911,0.5523063006782661
2844,1.3914384290243949,4.02062928535033,22.0,0.7073831868998387,0.24215136357771364,1.1471695605746208,0.4030989602860786
2846,-0.2014979330591675,0.8175052672933703,12.0,-0.40003929251647985,0.33515607597735597,-0.21503634688828344,0.37023929565928343
2847,2.454071785826621,11.63562817981425,26.0,1.5793694383777133,0.4346931248676725,1.868945868237627,0.46466517462259616
2848,0.7384748530253457,2.092741341196391,9.0,0.5825318909401571,0.4101141883673072,0.5433172010338909,0.49605687138362536
2851,-1.7545432333077289,0.17298623860091572,4.0,-1.1018795961414873,0.3585926860230186,-1.4655391128705675,0.4407151174075109
2853,-1.2489945866752366,0.28679299745664455,6.0,-0.8684817423453322,0.3131837847544262,-1.1013385416307282,0.4165669117143376
2855,2.9105402742160837,18.366718951596216,27.0,1.6425991479078337,0.4493065800880477,2.095742888656413,0.48865095281839965
2858,0.09610776265520099,1.100877691105123,14.0,0.03535351499420704,0.17268537439208553,0.0350622092734013,0.3461491178036456
2859,-0.8533617366680986,0.4259804879618963,8.0,-0.6478641194341209,0.1888019962498806,-0.7819195973726168,0.3795035313206921
2861,-1.0419415732393122,0.3527690895862547,7.0,-0.732897571868283,0.2120897128036803,-0.9337792889842934,0.4003524388355172
2866,-27.63102195422812,9.999991617007794e-13,0.0,-0.8920566173303254,0.7835429043982255,-0.795889545176871,0.8417597228648644
2867,-0.05175779075817196,0.9495588309165609,13.0,-0.021384929582483884,0.15579359776364074,-0.08518150069094052,0.3510428080189132
2868,0.8558315025939318,2.3533303675630854,19.0,0.6877663528109391,0.23755586405713755,0.7040915132396226,0.3596256482100779
2870,1.3247683902464944,3.7613140970770083,15.0,0.782220652928636,0.3526457775066205,1.0314374884908595,0.45649223892016544
