id,theta_2PL,se_2PL,theta_1PL,se_1PL
1,0.12783701191910682,0.26589266902785497,0.1590760984660327,0.3549239900065424
2,-0.4212863106295174,0.32891854092775147,-0.6900621435313842,0.32812336807921405
3,0.8429221065777213,0.31496822025074883,1.3492814315371904,0.41880652490652315
4,0.3355177036494142,0.3419630560868275,0.43608146349813826,0.37844441597575545
5,-0.041809025074357506,0.1653031143644806,-0.32653195794321027,0.3688119949598305
6,0.7146646675033478,0.24387794636871765,1.0090810708111881,0.40419977300049503
7,0.8611712894332586,0.3239969333031305,1.1767080361962015,0.4129268136167781
8,-1.3675239079319692,0.1499519435933177,-1.9058376780754966,0.4010509664081234
9,0.9416963699464748,0.35593025577999277,1.5305371271148207,0.43449924871700707
10,-0.004267500262074315,0.08573058803795344,-0.07248995347145656,0.3390366455332558
11,-1.1216103727996372,0.3260217244538776,-1.591466921147917,0.3829395097188107
12,0.022908104883601618,0.12794813979360325,0.15907609846603327,0.3549239900065429
13,-0.7022971596462221,0.12693313511541648,-1.0658809094995028,0.3737315084220464
14,0.48763092310833867,0.3163645679588957,0.576125891625656,0.3695432896759751
15,-1.141350399771648,0.31932619244508736,-1.745299521055248,0.398881045834992
16,1.440864356279387,0.4170272685212363,1.5305371271148196,0.43449924871700707
17,0.011917780660058636,0.10185999364518813,0.04030115901355307,0.33660172264121585
18,1.4520296786488331,0.41877321592579225,1.5305371271148214,0.4344992487170075
19,-0.674736563010352,0.05719665097458375,-0.6900621435313836,0.3281233680792138
20,1.3514794520706488,0.4056453924651839,1.5305371271148203,0.4344992487170071
21,-1.3128582361700682,0.18962311284647831,-1.7452995210552442,0.39888104583499173
22,0.15963596797619106,0.2884190407221842,0.292939714842887,0.375003719251273
23,1.5305503871537978,0.4326031347211728,1.9469565341784496,0.4770805694754339
24,1.3463383152620185,0.4051375160946061,1.5305371271148205,0.43449924871700685
25,1.3492909263514068,0.4054272872920852,1.530537127114821,0.4344992487170071
26,1.562473586804155,0.4387782917664597,1.7289753691815326,0.45645063198660457
27,-0.2699708870035955,0.3319891992708844,-0.3265319579432102,0.36881199495983086
28,-0.26707369767881933,0.33137510359105954,-0.46002508267429526,0.3583866223454891
29,1.0235575920792057,0.37659401423614675,1.1767080361962003,0.4129268136167782
30,-0.48989532379907963,0.3036299111030781,-0.690062143531383,0.32812336807921316
31,-0.6670073927477939,0.08790509953105212,-0.690062143531383,0.32812336807921316
32,0.022473710752378074,0.12697003262504,0.2929397148428882,0.37500371925127335
33,-0.606996645455512,0.20778538751169714,-0.6900621435313836,0.3281233680792138
34,-1.4576995418452507,0.24853722333331413,-2.238952349450239,0.4245992352889761
35,0.7895706034076106,0.28516295812825326,1.0090810708111888,0.404199773000495
36,-0.17014015176733535,0.2941612228419182,-0.19350322315056584,0.3575320393640998
37,0.0034369062429191683,0.08459922271056346,0.04030115901355379,0.3366017226412165
38,0.8985168090608014,0.34038546324008506,1.3492814315371922,0.4188065249065235
39,0.7082621321332422,0.241483476233834,0.7114024947101608,0.3689386472055359
40,-0.6748290862944577,0.056831115199740746,-0.8016184207857424,0.34312376591871707
41,0.21674614931112585,0.3173028534526812,0.5761258916256572,0.3695432896759742
42,0.6650620463411194,0.236313579308455,0.7114024947101604,0.3689386472055359
43,1.2260034339907724,0.39670677991232495,1.3492814315371917,0.41880652490652354
44,-1.330280108568022,0.1685912012214504,-1.4536698019194019,0.35995971790452624
45,-0.6618838796952926,0.10461977897752815,-0.6900621435313836,0.32812336807921433
46,0.11042560924045963,0.2510638877067948,0.29293971484288817,0.3750037192512733
47,1.3892443362455897,0.4098662199054785,1.5305371271148216,0.43449924871700724
48,0.32175650844239684,0.34121647186847753,0.5761258916256575,0.3695432896759748
49,0.6468420955563768,0.2403329071924219,0.8528116408013304,0.3851942052034586
50,0.2166763738193798,0.317275253832491,0.576125891625658,0.3695432896759747
51,-0.6899362766900372,0.09116243164107964,-0.9276880913188953,0.3660205814212429
52,0.7704273123987225,0.273697276685492,1.0090810708111897,0.4041997730004953
53,-0.6852879050876015,0.07375241110108713,-1.2020715315099217,0.362254386570629
54,0.0008819528370806731,0.08252341909956848,0.040301159013553786,0.3366017226412165
55,0.8610072919820664,0.3239187614446563,1.0090810708111895,0.4041997730004949
56,-0.1665425626959126,0.2920734008750435,-0.32653195794321027,0.3688119949598305
57,-1.0781065998609938,0.33634862193941006,-1.5914669211479122,0.38293950971881
58,-0.063002675610078,0.19799666066290875,-0.19350322315056584,0.35753203936409994
59,0.6059560576179649,0.25834542750224765,1.0090810708111893,0.40419977300049514
60,-0.6815138882205937,0.058012073595857076,-0.9276880913188953,0.3660205814212429
61,-0.6236042682911187,0.18443401829805606,-0.6900621435313842,0.32812336807921405
62,0.9822555626389609,0.36748721338707524,1.3492814315371917,0.4188065249065239
63,0.9191693803393522,0.34826063511143784,1.1767080361961997,0.41292681361677774
64,-1.3356870127024274,0.16255476951470513,-1.5914669211479122,0.38293950971881013
65,1.6503287671723839,0.45639766857640174,1.7289753691815328,0.45645063198660435
66,0.6859119864159443,0.23620335756113925,0.852811640801332,0.3851942052034591
67,0.5000846878977935,0.31155416214131526,0.71140249471016,0.36893864720553554
68,1.2872936410831886,0.4003271386398605,1.5305371271148194,0.43449924871700707
69,-0.16805308515875644,0.2929571696126258,-0.46002508267429654,0.3583866223454883
70,0.19342100038719526,0.3070839396089619,0.29293971484288817,0.37500371925127307
71,-0.7903445157319301,0.2529622397865168,-1.3285477822276497,0.35119338065802036
72,-0.7227604418999317,0.1690310037036611,-1.4536698019193997,0.3599597179045252
73,-0.04983254067550365,0.17860824837521777,-0.19350322315056684,0.3575320393640997
74,0.04302241016743429,0.16745440961976113,0.2929397148428881,0.375003719251273
75,0.46383691147668704,0.32442912497625226,0.8528116408013292,0.3851942052034582
76,0.034866381306340184,0.15270887415413953,0.04030115901355307,0.3366017226412159
77,-0.041979458599210095,0.16559939672082935,-0.32653195794320905,0.3688119949598307
78,-0.01523183850715551,0.10990785560867075,-0.19350322315056587,0.35753203936409994
79,-0.12018083348390042,0.2593094854920204,-0.3265319579432102,0.3688119949598309
80,0.004003306748923118,0.0853518062380083,-0.1935032231505667,0.35753203936410005
81,-0.05509016205397239,0.186680006146226,-0.32653195794320916,0.36881199495983064
82,0.8392255980481476,0.3130594955537281,1.0090810708111901,0.40419977300049514
83,0.41122484236534945,0.3369268812269769,0.5761258916256563,0.36954328967597544
84,1.963082173204224,0.5146160815911456,2.1855246479136317,0.5008691113667334
85,-0.19565206270216992,0.3073636385896499,-0.5808246805457058,0.3367468240279568
86,0.3048830449706871,0.33958394735527975,0.8528116408013292,0.3851942052034582
87,0.004353172459261734,0.08586207451561564,0.15907609846603304,0.3549239900065433
88,-0.8828862285747034,0.31267153601979825,-1.2020715315099217,0.3622543865706289
89,0.015441829442035385,0.11043094693813434,0.15907609846603327,0.3549239900065429
90,-1.522975201722552,0.30035659201068327,-2.067614763715881,0.40542686432220043
91,-0.6746824637463901,0.05741185472763623,-0.8016184207857413,0.3431237659187167
92,2.0375993926780924,0.5271339253720261,2.1855246479136308,0.500869111366733
93,0.08980375993446385,0.23065725047162047,0.2929397148428881,0.375003719251273
94,-0.8244575618099804,0.7840479207576388,-0.5915911813969654,0.9108824736558553
95,0.050338791613584795,0.17947722937928584,0.15907609846603377,0.3549239900065433
96,-1.3687745598411645,0.15061887947585345,-1.745299521055248,0.3988810458349922
97,0.2728712049655075,0.33425169965510915,0.43608146349814003,0.37844441597575595
98,-1.1948555706466317,0.2941160701633551,-1.7452995210552442,0.39888104583499173
99,1.1293191774309062,0.3905358425187337,1.1767080361962015,0.41292681361677813
100,-0.07686976850699802,0.21579642597532972,-0.4600250826742938,0.3583866223454893
101,1.069727021993574,0.3840903926170895,1.176708036196199,0.4129268136167782
102,0.5502546698493078,0.28837820711436857,1.0090810708111877,0.4041997730004948
103,-0.16190236323406565,0.28929271056254113,-0.07248995347145683,0.3390366455332564
104,0.4608225355004744,0.3253440290596986,0.8528116408013318,0.38519420520345876
105,-0.006453109349532741,0.08952962964781029,-0.07248995347145681,0.3390366455332564
106,-1.011147818509632,0.3411435861166558,-1.3285477822276484,0.3511933806580198
107,0.7569987156216785,0.26571137328493294,0.8528116408013307,0.3851942052034589
108,0.0015340809699832631,0.08282990009567803,0.04030115901355279,0.3366017226412147
109,-0.01802577617191251,0.11662996154198145,-0.193503223150566,0.35753203936409966
110,-0.8086039041011116,0.2683371162359239,-1.202071531509921,0.36225438657062853
111,1.0523004144137864,0.38155859830025723,1.5305371271148216,0.4344992487170073
112,-0.6789949580881097,0.049955529394455855,-0.8016184207857434,0.34312376591871746
113,0.13001706900959742,0.26761452573893224,0.292939714842887,0.375003719251273
114,0.6552288591982722,0.23806761663829468,1.009081070811187,0.4041997730004948
115,1.7493565890091471,0.4760121093798208,1.9469565341784505,0.47708056947543365
116,-0.66368164977071,0.09906087932553584,-0.8016184207857413,0.3431237659187166
117,-0.7084296250378067,0.1411463775181987,-1.0658809094995012,0.37373150842204655
118,0.7366185071972693,0.25423557374995565,1.0090810708111888,0.4041997730004948
119,-0.0625290027330685,0.19734501441098354,0.040301159013553065,0.33660172264121585
120,1.691990500029945,0.4647527736297684,2.185524647913629,0.5008691113667331
121,0.22117402233492797,0.31901919165374637,0.43608146349814003,0.37844441597575595
122,0.5719212905285532,0.2768647107377748,0.7114024947101608,0.36893864720553593
123,-1.432605731959069,0.22251758437319621,-1.9058376780754953,0.40105096640812293
124,1.5081741256102597,0.4284287163882367,1.7289753691815317,0.4564506319866041
125,1.2774908171879886,0.39968227648439714,1.5305371271148194,0.43449924871700707
126,-0.028515789231326978,0.14003897250472153,-0.19350322315056598,0.3575320393640996
127,2.0355623285828752,0.5267954458990292,2.451855124082248,0.5322823063829489
128,-0.7272489262526213,0.17663952729671792,-1.065880909499503,0.37373150842204655
129,0.8937379824996997,0.3384443966937792,1.0090810708111901,0.4041997730004953
130,0.5309326634906515,0.297974111868366,0.5761258916256575,0.3695432896759748
131,-0.2972931389650209,0.33650304942674586,-0.326531957943209,0.36881199495983064
132,-0.001308133137125289,0.08270434766362209,0.04030115901355307,0.33660172264121585
133,-1.2960978686240208,0.20943810259704368,-1.5914669211479175,0.38293950971881097
134,-0.15159284708399318,0.2827467617227472,-0.46002508267429526,0.3583866223454891
135,-0.5926003098609928,0.22510794970928333,-0.690062143531383,0.32812336807921294
136,-0.672332613674773,0.06720842925253653,-0.9276880913188952,0.3660205814212428
137,-0.7279636152510122,0.17781093848756435,-1.0658809094995028,0.37373150842204644
138,1.1534237494149064,0.3923986796550758,1.3492814315371935,0.4188065249065232
139,0.0006346987515133684,0.08244991571438387,0.15907609846603304,0.3549239900065433
140,1.1215150864035444,0.3898556549942165,1.5305371271148218,0.4344992487170075
141,-0.6585646229330868,0.1141658754795939,-0.8016184207857424,0.34312376591871707
142,-0.0027613486042418712,0.08382801794835407,0.04030115901355366,0.33660172264121596
143,-1.2040281761563971,0.2886432974680423,-1.4536698019193985,0.359959717904525
144,1.311668923464713,0.4021016244489009,1.5305371271148207,0.43449924871700707
145,0.8413176789183112,0.3141430041540568,1.349281431537193,0.41880652490652315
146,2.2770669598202864,0.5662599384796408,2.4518551240822477,0.5322823063829487
147,-0.0011172985383525865,0.08261441342758177,-0.07248995347145631,0.33903664553325524
148,0.2649664049702622,0.33246901644035004,0.576125891625656,0.3695432896759748
149,-0.20342334959789862,0.3108604349171421,-0.3265319579432102,0.3688119949598307
150,0.0658793318766503,0.20199723581258566,0.040301159013553654,0.3366017226412159
151,0.857752853385991,0.32235628179294584,1.1767080361962,0.41292681361677785
152,0.720485950286613,0.24633275653136052,0.8528116408013302,0.38519420520345843
153,-1.2801999075895385,0.22673969444767592,-1.5914669211479147,0.3829395097188104
154,-0.3561983001620743,0.33862544061582683,-0.32653195794320916,0.36881199495983064
155,0.3849682291319643,0.3404090506645523,0.5761258916256572,0.3695432896759742
156,-1.05991148028284,0.33895313742956457,-1.3285477822276497,0.35119338065802036
157,-0.401706314205482,0.3332072065637773,-0.3265319579432102,0.3688119949598309
158,0.0017612832954917211,0.08297428767218636,-0.07248995347145804,0.33903664553325663
159,-0.04077146898611538,0.16348572297421818,-0.193503223150566,0.35753203936409955
160,0.06732328767282086,0.20391310262912501,0.15907609846603327,0.3549239900065429
161,-0.6760266337698025,0.05253302021013537,-0.690062143531383,0.32812336807921316
162,-0.6929724364065496,0.10113740001156234,-1.0658809094995012,0.37373150842204655
163,-0.05030539845108323,0.1793538685108318,-0.46002508267429526,0.3583866223454891
164,0.5781881184405662,0.2734410320968101,0.8528116408013307,0.3851942052034586
165,-1.3985363400353819,0.18152175694598327,-1.7452995210552502,0.39888104583499256
166,-0.4427928995513598,0.32277757831748694,-0.46002508267429515,0.3583866223454887
167,-1.5052259306126885,0.2882169055966963,-2.0676147637158877,0.4054268643222008
168,0.09194296188107283,0.23293773948852786,0.15907609846603224,0.3549239900065425
169,0.42261683359213065,0.33484559482399845,0.43608146349814003,0.37844441597575595
170,1.2969891936027433,0.4010016602025343,1.5305371271148231,0.43449924871700785
171,0.3657087319455452,0.34179525496166313,0.43608146349814003,0.37844441597575595
172,-1.446067030159244,0.2369564817107135,-1.9058376780754966,0.4010509664081234
173,1.0184361013375294,0.37559729179065515,1.3492814315371924,0.41880652490652354
174,1.512640360367993,0.42924966273142506,1.7289753691815328,0.45645063198660424
175,1.5658754654392644,0.4394480038610405,1.94695653417845,0.477080569475434
176,-0.4385391500587123,0.3241145756363589,-0.4600250826742954,0.35838662234548957
177,0.0013155646460192502,0.08270920779629741,0.15907609846603324,0.3549239900065429
178,1.2360210882181482,0.3972525898781741,1.349281431537191,0.4188065249065229
179,-0.012352207747006128,0.10290177928839775,0.04030115901355308,0.33660172264121585
180,0.0016386620580876865,0.0828939860752925,-0.07248995347145681,0.33903664553325635
181,0.08985216197700438,0.23070930469064396,0.04030115901355366,0.33660172264121596
182,0.017377329707260435,0.11509866845434776,0.04030115901355352,0.33660172264121535
183,-0.20035322957692675,0.3095069282587227,-0.46002508267429515,0.358386622345489
184,-0.36522986052191975,0.33804427449336416,-0.32653195794321027,0.3688119949598308
185,0.5271110500481851,0.2997788759552258,0.576125891625656,0.3695432896759751
186,-0.4974168226123131,0.2997754694176756,-0.6900621435313842,0.32812336807921405
187,-0.03705745162254757,0.15677973826848715,-0.3265319579432091,0.36881199495983064
188,0.7028142047044921,0.23972933286226392,0.8528116408013312,0.3851942052034591
189,-0.7959680059061961,0.2579322452780988,-1.4536698019193997,0.3599597179045252
190,1.3650397311340676,0.4070607798798311,1.7289753691815324,0.45645063198660435
191,0.08961871697965772,0.23045804872171632,0.43608146349814003,0.37844441597575595
192,-0.12809229055931112,0.2657523048392705,-0.3265319579432103,0.368811994959831
193,1.3300973833336946,0.4036335537774094,1.5305371271148194,0.43449924871700707
194,-0.33152703717071325,0.338984840786384,-0.4600250826742954,0.35838662234548957
195,-1.317024353203969,0.184540435924085,-1.9058376780755006,0.40105096640812327
196,0.6336231019340751,0.2451140968050096,0.7114024947101608,0.3689386472055362
197,0.29241024575388574,0.3378599201397846,0.43608146349813987,0.37844441597575573
198,-1.2672121975467117,0.23966164101318763,-1.5914669211479147,0.3829395097188104
199,-0.7815130957694885,0.24469426961704616,-1.2020715315099177,0.3622543865706285
200,-0.676340538715337,0.05160403104801278,-0.8016184207857413,0.3431237659187164
201,0.37081626832792525,0.3415242186521599,0.43608146349814003,0.37844441597575595
202,0.001357612456956211,0.08273103504945212,0.0403011590135532,0.33660172264121646
203,-0.011912110583739135,0.10183631472969788,0.04030115901355307,0.33660172264121585
204,0.639689814061688,0.24275471720132832,0.7114024947101608,0.3689386472055362
205,0.034445694698220876,0.15190495055469694,0.15907609846603327,0.354923990006543
206,0.20878889671078849,0.31404295365005375,0.15907609846603196,0.3549239900065422
207,0.00585153077572749,0.08838840109543118,0.04030115901355308,0.33660172264121585
208,-0.6769721038530038,0.05011134213583217,-0.9276880913188953,0.3660205814212429
209,1.2689677820507785,0.39914830104615906,1.7289753691815324,0.4564506319866044
210,0.4712120777268878,0.322089098142001,0.5761258916256575,0.3695432896759748
211,0.5590390754578469,0.2837879340767657,0.576125891625658,0.3695432896759751
212,-0.045113310899656034,0.17093784002679555,-0.1935032231505665,0.3575320393641003
213,-1.2515924806921963,0.2538057895074632,-1.591466921147917,0.3829395097188107
214,0.4019775876733295,0.33836249900926785,0.576125891625658,0.36954328967597466
215,-0.6935266630644372,0.10285805770960314,-0.8016184207857434,0.3431237659187173
216,-0.663638292943476,0.09919853900065927,-0.6900621435313842,0.32812336807921405
217,-0.11267852529529354,0.25282434798546216,-0.32653195794321027,0.3688119949598305
218,-0.6708607210837229,0.07328318796946634,-0.9276880913188968,0.36602058142124333
219,-0.618294365267268,0.1923619529154203,-0.8016184207857417,0.34312376591871724
220,-0.7570789160246238,0.21836620491302036,-1.4536698019193985,0.359959717904525
221,0.055581700561405045,0.18749384566152472,0.15907609846603252,0.3549239900065428
222,-0.7162706242823002,0.1571663190368025,-1.4536698019193985,0.3599597179045251
223,0.7526475074008651,0.26317317135073487,1.0090810708111877,0.4041997730004947
224,0.07477741355775024,0.2133925721264649,0.29293971484288817,0.37500371925127307
225,0.19620897764290474,0.3084132500051721,0.5761258916256555,0.36954328967597455
226,0.6742856875118445,0.23564217067163362,1.1767080361961986,0.41292681361677797
227,0.9203684157295378,0.34869266118002096,1.1767080361962012,0.412926813616778
228,1.76360009442727,0.4787501241956931,1.9469565341784505,0.47708056947543365
229,0.01276860824845905,0.10392358484518956,0.15907609846603254,0.3549239900065428
230,-0.005455686459806012,0.08766765207224653,-0.07248995347145804,0.33903664553325663
231,0.6278383924480672,0.24758695213040255,0.7114024947101608,0.3689386472055362
232,0.06462382849375473,0.20030915969069674,0.1590760984660327,0.3549239900065424
233,0.31108289526969257,0.34027648786065395,0.29293971484288706,0.375003719251273
234,0.5203664340458682,0.3028824988647331,0.43608146349813826,0.37844441597575545
235,1.257058462964342,0.398437156546931,1.5305371271148194,0.43449924871700685
236,-0.6189874532163181,0.1913539557895378,-0.8016184207857413,0.3431237659187167
237,-0.5466197060311552,0.27459617326956626,-0.6629166846523628,0.4266179457706252
238,0.3574428717025802,0.3420856948699097,0.43608146349814003,0.37844441597575595
239,-0.36008372937438105,0.33840506020710404,-0.4600250826742968,0.35838662234548885
240,0.66697283405174,0.23609479011709555,0.71140249471016,0.3689386472055356
241,0.7185874233305821,0.24550525859539898,0.8528116408013297,0.3851942052034584
242,1.3722484342603434,0.407858677829333,1.5305371271148194,0.4344992487170069
243,0.006530899153228207,0.08968781338117197,0.04030115901355308,0.33660172264121585
244,1.0260261362088352,0.3770618281985413,1.1767080361962015,0.41292681361677813
245,0.019917825629230876,0.12110380724140266,0.0403011590135532,0.33660172264121646
246,-0.129742528917838,0.2670475833053164,-0.3265319579432091,0.36881199495983064
247,-0.6348624918125693,0.16583559814013296,-0.32653195794321155,0.3688119949598313
248,-0.052063183581069844,0.18209079797414954,-0.3265319579432092,0.3688119949598305
249,-0.6929850002993363,0.10117672490975864,-0.9276880913188952,0.3660205814212428
250,-0.6760859137384362,0.05234948060428589,-1.065880909499503,0.37373150842204667
251,-0.0005548639682681922,0.08243080670104189,-0.07248995347145681,0.33903664553325635
252,-0.6808501517332879,0.055409098297563145,-0.8016184207857434,0.3431237659187173
253,-0.9181558554428063,0.3257987997353728,-1.3285477822276484,0.3511933806580198
254,-0.6792821115907085,0.05052853497567813,-1.2020715315099209,0.36225438657062836
255,0.023258360095032463,0.12873270670067583,0.15907609846603324,0.35492399000654284
256,0.8284507052135099,0.3073478619424184,1.0090810708111901,0.40419977300049525
257,0.05009760133458811,0.17909702726752166,0.15907609846603327,0.3549239900065429
258,0.9624244436648066,0.3621831329886326,1.1767080361962012,0.41292681361677797
259,0.0006055846925013793,0.08244282500160788,0.04030115901355335,0.336601722641217
260,0.455478303967828,0.32690675764007276,0.4360814634981397,0.3784444159757556
261,-0.6713204322346901,0.07141030565694485,-0.6900621435313818,0.3281233680792126
262,-0.37806288936796223,0.3368008280374082,-0.3265319579432091,0.36881199495983075
263,0.03079347272452676,0.14472976060462486,0.1590760984660331,0.3549239900065433
264,-0.6758044334677921,0.05325112422886998,-0.5808246805457074,0.3367468240279563
265,0.8037822631103704,0.2935145843354091,1.0090810708111884,0.4041997730004944
266,0.006550348660797947,0.08972621129039603,-0.19350322315056587,0.35753203936409994
267,0.89702788514682,0.33978554084493756,1.0090810708111901,0.40419977300049525
268,-0.0014770324601427074,0.08279545090425833,0.040301159013553516,0.33660172264121535
269,0.5813427425945642,0.2717102846154513,0.5761258916256555,0.36954328967597455
270,0.0270524020400831,0.13699606352286478,0.29293971484288817,0.3750037192512735
271,-1.5114358464825643,0.29261165932395056,-2.4301741145677527,0.44956436812690714
272,0.9856746822635887,0.3683378059630375,1.176708036196201,0.41292681361677847
273,0.0386489415657791,0.15973982563276878,0.2929397148428891,0.3750037192512734
274,-0.446253267074781,0.32164438747145346,-0.5808246805457052,0.33674682402795675
275,0.012588127204779467,0.10348491636237983,0.040301159013553516,0.33660172264121535
276,1.0483105577021177,0.38093032539723953,1.349281431537191,0.41880652490652315
277,1.4829025137709446,0.42391800310032324,1.7289753691815333,0.4564506319866044
278,0.22131041884638175,0.31907097093014186,0.292939714842887,0.375003719251273
279,-0.027144242221423514,0.13716258955424146,-0.32653195794321027,0.3688119949598305
280,0.1502533877248612,0.28232123622440797,0.29293971484288817,0.3750037192512735
281,0.013280708391118345,0.10517000713165575,0.15907609846603252,0.3549239900065428
282,-0.9187182793411892,0.3259730743102272,-1.5914669211479175,0.38293950971881036
283,-0.7077300899529143,0.13960916218981229,-1.3285477822276477,0.3511933806580191
284,0.19561750196339556,0.30813375934689763,0.29293971484288817,0.3750037192512733
285,0.6230367395128724,0.24978074886812948,0.8528116408013292,0.3851942052034582
286,0.9951414855393199,0.37059855203474606,1.1767080361961992,0.4129268136167782
287,-0.025063696107145147,0.13269317248518975,-0.07248995347145681,0.33903664553325635
288,0.08172826104437367,0.22166319670237103,0.2929397148428882,0.37500371925127357
289,-1.3148881890714716,0.18714973808435104,-1.7452995210552442,0.39888104583499173
290,1.5096546418153955,0.4287001254405632,1.7289753691815317,0.4564506319866041
291,1.211904625435855,0.39594170231967085,1.3492814315371913,0.4188065249065232
292,-0.015060751133023772,0.10949229442797813,-0.19350322315056598,0.3575320393640996
293,-0.6686089985088061,0.08206487697411262,-1.0658809094995,0.37373150842204644
294,-0.0063739131301713894,0.0893750468058685,0.15907609846603382,0.35492399000654345
295,0.22142677845414083,0.3191150924956827,0.2929397148428871,0.37500371925127335
296,-0.7866383766182968,0.2495637710021396,-1.3285477822276477,0.3511933806580191
297,0.027582035186061317,0.138115530721484,0.1590760984660327,0.3549239900065424
298,-0.646900419783181,0.14237833644491668,-0.5808246805457058,0.3367468240279568
299,0.2692686660307622,0.33346271213285356,0.43608146349814103,0.37844441597575545
300,-1.2963806139735745,0.20911598568526285,-1.5914669211479175,0.3829395097188103
301,-0.6755422030635658,0.05415306672067515,-0.9276880913188953,0.3660205814212429
302,-0.5311948843851334,0.2793332265928222,-0.46002508267429526,0.3583866223454892
303,0.3707445613482266,0.34152850707646243,0.43608146349813987,0.37844441597575573
304,1.116600365982401,0.3894052684883703,1.5305371271148194,0.4344992487170067
305,0.04508237620978717,0.17094581038592604,0.040301159013553654,0.3366017226412159
306,0.299526385328587,0.33889799099807866,0.43608146349814003,0.3784444159757557
307,-0.8890223832784321,0.31527717210724737,-1.3285477822276484,0.3511933806580198
308,0.8099991042606638,0.29709043042130534,1.1767080361962006,0.41292681361677763
309,-0.670344972829275,0.07535348752675959,-0.8016184207857434,0.3431237659187173
310,0.671121051227564,0.23576239462291465,1.0090810708111893,0.40419977300049514
311,0.6572029879291483,0.23763382123527801,1.1767080361962023,0.4129268136167785
312,-1.4146233586143773,0.20150991463365883,-2.0676147637158815,0.40542686432220054
313,-1.728306602804322,0.562736478993009,-1.8668056027110203,0.6855990481293848
314,0.44105284309341036,0.33074569670816667,0.576125891625656,0.3695432896759751
315,0.7075128259602164,0.2412260915574071,0.8528116408013291,0.3851942052034582
316,0.6936229481281764,0.23743116471890893,0.8528116408013318,0.3851942052034586
317,-0.683724760854176,0.06728545930548947,-0.9276880913188954,0.3660205814212429
318,0.6960821064725004,0.23796016115095803,0.7114024947101616,0.368938647205536
319,-0.5559497837089421,0.2605847319545556,-0.46002508267429526,0.3583866223454891
320,-0.5016900982743583,0.2974787410905578,-0.5808246805457052,0.3367468240279564
321,-1.477837659310105,0.26675197501510767,-2.2389523494502406,0.4245992352889764
322,0.12033623741239666,0.2597462638378584,0.4360814634981398,0.3784444159757555
323,-1.2616998663989991,0.24482264792797456,-1.7452995210552449,0.398881045834992
324,0.7605995291028963,0.26783470557743766,1.0090810708111901,0.40419977300049503
325,0.009029390327463435,0.09504011800550032,0.04030115901355321,0.33660172264121646
326,-0.6695200733456874,0.078592749079259,-0.9276880913188953,0.366020581421243
327,0.05430102149432287,0.18557813574809182,0.4360814634981412,0.3784444159757557
328,-2.4560088573719177,0.5013692511646146,-3.140518645386719,0.533255332362529
329,-0.6768060071275153,0.05044883809155855,-1.0658809094995014,0.3737315084220468
330,1.1721542495692694,0.39364587983303756,1.3492814315371913,0.4188065249065232
331,-0.0007787069207080199,0.08248920252376951,0.040301159013552336,0.33660172264121524
332,0.15149623794223468,0.2831538663388905,0.2929397148428882,0.37500371925127335
333,0.48109866690533326,0.318726845726612,0.5761258916256555,0.36954328967597455
334,0.16597011861608055,0.29229840682925,0.4360814634981397,0.37844441597575534
335,-0.007055443075407047,0.09073881362732683,-0.07248995347145681,0.33903664553325635
336,1.0981933042337788,0.3875518496068348,1.349281431537191,0.41880652490652315
337,0.7649397383080931,0.27041448266347207,0.8528116408013304,0.3851942052034588
338,-1.3175790534295224,0.2027779335147667,-1.909954813717878,0.4253582083392595
339,-0.7435027026611734,0.2009949105212221,-1.0658809094995028,0.37373150842204644
340,-0.6670004213257589,0.08792981150512377,-0.6900621435313836,0.32812336807921433
341,-0.8116401615604901,0.2706902074617154,-1.4536698019194014,0.3599597179045258
342,1.5248621748871334,0.43152804899050456,1.728975369181532,0.45645063198660424
343,0.6669263082580734,0.2360996296401718,0.8528116408013304,0.3851942052034585
344,-1.3431625269009997,0.15529679458054185,-1.5914669211479147,0.3829395097188104
345,-0.7074440166456166,0.13897477251772739,-1.0658809094995012,0.37373150842204667
346,0.7853866630732025,0.2826687944268423,1.0090810708111904,0.4041997730004953
347,-0.6730139038622553,0.06433984905957266,-0.6900621435313842,0.32812336807921405
348,-0.6644789340302107,0.09649584172359908,-0.8016184207857434,0.3431237659187175
349,-1.362194772473077,0.1481120005888353,-1.7452995210552442,0.39888104583499173
350,0.590620088077407,0.2666177673436936,0.576125891625658,0.3695432896759751
351,1.329792159881893,0.40360671032623335,1.5305371271148218,0.4344992487170073
352,-0.0016415045446004674,0.08289444029799255,0.15907609846603382,0.3549239900065434
353,-0.45952997809572105,0.3169088727747416,-0.46002508267429515,0.35838662234548857
354,-0.08470038062724493,0.22488098904092937,-0.19350322315056584,0.3575320393640998
355,0.5635549141697437,0.2813833517190716,0.7114024947101608,0.3689386472055362
356,-0.311252314611402,0.33793571731299155,-0.46002508267429515,0.358386622345489
357,-0.45427984465830057,0.3188559284384012,-0.32653195794321027,0.36881199495983075
358,-0.048969613734987434,0.17723708692688928,-0.4600250826742954,0.3583866223454891
359,-0.17393472072659685,0.29630042677637203,-0.3265319579432102,0.3688119949598309
360,0.8575796866904197,0.32227254625378954,1.1767080361961997,0.41292681361677785
361,1.3850356538532231,0.4093525452519971,1.728975369181531,0.4564506319866041
362,1.2438749140214,0.3976867660937086,1.530537127114821,0.4344992487170068
363,0.9771010317843829,0.3661699674160589,1.0090810708111901,0.40419977300049525
364,0.5714326715342404,0.27713049307111653,0.5761258916256575,0.36954328967597483
365,-0.5881536652625401,0.23001446138826617,-0.6900621435313836,0.3281233680792138
366,-1.6090142831556216,0.34377324728022796,-2.2389523494502424,0.4245992352889764
367,-0.017276645229057287,0.11484209068768314,-0.1935032231505665,0.35753203936410033
368,1.2227015418397313,0.396527812813471,1.3492814315371928,0.418806524906523
369,-0.678055375497382,0.049076925035461925,-1.0658809094995,0.37373150842204644
370,0.6939366717667828,0.2374950398864699,0.8528116408013304,0.3851942052034585
371,0.6811457965485737,0.23578279166903235,0.7114024947101596,0.3689386472055359
372,-0.7480383240944001,0.207058361150943,-1.4536698019193985,0.359959717904525
373,0.013691391779133134,0.10617067216080302,0.2929397148428882,0.37500371925127357
374,0.3378976646729233,0.34203950919432125,0.43608146349814136,0.3784444159757558
375,-1.3622351789689997,0.14811952231529624,-1.7452995210552475,0.3988810458349919
376,-0.1275190519953138,0.2652985249628084,-0.46002508267429526,0.3583866223454891
377,0.04052523756269891,0.16310161994643782,0.15907609846603307,0.3549239900065433
378,0.7135175044459805,0.24342421283844703,1.009081070811187,0.40419977300049487
379,-1.0007185419430795,0.34071446622067353,-1.3285477822276484,0.35119338065801975
380,0.1175149397974562,0.25734183818793294,0.15907609846603327,0.3549239900065429
381,0.2524457245837348,0.3292531262778783,0.29293971484288706,0.37500371925127324
382,0.5283863359819111,0.5092062794421377,0.5304457496208983,0.5926024484646734
383,-0.696595752544671,0.11190558145301915,-1.2020715315099177,0.3622543865706285
384,-0.0923960917695513,0.23322342971573243,-0.07248995347145706,0.33903664553325696
385,0.013110110317082627,0.10475455401941729,0.040301159013553786,0.3366017226412165
386,0.5284133715355948,0.29916753931442613,0.71140249471016,0.3689386472055356
387,-1.3926881141606202,0.17427123993670157,-2.0676147637158815,0.40542686432220015
388,-0.45753469380745615,0.31766046108946855,-0.690062143531383,0.3281233680792137
389,1.2798017975042253,0.3998311794631665,1.5305371271148207,0.43449924871700707
390,0.7775592348026948,0.27797844522313997,1.0090810708111895,0.40419977300049514
391,-1.7269782110684075,0.373759171562905,-2.2389523494502375,0.42459923528897603
392,-1.050689238935362,0.3398991533392959,-1.3285477822276497,0.35119338065802036
393,0.2738001058748443,0.33444880963150636,0.4360814634981398,0.37844441597575584
394,-0.034107695138781174,0.15121657860512142,-0.3265319579432102,0.3688119949598309
395,-1.223814059957517,0.2755367245616387,-1.7452995210552478,0.39888104583499195
396,0.049411120517940665,0.17800914731502354,0.04030115901355308,0.33660172264121585
397,-0.06985081696600758,0.20728095857592002,-0.15731240694267207,0.3564351372774072
398,-1.1187261752902957,0.3268916448309689,-1.4536698019194019,0.35995971790452624
399,0.8484443938496943,0.3177701037603857,1.1767080361961975,0.41292681361677747
400,0.8101133307318067,0.2971556156108478,1.0090810708111881,0.40419977300049503
401,0.6845205468715676,0.23605343383685795,0.8528116408013298,0.3851942052034585
402,0.43166750132225046,0.3329459136523105,0.7114024947101608,0.3689386472055359
403,0.949085897524578,0.3582453734812527,1.1767080361962015,0.4129268136167781
404,0.13187665675814497,0.26906105968217725,0.43608146349813987,0.37844441597575545
405,0.6896177794436594,0.23671041048060165,0.8528116408013304,0.3851942052034583
406,0.5283638083923757,0.29919087548532536,0.8528116408013304,0.38519420520345826
407,0.7129937984461231,0.24322054445146019,1.00908107081119,0.4041997730004953
408,0.8694988071016575,0.32789496759920095,1.0090810708111895,0.40419977300049503
409,-1.2716525579818334,0.2353655813972918,-1.7452995210552502,0.3988810458349923
410,0.8075489625127129,0.29568762805139953,1.009081070811189,0.40419977300049514
411,-1.2876796063832368,0.2188016118206024,-1.7452995210552442,0.39888104583499173
412,-0.595896108201975,0.2213439137696488,-0.8016184207857434,0.34312376591871746
413,0.0010399632835745402,0.08258277894232326,-0.07248995347145681,0.3390366455332564
414,-1.4292203456290402,0.21870844728533773,-2.2389523494502415,0.4245992352889764
415,-0.9906366845494938,0.33999762162797326,-1.3285477822276481,0.3511933806580198
416,-1.5345408638324556,0.30760041997013166,-2.4301741145677553,0.44956436812690725
417,0.6698974988084742,0.23583994788179416,0.7114024947101608,0.3689386472055362
418,0.04715712184959898,0.17437602876166902,0.1590760984660327,0.3549239900065424
419,0.0155394038224664,0.11066766953004208,0.04030115901355307,0.33660172264121585
420,0.02143115300659616,0.12459985310487565,0.4360814634981397,0.37844441597575534
421,2.2770669598202864,0.5662599384796408,2.4518551240822477,0.5322823063829487
422,0.30020674759821253,0.3389896425543048,0.576125891625656,0.3695432896759748
423,0.035657637870471826,0.15420876804162204,0.15907609846603327,0.3549239900065429
424,0.02544963062631652,0.13355775486471771,0.040301159013553786,0.3366017226412165
425,-1.2960978686240208,0.20943810259704368,-1.5914669211479175,0.38293950971881097
426,0.04366934555266198,0.16856032507146015,0.29293971484288817,0.37500371925127307
427,-0.046763223087080794,0.17366809857300392,-0.19350322315056537,0.35753203936409933
428,0.12215527634447909,0.2612692226780426,0.4360814634981398,0.37844441597575584
429,-0.9677864425081921,0.3372615784300526,-1.3285477822276497,0.35119338065802036
430,0.8786943304195322,0.33203637675465963,1.1767080361961988,0.412926813616778
431,-0.6890950735087235,0.08821707956327653,-1.065880909499503,0.37373150842204667
432,0.007795757819670962,0.09230329117472233,0.1590760984660331,0.35492399000654334
433,0.3216382151895644,0.3412077910302668,0.43608146349814003,0.3784444159757559
434,0.9467770241768396,0.35753239890246513,1.1767080361962012,0.412926813616778
435,-0.4463318845949466,0.3216181634290301,-0.5808246805457058,0.3367468240279568
436,-0.7139378977255992,0.15261392365337034,-1.4536698019194019,0.35995971790452624
437,0.6798910346924428,0.2357159580230889,0.7114024947101604,0.36893864720553593
438,0.5169683129381294,0.3044056488105385,0.7114024947101608,0.36893864720553615
439,0.3561589012971369,0.3421143348301208,0.4360814634981412,0.3784444159757557
440,0.639826897696448,0.24270446869157472,0.852811640801332,0.3851942052034591
441,1.8342541168725823,0.4919596530230916,2.1855246479136325,0.5008691113667333
442,-0.6853789296735251,0.07412052936099991,-1.2020715315099184,0.36225438657062886
443,-0.6710780745432607,0.07240079186218741,-0.46002508267429515,0.35838662234548896
444,-0.6679587118404416,0.08447587752857905,-0.8016184207857413,0.34312376591871674
445,-0.6674434403171339,0.08634744569293731,-0.5808246805457058,0.33674682402795714
446,0.1052440507573803,0.2462503768573053,0.43608146349814114,0.37844441597575573
447,1.5039123730077637,0.42765159124903007,1.728975369181532,0.4564506319866043
448,0.9849516033252617,0.3681594482540429,1.1767080361962003,0.4129268136167782
449,1.1772768022585585,0.39396345913636405,1.3492814315371924,0.41880652490652354
450,-0.41024553938505515,0.33148579478709106,-0.5808246805457058,0.33674682402795714
451,-0.6634960979837523,0.09964871980483662,-0.6900621435313817,0.32812336807921405
452,-0.6273788995701193,0.1784908771742354,-0.46002508267429515,0.3583866223454887
453,-0.6673762637599491,0.0865889610505846,-0.8016184207857413,0.3431237659187166
454,0.25547647027046094,0.3300763125288507,0.5761258916256575,0.36954328967597483
455,0.3492292687311414,0.3421922036552115,0.43608146349813987,0.37844441597575573
456,1.1059510169499893,0.3883664981911525,1.1767080361962008,0.41292681361677835
457,-0.0010930057430461838,0.08260396167004636,0.15907609846603324,0.35492399000654284
458,-0.003542507754926354,0.0847294608705084,0.04030115901355307,0.33660172264121585
459,-0.009695653898301886,0.09656555338977409,-0.19350322315056603,0.3575320393640997
460,-0.5985503531373751,0.21822949434195085,-0.6900621435313842,0.32812336807921433
461,1.2184538369944347,0.39629763083785974,1.5305371271148207,0.434499248717007
462,0.11898757239356546,0.25860336475582896,0.4360814634981412,0.3784444159757557
463,0.03855945806193929,0.1595774714076065,-0.07248995347145742,0.3390366455332565
464,0.03471293531149339,0.15241616657296325,0.15907609846603382,0.3549239900065434
465,0.6940847120798873,0.23752555058340546,0.8528116408013318,0.3851942052034588
466,0.30514630415288063,0.33961555975444835,0.43608146349814,0.378444415975756
467,0.5039226739153048,0.3099916640674186,0.43608146349813987,0.37844441597575573
468,0.2762375263120868,0.3349537511859034,0.43608146349814114,0.37844441597575573
469,0.012175232063359638,0.10248310042575874,0.15907609846603327,0.3549239900065429
470,-0.8221779190786033,0.2784471450078995,-1.5914669211479122,0.38293950971881
471,1.3929244069687527,0.410324280442685,1.530537127114821,0.4344992487170071
472,0.39267947280537296,0.839972804338429,0.25142367353683276,0.927588239321439
473,-1.371557214042394,0.15239205053403923,-1.7452995210552462,0.398881045834992
474,-0.676902570487382,0.050247461424576124,-0.8016184207857434,0.34312376591871746
475,-0.016116307955561782,0.11205044309191013,0.29293971484288794,0.3750037192512731
476,0.751784274108542,0.26267392444902354,1.176708036196201,0.41292681361677785
477,-1.4075018361980958,0.19273600238923677,-1.7452995210552458,0.39888104583499184
478,-0.7045314414014724,0.13231423733135164,-1.2020715315099197,0.3622543865706278
479,0.7378474679369277,0.2548903477600896,0.8528116408013291,0.38519420520345793
480,0.10206057979929117,0.24319346318872,0.43608146349814103,0.3784444159757551
481,0.13417595392081996,0.27082186811921405,0.4360814634981412,0.3784444159757553
482,0.0007281233263352772,0.0824748984605027,0.04030115901355366,0.33660172264121596
483,1.615030690091217,0.4492737955250738,1.728975369181532,0.4564506319866043
484,-0.042472547116179836,0.1664530547383913,-0.32653195794321027,0.36881199495983075
485,1.067451967179405,0.3837787862811622,1.3492814315371915,0.4188065249065233
486,0.01801229223065147,0.11661418456206721,0.04030115901355366,0.33660172264121596
487,-0.48269775489459166,0.30710080741342183,-0.46002508267429515,0.35838662234548857
488,-0.001306636952054515,0.0827035887375181,-0.07248995347145681,0.3390366455332564
489,-0.008832711285481971,0.0945868173434542,-0.07248995347145681,0.3390366455332564
490,-0.02388423989031116,0.1301019350171588,0.040301159013553786,0.3366017226412165
491,0.015173284967273224,0.10977885918944859,0.15907609846603327,0.3549239900065429
492,0.18696430381838502,0.3038877267820671,0.15907609846603327,0.354923990006543
493,0.2766099463191645,0.3350293416539448,0.5761258916256572,0.3695432896759742
494,-0.6853863300417891,0.0741504118031169,-1.065880909499503,0.3737315084220466
495,-0.41796216785089557,0.32973246136143003,-0.5808246805457052,0.336746824027956
496,-1.029142494556737,0.3411406353721145,-1.745299521055248,0.3988810458349922
497,0.9231616134536087,0.34968854954952766,1.0090810708111904,0.40419977300049537
498,-0.6548237788516733,0.12399997275587434,-0.690062143531383,0.32812336807921294
499,-0.20412836936409987,0.3111661632008275,-0.46002508267429515,0.358386622345489
500,-0.06609644469461667,0.20217744532651294,-0.193503223150566,0.35753203936409955
501,0.12541775315713097,0.26394836584747094,0.15907609846603252,0.3549239900065428
502,2.0375993926780924,0.5271339253720261,2.1855246479136308,0.500869111366733
503,0.6800705147158451,0.23572439130392572,0.7114024947101608,0.3689386472055359
504,1.5039123730077637,0.42765159124903007,1.728975369181532,0.4564506319866043
505,-0.8290681524495074,0.2831932126973073,-1.2020715315099189,0.362254386570629
506,0.06882274341463368,0.2058743404152288,0.15907609846603327,0.354923990006543
507,-1.378718607169015,0.15849729469191667,-1.7452995210552442,0.39888104583499173
508,0.9205776424103345,0.3487677690800752,1.1767080361962006,0.4129268136167783
509,-1.4248051727888096,0.21363519832289132,-2.2389523494502406,0.4245992352889765
510,-0.6698081919941751,0.0774716147689055,-0.9276880913188951,0.36602058142124266
511,1.208217279761277,0.3957401279309666,1.5305371271148207,0.4344992487170074
512,1.1902329306209147,0.39473195192523197,1.3492814315371922,0.4188065249065235
513,0.007461767786688243,0.09159110097200988,-0.07248995347145656,0.33903664553325585
514,0.27426952122700443,0.33454743506197393,0.4360814634981397,0.3784444159757553
515,0.2417494393673021,0.32611462392858437,0.4360814634981398,0.37844441597575584
516,0.6920931163424298,0.23713501497476258,0.8528116408013304,0.3851942052034585
517,0.7273541446006802,0.24952214509284476,0.852811640801332,0.38519420520345893
518,-0.9644365122020094,0.3367291581285545,-1.5914669211479122,0.38293950971880986
519,-0.6685429077937893,0.08231244975104758,-0.580824680545707,0.33674682402795647
520,0.7335402578624937,0.2526237506891725,0.7114024947101608,0.3689386472055359
521,-1.1693861658172569,0.30747726238121986,-1.3285477822276497,0.35119338065802036
522,0.7063314980561117,0.24083054393720874,0.7114024947101608,0.3689386472055353
523,1.5394480068811516,0.4343016639505845,1.7289753691815328,0.4564506319866044
524,0.15040505616663652,0.2824232603144466,0.2929397148428882,0.3750037192512731
525,-0.5900615850756328,0.22793272116464788,-0.6900621435313842,0.3281233680792144
526,-0.5297762935480033,0.2803035363474118,-0.5808246805457052,0.3367468240279564
527,1.1739123511510825,0.39375586862433554,1.728975369181531,0.4564506319866039
528,1.0398958398610354,0.3795426757271309,1.1767080361962012,0.41292681361677797
529,0.5982596793861465,0.2624577853530756,0.8528116408013304,0.3851942052034585
530,-0.8127046260518953,0.2715023306402152,-1.5914669211479144,0.3829395097188102
531,-0.6407209897090067,0.15497112754534154,-0.5808246805457052,0.336746824027956
532,0.8528061480293463,0.3199406122674715,1.0090810708111904,0.40419977300049537
533,-0.4494979247007824,0.3205442891850881,-0.46002508267429515,0.3583866223454887
534,-0.6890281239090255,0.08797898041567202,-1.202071531509921,0.3622543865706286
535,1.1160207235653505,0.3893509786810597,1.349281431537192,0.4188065249065233
536,0.5864648674346281,0.26889682814050075,0.71140249471016,0.36893864720553526
537,-0.1078500075661937,0.24844404917450372,-0.46002508267429526,0.3583866223454891
538,0.08922520268613615,0.23003338629947162,0.43608146349814136,0.3784444159757558
539,0.28381591480655616,0.33641104787788734,0.29293971484288706,0.375003719251273
540,0.1343745992717872,0.27097256798091474,0.1590760984660325,0.3549239900065427
541,-0.6593640906826257,0.11194387309952143,-0.8016184207857434,0.3431237659187171
542,0.6413930234314744,0.24214061104479348,0.71140249471016,0.3689386472055356
543,1.029280744966348,0.3776662795522938,1.1767080361962,0.41292681361677785
544,2.0769497764767477,0.5336420531946081,2.4518551240822495,0.532282306382949
545,0.2000115336749618,0.31017792504319636,0.43608146349813953,0.3784444159757551
546,-1.5494225029420323,0.3162105075560952,-2.067614763715884,0.40542686432220115
547,0.005319427144245578,0.08743310502045647,0.15907609846603327,0.3549239900065429
548,-0.8313958288091664,0.2847411348592686,-1.4536698019194019,0.35995971790452624
549,0.1188247751726969,0.2584646050115566,0.5761258916256572,0.36954328967597383
550,-0.6944342774631141,0.10561569247534393,-1.2020715315099217,0.362254386570629
551,0.9388910256378221,0.35502583278659194,1.1767080361961997,0.41292681361677797
552,-0.32228797095321726,0.33865756053224555,-0.46002508267429393,0.35838662234548946
553,0.617117409723759,0.2526325064701869,0.5761258916256572,0.3695432896759746
554,0.009169860391701172,0.09536065641875065,0.1590760984660327,0.3549239900065424
555,0.8732832213537411,0.32962006778184755,1.1767080361961997,0.41292681361677785
556,0.914366053379337,0.3465025298858192,1.0090810708111895,0.4041997730004951
557,0.5184003256176903,0.3037671358657244,0.5761258916256565,0.36954328967597483
558,-0.7025046289535724,0.12744358519419052,-1.065880909499503,0.37373150842204667
559,0.030063124979366234,0.14325132149896236,0.2929397148428891,0.3750037192512734
560,-0.6744577700381236,0.05831596968832093,-1.065880909499503,0.37373150842204667
561,0.8580434947943668,0.32249668733362025,1.1767080361962015,0.4129268136167781
562,-1.4466868800111408,0.23759422355227391,-2.238952349450238,0.42459923528897625
563,0.7381503630606353,0.2550526606366885,0.852811640801331,0.3851942052034587
564,-0.7035990250600153,0.13009910777411482,-1.4536698019193985,0.3599597179045251
565,-0.23244137374529303,0.32193618718319583,-0.46002508267429526,0.3583866223454891
566,-0.04175609558403652,0.16521097328031759,-0.3265319579432102,0.36881199495983114
567,0.35020965611847504,0.3421890582345947,0.4360814634981384,0.37844441597575557
568,-0.10935640686084347,0.24982861173763565,-0.3265319579432102,0.3688119949598309
569,-1.371834131399662,0.15258905970010717,-1.9058376780755006,0.40105096640812327
570,-1.4140168267553217,0.20077070365661054,-2.067614763715881,0.40542686432220054
571,0.024926583302384224,0.13241911470011303,0.15907609846603324,0.35492399000654284
572,-0.607052937014477,0.20771287987165107,-0.6900621435313823,0.32812336807921433
573,-0.532197436987815,0.2786410985840216,-0.6900621435313824,0.3281233680792126
574,-0.14415211045080348,0.2776911802085202,-0.3265319579432102,0.3688119949598309
575,-0.00338001263100868,0.08452615081011189,0.15907609846603324,0.35492399000654284
576,0.027956960709341314,0.1389030257568282,0.15907609846603232,0.35492399000654307
577,-0.43665581715975554,0.3246869827149585,-0.690062143531383,0.3281233680792135
578,1.2521960408865942,0.39815656563540575,1.5305371271148205,0.4344992487170071
579,0.7319978693820655,0.2518323655828461,1.0090810708111873,0.4041997730004944
580,-1.3753967188818488,0.15542142611163381,-1.9058376780754993,0.40105096640812293
581,0.6693187807612759,0.2358826250892349,0.8528116408013307,0.3851942052034584
582,-0.6194918208861082,0.19061552295336742,-0.46002508267429515,0.358386622345489
583,0.031411937866885155,0.1459701222813154,-0.07248995347145767,0.3390366455332571
584,0.11362275153514309,0.2539378768834146,0.15907609846603252,0.3549239900065428
585,1.006636239622432,0.37316274259512694,1.1767080361962,0.41292681361677797
586,0.07631023792789642,0.21526138342517254,0.43608146349814003,0.3784444159757557
587,-1.3153046351104252,0.18664143579645046,-2.067614763715882,0.40542686432220054
588,0.6879935382854078,0.23646900875396742,0.8528116408013305,0.385194205203458
589,0.06989765871631938,0.20726297896272422,0.15907609846603327,0.35492399000654296
590,0.4116228216666937,0.33685999089157564,0.4360814634981398,0.37844441597575584
591,0.505713094977115,0.30925003514339267,0.576125891625658,0.3695432896759751
592,-1.2847896310699443,0.22191183785526003,-1.5914669211479147,0.3829395097188104
593,1.4511221686753544,0.41862889608159887,1.728975369181532,0.4564506319866043
594,0.07393888580849914,0.21235904056699303,0.040301159013553654,0.3366017226412159
595,-0.21139733405497158,0.31420912165396253,-0.3265319579432102,0.3688119949598307
596,0.25313157422896465,0.3294419392936111,0.2929397148428871,0.37500371925127335
597,0.7909931056171757,0.28600799459515625,1.00908107081119,0.40419977300049514
598,-0.852774271033355,0.297910470636595,-1.2622630635582093,0.3837026754359417
599,1.2672687041663588,0.39904451434104327,1.5305371271148207,0.4344992487170074
600,-0.2813620479654529,0.33414974302432043,-0.3265319579432101,0.3688119949598311
601,-1.3358638327434438,0.1623662238339325,-1.9058376780755006,0.40105096640812327
602,-1.2125780465228755,0.28320464566087417,-1.4536698019193985,0.359959717904525
603,0.3887651608902281,0.3400189818059061,0.4360814634981398,0.37844441597575584
604,-0.40676286795743505,0.3322154253916498,-0.5808246805457052,0.3367468240279564
605,-0.6900615376332082,0.09159383308102355,-1.0658809094995012,0.37373150842204667
606,-0.7204319401977143,0.16489987813084464,-1.2020715315099217,0.362254386570629
607,-1.36516732771116,0.1489316829701637,-2.067614763715882,0.40542686432220054
608,0.8999473178952375,0.34095772726005447,1.1767080361962023,0.4129268136167785
609,-0.0013017570785465215,0.08270111935803987,0.040301159013553786,0.3366017226412165
610,-0.00037406639383500036,0.08239791796564594,0.04030115901355393,0.3366017226412172
611,-0.013395462351595793,0.10543816178664651,-0.3265319579432091,0.36881199495983064
612,-0.15769807549946852,0.286685648430786,-0.32653195794321027,0.3688119949598305
613,-1.3712132225357068,0.1521523126845138,-1.9058376780755006,0.40105096640812327
614,0.23787808784527845,0.32488756606033997,0.43608146349814003,0.37844441597575595
615,-1.0932101535843732,0.36159264132023533,-1.3726377469201145,0.48635309332875615
616,-0.04141413591582642,0.164614209517452,0.04030115901355321,0.33660172264121646
617,-1.3836626804709802,0.16367230944417316,-1.7452995210552442,0.39888104583499173
618,1.520428679327844,0.4306963910371386,2.1855246479136325,0.5008691113667333
619,1.1795120230485427,0.3940993840614752,1.3492814315371908,0.418806524906523
620,-0.7059209462110257,0.13553889353973558,-1.2020715315099189,0.3622543865706291
621,-0.2598935835115641,0.32973877210744684,-0.5808246805457058,0.33674682402795714
622,0.11043746735611454,0.25107468022229174,0.29293971484288817,0.3750037192512733
623,-0.3116844504238397,0.3379707831874273,-0.4600250826742954,0.3583866223454892
624,-1.3738838621556593,0.15415391618053836,-1.9058376780755006,0.40105096640812327
625,-0.023554862722522097,0.12937084193275478,-0.19350322315056584,0.3575320393640998
626,0.8553586698032096,0.32119322729528127,1.349281431537192,0.41880652490652326
627,0.389967863873927,0.3398874172904085,0.43608146349814003,0.3784444159757557
628,0.019694553642315808,0.12058262545601976,0.15907609846603252,0.3549239900065428
629,-0.018381048349744064,0.11747337921021644,-0.1935032231505645,0.35753203936409894
630,0.42776704824283796,0.33379132719266247,0.7114024947101608,0.36893864720553565
631,1.9613658090936625,0.5143238375991063,2.185524647913629,0.5008691113667325
632,-0.6568610767288643,0.11875360877908372,-0.4600250826742954,0.3583866223454891
633,0.7241917256383159,0.24801735456144433,0.7114024947101608,0.3689386472055359
634,-1.3197935525889628,0.18115630096518262,-1.5914669211479175,0.38293950971881036
635,-0.20480534025424138,0.31145795010042293,-0.19350322315056584,0.35753203936409994
636,0.6140732582855144,0.25415255269309955,0.7114024947101593,0.36893864720553493
637,-0.7951793876303777,0.25724843331842934,-1.2020715315099217,0.362254386570629
638,-0.1806773149108255,0.2999463322524768,-0.46002508267429526,0.3583866223454891
639,1.5687339600379415,0.440012143163024,1.9469565341784525,0.4770805694754342
640,0.03235383289182394,0.14783901735499783,0.29293971484288817,0.37500371925127307
641,0.9981335722857543,0.3712848056416248,1.0090810708111901,0.40419977300049525
642,-0.06698326077326862,0.20335237148789886,-0.193503223150566,0.35753203936409955
643,0.01105751011519806,0.09979012129580438,0.04030115901355366,0.33660172264121596
644,-0.6987772363866668,0.11789997246390951,-1.2020715315099217,0.362254386570629
645,-0.7051106525969545,0.13366926349897498,-1.2020715315099217,0.362254386570629
646,0.7908317907778621,0.28591224955115635,1.0090810708111877,0.4041997730004947
647,-1.3158415678266562,0.18598574566856776,-1.9058376780754993,0.4010509664081229
648,-0.6727018455788153,0.06565595774687495,-0.6900621435313823,0.32812336807921433
649,0.0036711379579482967,0.08489903144655173,-0.07248995347145717,0.3390366455332559
650,-0.9465864766816596,0.33331404657607505,-1.4536698019194019,0.35995971790452624
651,0.15483708644337338,0.28535392867653686,0.29293971484288706,0.375003719251273
652,0.4454292250200366,0.3296395668247049,0.5761258916256572,0.36954328967597494
653,-0.010316561100449328,0.09802004567780864,-0.1935032231505665,0.3575320393641003
654,-1.075339339554613,0.33680844553019035,-1.5914669211479175,0.3829395097188103
655,0.242602264012099,0.3263783603003151,0.5761258916256575,0.3695432896759748
656,-0.6950105557792436,0.10732960166515207,-0.9276880913188953,0.3660205814212429
657,0.5735673174929953,0.2759679643649581,0.7114024947101608,0.3689386472055359
658,0.5881736014403994,0.26795886533461954,0.7114024947101608,0.3689386472055359
659,-0.5675012653751107,0.25052429090814815,-0.5808246805457052,0.336746824027956
660,0.32154824157166295,0.34120116244429544,0.576125891625656,0.3695432896759748
661,-1.3337907304318968,0.1646160391132013,-1.9058376780754966,0.4010509664081234
662,-1.3835863773552424,0.16358806856567856,-2.067614763715882,0.4054268643222005
663,0.6348182523017997,0.24462916631692894,0.8528116408013291,0.38519420520345815
664,-0.027166359991160367,0.13720941211572857,-0.07248995347145742,0.3390366455332565
665,0.5949977030418391,0.26422730066098093,0.71140249471016,0.36893864720553493
666,0.1403551609419933,0.27540606262348866,0.29293971484288817,0.3750037192512733
667,-1.3178021815514502,0.18358962247735244,-1.7452995210552442,0.39888104583499173
668,0.6440795608217474,0.24121854363661005,1.0090810708111888,0.4041997730004948
669,-0.035161669242365065,0.1532295001137225,-0.32653195794320916,0.36881199495983064
670,0.009159799265183096,0.09533764597547482,0.04030115901355308,0.33660172264121585
671,-0.005573565052394536,0.08787749899415308,-0.07248995347145742,0.3390366455332565
672,-0.27363484072135263,0.3327281403672957,-0.6900621435313817,0.32812336807921405
673,0.5560814559212973,0.2853471210448213,0.7114024947101593,0.368938647205535
674,-1.3567349925159715,0.1480366638914384,-2.0676147637158877,0.4054268643222009
675,-0.9778680767555451,0.33866026903857754,-1.4536698019194,0.35995971790452574
676,-0.7625471293672694,0.22475553462685072,-1.3285477822276475,0.35119338065801914
677,-0.6855512022389888,0.07481435432812736,-0.9276880913188951,0.36602058142124255
678,0.45783921114988674,0.326225753180569,0.5761258916256555,0.36954328967597494
679,0.2055305681315749,0.3126416483199837,0.576125891625656,0.3695432896759751
680,-0.6851690881790821,0.07327034108256202,-1.065880909499503,0.37373150842204667
681,0.7022695220717006,0.23956933374334752,1.1767080361961988,0.412926813616778
682,0.06486568523827031,0.20063597939434874,0.29293971484288817,0.3750037192512735
683,0.8413738631868202,0.3141719860842884,1.0090810708111893,0.40419977300049514
684,-0.3905734079801117,0.3351118418071916,-0.46002508267429515,0.3583866223454887
685,0.3487216044625311,0.3421928113477105,0.2929397148428871,0.37500371925127335
686,0.03728045155752214,0.1572362435413711,0.15907609846603327,0.354923990006543
687,0.3405070241720024,0.34210558405650493,0.5761258916256575,0.3695432896759748
688,0.12842630074389355,0.26636090132316104,0.29293971484288706,0.37500371925127346
689,-0.08259844604683922,0.22250422793303243,-0.1935032231505658,0.3575320393640998
690,-0.6670169955491992,0.08787105018046878,-0.8016184207857421,0.3431237659187161
691,0.004065971527963485,0.08544073798185928,0.04030115901355393,0.3366017226412171
692,-0.1861031791215214,0.3027400031083027,0.04030115901355365,0.3366017226412159
693,-0.03400007434470373,0.1510094297491077,-0.32653195794321027,0.3688119949598305
694,1.6160455196266703,0.44947844640204815,1.9469565341784523,0.4770805694754341
695,0.006626578226027767,0.08987730986777909,0.040301159013553654,0.3366017226412159
696,0.6346677464190531,0.2446897132437351,0.7114024947101616,0.36893864720553654
697,-0.22610822638479364,0.3197756413062577,-0.46002508267429365,0.3583866223454892
698,0.6961887845393974,0.2379845659166454,0.8528116408013319,0.3851942052034589
699,-0.6807109159410166,0.054890138759561766,-0.8016184207857434,0.34312376591871746
700,-0.03191952338922316,0.14694471960609828,-0.07248995347145681,0.33903664553325635
701,0.0062507442602970234,0.08914188176159732,-0.07248995347145656,0.3390366455332558
702,0.7337946562160008,0.25275535471877086,1.0090810708111904,0.4041997730004953
703,-0.01754941843478032,0.11549451542949221,-0.193503223150566,0.35753203936409966
704,0.7511584184147723,0.26231295762737605,1.0090810708111893,0.40419977300049514
705,-1.3683127609566628,0.15036282847383073,-1.9058376780754993,0.4010509664081229
706,-1.323456034782805,0.176699698107919,-1.7452995210552442,0.39888104583499173
707,0.01735156897147379,0.11503699775500545,0.04030115901355308,0.33660172264121585
708,-0.005937535504637817,0.08854336157478773,-0.19350322315056584,0.35753203936409994
709,-0.6908078804860968,0.09412706272805861,-1.202071531509921,0.3622543865706286
710,-0.8473148601671509,0.2946191081943475,-1.4536698019193985,0.359959717904525
711,-1.4417696839662504,0.23246983894179624,-2.0676147637158873,0.40542686432220054
712,-0.6454626537647482,0.1454265191676575,-0.9276880913188951,0.36602058142124266
713,0.5466801934133313,0.290208600619146,0.7114024947101599,0.3689386472055359
714,-0.10665369444763981,0.24733261490669614,-0.32653195794321016,0.36881199495983064
715,-0.6416415233962449,0.15317508516212894,-0.5808246805457052,0.3367468240279564
716,-0.6695228757965581,0.07858189757635044,-0.8016184207857402,0.343123765918716
717,-0.0018542548118646368,0.0830373383026912,-0.07248995347145742,0.33903664553325646
718,0.051119131522329,0.1807002265620998,0.04030115901355366,0.33660172264121596
719,1.758994391688482,0.47786747850635164,1.9469565341784536,0.4770805694754345
720,0.15675530422618,0.2865924176002878,0.2929397148428881,0.375003719251273
721,1.004628007733555,0.37272871238739064,1.5305371271148183,0.434499248717007
722,0.30783602204464994,0.3399273171058772,0.4360814634981398,0.37844441597575584
723,-0.42402212792293303,0.3282219220783172,-0.5808246805457052,0.3367468240279564
724,1.2045387313624385,0.39553774973326106,1.3492814315371917,0.41880652490652354
725,0.8214280431880665,0.3035113401807853,1.1767080361961997,0.41292681361677797
726,0.6008424286046857,0.2610665021982873,0.8528116408013291,0.38519420520345793
727,0.6559922850426674,0.23789516813324219,0.7114024947101593,0.368938647205535
728,-1.4235979218959782,0.21222770139910935,-1.9058376780754993,0.40105096640812277
729,-1.209167226851133,0.28541428819398057,-1.7452995210552442,0.39888104583499173
730,-0.15706091059162008,0.28628313262161637,-0.3265319579432102,0.3688119949598309
731,-0.9959121299780056,0.3404098623427794,-1.4536698019193985,0.359959717904525
732,-0.027637053189840274,0.13820243947359706,-0.19350322315056584,0.3575320393640998
733,-0.48950546672148976,0.3038232920625293,-0.46002508267429665,0.35838662234548885
734,-0.696309642221857,0.11109409115913675,-1.3285477822276481,0.3511933806580198
735,-0.008988904659173746,0.09494067166010794,0.040301159013553786,0.3366017226412165
736,0.3027885734419984,0.33932544442486373,0.43608146349814003,0.37844441597575595
737,0.7279112038466977,0.24979319404778694,0.8528116408013304,0.38519420520345826
738,0.029608008250820085,0.14232244685625367,0.2929397148428871,0.3750037192512731
739,0.5949436715382601,0.26425670832362547,0.71140249471016,0.3689386472055356
740,0.7651687857096224,0.27055111359476386,1.1767080361961997,0.41292681361677797
741,-0.2149289672311349,0.3156167663884877,-0.46002508267429515,0.3583866223454887
742,0.7104244408339349,0.2422537920998039,0.7114024947101616,0.3689386472055362
743,0.4105986735240915,0.33703127165408425,0.7114024947101608,0.3689386472055359
744,0.004587181884056728,0.08622152134383049,0.29293971484288817,0.37500371925127307
745,-0.5734768421541817,0.24494504601946057,-0.46002508267429526,0.3583866223454891
746,0.035021308105612964,0.15300379789662477,0.04030115901355366,0.33660172264121596
747,-0.928691084842779,0.32888901212434485,-1.0658809094995012,0.37373150842204655
748,-0.6637646110824771,0.09879695668449581,-0.5808246805457058,0.33674682402795714
749,0.49446551571551045,0.3137740989929296,0.7114024947101584,0.3689386472055349
750,-0.011800746314511454,0.10156734380244509,0.040301159013553085,0.3366017226412159
751,-0.6772295687358585,0.0496754709078223,-0.9276880913188953,0.3660205814212429
752,-0.46794401627621623,0.3135801340885848,-0.5808246805457058,0.33674682402795714
753,-1.3128934984399088,0.1895802218856045,-1.5914669211479122,0.38293950971880986
754,-0.8283102114162643,0.28268322569063964,-1.3285477822276475,0.35119338065801914
755,-0.0038580750179611203,0.08514680076502991,0.04030115901355308,0.33660172264121585
756,-0.724146398548878,0.17142840221737796,-1.0658809094995012,0.37373150842204667
757,0.6220761737461091,0.25023320254540876,0.5761258916256555,0.36954328967597455
758,0.03918049507595612,0.16070040863263468,0.4360814634981412,0.3784444159757557
759,0.009808435393581094,0.09683612786605851,0.040301159013553654,0.3366017226412159
760,0.7773897292607367,0.27787667832485735,1.0090810708111904,0.40419977300049514
761,-1.4470801508667255,0.23799762292734858,-2.0676147637158815,0.40542686432220015
762,-0.022230435245203815,0.1263983942936519,-0.1935032231505667,0.35753203936410005
763,-0.6439040356216573,0.14864653197176916,-0.6900621435313823,0.32812336807921433
764,-1.1126128428659687,0.3286464035115051,-1.5914669211479122,0.38293950971881
765,-0.655275445405095,0.12285802993975053,-0.690062143531383,0.32812336807921316
766,1.2421341883110106,0.39758987423637737,1.728975369181531,0.4564506319866045
767,-1.3113166064235842,0.19149510483213739,-1.9058376780755006,0.40105096640812327
768,0.005054042077298329,0.08697945735846127,-0.07248995347145742,0.33903664553325646
769,-0.022536784579286526,0.12709058004993992,-0.193503223150566,0.35753203936409955
770,0.4642052512191527,0.3243156757731461,0.5761258916256575,0.36954328967597483
771,-0.46327309811816875,0.31546005876648664,-0.4600250826742968,0.35838662234548885
772,0.8992994920760184,0.34069906934018784,1.3492814315371917,0.41880652490652337
773,0.008759049565264503,0.09442783028599154,0.04030115901355367,0.33660172264121596
774,0.2530119203884731,0.32940910556934777,0.711402494710161,0.36893864720553493
775,0.6773425747836112,0.23563685514822302,0.7114024947101593,0.3689386472055347
776,-1.2011634033531746,0.2903920181601159,-1.5914669211479175,0.38293950971881036
777,0.12743046385664517,0.26556841936387876,0.29293971484288817,0.37500371925127307
778,-1.3694883693064237,0.1510366675141517,-1.9058376780754946,0.4010509664081229
779,-0.6275745087045919,0.17817537613107157,-0.690062143531383,0.328123368079214
780,0.00583701910831134,0.08836158259929938,0.0403011590135532,0.33660172264121646
781,-0.04055215375461611,0.16309852211416265,-0.1935032231505667,0.35753203936410005
782,-0.468336804753079,0.3134183623345467,-0.5808246805457052,0.3367468240279568
783,-0.649701045872768,0.1362079094608981,-0.8016184207857424,0.34312376591871707
784,-0.14306309000602277,0.27692692271822134,-0.32653195794320905,0.3688119949598305
785,0.4187250725243664,0.33559543483200444,0.5761258916256562,0.3695432896759751
786,-1.3227455570183315,0.17756101408422997,-1.7452995210552442,0.39888104583499173
787,-0.5288343972766051,0.2809419871334214,-0.690062143531383,0.32812336807921316
788,0.87926021481713,0.3322856543486972,1.176708036196201,0.41292681361677785
789,0.8215882110155108,0.30359980063412256,1.0090810708111901,0.40419977300049525
790,-0.017116522852465253,0.11445838118131972,-0.193503223150566,0.35753203936409966
791,0.5786738628451205,0.27317475651998807,1.00908107081119,0.4041997730004949
792,-0.6656298897244146,0.0926751404627632,-0.5808246805457052,0.3367468240279564
793,0.011112841393391203,0.09992256037514526,0.04030115901355352,0.33660172264121535
794,0.34238190409060903,0.34214162079457344,0.29293971484288817,0.3750037192512733
795,-1.0135439305651708,0.341197457030674,-1.3285477822276477,0.3511933806580191
796,-1.3116807244689535,0.19105354869487925,-1.745299521055248,0.398881045834992
797,0.6575904771656271,0.23755335288128662,0.8528116408013319,0.3851942052034587
798,0.9059896370067961,0.34333056748760843,1.1767080361961992,0.4129268136167777
799,0.6278258143694341,0.2475925414134071,0.7114024947101617,0.36893864720553626
800,-0.27741317186196174,0.3334463464648888,-0.6900621435313817,0.32812336807921405
801,0.02153235711684302,0.12483132483490042,0.04030115901355308,0.33660172264121585
802,-0.6807437083285299,0.05501132362348743,-1.065880909499503,0.37373150842204667
803,-0.9635876492991865,0.3365888488108454,-1.4536698019194019,0.35995971790452624
804,1.857320768427118,0.4961407506721439,2.185524647913632,0.5008691113667334
805,0.5717989767179241,0.27693126141395674,0.5761258916256575,0.36954328967597483
806,0.7897944933762855,0.2852960684459487,1.1767080361961992,0.41292681361677763
807,-0.025687686449199054,0.13404718206821603,-0.07248995347145656,0.3390366455332558
808,-0.6112409583765365,0.20220211590792347,-0.6900621435313842,0.32812336807921405
809,-0.004951987036051528,0.08680527425254696,-0.07248995347145681,0.33903664553325635
810,0.5762850425436864,0.2744832195411005,0.71140249471016,0.3689386472055359
811,0.01709236880038996,0.11441571117102693,0.29293971484288706,0.37500371925127324
812,0.05773443484154245,0.19065520785228293,0.15907609846603252,0.3549239900065428
813,-0.2038851458003411,0.31106090426648303,-0.46002508267429515,0.358386622345489
814,1.8854334809631266,0.5011560087100567,1.9469565341784503,0.47708056947543404
815,-0.2343541622781016,0.3225615096583822,-0.6900621435313836,0.3281233680792138
816,-0.475962572196608,0.31016246184569835,-0.4600250826742938,0.3583866223454893
817,0.8952907240336716,0.33908005375093603,1.3492814315371926,0.41880652490652387
818,0.5951139876312787,0.2641640202782842,1.0090810708111866,0.4041997730004947
819,0.19481264992158895,0.3077512617930137,0.292939714842887,0.37500371925127324
820,-0.6732216256761024,0.06346330960260313,-0.8016184207857424,0.3431237659187171
821,0.5021832189236709,0.31070444363415584,0.43608146349814003,0.37844441597575595
822,-0.4984690250883481,0.29921724310809733,-0.46002508267429654,0.35838662234548874
823,0.23182391075085174,0.3228694849764308,0.5761258916256575,0.3695432896759748
824,-1.1715623299660722,0.30643609651982784,-1.5914669211479175,0.38293950971881097
825,0.01904451691333922,0.11905769793007892,0.15907609846603324,0.35492399000654284
826,-0.06287976830178636,0.19782787370814656,-0.3265319579432102,0.36881199495983086
827,-0.024545348474231354,0.13155952011307254,-0.32653195794320905,0.3688119949598305
828,-0.6192504214350592,0.19096946919002042,-0.3265319579432102,0.3688119949598307
829,-0.09243758817978623,0.23326694913251886,-0.19350322315056584,0.35753203936409994
830,-0.672516283783947,0.06643705958601848,-0.6900621435313842,0.32812336807921405
831,0.6519174361372859,0.23888250816689355,0.852811640801332,0.38519420520345876
832,-0.007197203009028135,0.09103142893772011,-0.1935032231505658,0.3575320393640999
833,0.8717516555036788,0.3289254040477279,1.1767080361962003,0.4129268136167782
834,0.23129797555545326,0.32268839629030616,0.43608146349814003,0.37844441597575595
835,-0.6009950333356856,0.21529242479049385,-0.6900621435313842,0.32812336807921405
836,0.20597760512013477,0.31283622402967487,0.5761258916256575,0.3695432896759748
837,0.5181438862875052,0.30388183961294574,0.576125891625656,0.3695432896759748
838,-0.020445052532757527,0.12230992094254323,-0.07248995347145742,0.33903664553325646
839,-0.011094507680010145,0.09986944844400546,-0.19350322315056603,0.3575320393640997
840,0.2087884962300731,0.31404278381395534,0.29293971484288805,0.37500371925127346
841,0.597055739062799,0.2631094468411222,0.7114024947101608,0.36893864720553565
842,-0.6784751088035459,0.049268918580118386,-0.5808246805457074,0.3367468240279559
843,-0.6884121226638149,0.0857619732543497,-0.8016184207857434,0.3431237659187168
844,0.0787615848253864,0.2181963979313808,0.15907609846603196,0.3549239900065422
845,-1.2759897740163892,0.23104760936791682,-1.4536698019193985,0.3599597179045251
846,-0.5061578947483611,0.29499223173572636,-0.5808246805457058,0.33674682402795714
847,-0.6831609956238708,0.0649040741906127,-0.9276880913188951,0.3660205814212428
848,1.257058462964342,0.398437156546931,1.5305371271148194,0.43449924871700685
849,0.059532176640870994,0.19324068388480425,0.29293971484288706,0.37500371925127324
850,0.2674006893591287,0.33303817427388566,0.29293971484288817,0.3750037192512733
851,-0.0014915337458668992,0.08280377276698894,-0.07248995347145656,0.3390366455332558
852,-0.009785298961863732,0.09677414288275105,-0.07248995347145681,0.33903664553325635
853,1.5209878452384333,0.4308009678132807,1.946956534178451,0.4770805694754343
854,0.8978451122830504,0.34011536317619423,1.5305371271148194,0.4344992487170079
855,0.057929326820978386,0.19093786048568037,0.2929397148428882,0.3750037192512731
856,0.7035455117587719,0.2399486588513334,0.8528116408013292,0.38519420520345804
857,-0.7032844670508633,0.1293421187003594,-1.3285477822276497,0.35119338065802036
858,0.2990494545153798,0.33883295603362035,0.7114024947101593,0.368938647205535
859,1.3111589914915363,0.4020617074584702,1.3492814315371917,0.41880652490652315
860,0.6938910206722517,0.23748567903657455,0.71140249471016,0.3689386472055362
861,-1.3724783378398684,0.15306095377498113,-1.9058376780754993,0.4010509664081229
862,-0.6786008280792576,0.04939087896544848,-1.2020715315099184,0.36225438657062886
863,0.524602787514408,0.30094540719957863,0.71140249471016,0.3689386472055356
864,-0.05197296596088855,0.18195164153354434,-0.19350322315056584,0.35753203936409994
865,0.7572593428907259,0.2658644352271642,0.8528116408013291,0.38519420520345793
866,1.2288319920393973,0.3968603216074781,1.3492814315371935,0.4188065249065239
867,0.5350381717792646,0.2959993158627765,0.5761258916256575,0.3695432896759748
868,0.01496697564397458,0.10927737419764641,0.1590760984660327,0.3549239900065424
869,0.665055941546455,0.23631434383748254,1.0090810708111877,0.4041997730004948
870,-0.10134206726939768,0.242267077553002,-0.3265319579432103,0.368811994959831
871,-0.4717557948568075,0.3992261079372626,-0.683682332135295,0.573866656807369
872,0.5404332532903372,0.29334971729314663,0.576125891625656,0.3695432896759751
873,1.7344469697246818,0.473120091512162,2.185524647913632,0.5008691113667334
874,-1.3458136483252436,0.15317062662491057,-1.7452995210552449,0.3988810458349922
875,-0.6481755802671799,0.13960854525120048,-0.5808246805457067,0.3367468240279559
876,1.316224577597462,0.40246396786800814,1.5305371271148211,0.43449924871700746
877,-0.002907452388602498,0.08398173635843043,0.04030115901355366,0.33660172264121596
878,0.137199184632223,0.27309126616804474,0.15907609846603254,0.3549239900065428
879,0.6324104300416162,0.2456156137394428,0.8528116408013291,0.38519420520345793
880,1.2922295988032104,0.40066569818529685,1.7289753691815306,0.45645063198660435
881,0.04870792378889081,0.17688586257636643,0.04030115901355308,0.33660172264121585
882,-1.1567728722771395,0.31316098951133126,-1.453669801919399,0.3599597179045255
883,0.008220041099902452,0.09322709980331818,0.040301159013553196,0.33660172264121646
884,0.007803113140307875,0.09231913026383154,0.15907609846603196,0.3549239900065422
885,0.5536963005907304,0.2865946569999955,0.576125891625656,0.3695432896759751
886,0.770031576284031,0.2734600180969342,1.1767080361962008,0.4129268136167777
887,0.9231658263223486,0.34969004051102837,1.349281431537193,0.41880652490652315
888,0.6203128094073559,0.2510746068310796,0.576125891625658,0.3695432896759751
889,0.6080474578917723,0.25724833841023137,0.7114024947101593,0.3689386472055346
890,-0.1462739840359898,0.279162206562361,-0.193503223150566,0.35753203936409955
891,-1.3611105078512045,0.14794811374558428,-1.9058376780754966,0.4010509664081234
892,0.6037990780905552,0.25948707632936036,0.7114024947101608,0.3689386472055359
893,-0.9966761241817126,0.34046279802607404,-1.4536698019193985,0.359959717904525
894,-0.01227994110210108,0.10272657665052932,-0.07248995347145742,0.33903664553325646
895,0.519350240327001,0.3033408766026379,0.7114024947101608,0.3689386472055359
896,1.1915164207477047,0.3948057951587964,1.530537127114821,0.43449924871700707
897,0.03141621550926664,0.14597866459998068,0.29293971484288706,0.375003719251273
898,-0.771485184688025,0.2345532380031819,-1.202071531509921,0.3622543865706286
899,0.6862954999944954,0.23624858699547555,1.0090810708111904,0.4041997730004955
900,0.6606349289537579,0.23697572987923374,0.576125891625656,0.3695432896759751
901,-0.31592626752325825,0.33828552806139434,-0.32653195794321144,0.3688119949598309
902,0.6239551599172134,0.24935219943645534,0.7114024947101608,0.3689386472055356
903,-0.7021891698121778,0.1266665319042107,-1.0658809094995019,0.3737315084220462
904,0.6863383066527291,0.23625373979892883,1.0090810708111908,0.4041997730004953
905,-0.11603036819482304,0.2557686668659606,-0.46002508267429526,0.35838662234548907
906,-0.6777255306352779,0.049162881056624134,-1.065880909499503,0.37373150842204667
907,-0.6046187642747217,0.210811929370223,-0.690062143531383,0.3281233680792135
908,1.3770286074852756,0.40840534931551087,1.530537127114821,0.4344992487170071
909,-0.38918613310290195,0.3353225427529467,-0.6900621435313842,0.32812336807921433
910,1.490332700127817,0.42521889291801945,1.7289753691815333,0.4564506319866044
911,1.50510856248981,0.4278690852227843,1.9469565341784512,0.4770805694754338
912,-0.7001672490645866,0.12155498402403858,-1.065880909499503,0.3737315084220466
913,1.1280703397442913,0.39042977310953797,1.3492814315371922,0.41880652490652354
914,-0.007961953790419668,0.0926562444645935,0.040301159013553786,0.3366017226412165
915,0.7083037479376815,0.24149791715184654,1.0090810708111897,0.4041997730004953
916,-0.00216229660478818,0.08327340891787702,0.040301159013553925,0.3366017226412171
917,-1.0524499106234322,0.3397378309092619,-1.591466921147917,0.3829395097188107
918,-0.6382103609402503,0.1597421351188956,-0.6900621435313818,0.32812336807921255
919,0.6693930228134608,0.2358769354347366,0.8528116408013307,0.3851942052034586
920,0.6342369505325243,0.24486385155761606,0.8528116408013291,0.38519420520345793
921,1.4644185113521935,0.42078432267114685,1.728975369181532,0.4564506319866043
922,-1.306350741332446,0.19747086906716615,-1.7452995210552484,0.39888104583499234
923,0.6133177687369159,0.25453471778862496,0.8528116408013304,0.3851942052034583
924,-1.0824724190161374,0.3355762658441908,-1.7452995210552462,0.398881045834992
925,-0.4538609327011745,0.3190070540956479,-0.5808246805457058,0.33674682402795714
926,0.07123616739929413,0.208972376559903,0.29293971484288706,0.375003719251273
927,-1.2726977695105246,0.2343360742841121,-1.7452995210552495,0.3988810458349922
928,-0.6615403046277776,0.1056490023738056,-0.9276880913188952,0.36602058142124283
929,-0.6753611662952305,0.05480523113700606,-0.8016184207857413,0.3431237659187164
930,1.849465986674602,0.4947238968241914,2.1855246479136325,0.5008691113667333
931,-0.4503600091223577,0.320245841379877,-0.5808246805457052,0.336746824027956
932,-0.6863500191344373,0.0779809567606754,-1.3285477822276484,0.3511933806580198
933,-0.6706666356879131,0.07406622695299034,-0.6900621435313842,0.32812336807921405
934,-0.3908296657755362,0.3350722785810848,-0.5808246805457052,0.336746824027956
935,-0.7062703020832439,0.13633588121348028,-1.3285477822276475,0.3511933806580192
936,0.7999091228752502,0.29126074227752613,1.3492814315371926,0.41880652490652376
937,0.17785845313142806,0.299092125563702,0.29293971484288817,0.37500371925127307
938,-0.06647344114608134,0.20267817291620957,-0.32653195794321027,0.36881199495983075
939,0.9090761228798626,0.34451514192397803,1.1767080361961997,0.41292681361677785
940,0.4721778829074776,0.32177200400084494,0.5761258916256575,0.36954328967597444
941,-0.9209716001446809,0.32666069695561634,-1.5914669211479175,0.38293950971881036
942,-0.8915943522646566,0.3163276827194383,-1.3285477822276477,0.3511933806580191
943,0.5282678367320917,0.29923604676147747,0.5761258916256575,0.3695432896759748
944,-0.24337251364268095,0.3253425131220227,-0.4600250826742949,0.35838662234548835
945,0.028853461788159396,0.14076946799105378,0.04030115901355308,0.33660172264121585
946,-1.2739645781945261,0.23307889792484898,-1.5914669211479122,0.38293950971881
947,1.0913780945129292,0.38679306631945143,1.3492814315371913,0.41880652490652315
948,0.34911295270391657,0.342192404431132,0.4360814634981397,0.3784444159757553
949,-0.03961153388377283,0.16142559163042997,-0.19350322315056584,0.3575320393640998
950,0.45048959900661223,0.3282970019881202,0.4360814634981398,0.3784444159757559
951,0.7240068158398245,0.2479312216462828,0.8528116408013298,0.38519420520345854
952,-1.3351429599199869,0.16313897614624062,-1.9058376780754986,0.4010509664081227
953,-1.3616474468873563,0.14802010853748657,-1.7452995210552429,0.398881045834992
954,-0.6554870695942436,0.12231894074114122,-0.9276880913188953,0.366020581421243
955,-0.6531241963612019,0.12819611620482363,-0.6900621435313836,0.3281233680792138
956,-1.180157574354662,0.3021441504350633,-1.5914669211479173,0.3829395097188102
957,-0.5105379090324142,0.2924678890821512,-0.4600250826742954,0.3583866223454892
958,0.5366405484688975,0.29521871222709906,0.71140249471016,0.36893864720553526
959,0.8694158760194691,0.3278568395570611,1.0090810708111904,0.4041997730004953
960,0.020466896311326997,0.18900762103203958,0.0016630821587705624,0.42785733757632766
961,0.027685643544677903,0.13833356110325715,0.04030115901355247,0.3366017226412158
962,-1.3285045630193937,0.17066281255836863,-1.9058376780755006,0.40105096640812327
963,0.20132571781196823,0.3107749791327881,0.43608146349814114,0.37844441597575573
964,0.12595660704630895,0.2643845195901981,0.15907609846603252,0.3549239900065428
965,0.5325818216550794,0.29718525933309525,0.7114024947101608,0.36893864720553565
966,-0.6653046684280897,0.09376938356327068,-0.6900621435313817,0.32812336807921405
967,-0.6594896346785102,0.11159071628731429,-0.690062143531383,0.3281233680792135
968,-0.6791019925495152,0.05015404782974136,-0.9276880913188968,0.3660205814212431
969,-0.6796687892330505,0.05148888608180348,-1.065880909499503,0.37373150842204667
970,0.07030597606281976,0.20778674201274042,0.15907609846603327,0.35492399000654296
971,-0.0018740158794136172,0.0830514531663163,-0.0724899534714568,0.33903664553325635
972,-0.024624663345660745,0.13173350847115076,-0.46002508267429515,0.358386622345489
973,0.4948767724835959,0.31361437262121705,0.5761258916256575,0.3695432896759748
974,-1.3632522042704707,0.14834203654954403,-1.9058376780754966,0.4010509664081233
975,0.0019491628135325373,0.08310802046920607,-0.07248995347145742,0.33903664553325646
976,0.8138605701167819,0.29928310469508795,1.00908107081119,0.40419977300049503
977,0.009966440257939552,0.0972053499810403,0.15907609846603324,0.3549239900065429
978,2.106410876734119,0.5384836931085039,2.4518551240822473,0.5322823063829485
979,-0.05413159369685856,0.18524322827180717,-0.3265319579432091,0.36881199495983064
980,0.9586108572763579,0.3610884547189763,1.1767080361962003,0.41292681361677813
981,-0.3106876213664619,0.33788905758280136,-0.46002508267429515,0.3583866223454887
982,0.6935538840738666,0.2374172460780558,0.8528116408013304,0.3851942052034583
983,0.8986317625345107,0.34043159861085853,1.0090810708111897,0.4041997730004953
984,-0.6855064703569264,0.0746345616863564,-1.065880909499503,0.37373150842204667
985,1.1215068048574006,0.3898549107573639,1.1767080361961997,0.4129268136167778
986,0.7237900950646076,0.2478305401979055,0.8528116408013304,0.3851942052034581
987,1.7387287701108503,0.4739532853175119,2.1855246479136303,0.5008691113667331
988,-1.4847482085499952,0.27250683374668566,-1.9058376780754982,0.4010509664081238
989,-1.342232154452247,0.15610672561247876,-1.7452995210552429,0.3988810458349919
990,-0.6437183774610408,0.14902448670973026,-0.8016184207857434,0.34312376591871746
991,-0.7467509628664303,0.20536557263278712,-1.3285477822276497,0.35119338065802036
992,0.45687103520609235,0.326506815955928,0.7114024947101608,0.3689386472055356
993,-0.0034202873075876612,0.08457579124914245,-0.07248995347145681,0.33903664553325635
994,-0.3895757255620427,0.3352639635957201,-0.46002508267429515,0.35838662234548896
995,0.030367311914419128,0.14386889925560833,0.040301159013553786,0.3366017226412165
996,0.4494725389400209,0.32857230969292045,0.71140249471016,0.3689386472055353
997,1.2932503931702148,0.4007369493398979,1.3492814315371913,0.41880652490652315
998,-0.6879981868176444,0.08424506819338404,-1.3285477822276497,0.35119338065802036
999,-0.5940881334640594,0.22342257724017142,-0.5808246805457052,0.3367468240279564
1000,1.5083533035149597,0.4284615244803864,1.9469565341784536,0.4770805694754344
1001,-0.3470470918598883,0.338968157502186,-0.32653195794321027,0.3688119949598308
1002,0.39782965641586443,0.33893256195570715,0.71140249471016,0.36893864720553493
1003,-0.6839104092870327,0.06806572990927903,-1.2020715315099217,0.3622543865706289
1004,1.6503287671723839,0.45639766857640174,1.7289753691815328,0.45645063198660435
1005,0.29089880988304406,0.3376206673143335,0.576125891625656,0.3695432896759748
1006,-0.044638563027776225,0.17014217454623462,-0.19350322315056603,0.3575320393640997
1007,-0.6852348738533003,0.07353746626401059,-0.9276880913188953,0.366020581421243
1008,0.21177656456609212,0.3152936980611473,0.43608146349813914,0.37844441597575595
1009,-0.6761622588906305,0.05211847066730853,-1.065880909499503,0.3737315084220466
1010,0.6504338635018108,0.23928190384257045,0.7114024947101608,0.3689386472055359
1011,-0.3580576410433511,0.3385255564559211,-0.580824680545707,0.33674682402795647
1012,0.661026951549814,0.23690849454700091,0.7114024947101608,0.3689386472055359
1013,-0.6649953824665552,0.09479918560665358,-0.9276880913188968,0.36602058142124333
1014,0.8772755432132018,0.3314085452753272,1.1767080361961992,0.41292681361677824
1015,0.47267131976946347,0.32160904712509786,0.71140249471016,0.36893864720553554
1016,0.2677219020108901,0.33311193012641555,0.5761258916256575,0.3695432896759748
1017,0.06220480111265586,0.19699648625444513,0.29293971484288817,0.3750037192512733
1018,-0.6175788612716129,0.19339448616627078,-0.8016184207857424,0.34312376591871674
1019,0.021932754835785134,0.12574418381284827,0.0403011590135532,0.33660172264121646
1020,-1.2062465228015629,0.28726406839425533,-1.7452995210552484,0.39888104583499234
1021,1.4743571097293635,0.42245038267471124,1.7289753691815324,0.45645063198660424
1022,-0.8148578235950721,0.27312507817251586,-1.4536698019194,0.35995971790452563
1023,0.008862346272268595,0.09466104466589963,0.1590760984660325,0.3549239900065427
1024,-0.0016791909597164319,0.08291853815596642,0.040301159013553654,0.3366017226412159
1025,0.02969915461960346,0.14250894232885672,0.04030115901355366,0.33660172264121596
1026,-1.3387103416087458,0.15943022329945258,-1.9058376780755006,0.40105096640812327
1027,-0.24482646074165737,0.32576533752756826,-0.46002508267429515,0.358386622345489
1028,0.9980162669778065,0.3712581528390545,1.1767080361962012,0.41292681361677797
1029,-0.5309323900588889,0.27951356751298334,-0.5808246805457056,0.33674682402795697
1030,0.013046745133266317,0.10460029258445572,0.1590760984660327,0.3549239900065424
1031,0.8577037655971658,0.3223325512887561,1.1767080361962006,0.4129268136167783
1032,-1.550301577236422,0.31669533235819985,-2.2389523494502375,0.42459923528897603
1033,-1.3909300193361236,0.1721311470328261,-1.9058376780754962,0.4010509664081232
1034,-0.6903339315441825,0.09252570615212957,-1.065880909499503,0.37373150842204667
1035,0.6801964069539216,0.23573053116345374,0.7114024947101608,0.3689386472055359
1036,1.466641864505883,0.42115308206701435,1.7289753691815326,0.45645063198660457
1037,1.7254971030677144,0.47137184049150993,1.9469565341784507,0.4770805694754342
1038,0.7828252503476225,0.28113660525029305,1.00908107081119,0.40419977300049503
1039,-0.9195162601033467,0.326218523369599,-1.4536698019193985,0.359959717904525
1040,-1.3315461385725178,0.16713701646776258,-1.7452995210552458,0.39888104583499184
1041,-0.6740323440007161,0.06006337493522694,-0.8016184207857434,0.34312376591871746
1042,-1.3454786939753423,0.15342342839989925,-1.7452995210552442,0.39888104583499173
1043,-0.1518378794588517,0.2829084181209476,-0.19350322315056667,0.3575320393641
1044,0.3325847333842782,0.3418475475915268,0.5761258916256555,0.36954328967597455
1045,-0.6232684180801219,0.18494993454324987,-0.6900621435313818,0.32812336807921255
1046,1.3879906265061008,0.4097120656758806,1.728975369181531,0.4564506319866037
1047,1.444620110545649,0.4176072819788917,1.5305371271148214,0.43449924871700746
1048,1.4112408626155308,0.4127264909833726,1.5305371271148198,0.4344992487170071
1049,0.0018539328796312055,0.08303862722072393,-0.0724899534714568,0.33903664553325635
1050,0.9971629310221303,0.37106365026305765,1.1767080361962026,0.4129268136167786
1051,0.029623586280574668,0.14235433791696842,0.15907609846603324,0.3549239900065429
1052,-0.6686168889944603,0.08203528096365847,-0.8016184207857434,0.3431237659187173
1053,-0.04892038034703584,0.17715844488395366,-0.32653195794321127,0.36881199495983097
1054,-1.374234797283729,0.15443980352319142,-1.7452995210552469,0.3988810458349923
1055,0.4442526658616771,0.32994195314660607,0.4360814634981398,0.37844441597575584
1056,0.009917622979807429,0.09709111538062878,0.0403011590135532,0.33660172264121646
1057,-0.021791959085741976,0.1254028586061763,-0.32653195794321016,0.36881199495983064
1058,-0.014737085322305415,0.10870537594884187,0.15907609846603302,0.3549239900065432
1059,-1.2941479820857547,0.21164631637598716,-1.7452995210552462,0.398881045834992
1060,0.16524472364851248,0.29186352321315434,0.2929397148428871,0.37500371925127335
1061,0.7173392043945579,0.24497509320729138,1.0090810708111904,0.40419977300049537
1062,1.3314207437273669,0.40375053271062794,1.9469565341784505,0.4770805694754344
1063,0.9427398557986546,0.35626306381568057,1.1767080361961986,0.41292681361677797
1064,0.6470579627871239,0.24026647425006392,0.8528116408013319,0.3851942052034589
1065,0.8005777179228486,0.29165113663478015,1.009081070811189,0.40419977300049503
1066,1.024592148475476,0.37679106200677964,1.530537127114821,0.4344992487170072
1067,-1.259145025993183,0.24715118577262185,-1.7452995210552442,0.39888104583499173
1068,-0.14750365993830578,0.2800038872196708,-0.5808246805457056,0.33674682402795697
1069,0.688860696789424,0.23659419199035506,0.71140249471016,0.3689386472055356
1070,-1.1051517863731404,0.3306259763162567,-1.4536698019193985,0.359959717904525
1071,0.7067268001174201,0.24096149716028722,1.1767080361962012,0.4129268136167779
1072,1.0517873661159005,0.3814788579263508,1.1767080361962015,0.41292681361677813
1073,0.13172416745887117,0.2689432025666334,0.29293971484288706,0.375003719251273
1074,0.6932010824136126,0.2373469522589346,0.7114024947101616,0.36893864720553654
1075,1.1793434925959188,0.39408918876741356,1.3492814315371922,0.4188065249065235
1076,-0.908866252266642,0.32276558029526015,-1.4536698019194014,0.3599597179045258
1077,-0.6905195567807899,0.09315589024339216,-1.3285477822276484,0.3511933806580198
1078,-0.3017744698468345,0.3370265782938796,-0.4600250826742968,0.35838662234548896
1079,0.6576025543852945,0.23755086977237752,0.852811640801332,0.3851942052034591
1080,1.2404317124108197,0.3974955031253544,1.728975369181531,0.4564506319866043
1081,0.09764283939689133,0.23881959451783535,0.29293971484288817,0.3750037192512735
1082,-1.0254351929456487,0.3412181164925722,-1.4536698019193985,0.359959717904525
1083,-1.2455879957741067,0.2588592719423384,-1.7452995210552442,0.39888104583499173
1084,-0.6853553159108525,0.07402513153997586,-1.065880909499503,0.37373150842204667
1085,1.210480850200364,0.3958639999330842,1.5305371271148218,0.4344992487170071
1086,1.0892502674431723,0.3865475484838272,1.530537127114821,0.4344992487170071
1087,0.008064694398605129,0.09288652080389283,-0.0724899534714562,0.3390366455332563
1088,-0.004891872808671747,0.08670624241559752,0.0403011590135532,0.33660172264121646
1089,-1.3517836379783985,0.149555487554155,-1.5914669211479122,0.38293950971880986
1090,0.38087616282698966,0.34078642646490614,0.5761258916256572,0.3695432896759746
1091,-0.0877481593467243,0.2282508526487862,-0.46002508267429515,0.358386622345489
1092,-0.007948393204533095,0.09262680749517584,-0.193503223150566,0.35753203936409955
1093,0.6589129299799166,0.23729046362329018,0.8528116408013304,0.38519420520345854
1094,0.8125658933260338,0.29855048462006445,1.0090810708111901,0.40419977300049514
1095,0.04587125368074487,0.17226005411637815,0.15907609846603327,0.35492399000654296
1096,-0.05283175501361873,0.18327061527091226,-0.3265319579432091,0.36881199495983075
1097,-0.6720591452505578,0.06835270933848635,-0.9276880913188953,0.366020581421243
1098,-0.780701776864354,0.24390471037456962,-1.3285477822276484,0.35119338065801975
1099,-0.9841687810864498,0.33938046530854227,-1.3285477822276477,0.35119338065801914
1100,-0.7478861191097116,0.20685935604676142,-1.3285477822276497,0.3511933806580204
1101,-1.3578204086638213,0.14790259099956313,-1.9058376780754953,0.40105096640812293
1102,0.8645633958599737,0.3256016625806808,1.0090810708111901,0.40419977300049525
1103,-1.4303462041220478,0.2199830996478162,-2.067614763715885,0.4054268643221999
1104,-0.5362946484426566,0.27575664811169937,-0.3265319579432102,0.3688119949598309
1105,-0.002100886515748357,0.08322362824980982,0.15907609846603324,0.35492399000654284
1106,-0.5646972354950462,0.25305147850128434,-0.690062143531383,0.32812336807921316
1107,0.5531093305073691,0.28690025406969705,0.7114024947101616,0.368938647205536
1108,0.5662445930036373,0.2799388194800061,0.71140249471016,0.36893864720553526
1109,-0.8189603687168936,0.2761442730723324,-1.3285477822276475,0.3511933806580192
1110,0.43735471275268384,0.331640650190674,0.5761258916256563,0.3695432896759758
1111,1.4745430386218226,0.42248197732260584,1.7289753691815317,0.4564506319866041
1112,0.058467839362697144,0.19171585910175878,0.29293971484288805,0.37500371925127346
1113,1.6503287671723839,0.45639766857640174,1.7289753691815328,0.45645063198660435
1114,0.11820117706836641,0.2579314766112556,0.4360814634981412,0.3784444159757557
1115,0.09843365601508912,0.23961411306022828,0.15907609846603252,0.3549239900065428
1116,-1.0738543535116296,0.3370457243067371,-1.4536698019193985,0.359959717904525
1117,0.6042029781024784,0.25927257139263526,0.8528116408013307,0.38519420520345876
1118,0.6059466923962912,0.25835036292926417,0.71140249471016,0.36893864720553493
1119,0.06773921346940377,0.20445997470045096,0.5761258916256572,0.3695432896759742
1120,0.019893280991097204,0.12104657896830036,0.04030115901355307,0.33660172264121585
1121,-0.6508301933580214,0.13362586355639106,-0.6900621435313824,0.3281233680792126
1122,1.672660938095633,0.46088950082849733,2.185524647913633,0.5008691113667335
1123,0.6257384491058461,0.2485318837586768,0.8528116408013304,0.38519420520345865
1124,0.09349337976865271,0.23456521968183092,0.29293971484288706,0.375003719251273
1125,-0.7308343148929421,0.1824131658145013,-1.3285477822276475,0.3511933806580192
1126,0.14191611496856912,0.2765309006575861,0.5761258916256575,0.3695432896759748
1127,1.2448949238973124,0.39774374312895294,1.53053712711482,0.4344992487170072
1128,0.8689944701584758,0.3276628807837948,1.1767080361962012,0.41292681361677797
1129,0.6428307236671709,0.24163991326034456,0.7114024947101608,0.3689386472055359
1130,0.016166956898936356,0.11218704251805248,0.43608146349813826,0.3784444159757555
1131,-0.6779015836632468,0.04909105201464454,-1.0658809094995,0.37373150842204633
1132,1.3203883532618201,0.40280435226697486,1.728975369181532,0.45645063198660457
1133,0.10036088635134702,0.24152911986673342,0.2929397148428871,0.37500371925127335
1134,-1.3442299653751828,0.15440705297966956,-1.7452995210552442,0.39888104583499173
1135,-0.5098204400960474,0.2928873603957067,-0.6900621435313842,0.3281233680792144
1136,0.3977298141538568,0.33894571945466473,0.8528116408013305,0.38519420520345815
1137,-1.4114219710552498,0.19758993132561933,-2.067614763715884,0.40542686432220115
1138,-0.7241232121657871,0.17142103394400662,-1.179180101132066,0.36790943787962743
1139,0.8085785546548245,0.29627816890801734,1.1767080361962012,0.412926813616778
1140,0.23187437831800486,0.32288681297834876,0.4360814634981384,0.3784444159757556
1141,1.028469801675096,0.3775169719016422,1.1767080361962,0.41292681361677797
1142,-1.3671800205376525,0.14978348566733404,-1.7452995210552469,0.3988810458349923
1143,-0.718089386411992,0.16060456995517242,-1.0658809094995014,0.3737315084220468
1144,-0.0076300611153994145,0.09194200508816851,-0.07248995347145681,0.3390366455332564
1145,-1.4149153439871642,0.20186516192073134,-2.0676147637158815,0.4054268643222002
1146,1.3201737642877462,0.40278659084142837,1.7289753691815322,0.45645063198660424
1147,-0.7804645384140332,0.24367284383999482,-1.4536698019194,0.35995971790452563
1148,0.9401459690792762,0.35543216789459287,1.1767080361962001,0.412926813616778
1149,0.5063407391733104,0.30898814677171493,0.71140249471016,0.36893864720553526
1150,0.702462520043014,0.23962569683752233,1.0090810708111901,0.40419977300049514
1151,0.6515656103678935,0.2389753394174991,0.8528116408013304,0.3851942052034586
1152,-1.3380514751598778,0.16009205201961746,-1.745299521055247,0.39888104583499245
1153,0.5582603905538586,0.2841997025335513,0.8528116408013302,0.3851942052034585
1154,-0.7596303719398135,0.22138704711534432,-1.4536698019194,0.35995971790452563
1155,-1.2680637681100184,0.2388474222494868,-1.7452995210552469,0.3988810458349923
1156,-1.3916645644959411,0.17302217386269858,-1.7452995210552469,0.3988810458349923
1157,0.012380570922244606,0.1029809791210274,0.1590760984660332,0.3549239900065428
1158,-0.01627544451300756,0.11243473375625289,-0.07248995347145742,0.33903664553325646
1159,-0.6628654331208657,0.10162190921964914,-0.9276880913188973,0.36602058142124344
1160,-0.7834206374245792,0.2465302318880113,-1.202071531509921,0.3622543865706286
1161,-0.6761948408292264,0.05202178334539321,-0.5808246805457067,0.3367468240279559
1162,-1.6249905589746754,0.3495351550263589,-2.430174114567756,0.4495643681269076
1163,1.034813310169148,0.3786621608455838,1.349281431537193,0.4188065249065232
1164,-0.6437024180622227,0.1490569217585134,-0.5808246805457052,0.3367468240279564
1165,-0.027547580990902595,0.13801418001612253,-0.07248995347145742,0.3390366455332565
1166,-1.3701175265709704,0.15142654816220297,-2.0676147637158864,0.4054268643222002
1167,1.0444140928602914,0.3802984705569758,1.1767080361962012,0.4129268136167779
1168,0.29254409200256526,0.337880789083755,0.576125891625658,0.3695432896759751
1169,0.7179926182310786,0.2452512208828171,0.8528116408013313,0.3851942052034586
1170,-0.01816075200729584,0.1169507464858233,-0.07248995347145742,0.33903664553325646
1171,0.9035377511986713,0.34237632383386624,1.1767080361962,0.41292681361677797
1172,1.8440778324133726,0.4937478796093611,2.1855246479136308,0.500869111366733
1173,0.8028373861678538,0.2929664935719889,1.1767080361961992,0.41292681361677763
1174,-0.258940673556868,0.3295092591206233,-0.4600250826742954,0.35838662234548957
1175,0.029100152386309617,0.1412789887565958,0.04030115901355366,0.33660172264121596
1176,-1.0350329153631415,0.34093545032908795,-1.5914669211479122,0.38293950971880986
1177,-0.783059336526389,0.24618466783155682,-1.065880909499503,0.37373150842204667
1178,0.7724884804845679,0.2749338338377765,1.1767080361962015,0.41292681361677813
1179,-0.12975622524099423,0.2670582653341703,-0.07248995347145742,0.33903664553325646
1180,0.33732378653741385,0.3420224882944224,0.2929397148428882,0.37500371925127335
1181,-0.7144318804188948,0.15359190860858601,-1.065880909499503,0.37373150842204667
1182,0.0074638074419016735,0.09159540717736842,0.29293971484288706,0.375003719251273
1183,-1.5167085100806383,0.296216962661911,-2.067614763715881,0.4054268643222004
1184,0.5562904103746011,0.28523740041101575,1.0090810708111897,0.4041997730004954
1185,-0.021644566512276198,0.1250669467114826,-0.19350322315056598,0.3575320393640995
1186,-1.2164801844030093,0.2806101749478463,-1.3285477822276504,0.35119338065802025
1187,0.09513737817849045,0.23626819658097817,0.4360814634981412,0.3784444159757553
1188,1.0658167441837207,0.3835513967257726,1.530537127114821,0.4344992487170072
1189,0.7181082520833864,0.245300408792591,0.8528116408013304,0.38519420520345826
1190,0.7474957367726106,0.260218827928094,0.8528116408013304,0.3851942052034585
1191,0.015542542425348605,0.11067528203102682,0.29293971484288817,0.3750037192512733
1192,0.8188749842525831,0.30209541363372466,1.009081070811189,0.40419977300049503
1193,-0.3164282341490507,0.33831923993020335,-0.3265319579432104,0.3688119949598309
1194,0.47440673221762164,0.32103082331123645,0.4360814634981395,0.37844441597575557
1195,0.8139990261631533,0.2993612982137025,1.3492814315371906,0.4188065249065228
1196,0.724519969374039,0.24817077170997723,1.0090810708111893,0.40419977300049503
1197,-0.8938483387899919,0.3172283793878007,-1.3285477822276484,0.3511933806580198
1198,0.07989542371342158,0.21953219978736177,0.4360814634981398,0.37844441597575584
1199,-0.0037395557415948358,0.08498663575242409,-0.07248995347145681,0.33903664553325635
1200,1.8428532498068626,0.4935255864312302,1.9469565341784507,0.47708056947543415
1201,0.6004100592894013,0.2612987187626861,0.5761258916256575,0.3695432896759748
1202,-0.114413967555546,0.2543584332629709,-0.46002508267429515,0.35838662234548857
1203,0.16089475617895765,0.28920486297802234,0.2929397148428882,0.37500371925127357
1204,0.48219281653790547,0.31833894732344914,0.43608146349814003,0.37844441597575595
1205,-1.1816907361418363,0.3013479371468588,-1.5914669211479122,0.38293950971881
1206,1.075975460663539,0.3849183193522551,1.3492814315371915,0.4188065249065233
1207,0.5904066874710062,0.2667346343248348,0.71140249471016,0.36893864720553554
1208,-0.04495788527091617,0.1706778522489633,-0.19350322315056584,0.3575320393640999
1209,0.8368510808945995,0.3118195401519884,1.3492814315371922,0.4188065249065235
1210,1.212320696786387,0.3959643820347834,1.5305371271148207,0.4344992487170074
1211,1.0490299458362422,0.3810449947389124,1.3492814315371913,0.41880652490652315
1212,-0.7741137663855715,0.23729411293710181,-1.2020715315099217,0.362254386570629
1213,0.9021599686196489,0.3418349475821568,1.1767080361962026,0.4129268136167786
1214,0.8402717485493147,0.313602360951624,1.1767080361961992,0.41292681361677763
1215,-0.4329714582631384,0.32577241297514214,-0.3265319579432113,0.36881199495983086
1216,-0.5610571504878578,0.25624938341329356,-0.4600250826742954,0.3583866223454895
1217,-0.007176896977105378,0.09098933769484549,-0.07248995347145656,0.3390366455332558
1218,-0.6562051723296238,0.12046992315565966,-0.6900621435313842,0.3281233680792144
1219,1.170630853394062,0.3935496953972003,1.3492814315371913,0.4188065249065232
1220,0.7461187282201539,0.2594404339162015,1.349281431537191,0.41880652490652315
1221,0.5773320741691834,0.27391004900075905,0.8528116408013291,0.38519420520345776
1222,0.015576171129353594,0.1107568386155437,0.15907609846603327,0.35492399000654296
1223,0.5598663908294315,0.2833494929320915,0.576125891625657,0.3695432896759751
1224,0.7543204816639348,0.26414499693132987,0.8528116408013304,0.3851942052034585
1225,0.14389865785523617,0.2917704281060437,0.5041915801918991,0.4672211858889437
1226,1.5410775685019458,0.4346148241908344,1.7289753691815333,0.45645063198660435
1227,0.021939454055697652,0.12575941739875882,-0.07248995347145681,0.3390366455332564
1228,-0.13190476840438284,0.2687201894318973,-0.1935032231505667,0.35753203936410005
1229,-0.8415104843814788,0.29115672094042305,-1.4536698019193985,0.3599597179045251
1230,-1.178497948972104,0.3029954806834059,-1.5914669211479147,0.3829395097188104
1231,-0.6462073369870894,0.14385735309619968,-0.5808246805457058,0.33674682402795714
1232,0.0008692398788939107,0.08251906180599476,-0.19350322315056653,0.35753203936410033
1233,1.1435334687722345,0.39167422246067585,1.349281431537193,0.4188065249065239
1234,0.4105263593481826,0.3370432601878292,0.576125891625656,0.3695432896759748
1235,0.6403894744508191,0.24249974955341055,1.0090810708111881,0.40419977300049503
1236,0.09608816397649243,0.23724259615317414,0.159076098466032,0.35492399000654223
1237,1.222585049084433,0.39652150122537855,1.5305371271148183,0.434499248717007
1238,-0.6597193359455811,0.1109415213221791,-0.8016184207857413,0.3431237659187166
1239,0.038814947104830064,0.16004052268984464,0.1590760984660338,0.3549239900065434
1240,-0.010088332239964784,0.09748286886636481,-0.07248995347145742,0.3390366455332565
1241,0.18177408172327592,0.30119642633301497,0.2929397148428871,0.37500371925127335
1242,0.7792664011093642,0.27900311718760495,0.8528116408013304,0.3851942052034588
1243,-0.0342769498988707,0.15154175306237846,-0.3265319579432101,0.3688119949598305
1244,1.8977335819863235,0.5033243759528825,2.1855246479136308,0.5008691113667333
1245,0.47651884910261655,0.3203163679222518,0.71140249471016,0.3689386472055356
1246,-0.0022418568185599884,0.08333989230410911,0.04030115901355453,0.3366017226412172
1247,1.067475746893846,0.3837820718349493,1.5305371271148231,0.43449924871700796
1248,1.1754132444482361,0.3938489340894379,1.3492814315371897,0.418806524906524
1249,0.03451584768552042,0.15203932655685193,0.04030115901355367,0.33660172264121596
1250,-1.4603796797718087,0.2510918808748577,-2.0676147637158873,0.4054268643222006
1251,0.013470305983253519,0.10563190903581295,0.15907609846603307,0.3549239900065433
1252,-0.7704522469458708,0.23345932361288463,-1.2020715315099189,0.362254386570629
1253,-0.15439578152017142,0.28457799958367785,-0.07248995347145742,0.33903664553325646
1254,-0.6975364130036751,0.11453114361342726,-1.2020715315099189,0.36225438657062903
1255,-1.2658138256880949,0.2409887925398797,-1.5914669211479144,0.3829395097188102
1256,1.002595915147736,0.3722835694083043,1.1767080361962003,0.4129268136167782
1257,0.20134862153790734,0.31078532667963915,0.7114024947101608,0.3689386472055353
1258,-0.6284572757508895,0.17674193882252554,-0.6900621435313818,0.32812336807921255
1259,-0.00836898790529186,0.0935492117023338,0.040301159013553786,0.3366017226412165
1260,0.5171703443010589,0.30431586433046764,0.71140249471016,0.36893864720553526
1261,-0.4453968290577516,0.3219286838452126,-0.5808246805457058,0.33674682402795714
1262,-0.6790789643485652,0.05010978779476627,-0.9276880913188953,0.3660205814212429
1263,-0.019113879576497256,0.1192033708382371,-0.1935032231505658,0.3575320393640999
1264,-1.3390639704313536,0.1590798049388818,-1.9058376780755006,0.40105096640812327
1265,-0.012040347030290381,0.10214637854771799,0.040301159013553516,0.33660172264121535
1266,-1.1454187736601606,0.3177813602894001,-1.5914669211479122,0.38293950971880986
1267,-0.6331075739393367,0.16891689935269633,-0.8016184207857434,0.3431237659187175
1268,-0.6794482936072174,0.050916430879811424,-0.8016184207857413,0.3431237659187166
1269,1.240578995852425,0.3975036527937032,1.53053712711482,0.4344992487170069
1270,-1.4445229821702035,0.2353575763460794,-2.2389523494502406,0.4245992352889761
1271,-0.013020327243804876,0.10452496088065738,0.04030115901355307,0.33660172264121585
1272,1.0160236117003032,0.37511537816997564,1.1767080361962015,0.41292681361677813
1273,-0.6695165829130725,0.0786062630784875,-0.8016184207857424,0.34312376591871707
1274,1.776851583575593,0.48127503472916605,1.9469565341784523,0.4770805694754341
1275,-1.3780940868641138,0.1578910253615614,-1.9058376780754966,0.40105096640812204
1276,-0.6779731196728846,0.04907882176977459,-0.9276880913188968,0.3660205814212431
1277,-0.699974224557008,0.1210545864880811,-1.065880909499503,0.37373150842204667
1278,0.027249645548846006,0.13741393436129273,0.15907609846603252,0.3549239900065428
1279,0.8069489226009761,0.29534276931092696,1.1767080361961975,0.4129268136167774
1280,0.6969626210790083,0.23816517976487736,1.1767080361961975,0.4129268136167774
1281,0.12805164970672597,0.26606345565619294,0.29293971484288817,0.37500371925127307
1282,-0.00947708016792888,0.09605917775670539,-0.46002508267429504,0.35838662234548885
1283,0.5538661190935502,0.2865061378284469,1.0090810708111877,0.4041997730004947
1284,-1.3350753269847893,0.16321202058623743,-1.9058376780755006,0.40105096640812327
1285,-1.2373776262206575,0.26544302671030395,-1.591466921147917,0.3829395097188107
1286,0.02862559962856181,0.14029728124307086,0.15907609846603254,0.3549239900065428
1287,-0.8317406471655658,0.2849681157058055,-1.4536698019193997,0.3599597179045252
1288,0.8789523639454624,0.332150123183332,1.1767080361962012,0.4129268136167779
1289,0.042566364765810064,0.1666695209905065,0.2929397148428871,0.37500371925127335
1290,-0.24670430454604397,0.3263010614177786,-0.4600250826742949,0.35838662234548846
1291,-0.010557830995645619,0.09859077920453765,-0.19350322315056584,0.35753203936409994
1292,-0.21892094123418257,0.31715319556112614,-0.5808246805457052,0.336746824027956
1293,-1.3839778152409006,0.1640214722980427,-2.067614763715882,0.40542686432220054
1294,-0.16376528018608874,0.2904211200455802,-0.07248995347145681,0.33903664553325635
1295,-0.6850820543310285,0.07291612097581182,-0.9276880913188952,0.36602058142124283
1296,1.1948848286567455,0.39499795889623374,1.3492814315371926,0.41880652490652387
1297,0.39881731184490066,0.3388009771245362,0.576125891625656,0.3695432896759751
1298,-0.5636846813611573,0.2539502980955339,-0.5808246805457052,0.336746824027956
1299,-0.4934687768625375,0.30182815911658895,-0.46002508267429515,0.358386622345489
1300,0.9182438695615394,0.3479252989255067,1.1767080361962015,0.41292681361677813
1301,-0.6609293522540697,0.10745451365269099,-0.8016184207857413,0.3431237659187165
1302,-0.5716748045420111,0.24665604522974097,-0.6900621435313836,0.3281233680792138
1303,0.7251612414281561,0.2484723855969975,1.0090810708111904,0.4041997730004953
1304,0.035770931448129546,0.1544222368345599,0.15907609846603327,0.3549239900065429
1305,-0.14777636534097538,0.2801894811859597,-0.5808246805457052,0.336746824027956
1306,0.606329691932685,0.25814868387824197,0.7114024947101608,0.3689386472055359
1307,-0.06723124437377097,0.20367909539383064,-0.3265319579432114,0.36881199495983064
1308,1.8231147835690757,0.4899180089322138,1.946956534178452,0.4770805694754341
1309,-0.7289668821930899,0.17943781210723586,-1.065880909499502,0.37373150842204644
1310,0.018222670128609536,0.11711429182448259,0.040301159013553516,0.33660172264121535
1311,0.7209167502279501,0.24652397217084052,1.0090810708111881,0.404199773000495
1312,-1.3382623333143226,0.15987900570223185,-1.5914669211479122,0.38293950971880986
1313,0.005766997766573724,0.08823276230835742,0.040301159013553786,0.3366017226412165
1314,1.051117081533867,0.3813742154101273,1.349281431537191,0.418806524906523
1315,-0.9707600936323127,0.33770582714623987,-1.4536698019194019,0.35995971790452624
1316,0.008937009851233656,0.0948301889324881,0.5761258916256572,0.36954328967597455
1317,-0.09756005999018333,0.23852502680793367,-0.3265319579432102,0.36881199495983047
1318,1.0055320575427418,0.37292482196036525,1.3492814315371928,0.41880652490652337
1319,-0.6276261937396618,0.1780918844733967,-0.5808246805457052,0.3367468240279564
1320,0.0895862150917409,0.23042302772952963,0.2929397148428871,0.37500371925127335
1321,-0.6328950584796111,0.16928505378586234,-0.46002508267429526,0.3583866223454891
1322,0.35088864907908024,0.3421853576019243,0.5761258916256575,0.3695432896759748
1323,0.6388417868993304,0.24306870119289214,0.71140249471016,0.36893864720553526
1324,0.7640158029606097,0.26986378021140417,1.0090810708111904,0.40419977300049514
1325,-0.013036539138576247,0.10456440644568636,-0.3265319579432091,0.36881199495983064
1326,0.6549020171994585,0.23814323725460707,0.8528116408013304,0.3851942052034585
1327,-0.09126729680444336,0.23203375249211436,-0.19350322315056587,0.35753203936409994
1328,0.4515148290247588,0.3280166971399236,0.7114024947101593,0.3689386472055353
1329,0.757817072594964,0.26619232958679684,1.0090810708111877,0.4041997730004947
1330,1.519563916359813,0.43053484288410643,1.530537127114821,0.4344992487170071
1331,0.746435942456196,0.25961928379916954,0.8528116408013311,0.3851942052034588
1332,1.3967738204570794,0.41081227846851126,1.7289753691815324,0.4564506319866043
1333,-1.29726762247094,0.20810236568738763,-1.7452995210552462,0.398881045834992
1334,-0.6404674354378072,0.1554613112860933,-0.5808246805457052,0.336746824027956
1335,-0.8707307538494666,0.3070842720547923,-1.202071531509921,0.3622543865706286
1336,-0.536709126197124,0.27545978352812445,-0.8016184207857434,0.3431237659187175
1337,0.8114362945354108,0.297909167482334,1.3492814315371913,0.4188065249065232
1338,0.735696741657847,0.2537485821880692,1.00908107081119,0.4041997730004949
1339,0.003976320299508532,0.08531384602212659,0.04030115901355366,0.33660172264121596
1340,1.3367458042558389,0.40423109776778765,1.53053712711482,0.4344992487170072
1341,0.7284870632704388,0.2500751964226892,1.0090810708111908,0.4041997730004953
1342,0.9047568648574962,0.3428522553377525,1.1767080361962012,0.4129268136167781
1343,-0.6831448880873617,0.06483586937132782,-1.0658809094995012,0.37373150842204667
1344,-0.005999610666287422,0.08865952172701377,0.04030115901355367,0.33660172264121596
1345,0.5792607537817117,0.2728529112061018,0.7114024947101608,0.3689386472055356
1346,-0.8103022660880252,0.26966006857173463,-1.202071531509921,0.3622543865706286
1347,0.5286819319440716,0.29904099483908503,0.7114024947101608,0.3689386472055356
1348,-0.6758158906049273,0.053212998621303395,-1.065880909499503,0.37373150842204667
1349,1.2348192624196481,0.3971867406322008,1.530537127114821,0.4344992487170072
1350,-0.016125315862681146,0.11207220673633903,-0.32653195794320916,0.36881199495983064
1351,0.779806997119604,0.27932746069501296,1.1767080361961986,0.412926813616778
1352,0.6962757733838159,0.23800455519429997,1.00908107081119,0.40419977300049503
1353,1.7517081172173383,0.4764658361492874,1.946956534178451,0.4770805694754342
1354,-0.8071373115830462,0.2671807817896479,-1.3285477822276484,0.35119338065801975
1355,-0.00808214859130812,0.09291806682018253,-0.19350322315056598,0.3575320393640995
1356,-0.05238051913429165,0.18257915899971314,-0.1935032231505665,0.35753203936410033
1357,-0.8480258352429826,0.29503259917045943,-1.4536698019194,0.35995971790452574
1358,-1.3171961459059205,0.18433044749788255,-2.067614763715887,0.4054268643222005
1359,0.8171498780228326,0.30113250399361857,1.0090810708111881,0.40419977300049503
1360,-0.8822632063935233,0.31239904926094875,-1.2020715315099177,0.3622543865706285
1361,0.0405068115263221,0.16306899381185183,0.2929397148428882,0.37500371925127357
1362,-0.49822267304590195,0.2993483651573078,-0.3265319579432102,0.3688119949598309
1363,0.018341804597797492,0.11739703270223424,0.040301159013553196,0.3366017226412164
1364,0.0029819064627553417,0.08406520269842,0.040301159013553786,0.3366017226412165
1365,0.5530009593397706,0.28695661349893153,0.7114024947101605,0.368938647205536
1366,0.04921611708023747,0.17769855918033017,0.04030115901355308,0.33660172264121585
1367,-1.1235089325993206,0.3254342454680519,-1.7452995210552444,0.398881045834992
1368,-1.6993182057773883,0.3690690789737171,-2.4301741145677527,0.44956436812690714
1369,-0.01768756728623039,0.11582433006615464,0.040301159013553786,0.3366017226412165
1370,0.6869290582317349,0.23632698869871596,0.8528116408013307,0.3851942052034584
1371,-0.6817343628916709,0.05891131030172352,-0.9276880913188968,0.36602058142124333
1372,-0.02963823559793082,0.142352389405083,-0.1935032231505645,0.35753203936409894
1373,1.4041661018933684,0.411774660068054,1.530537127114822,0.43449924871700746
1374,0.04588920622518406,0.17228981863266105,0.2929397148428871,0.3750037192512731
1375,-0.7310179683968681,0.1827021633151493,-1.4536698019193968,0.3599597179045244
1376,0.01051546653003784,0.09849905804533915,-0.0724899534714568,0.3390366455332563
1377,1.5807540959508821,0.4423968561217063,1.728975369181532,0.4564506319866043
1378,-0.00022853042065254774,0.08238074883040122,0.04030115901355307,0.33660172264121585
1379,-0.4242361250674909,0.3281664087115648,-0.46002508267429526,0.35838662234548907
1380,-1.2349333476485786,0.2673325571784684,-1.5914669211479122,0.38293950971880986
1381,0.9288589178626072,0.35167452415004374,1.1767080361962003,0.4129268136167782
1382,-1.3580894740479243,0.14788074665437492,-1.9058376780754953,0.401050966408123
1383,0.027413944292756384,0.13776113587348118,0.15907609846603304,0.3549239900065433
1384,0.6635793949481061,0.23651140897349002,1.0090810708111904,0.4041997730004953
1385,0.6240042211450557,0.24932942064539523,0.7114024947101608,0.3689386472055356
1386,0.42631949090084026,0.33409477925465164,0.71140249471016,0.3689386472055353
1387,-0.005649070217243167,0.08801343637732144,0.04030115901355308,0.33660172264121585
1388,0.4963318121259973,0.3130457644385818,0.7114024947101616,0.3689386472055362
1389,0.8361626438414154,0.3114580361014553,1.1767080361962,0.41292681361677797
1390,0.23696055440663996,0.32458953484277897,0.4360814634981398,0.37844441597575584
1391,0.7913451275249688,0.2862168529250922,1.349281431537191,0.4188065249065231
1392,0.3554116805726922,0.34212895926612835,0.7114024947101608,0.3689386472055356
1393,0.7518375345232533,0.2627046819194023,0.8528116408013298,0.38519420520345854
1394,-0.7373202475990711,0.1922531734811908,-1.5914669211479175,0.3829395097188111
1395,-1.254347303350094,0.2514176191204451,-1.5914669211479144,0.3829395097188102
1396,0.8516260687058059,0.3193571085797615,1.0090810708111901,0.40419977300049514
1397,-1.143240567924961,0.318615622988065,-1.5914669211479122,0.38293950971881
1398,0.015021903200693833,0.10941092921585692,0.15907609846603304,0.3549239900065433
1399,-0.027546308507946118,0.13801150087658084,-0.07248995347145681,0.33903664553325635
1400,-0.025600169041432776,0.1338579791867547,0.04030115901355307,0.33660172264121585
1401,-0.6679003263223898,0.08468965296327302,-0.8016184207857434,0.3431237659187173
1402,0.26126000137475164,0.3315676208464197,0.43608146349813987,0.37844441597575545
1403,-0.45438256000957133,0.31881877819804544,-0.5808246805457052,0.336746824027956
1404,-0.12593360146866234,0.26403303758875535,-0.1935032231505658,0.3575320393640998
1405,0.02504271783680583,0.13267263983749328,-0.07248995347145681,0.33903664553325635
1406,0.05570822877167939,0.18768167715619774,0.15907609846603252,0.3549239900065428
1407,-0.17744179042757757,0.2982212645113114,-0.5808246805457058,0.33674682402795714
1408,-0.015688947862639774,0.11101650305239819,-0.07248995347145742,0.33903664553325646
1409,-0.22755188923523084,0.3202804149680823,-0.5808246805457052,0.336746824027956
1410,-0.6450732880216338,0.1462389475813709,-0.5808246805457052,0.336746824027956
1411,-0.007593573886757937,0.09186430296055938,-0.07248995347145656,0.33903664553325585
1412,0.768382538366419,0.2724720736985935,0.8528116408013304,0.3851942052034588
1413,0.14821582966509408,0.2809393166541492,0.43608146349814103,0.37844441597575545
1414,-0.5241815642067144,0.284029038590192,-0.690062143531383,0.32812336807921344
1415,-0.0065778127598550154,0.08977519396717042,-0.07248995347145681,0.33903664553325635
1416,-0.6798171058281683,0.051907914601409415,-0.9276880913188951,0.3660205814212428
1417,0.014948117541547293,0.10923151479805851,-0.07248995347145742,0.3390366455332565
1418,-1.3260800065275702,0.17354013761129533,-1.4536698019194,0.35995971790452563
1419,0.003102562679894825,0.08420042843898908,-0.19350322315056584,0.3575320393640998
1420,1.6503287671723839,0.45639766857640174,1.7289753691815328,0.45645063198660435
1421,-1.1208060478819997,0.3262670501788394,-1.9058376780754975,0.40105096640812293
1422,1.3009627718650618,0.40128963699046133,1.530537127114821,0.4344992487170073
1423,-0.679301128689822,0.05057091944107225,-0.9276880913188953,0.366020581421243
1424,-0.35390361862553066,0.3387346134695082,-0.5808246805457052,0.33674682402795675
1425,-1.3755700115806826,0.15557229362652827,-2.0676147637158864,0.40542686432220015
1426,-0.5980814939460457,0.21878518738896646,-0.6900621435313817,0.32812336807921405
1427,1.202781713129696,0.3954405312133501,1.3492814315371926,0.4188065249065237
1428,0.08760288320387,0.22826759819046866,0.2929397148428871,0.3750037192512731
1429,-0.03296769449393803,0.1490068931907595,-0.07248995347145656,0.3390366455332558
1430,-1.2132346825830587,0.2827730634153509,-1.7452995210552442,0.39888104583499173
1431,0.006346659635621223,0.08932725768960331,0.1590760984660327,0.3549239900065424
1432,1.1494967034542305,0.39211710994018784,1.349281431537193,0.41880652490652315
1433,-0.3764445912327529,0.3369847917764173,-0.3265319579432113,0.36881199495983086
1434,0.39710231690964887,0.3390278056886719,0.43608146349813914,0.37844441597575595
1435,-0.61450221442946,0.1977439844281891,-0.46002508267429515,0.3583866223454887
1436,-0.6756688998856054,0.05371051086839089,-1.0658809094995,0.37373150842204644
1437,0.040956849911908996,0.1638636931795561,0.29293971484288717,0.3750037192512729
1438,-5.371994643188407e-05,0.08237112257980449,0.15907609846603113,0.35492399000654196
1439,0.04724750583407976,0.1745235575389818,0.15907609846603327,0.354923990006543
1440,-0.4706186221127632,0.7193560118124152,-0.22228530096054433,0.843261455760242
1441,0.0460464784368893,0.1725502972830681,0.29293971484288805,0.37500371925127324
1442,1.750043890282464,0.47614479260408515,2.185524647913629,0.5008691113667332
1443,0.2505320375353254,0.32871843683044943,0.2929397148428882,0.37500371925127357
1444,0.7514353085692695,0.26247255072509124,1.0090810708111897,0.40419977300049537
1445,-0.22712415712491496,0.3201316189577274,-0.32653195794321127,0.36881199495983097
1446,-0.6681343686495866,0.08383005953719397,-0.690062143531383,0.32812336807921316
1447,1.5685885560037585,0.4399834171562532,1.728975369181532,0.45645063198660424
1448,-0.6603869905071789,0.10903172301080513,-0.9276880913188952,0.36602058142124283
1449,0.022790731114604893,0.12768440666890465,0.040301159013553654,0.3366017226412159
1450,0.008290199171175825,0.09338175543583592,0.1590760984660338,0.3549239900065434
1451,1.5415605766107519,0.4347077640107455,1.7289753691815326,0.45645063198660457
1452,-1.298805460866915,0.20633404537334674,-1.7452995210552478,0.39888104583499195
1453,-0.6589877528585975,0.11299558204821669,-0.8016184207857413,0.3431237659187166
1454,-0.6679522282105312,0.08449963870607702,-0.6900621435313836,0.32812336807921433
1455,1.0910721465157909,0.3867580213814083,1.3492814315371926,0.41880652490652387
1456,0.46812502738241646,0.32308609937241917,0.4360814634981398,0.37844441597575584
1457,0.7200490314006812,0.24614011104534886,0.8528116408013311,0.38519420520345893
1458,0.12209548482917904,0.2612194985816502,0.2929397148428871,0.37500371925127335
1459,-1.2914371270187999,0.2146772913113467,-1.5914669211479127,0.38293950971880986
1460,0.851740814064083,0.31941396746614975,1.009081070811189,0.40419977300049514
1461,-0.6749023259212564,0.0565441781039089,-0.8016184207857421,0.3431237659187161
1462,-0.030121941573501274,0.143338254094091,0.04030115901355365,0.3366017226412159
1463,0.01599574306705508,0.1117730901351392,0.040301159013553786,0.3366017226412165
1464,0.002044911654631199,0.08318109963140871,0.15907609846603324,0.3549239900065429
1465,-0.7467638790986075,0.20538266533333616,-1.3285477822276475,0.3511933806580192
1466,0.11939804570055787,0.25895246266861915,0.15907609846603327,0.3549239900065429
1467,0.01528159506697867,0.11004195868152156,0.04030115901355366,0.33660172264121596
1468,-0.059995753176698745,0.19380590232545727,-0.07248995347145681,0.33903664553325635
1469,-0.20199606263785388,0.3102356923358799,-0.4600250826742938,0.3583866223454893
1470,-0.6843756706563796,0.07000868205578438,-1.0658809094995028,0.37373150842204644
1471,0.5557013348791908,0.28554654576786975,0.7114024947101608,0.3689386472055359
1472,0.7817560389132296,0.28049610414936615,1.1767080361962003,0.41292681361677813
1473,-1.3820642553964757,0.1619335921646421,-1.9058376780754993,0.40105096640812293
1474,-1.2799781652067366,0.22696946417418162,-1.9058376780754953,0.40105096640812293
1475,0.4775322258498998,0.31996940596821516,0.576125891625658,0.3695432896759751
1476,0.4388734776754301,0.33127751272112255,0.852811640801332,0.3851942052034591
1477,1.1682225258857502,0.39339590829949406,1.53053712711482,0.4344992487170077
1478,-0.7352490128270533,0.18919002351559847,-1.0658809094995012,0.37373150842204655
1479,0.09655837895349936,0.2377216827848013,0.292939714842888,0.3750037192512731
1480,1.565730433977966,0.4394194145443015,1.7289753691815333,0.4564506319866044
1481,0.7230166320265623,0.24747360963726095,0.7114024947101593,0.3689386472055346
1482,-0.5864588542463528,0.23183491251542596,-0.4600250826742954,0.3583866223454892
1483,0.7030620146058219,0.23980307709998575,1.0090810708111904,0.40419977300049537
1484,0.4970520891021762,0.31276227974256043,0.71140249471016,0.36893864720553465
1485,1.5236099019087777,0.4312925685494441,1.728975369181532,0.45645063198660435
1486,-0.6659134594414734,0.09171131820191404,-0.8016184207857434,0.3431237659187173
1487,0.7490054632309686,0.26107803215451936,0.852811640801332,0.38519420520345893
1488,-0.012856501261075634,0.10412647974856083,-0.07248995347145742,0.3390366455332565
1489,-0.6312187515149418,0.1721526504036603,-0.8016184207857413,0.34312376591871674
1490,-1.3365592265309352,0.16163128776194932,-1.5914669211479122,0.38293950971880986
1491,-1.206936349698239,0.2868306676681412,-1.5914669211479147,0.3829395097188104
1492,0.47150347171268153,0.321993687037062,0.5761258916256572,0.36954328967597455
1493,1.088030433841396,0.38640490487638934,1.3492814315371928,0.4188065249065235
1494,0.07456234519130094,0.2131282510146044,0.1590760984660325,0.3549239900065427
1495,1.5415605766107519,0.4347077640107455,1.7289753691815326,0.45645063198660457
1496,-0.030867763876618885,0.144845457894112,-0.3265319579432091,0.36881199495983064
1497,0.7489893757451784,0.2610688460930743,1.0090810708111904,0.40419977300049514
1498,0.09103840560033784,0.2319784397519464,0.4360814634981412,0.3784444159757557
1499,0.016463572794597668,0.11290305638659014,0.15907609846603324,0.35492399000654284
1500,0.6542172378941524,0.23830512652251018,0.71140249471016,0.3689386472055356
1501,0.010898692125092696,0.09941060710311844,0.1590760984660325,0.3549239900065427
1502,-2.3227329496886924,0.4614842049391675,-2.875882197275551,0.49696573000341504
1503,-0.18745247858654474,0.3034157568717542,0.040301159013553196,0.3366017226412164
1504,-0.20866301203131393,0.3130876655354403,-0.3265319579432114,0.3688119949598311
1505,-0.6215684781814608,0.1875305322084294,-0.5808246805457058,0.33674682402795714
1506,0.5408471003538937,0.29314399796257706,0.7114024947101616,0.36893864720553626
1507,-0.03232652411532298,0.14774896590749864,-0.193503223150566,0.35753203936409966
1508,-0.6782925494699638,0.049144233219119135,-0.690062143531383,0.32812336807921294
1509,1.2139777025849177,0.39605459535533716,1.349281431537191,0.41880652490652315
1510,-0.16756829572823648,0.29267466549080245,-0.3265319579432102,0.3688119949598309
1511,-0.3088757215841561,0.33773293255225245,-0.46002508267429504,0.3583866223454889
1512,0.023414912839849113,0.1290821986520564,0.15907609846603254,0.3549239900065428
1513,0.6479506478126341,0.23999612196028375,0.7114024947101593,0.3689386472055362
1514,0.05503955848079054,0.18668612456773692,0.15907609846603327,0.3549239900065429
1515,0.5306545435467643,0.29810655600792557,0.8528116408013318,0.3851942052034588
1516,0.3791675821248697,0.34093078030428603,0.4360814634981397,0.3784444159757553
1517,-0.02633860291604975,0.13544721408218094,-0.46002508267429365,0.3583866223454892
1518,-0.662917097250215,0.10146168121223069,-0.6900621435313818,0.3281233680792123
1519,-0.01788726594009589,0.11630033729561305,-0.07248995347145742,0.3390366455332565
1520,0.6389721140193424,0.24302009841307506,0.8528116408013304,0.38519420520345826
1521,-0.031026887565862436,0.14516501785104258,-0.46002508267429526,0.35838662234548907
1522,0.01951905033835037,0.12017200893727108,0.43608146349814003,0.3784444159757557
1523,-0.6876646388770824,0.08300653509245287,-1.0658809094995012,0.37373150842204655
1524,-0.4706186221127632,0.7193560118124152,-0.22228530096054433,0.843261455760242
1525,-0.6420798835057224,0.1523105755766872,-0.5808246805457074,0.3367468240279563
1526,-0.681514439077822,0.05801430338355703,-1.065880909499503,0.37373150842204667
1527,-0.08481351137314119,0.22500767485006923,-0.32653195794321016,0.36881199495983064
1528,1.1867335872362268,0.39452871853109145,1.3492814315371917,0.41880652490652354
1529,-0.7031686408654935,0.1290621199501892,-1.0658809094995012,0.37373150842204655
1530,-0.041006456386760114,0.16389940577006287,-0.3265319579432102,0.3688119949598309
1531,1.6503287671723839,0.45639766857640174,1.7289753691815328,0.45645063198660435
1532,-0.6662842353207556,0.09043713278755551,-0.8016184207857424,0.34312376591871674
1533,1.0228796014902035,0.3764641025215812,1.728975369181534,0.45645063198660435
1534,-1.1481804710137264,0.3166997200917542,-1.5914669211479122,0.38293950971880986
1535,-1.0058829672454315,0.3409665648865956,-1.4536698019194,0.35995971790452563
1536,-1.3984228851859402,0.18137992765657882,-1.9058376780755006,0.40105096640812327
1537,0.015854454999923648,0.11143115377172624,0.15907609846603252,0.3549239900065428
1538,0.5659122473267585,0.2801177682825802,0.576125891625656,0.3695432896759751
1539,-0.7677645818048913,0.23056715870434652,-1.3285477822276477,0.35119338065801914
1540,0.9389354458848422,0.35504026400494243,1.3492814315371933,0.4188065249065228
1541,0.06899754488611194,0.20610113422348308,0.15907609846603252,0.3549239900065428
1542,-0.008148143980115189,0.09306250518944285,-0.07248995347145681,0.33903664553325635
1543,-0.6785083470417795,0.04929833195197434,-1.0658809094995045,0.37373150842204667
1544,0.7102382690377169,0.242185884991502,1.00908107081119,0.4041997730004951
1545,-0.7257673940124175,0.17417714913204843,-1.2020715315099217,0.3622543865706289
1546,-0.7371445614721079,0.19199609524271444,-1.3285477822276477,0.35119338065801914
1547,0.01893882717463185,0.11880872051695625,0.15907609846603138,0.3549239900065417
1548,1.4724423646795486,0.42212590751990475,1.728975369181531,0.45645063198660424
1549,-1.1213931134573591,0.3260881988199099,-1.5914669211479122,0.38293950971880986
1550,0.8058794267813643,0.2947268537994237,1.0090810708111901,0.40419977300049514
1551,0.4703248428005866,0.32237822314741976,0.8528116408013318,0.3851942052034588
1552,-0.6844914610446444,0.07048902270461525,-0.9276880913188973,0.36602058142124344
1553,0.016755628927540945,0.11360656192194052,0.15907609846603302,0.3549239900065432
1554,-0.14433987051120675,0.2778223083950173,-0.5808246805457058,0.33674682402795714
1555,-0.6507704853706294,0.13376383845978657,-0.8016184207857424,0.34312376591871707
1556,-0.726977466592715,0.17619181913374757,-1.3285477822276497,0.35119338065802036
1557,0.8874071959306611,0.33580300964594045,1.00908107081119,0.40419977300049503
1558,0.2085762342229405,0.31395268499948353,0.1590760984660327,0.3549239900065424
1559,0.030934053094726414,0.14501262980036012,0.1590760984660325,0.3549239900065427
1560,-0.5957718254588247,0.22148789723513518,-0.5808246805457058,0.33674682402795714
1561,0.6511985202187542,0.23907345237539568,0.7114024947101604,0.36893864720553593
1562,-1.218807506506136,0.2790283838213103,-1.745299521055247,0.39888104583499245
1563,-1.0441005669393064,0.3404223762853115,-1.5914669211479122,0.38293950971880986
1564,-1.3738142619001257,0.15409781860362373,-2.0676147637158877,0.40542686432220076
1565,-0.659295941858948,0.11213508883459872,-0.8016184207857434,0.3431237659187175
1566,1.2908843044963625,0.4005724520364642,1.5305371271148194,0.4344992487170068
1567,-0.7893420686727721,0.25205288192919256,-1.3285477822276484,0.3511933806580198
1568,1.1868684155523406,0.39453660318700906,1.5305371271148214,0.434499248717007
1569,0.6308697152669048,0.24626608092035787,0.7114024947101608,0.3689386472055359
1570,-0.6746599165823743,0.05750184949612769,-1.0658809094995014,0.3737315084220468
1571,0.7778674683384263,0.27816349077594293,1.1767080361962003,0.4129268136167782
1572,0.8557438630465581,0.32138112369341765,1.0090810708111904,0.40419977300049537
1573,-1.337034481726138,0.16113527616142886,-1.5914669211479122,0.38293950971881
1574,-0.07228799421264402,0.210173591469105,-0.46002508267429515,0.3583866223454887
1575,1.7564417399250982,0.47737716511577855,1.9469565341784518,0.47708056947543437
1576,1.9476379965286303,0.5119787638036645,2.1855246479136325,0.5008691113667333
1577,0.033657488413047366,0.15038641776011522,0.15907609846603327,0.3549239900065429
1578,0.6908693323136985,0.236916597205773,0.8528116408013311,0.3851942052034588
1579,-0.8672720416429129,0.31123833951945096,-1.3770145495872654,0.4575180684638657
1580,-0.023823147684982417,0.1299665791453151,-0.19350322315056517,0.3575320393640994
1581,0.6189792778300437,0.25171976276914926,0.5761258916256555,0.36954328967597455
1582,-0.8244575618099804,0.7840479207576388,-0.5915911813969654,0.9108824736558553
1583,0.413521068106723,0.33653514645577176,0.5761258916256575,0.36954328967597483
1584,0.6045957479736066,0.25906429059072866,0.8528116408013291,0.38519420520345793
1585,0.05312278749452991,0.18379187711027264,-0.07248995347145656,0.3390366455332558
1586,-0.5558992406151361,0.26062677588606725,-0.690062143531383,0.3281233680792135
1587,-0.2521995026778919,0.3278020902438455,-0.690062143531383,0.32812336807921344
1588,0.010402524788816255,0.0982316667099322,0.040301159013553786,0.3366017226412165
1589,-0.00036987792358837007,0.08239730772925657,-0.07248995347145681,0.3390366455332564
1590,0.037213065740572114,0.1571118102665031,0.2929397148428882,0.3750037192512731
1591,-1.2354137661312734,0.2669636773691209,-1.5914669211479122,0.38293950971880986
1592,0.24811462816770746,0.32802639665416367,0.7114024947101593,0.3689386472055346
1593,-1.3616214579143364,0.14801620904449547,-1.7452995210552469,0.3988810458349923
1594,-1.1855752961666257,0.29928820895909675,-1.5914669211479175,0.38293950971881036
1595,0.859642189586252,0.3232659616477332,1.0090810708111904,0.4041997730004953
1596,-1.1801189320113474,0.30216409715738196,-1.5914669211479122,0.38293950971880986
1597,-0.009844305670458475,0.0969117167832437,-0.07248995347145681,0.33903664553325635
1598,-0.9484767531428255,0.33372229881184584,-1.4536698019194,0.35995971790452563
1599,0.1561161014186922,0.2943878616959142,0.38490763262622424,0.4497369197413137
1600,-0.0019879541286248322,0.08313560236844361,-0.1935032231505643,0.35753203936409916
1601,-1.3810180552942242,0.16082739247346628,-2.2389523494502406,0.42459923528897664
1602,-0.0034290105662230855,0.08458660857815144,0.0403011590135532,0.33660172264121646
1603,0.7720889986684407,0.27469408342290463,1.0090810708111901,0.40419977300049503
1604,0.8000023634221964,0.29131521783680775,1.0090810708111901,0.40419977300049514
1605,0.601432510854145,0.26075006725352695,0.5761258916256575,0.36954328967597483
1606,-0.07959374241326996,0.2190290139481644,-0.46002508267429515,0.35838662234548896
1607,0.7675473336728383,0.2719722182992655,0.8528116408013319,0.3851942052034589
1608,0.9005178809353565,0.3411848519116084,1.1767080361962001,0.4129268136167781
1609,-0.03949203355498368,0.16121161685470162,-0.4600250826742968,0.35838662234548885
1610,0.4626042434680296,0.32480617084090596,0.43608146349814003,0.37844441597575595
1611,-0.13926901927906718,0.27421429799773095,-0.46002508267429515,0.358386622345489
1612,-0.21787088664728327,0.316754632904567,-0.3265319579432103,0.368811994959831
1613,-0.86750622630894,0.3055041262707859,-1.4536698019194,0.35995971790452574
1614,-0.6441848941946465,0.1480725433740206,-0.5808246805457067,0.3367468240279559
1615,-1.6975619080304392,0.3687290952009715,-2.2389523494502375,0.42459923528897614
1616,0.08978201522975919,0.23063385809088233,0.43608146349814103,0.3784444159757551
1617,0.20158773293412374,0.310893235172201,0.29293971484288817,0.3750037192512735
1618,0.2388385491761386,0.32519657183264966,0.4360814634981398,0.37844441597575584
1619,0.1437007431051592,0.277800919805009,0.29293971484288817,0.3750037192512735
1620,-0.068919631583003,0.20588272744394803,-0.3265319579432102,0.3688119949598307
1621,1.4049748233195707,0.4118819480718311,1.7289753691815324,0.45645063198660435
1622,0.03514417046615459,0.1532372493823974,0.15907609846603254,0.3549239900065428
1623,-0.03053157541455466,0.1441679929760048,-0.07248995347145681,0.3390366455332564
1624,-1.3097001802189336,0.1934502812164146,-1.7452995210552442,0.39888104583499184
1625,0.5693609489536997,0.2782550784765285,0.71140249471016,0.3689386472055353
1626,0.7518904802754268,0.2627352636795288,1.0090810708111895,0.40419977300049503
1627,0.12886428700130667,0.26670756488055686,0.29293971484288817,0.3750037192512733
1628,-0.006594618581574946,0.0898084858534726,-0.07248995347145681,0.3390366455332564
1629,0.08854821072169627,0.22929948554232327,0.2929397148428871,0.3750037192512731
1630,-0.6020724061750902,0.2139764738359743,-0.6900621435313836,0.3281233680792138
1631,-0.704485884442836,0.13220698721117818,-1.2020715315099189,0.362254386570629
1632,-0.050882152530763315,0.18025789583467428,-0.07248995347145645,0.3390366455332568
1633,0.5533208038748113,0.28679021925404846,0.8528116408013292,0.38519420520345804
1634,-0.004101628167709959,0.08548848727738743,0.040301159013553786,0.3366017226412165
1635,-1.3284062117295965,0.17077853060767675,-1.9058376780755006,0.40105096640812327
1636,-1.3985541164141613,0.18154398144620415,-2.067614763715882,0.40542686432220054
1637,0.7677781288076391,0.2721103060871897,1.0090810708111893,0.40419977300049525
1638,0.1441389824542699,0.27811020442000606,0.43608146349814003,0.37844441597575595
1639,0.021146580991545545,0.12394740077886705,0.04030115901355352,0.33660172264121535
1640,0.4804247251066129,0.3189642093525101,0.71140249471016,0.36893864720553554
1641,1.0590640965057405,0.38258147073803656,1.1767080361962015,0.41292681361677813
1642,-0.6764802827183432,0.05122712751246398,-0.9276880913188953,0.3660205814212429
1643,1.2635200670703124,0.39881839945299413,1.349281431537192,0.4188065249065233
1644,0.8821196420373576,0.33353538489960105,1.1767080361962012,0.412926813616778
1645,0.44743849303951316,0.32911464723222433,0.4360814634981398,0.3784444159757555
1646,-0.030529478428177426,0.14416375737379492,-0.0724899534714568,0.3390366455332563
1647,-0.5841399579517407,0.23428304880810927,-0.6900621435313842,0.3281233680792144
1648,0.7739384684182532,0.2758042952119194,1.1767080361962001,0.412926813616778
1649,-0.786022402380948,0.24898911941597535,-1.2020715315099217,0.3622543865706289
1650,0.9373210485765537,0.3545134881399262,1.0090810708111893,0.40419977300049514
1651,-0.963989954225739,0.33665561862863935,-1.3285477822276492,0.3511933806580204
1652,-0.6705428541276933,0.07456315402575395,-0.9276880913188951,0.36602058142124266
1653,0.7617693819895559,0.26852813613139076,1.3492814315371917,0.4188065249065232
1654,-0.2997733438532168,0.33680025659069984,-0.46002508267429515,0.358386622345489
1655,1.565730433977966,0.4394194145443015,1.7289753691815333,0.4564506319866044
1656,0.7325498718295693,0.2521142898614451,0.7114024947101608,0.36893864720553615
1657,0.051883563420745245,0.18188791175456576,0.15907609846603235,0.3549239900065424
1658,-0.7221580391400597,0.16797492125136093,-1.3285477822276475,0.35119338065801914
1659,1.3338396729521433,0.4039668635779065,1.7289753691815328,0.45645063198660435
1660,-0.866763363765239,0.30513412326681794,-1.4536698019194,0.35995971790452563
1661,0.5690035505632466,0.2784486807539247,0.7114024947101607,0.3689386472055362
1662,0.04155063496317207,0.16490538064143917,0.15907609846603382,0.3549239900065434
1663,0.6863683407172316,0.23625736762434246,0.7114024947101604,0.36893864720553593
1664,0.9092125339178425,0.34456706901185297,1.3492814315371917,0.4188065249065231
1665,-0.6289984660414041,0.17585526156669892,-0.690062143531383,0.32812336807921316
1666,-0.5155323074852594,0.28948184266849625,-0.3265319579432091,0.3688119949598304
1667,1.7175675169545668,0.46981556090030546,1.9469565341784514,0.4770805694754339
1668,0.5703848629448436,0.2776997555661443,0.8528116408013307,0.3851942052034584
1669,0.6549239135913463,0.23813813774340545,0.8528116408013291,0.38519420520345776
1670,-0.0189482321415148,0.11881351105267907,-0.07248995347145742,0.33903664553325646
1671,0.016852190172191868,0.11383881230638696,-0.07248995347145717,0.3390366455332559
1672,0.5582419610471056,0.2842094373144345,0.8528116408013307,0.3851942052034581
1673,0.15864125880801458,0.28779277401181735,0.29293971484288805,0.37500371925127346
1674,1.731705069601547,0.47258544711446876,1.9469565341784516,0.47708056947543437
1675,0.4327804027477189,0.33269726937518995,0.7114024947101608,0.36893864720553565
1676,-0.7264750169990618,0.1753590661722025,-1.3285477822276484,0.35119338065801975
1677,-0.5963317442820785,0.22083793353642867,-0.690062143531383,0.3281233680792135
1678,-0.00743063716156805,0.09151939825493174,-0.3265319579432101,0.3688119949598305
1679,0.0515649467906886,0.18139412000027372,0.15907609846603327,0.3549239900065429
1680,-0.1472953365777234,0.27986184945316833,-0.3265319579432103,0.368811994959831
1681,0.030319288810802678,0.14377157262772458,0.1590760984660338,0.3549239900065434
1682,0.09034152047982927,0.2312343952288672,0.15907609846603327,0.3549239900065429
1683,-0.6425080768791812,0.1514602384072501,-0.8016184207857434,0.34312376591871746
1684,-0.8400379307563384,0.2902533638762636,-1.4536698019193985,0.359959717904525
1685,-0.6504591095906621,0.1344807384453604,-0.8016184207857407,0.3431237659187172
1686,8.641509256596038e-05,0.08237208075461763,-0.07248995347145681,0.3390366455332564
1687,1.626311020561377,0.45155002774176656,1.9469565341784523,0.4770805694754343
1688,1.3290940727850475,0.40354550789966936,1.9469565341784523,0.47708056947543426
1689,1.1790986676993362,0.39407436280504093,1.5305371271148194,0.4344992487170068
1690,-0.7452604013412482,0.20337796408728676,-1.2020715315099209,0.36225438657062836
1691,0.3229291651345302,0.3413004302232735,0.4360814634981398,0.3784444159757555
1692,0.42999969503333374,0.33331236216591925,0.5761258916256572,0.36954328967597455
1693,-0.7869432840947682,0.24984717580568652,-1.0658809094995014,0.3737315084220468
1694,0.8071818720115302,0.2954767117444983,1.176708036196201,0.41292681361677785
1695,0.654585476777027,0.23821749147250754,0.7114024947101616,0.36893864720553654
1696,0.6971904874481109,0.23821955914900095,0.8528116408013311,0.3851942052034588
1697,0.4768783931488842,0.32019357596462367,0.8528116408013307,0.3851942052034584
1698,0.6943314747897712,0.23757693263279936,1.0090810708111877,0.4041997730004947
1699,-0.6745919983702984,0.057773966888160125,-0.8016184207857434,0.3431237659187175
1700,0.826430464061011,0.306253136231101,1.0090810708111904,0.40419977300049525
1701,0.6301018088529645,0.24659565088294383,0.576125891625656,0.3695432896759751
1702,0.9049030376662699,0.342909124946319,1.3492814315371926,0.4188065249065234
1703,-1.0411134115047567,0.34061784375246223,-1.4536698019193985,0.359959717904525
1704,-0.6840021286454103,0.06845025631233298,-0.9276880913188951,0.3660205814212428
1705,1.6798457558329014,0.462328674297058,1.9469565341784527,0.47708056947543426
1706,0.18539329809890406,0.3030847417561671,0.29293971484288717,0.3750037192512732
1707,-1.3521940573632378,0.14937512517675497,-1.7452995210552469,0.3988810458349923
1708,0.5694222660724625,0.27822185068419053,0.5761258916256572,0.3695432896759742
1709,-0.00296979348606893,0.08404946195458814,-0.19350322315056584,0.35753203936409994
1710,-0.6784345629597905,0.04923581944919213,-0.8016184207857413,0.3431237659187166
1711,0.7838833004171375,0.2817699179893631,1.3492814315371933,0.4188065249065238
1712,-0.6602830386584094,0.1093313447947272,-0.8016184207857413,0.3431237659187164
1713,0.2282017679911586,0.32160340123972914,0.71140249471016,0.36893864720553526
1714,-0.7543741099977764,0.2150847836763654,-1.2020715315099195,0.36225438657062936
1715,0.013630622389074531,0.10602257311361579,0.04030115901355366,0.33660172264121596
1716,0.3105523206934321,0.34022145556554206,0.5761258916256575,0.3695432896759748
1717,-0.6948026523955677,0.10671449702138151,-1.0658809094995014,0.3737315084220468
1718,-0.6312016369002136,0.17218160090212023,-0.690062143531383,0.32812336807921344
1719,0.01130875540823958,0.10039234171253131,0.2929397148428893,0.37500371925127335
1720,0.5473270442979258,0.28987908848299165,0.576125891625656,0.3695432896759751
1721,-0.0037359262686891535,0.08498179527171774,0.04030115901355366,0.33660172264121596
1722,-0.6924003528855016,0.09933069626053946,-1.2020715315099189,0.362254386570629
1723,0.41916370727445385,0.3355129363733171,0.5761258916256572,0.3695432896759746
1724,0.009965255198106322,0.09720257523290526,0.04030115901355307,0.33660172264121585
1725,0.11565776464307378,0.25573038233177203,0.4360814634981384,0.3784444159757556
1726,-0.8192482573162102,0.2763526231046519,-1.453669801919399,0.3599597179045255
1727,-1.599351339524722,0.3399795154576702,-2.238952349450237,0.4245992352889758
1728,-0.6231190198293045,0.18517878008258892,-0.9276880913188952,0.36602058142124283
1729,0.1396569793934923,0.274898675451454,0.292939714842887,0.375003719251273
1730,-1.1057982137848426,0.3304614468859755,-1.4536698019194014,0.3599597179045258
1731,1.0032043245969,0.3724174766126264,1.176708036196201,0.41292681361677785
1732,0.9660555018831738,0.3632026343337066,1.0090810708111886,0.4041997730004947
1733,-0.6947071830151402,0.1064308299732884,-0.9276880913188968,0.3660205814212431
1734,-0.6640835516024164,0.0977759285519385,-0.6900621435313817,0.32812336807921405
1735,0.7403132743689915,0.25622196196412017,1.00908107081119,0.4041997730004949
1736,-0.6019676976473962,0.21410495985571934,-0.5808246805457052,0.3367468240279564
1737,0.390276001718439,0.3398530900682137,0.43608146349814003,0.37844441597575595
1738,1.8428532498068626,0.4935255864312302,1.9469565341784507,0.47708056947543415
1739,0.773199818827775,0.2753608254906538,1.0090810708111904,0.40419977300049537
1740,-0.0734497516966253,0.21162206526376728,-0.326531957943209,0.36881199495983047
1741,-0.5256984077236373,0.28303473699799836,-0.46002508267429515,0.3583866223454887
1742,-0.03416291443438994,0.151322748190777,0.040301159013553085,0.3366017226412159
1743,-0.7225366496821248,0.1686396804095902,-1.0658809094995012,0.37373150842204655
1744,-0.11528078764431493,0.25511690701601997,-0.46002508267429515,0.35838662234548896
1745,0.5841496858714452,0.270168513716658,0.8528116408013307,0.38519420520345876
1746,0.567494135956407,0.27926492197044905,0.7114024947101608,0.36893864720553565
1747,0.21098770153073373,0.3149666030788449,0.2929397148428882,0.37500371925127357
1748,-0.6728716674062236,0.06493999068199996,-0.5808246805457052,0.336746824027956
1749,0.28807434326349807,0.337155822833747,0.4360814634981384,0.37844441597575595
1750,-0.9359991148387681,0.33081959923508203,-1.3285477822276488,0.3511933806580197
1751,-1.4752704378823416,0.2645519617369353,-2.238952349450238,0.42459923528897625
1752,-0.48390879467797926,0.30653137109094,-0.5808246805457058,0.33674682402795675
1753,2.2770669598202864,0.5662599384796408,2.4518551240822477,0.5322823063829487
1754,0.045216831273958646,0.17117068625552875,0.15907609846603135,0.3549239900065417
1755,-0.6389628253373101,0.15833117117036238,-0.690062143531383,0.3281233680792129
1756,0.9303852656402738,0.35219632772734105,1.3492814315371908,0.4188065249065229
1757,-0.7260509678991259,0.17465208308427632,-1.202071531509921,0.3622543865706286
1758,1.1344691170174557,0.3909625699664608,1.3492814315371913,0.4188065249065232
1759,0.23374120905490464,0.32352179184383717,0.1590760984660327,0.3549239900065424
1760,0.44496963279609236,0.32975812475444083,0.5761258916256575,0.3695432896759748
1761,0.5809921768729592,0.2719027602864317,0.8528116408013291,0.38519420520345793
1762,0.6497060848967129,0.23948537136664075,0.8528116408013311,0.3851942052034588
1763,0.17861516781948794,0.2995038216304841,0.5761258916256572,0.3695432896759742
1764,0.7500189305293408,0.2616579980283213,0.8528116408013305,0.3851942052034587
1765,-1.2275065065055242,0.2728821748265349,-1.5914669211479149,0.3829395097188105
1766,-0.48215118467319074,0.30735590026167575,-0.3265319579432102,0.3688119949598309
1767,-0.019384415972397703,0.11983856391919308,-0.3265319579432102,0.3688119949598307
1768,1.4799340700270909,0.4234046424567478,1.728975369181531,0.4564506319866041
1769,0.05481773871372866,0.1863542735745546,0.29293971484288817,0.37500371925127307
1770,1.0499520160305829,0.38119107402339764,1.5305371271148196,0.43449924871700735
1771,-1.1971129449393696,0.292803097244272,-1.9058376780754993,0.40105096640812293
1772,0.9146052883637839,0.3465911367630179,1.1767080361962015,0.41292681361677813
1773,-1.3252802165785922,0.1744989937928878,-1.4536698019193985,0.3599597179045251
1774,1.0878058224238272,0.3863784877579822,1.3492814315371924,0.41880652490652365
1775,1.229665567872607,0.39690563463734435,1.5305371271148211,0.43449924871700724
1776,-0.6640795901950356,0.09778867304032861,-0.8016184207857424,0.34312376591871707
1777,0.4068837672430828,0.33762914814316336,0.43608146349813987,0.37844441597575573
1778,0.046458243220428026,0.17322997423073971,0.4360814634981395,0.37844441597575523
1779,-0.6160581700757971,0.19556234069527836,-0.6900621435313842,0.32812336807921433
1780,-0.05348960559711191,0.1842724947541205,-0.19350322315056584,0.35753203936409994
1781,0.12991488025398235,0.2675344461234786,0.2929397148428881,0.37500371925127374
1782,1.7536695924667431,0.4768437932785953,1.9469565341784523,0.47708056947543415
1783,-0.895156085306914,0.31774248696106866,-1.3285477822276488,0.3511933806580197
1784,-0.012722519646709956,0.10380078754062007,-0.193503223150566,0.35753203936409955
1785,-1.4209039666361574,0.20905645846527304,-2.067614763715884,0.40542686432220115
1786,-0.04492197182304927,0.17061770882350927,-0.3265319579432102,0.3688119949598307
1787,1.3888503893066553,0.4098176768799602,1.7289753691815326,0.45645063198660457
1788,-1.2344266045586192,0.26772032974074605,-1.5914669211479147,0.3829395097188104
1789,0.028757611481030395,0.1405710247114062,0.04030115901355351,0.33660172264121535
1790,-0.6127840924753943,0.20011155639338607,-0.6900621435313836,0.32812336807921433
1791,-0.43732872160234393,0.32448383493802435,-0.4600250826742949,0.35838662234548835
1792,0.2819402310940765,0.3360661491466529,0.4360814634981398,0.37844441597575584
1793,-0.6788236252034718,0.04967704631577935,-0.8016184207857413,0.3431237659187162
1794,-1.0900158284747434,0.33410549493780844,-1.7452995210552484,0.39888104583499234
1795,1.504807379734126,0.4278142766911458,1.9469565341784523,0.4770805694754341
1796,0.8700649304719188,0.3281548743450353,1.0090810708111897,0.4041997730004953
1797,-1.3579929514689768,0.14788806072329472,-1.9058376780755006,0.40105096640812327
1798,-0.6256528628353376,0.18124216774300306,-0.6900621435313842,0.32812336807921405
1799,-0.0047869319258366134,0.08653543946343097,-0.19350322315056587,0.35753203936409994
1800,1.714807941801455,0.469272401367807,1.9469565341784527,0.4770805694754343
1801,-0.01129960744791473,0.10036097331218194,-0.193503223150566,0.35753203936409955
1802,0.2757403166088554,0.33485218794549965,0.29293971484288706,0.37500371925127324
1803,0.23301298076280041,0.32327548140892864,0.29293971484288706,0.375003719251273
1804,-0.9720892399355128,0.3378957977707511,-1.3285477822276492,0.3511933806580204
1805,0.8191700394699416,0.30225961183033123,1.1767080361962006,0.41292681361677763
1806,-0.6773923734223171,0.04945811552465819,-1.0658809094995028,0.37373150842204644
1807,-0.7086231199677304,0.14156811661097288,-1.065880909499503,0.3737315084220466
1808,-0.6783853832669068,0.04919979910848342,-0.8016184207857434,0.3431237659187175
1809,-1.3916645644959411,0.17302217386269858,-1.7452995210552469,0.3988810458349923
1810,0.10458170579562795,0.24562074200568138,0.43608146349814103,0.37844441597575507
1811,0.6046140579963221,0.2590545886778738,0.7114024947101608,0.3689386472055359
1812,-0.3008591332942935,0.33692454807772027,-0.5808246805457056,0.33674682402795697
1813,0.01575262601045853,0.11118453373449078,0.040301159013553786,0.3366017226412165
1814,0.03459675829357636,0.15219415155415839,-0.07248995347145656,0.3390366455332558
1815,0.006311933712530992,0.0892599553319384,0.29293971484288805,0.37500371925127346
1816,0.9632369816435071,0.3624131920913403,1.3492814315371924,0.41880652490652354
1817,-0.07367022350723508,0.21189517408494538,-0.46002508267429515,0.358386622345489
1818,0.01486152101351764,0.10902088792466173,0.04030115901355307,0.3366017226412159
1819,-0.019285768918445183,0.11960717173571142,-0.07248995347145742,0.3390366455332565
1820,0.011711155534708487,0.10136096049501038,0.1590760984660327,0.3549239900065424
1821,-0.0006631450001858665,0.0824566189961805,-0.19350322315056584,0.3575320393640999
1822,-0.3160692810896182,0.33829520891769116,-0.6900621435313842,0.3281233680792144
1823,-0.6812778736821812,0.05706588744269194,-1.2020715315099184,0.36225438657062886
1824,0.4737125425738759,0.321263074911218,0.576125891625656,0.36954328967597516
1825,-0.02002669570362488,0.12133878629857939,0.04030115901355308,0.33660172264121585
1826,1.0054204745498116,0.37290068099552715,1.3492814315371902,0.4188065249065237
1827,1.615030690091217,0.4492737955250738,1.728975369181532,0.4564506319866043
1828,-0.9323071468995097,0.3298658276600493,-1.4536698019193985,0.3599597179045251
1829,1.2780473023781878,0.3997179640320811,1.349281431537192,0.41880652490652354
1830,0.006656874777019108,0.08993762651852806,-0.07248995347145681,0.33903664553325635
1831,-1.3338884228333856,0.1645081970401133,-1.7452995210552478,0.39888104583499195
1832,-0.13971261175148111,0.2745355074448313,-0.3265319579432102,0.3688119949598309
1833,1.7272077004009636,0.4717066744698277,1.9469565341784518,0.47708056947543404
1834,0.021518556608355065,0.12479977811124164,0.15907609846603307,0.3549239900065433
1835,0.2745614277609612,0.33460843296987025,0.4360814634981412,0.3784444159757553
1836,-0.6763807715416772,0.051493053367841414,-1.065880909499503,0.37373150842204667
1837,1.1543480193854898,0.39246384263431755,1.3492814315371915,0.41880652490652337
1838,0.015023311489491719,0.10941435306518589,0.15907609846603327,0.354923990006543
1839,0.20956518210510383,0.3143710592211373,0.43608146349814003,0.37844441597575595
1840,-0.4015145794369336,0.33324324619827655,-0.46002508267429515,0.3583866223454887
1841,-0.0978889009571983,0.23885501317304436,-0.3265319579432091,0.3688119949598304
1842,0.2624955591775738,0.33187279485130733,0.4360814634981412,0.3784444159757557
1843,1.4580171568692186,0.4197357742873929,1.7289753691815335,0.4564506319866046
1844,-0.03119606968503287,0.145504008825145,0.04030115901355308,0.33660172264121585
1845,0.31576168381115877,0.34072763779210075,0.2929397148428871,0.37500371925127335
1846,-0.5317919406748084,0.278921679522106,-0.32653195794321027,0.3688119949598305
1847,0.8640937119221426,0.32538085138416845,1.3492814315371902,0.4188065249065238
1848,0.01321065383678071,0.10499938331935281,0.04030115901355308,0.33660172264121585
1849,-0.07912277059810531,0.21847578059982822,-0.4600250826742949,0.35838662234548885
1850,0.44891601672051645,0.32872178934741964,0.4360814634981412,0.3784444159757557
1851,0.7990544987945396,0.2907609514525488,1.0090810708111881,0.40419977300049503
1852,-0.8177342708142482,0.27525179951679474,-1.5914669211479147,0.3829395097188104
1853,-0.0211973358875998,0.12404383105900284,-0.07248995347145681,0.33903664553325635
1854,-0.6918856219770801,0.0976775179350149,-1.065880909499503,0.37373150842204667
1855,0.5359207995471177,0.2955700138641869,0.5761258916256555,0.3695432896759749
1856,0.6675766477468009,0.23603420345500614,0.7114024947101593,0.3689386472055352
1857,0.48787806431982444,0.31627300724019863,0.5761258916256555,0.36954328967597455
1858,0.3762402565916506,0.3411599971899838,0.4360814634981412,0.3784444159757557
1859,0.5934631391784579,0.26506356537633224,0.8528116408013304,0.38519420520345826
1860,-0.23907266978939054,0.32405076548156986,-0.32653195794321016,0.36881199495983064
1861,1.3821698568734533,0.40900900204232005,1.7289753691815324,0.45645063198660407
1862,-0.9740924478532482,0.33823702583375614,-1.528510576839103,0.3815321460053799
1863,-1.3041402016856531,0.20009760734076443,-1.5914669211479122,0.38293950971880986
1864,-1.2011754954135019,0.29038471303535296,-1.4536698019194,0.35995971790452563
1865,0.010150273622815287,0.09763675287667171,-0.07248995347145681,0.33903664553325635
1866,-0.8102797605220807,0.2696426497708917,-1.202071531509921,0.36225438657062853
1867,-0.6793505942745491,0.05068362670065202,-1.2020715315099195,0.36225438657062936
1868,-0.03993214324382476,0.16199805791994862,-0.32653195794321144,0.3688119949598309
1869,-0.007567692087792245,0.09180928789463456,-0.0724899534714568,0.3390366455332563
1870,-0.7425408798239925,0.19967241142255543,-1.2020715315099215,0.3622543865706287
1871,-1.4857075033031273,0.27328685569816463,-2.067614763715881,0.40542686432220043
1872,0.8159452511431906,0.30045722287253745,1.0090810708111904,0.4041997730004953
1873,0.21847663775436338,0.3179818364380884,0.159076098466032,0.35492399000654223
1874,-0.47988764203698053,0.30839978121801453,-0.6900621435313836,0.32812336807921433
1875,1.746710593720277,0.47550077427614273,1.9469565341784523,0.47708056947543404
1876,-0.00038044671811959113,0.08239886075827708,0.040301159013553654,0.3366017226412159
1877,0.13288198938425502,0.2698346932433151,0.4360814634981384,0.3784444159757556
1878,0.7930723513653068,0.28724004721400825,1.0090810708111888,0.404199773000495
1879,-0.7173272352277353,0.1591751589344808,-1.2020715315099217,0.362254386570629
1880,1.0035784457357333,0.37249955015870617,1.3492814315371926,0.418806524906523
1881,0.7629702213868994,0.26924149242129786,1.176708036196199,0.41292681361677747
1882,-0.012960113345377687,0.104378472004628,0.04030115901355439,0.3366017226412166
1883,-0.14100601722533695,0.2754659100962985,-0.46002508267429515,0.35838662234548896
1884,1.776851583575593,0.48127503472916605,1.9469565341784523,0.4770805694754341
1885,1.610151170239999,0.4482903088423477,1.9469565341784527,0.4770805694754348
1886,-0.6808817276444057,0.0555283355077822,-1.0658809094995014,0.3737315084220468
1887,0.34071836246249193,0.342110124153018,0.43608146349813987,0.37844441597575573
1888,1.3256879510717006,0.4032506949207908,1.5305371271148216,0.43449924871700707
1889,-1.880779855929875,0.3840037571344936,-2.430174114567754,0.44956436812690714
1890,-1.1872174026989157,0.29839904636178505,-1.9058376780755006,0.40105096640812327
1891,0.8694433834447854,0.3278694877964264,1.1767080361962012,0.41292681361677797
1892,-0.668238263428714,0.08344619277566413,-0.690062143531383,0.3281233680792137
1893,-1.318933640821464,0.18220669787709692,-1.7452995210552462,0.398881045834992
1894,1.425484298087372,0.41473219780656584,1.7289753691815333,0.45645063198660446
1895,1.47291672259262,0.4222061402402521,1.530537127114821,0.4344992487170071
1896,0.6830021505572741,0.23591531302544325,0.7114024947101608,0.3689386472055362
1897,-0.22515123826557684,0.3194370078186633,-0.193503223150566,0.35753203936409955
1898,0.0076735399311194715,0.09204106196608726,0.04030115901355379,0.3366017226412165
1899,-0.6729525029841189,0.06459895088607007,-0.5808246805457052,0.336746824027956
1900,0.8498667914122875,0.3184820705171041,1.00908107081119,0.40419977300049503
1901,0.00027016456316467704,0.08238503326685329,0.15907609846603327,0.354923990006543
1902,0.8347305464501052,0.31070315895377104,1.1767080361961997,0.4129268136167778
1903,-0.6904255652389304,0.09283728311085158,-1.0658809094995014,0.3737315084220468
1904,1.473840024103645,0.4223625956277714,1.7289753691815333,0.4564506319866039
1905,0.49177407190678385,0.31480865235605004,0.7114024947101608,0.3689386472055356
1906,0.5156883094681503,0.3049722070095218,0.576125891625657,0.3695432896759751
1907,0.5772506926368839,0.2739546192114931,0.5761258916256555,0.36954328967597455
1908,-0.0032557575785393477,0.08437615903401616,-0.3265319579432102,0.36881199495983047
1909,-0.6729441288352034,0.0646342854802516,-0.9276880913188951,0.3660205814212426
1910,-0.6744219250053141,0.058461579131898075,-1.0658809094994999,0.3737315084220462
1911,0.7098232193518463,0.2420355573078024,0.8528116408013312,0.3851942052034586
1912,0.020887660349216,0.12335174134493487,0.29293971484288805,0.37500371925127346
1913,-0.3667351783201585,0.3379238649168868,-0.5808246805457052,0.336746824027956
1914,-0.0181164207197377,0.11684543534627696,-0.19350322315056584,0.35753203936409994
