item,section_prompt,item_text,combined_text,CGCoT_Breakdown_gemini-3-flash-preview,CGCoT_Breakdown_gemini-3.1-pro-preview,CGCoT_Breakdown_gemini-3.7-flash,CGCoT_Breakdown_gpt-5.4-mini,CGCoT_Breakdown_gpt-5.4,CGCoT_Breakdown_gpt-5.6-luna,CGCoT_Breakdown_gpt-5.6-sol,a_2PL,b_2PL,b_1PL,BT_Item_Score_Bipartite,BT_Item_Strength_Bipartite,BT_Item_Total_Wins_Bipartite,table,Bradley_Terry_Log_Score_gemini-3-flash-preview,Bradley_Terry_Log_SE_gemini-3-flash-preview,Bradley_Terry_Z_Score_gemini-3-flash-preview,Bradley_Terry_Z_SE_gemini-3-flash-preview,Bradley_Terry_Log_Score_gemini-3.1-pro-preview,Bradley_Terry_Log_SE_gemini-3.1-pro-preview,Bradley_Terry_Z_Score_gemini-3.1-pro-preview,Bradley_Terry_Z_SE_gemini-3.1-pro-preview,Bradley_Terry_Log_Score_gemini-3.7-flash,Bradley_Terry_Log_SE_gemini-3.7-flash,Bradley_Terry_Z_Score_gemini-3.7-flash,Bradley_Terry_Z_SE_gemini-3.7-flash,Bradley_Terry_Log_Score_gpt-5.4-mini,Bradley_Terry_Log_SE_gpt-5.4-mini,Bradley_Terry_Z_Score_gpt-5.4-mini,Bradley_Terry_Z_SE_gpt-5.4-mini,Bradley_Terry_Log_Score_gpt-5.4,Bradley_Terry_Log_SE_gpt-5.4,Bradley_Terry_Z_Score_gpt-5.4,Bradley_Terry_Z_SE_gpt-5.4,Bradley_Terry_Log_Score_gpt-5.6-luna,Bradley_Terry_Log_SE_gpt-5.6-luna,Bradley_Terry_Z_Score_gpt-5.6-luna,Bradley_Terry_Z_SE_gpt-5.6-luna,Bradley_Terry_Log_Score_gpt-5.6-sol,Bradley_Terry_Log_SE_gpt-5.6-sol,Bradley_Terry_Z_Score_gpt-5.6-sol,Bradley_Terry_Z_SE_gpt-5.6-sol
vocab_q4,Choose two words that best go with the word [ target word ].,5. muscular,"Choose two words that best go with the word [ target word ].: 5. muscular
spine
intelligence
contract
tendon","Original Text: Choose two words that best go with the word [ target word ].: 5. muscular
spine
intelligence
contract
tendon
Identify two terms from the provided list—spine, intelligence, contract, and tendon—that share the strongest semantic or physiological association with the target word ""muscular.""
This analysis identifies the primary measurement focus of the vocabulary association item for the word ""muscular.""

**Knowledge Domain:** Human Anatomy (Musculoskeletal System)

**Justification:** The item requires identifying the physiological function (contract) and the anatomical connection (tendon) specifically associated with muscle tissue, testing foundational knowledge of the musculoskeletal system.
This analysis evaluates the cognitive demand and structural complexity of the vocabulary association task for the word ""muscular.""

**Cognitive Demand:** This item requires **synthesis** of anatomical and physiological concepts. The respondent must integrate the target word with both a functional process (contract) and a structural relationship (tendon).

**Structural/Semantic Elements:**
*   **Multi-select format:** Requiring two correct associations increases cognitive load and the probability of partial error.
*   **Categorical distractor:** ""Spine"" functions as a plausible anatomical distractor, requiring the respondent to differentiate between the skeletal and muscular systems.
*   **Functional-Structural shift:** The correct pair requires identifying different types of relationships—one based on physiological action (contract) and one on physical attachment (tendon)—increasing the depth of required semantic processing.
To determine the level of the underlying latent trait required for this item, a respondent needs a moderate level of cognitive ability and verbal reasoning, specifically involving basic anatomical and physiological knowledge to correctly associate ""muscular"" with ""contract"" and ""tendon.""","Original Text: Choose two words that best go with the word [ target word ].: 5. muscular
spine
intelligence
contract
tendon
The core task requires selecting two words from a provided list of four options (spine, intelligence, contract, tendon) that are most strongly associated with the target word ""muscular"".
In identifying the primary construct measured by the provided word association item and justifying this classification:

**Primary Construct:** Semantic Knowledge (Verbal Comprehension)
**Justification:** The task requires the individual to understand the meaning of the target word and recognize its semantic and anatomical relationships to the correct options (contract, tendon) among unrelated distractors.
Evaluating the cognitive demand and structural elements that elevate the difficulty of this word association task, this cognitive item requires multi-step reasoning and synthesis to assess the biological and semantic relationships between the target word and each option. The cognitive load is increased by the structural requirement to select exactly two correct answers rather than one. Furthermore, the item utilizes a tricky distractor (""spine"") from the same broad anatomical domain, demanding precise differentiation between the skeletal and muscular systems. Finally, the correct option ""contract"" introduces semantic ambiguity, requiring the test-taker to bypass its common noun definition (a legal agreement) and recognize its verb form (muscle action) to endorse it.
Assessing the degree of the underlying latent trait necessary to correctly answer this item indicates that a moderate level of cognitive ability—specifically verbal reasoning and basic anatomical vocabulary—is required to successfully associate ""contract"" and ""tendon"" with ""muscular.""","Original Text: Choose two words that best go with the word [ target word ].: 5. muscular
spine
intelligence
contract
tendon
The item presents a multiple-choice vocabulary association task requiring the selection of two terms from a given list (spine, intelligence, contract, tendon) that are most closely linked or semantically related to the target word ""muscular.""
This item is designed to measure **semantic knowledge and lexical-associative reasoning** within the domain of **verbal ability and anatomical vocabulary**. 

**Justification:** The task requires the test-taker to comprehend the conceptual meaning of the target word (""muscular"") and retrieve related physiological functions and structures (""contract"" and ""tendon""), thereby evaluating verbal comprehension, vocabulary depth, and the ability to identify precise semantic relationships.
**Cognitive Demand and Complexity Analysis**

* **Demand Level:** This item requires **multi-step relational reasoning and semantic recall**. Rather than simple definition retrieval, it demands evaluating multiple anatomical and functional associations to identify the two most direct conceptual links.
* **Load-Increasing Elements:**
  * **Anatomical Distractor:** ""Spine"" introduces high-interference distractor plausibility due to its close association with the musculoskeletal system, requiring precise differentiation between general body structures and specific muscular components.
  * **Polysemy:** The word ""contract"" requires shifting focus away from its common commercial/legal meaning to its physiological action (muscle shortening), adding minor semantic decoding demand.
  * **Multi-Answer Format:** The requirement to select two targets simultaneously increases cognitive load by necessitating the comparison and elimination of interrelated physiological concepts.
The overall level of the underlying latent trait required to successfully solve this semantic association item is low-to-moderate verbal cognitive ability. Correctly identifying ""contract"" and ""tendon"" as the associates for ""muscular"" relies on fundamental vocabulary and basic anatomical knowledge rather than complex reasoning or advanced domain-specific expertise.","Original Text: Choose two words that best go with the word [ target word ].: 5. muscular
spine
intelligence
contract
tendon
The task is to pick the two words most closely associated with “muscular” from the four options.
Primary construct: vocabulary/semantic association knowledge, specifically identifying words semantically related to “muscular.”  
Justification: The item asks the respondent to select the two options that best fit the target word, which measures understanding of word meaning and related concepts rather than factual or clinical knowledge.
This is a low-to-moderate demand vocabulary association item: it mainly requires recall and simple semantic matching, not multi-step reasoning or deep synthesis. The task is slightly more demanding because it asks for two best fits, which adds a small selection/comparison burden. The wording is straightforward, with no tricky distractors, conditional logic, or emotionally loaded language; the main threshold is knowing which words are most closely related to “muscular.”
This item requires a moderate level of the underlying verbal-semantic trait: the respondent needs enough vocabulary and word-association knowledge to identify the two most fitting related words, but it does not demand especially high cognitive ability.","Original Text: Choose two words that best go with the word [ target word ].: 5. muscular
spine
intelligence
contract
tendon
The task is to pick the two words most closely associated with “muscular” from the options: spine, intelligence, contract, and tendon.
This item is primarily measuring **verbal semantic association / vocabulary knowledge**. The task is to identify which options are most meaningfully related to **“muscular”**—likely **“contract”** and **“tendon”**—so it assesses understanding of word meanings and conceptual relationships rather than a clinical symptom, attitude, or psychological trait.
Core ask: assess the cognitive demand of choosing the two words most associated with “muscular” and note any features that raise difficulty.

This is a low-to-moderate cognitive-demand item. It mainly requires semantic association/recall rather than deep reasoning or synthesis: the test-taker must recognize that “contract” and “tendon” fit “muscular” better than “spine” or “intelligence.” The main load comes from selecting exactly two related options and discriminating between a direct functional/anatomical link and weaker or broader bodily associations. Structurally, the phrasing is simple, with no conditional logic or emotional content; difficulty is increased slightly by the presence of plausible distractors like “spine.”
This item appears to require a relatively high level of the underlying trait, since correctly selecting the two semantically related words for “muscular” depends on fairly strong verbal reasoning and vocabulary knowledge.","Original Text: Choose two words that best go with the word [ target word ].: 5. muscular
spine
intelligence
contract
tendon
Choose the two words most closely associated with “muscular” from the provided options.
**Primary construct:** Verbal-semantic reasoning (word association/vocabulary).

**Justification:** The item requires recognizing meaningful linguistic or conceptual relationships between “muscular” and two distractor options, primarily assessing lexical knowledge and associative reasoning.
This is a low-to-moderate lexical-association item requiring recall of common semantic or anatomical pairings, not multi-step reasoning or synthesis. The main difficulty is ambiguity: “muscular” can relate anatomically to “tendon” or “spine,” while “contract” is grammatically mismatched where “contraction” would be expected. No conditional logic or emotional wording is present; selecting exactly two options raises the need to discriminate among partially plausible associations.
This item requires a **moderate level of verbal and semantic reasoning**: the respondent must recognize common word associations and distinguish the two strongest pairings. It does not require exceptionally high cognitive ability, but likely exceeds minimal vocabulary proficiency.","Original Text: Choose two words that best go with the word [ target word ].: 5. muscular
spine
intelligence
contract
tendon
Choose the two words most closely associated with “muscular” from: spine, intelligence, contract, and tendon.
**Domain: Vocabulary/semantic association.** The item measures understanding of the word **“muscular”** by requiring selection of the two most semantically related words: **spine** and **tendon**.
This is a low-to-moderate cognitive-demand verbal association item. It requires recognizing semantic/anatomical links and selecting **spine** and **tendon**, not multi-step reasoning or synthesis. Load is slightly increased by choosing exactly two options and rejecting plausible distractors such as **contract**, which can relate to muscle action.
This item requires a relatively low-to-moderate level of verbal/cognitive ability, as identifying “spine” and “tendon” as related to “muscular” relies on common anatomical associations.",1.025666228854057,2.037607228970275,2.1713884368794845,2.448792492822237,11.57436215231319,1653.0,gilbert_meta_102,1.119776162476388,0.40453906504519144,0.9552900380087164,0.3451155255603866,1.6111402945009379,0.44728052717284494,1.329236181178359,0.36901904935525126,1.4065118372972052,0.43263751298847664,1.1720727374679678,0.36052496732211103,0.14933400302906133,0.36333842137933625,0.1682148428475904,0.40927661626349426,0.5301323183217808,0.38739036590134507,0.4863353074681393,0.3553860162822016,1.4319508466001862,0.4354662843019552,1.1681021955162334,0.355228061056788,0.2872067401823372,0.3935431576347124,0.24127644331872777,0.3306074687044003
vocab_q18,Choose two words that best go with the word [ target word ].,19. theory,"Choose two words that best go with the word [ target word ].: 19. theory
idea
theme
argument
fairy","Original Text: Choose two words that best go with the word [ target word ].: 19. theory
idea
theme
argument
fairy
Identify two terms from the provided list that are most semantically related to the concept of a ""theory.""
This item measures **lexical semantic knowledge**, specifically the ability to identify synonyms and conceptual associations.

**Justification:** The task requires the respondent to recognize semantically related terms (idea, argument) for the abstract noun ""theory"" while rejecting unrelated distractors, thereby evaluating the depth of their vocabulary and linguistic reasoning.
This analysis evaluates the cognitive demand and structural complexity of selecting two semantic associates for the word ""theory.""

**Demand:** This cognitive item requires **synthesis** and nuanced semantic mapping. It moves beyond simple recall by requiring the respondent to evaluate the conceptual boundaries of abstract nouns to determine which pair most closely aligns with the structural nature of a ""theory.""

**Structural/Semantic Elements:**
*   **Multi-select format:** The requirement to ""choose two"" increases cognitive load by forcing a comparative analysis of all options rather than a single identification.
*   **Abstract synonymy:** The high semantic overlap between ""idea,"" ""theme,"" and ""argument"" creates a subtle threshold for endorsement, requiring the respondent to distinguish between a general thought (idea), a recurring subject (theme), and a structured proposition (argument).
*   **Categorical distractor:** The inclusion of ""fairy"" acts as a low-level distractor, though its presence highlights the academic/formal register of the other options.
To describe the level of the latent trait required for the item ""theory,"" this task demands a moderate to high level of verbal reasoning and abstract conceptualization. A respondent must possess the semantic precision to associate ""theory"" with its formal components—""idea"" and ""argument""—while successfully identifying ""fairy"" as a categorical distractor and ""theme"" as a less precise synonym.","Original Text: Choose two words that best go with the word [ target word ].: 19. theory
idea
theme
argument
fairy
The core task presented in this item is to identify and select two words from a provided list of four options that are most closely associated with the target word ""theory.""
The objective is to classify the primary domain or construct assessed by the provided text and provide a brief justification.

**Primary Construct:** Semantic knowledge (Vocabulary)
**Justification:** The item requires the respondent to comprehend the meaning of the target word (""theory"") and identify its closest conceptual associations from the given list.
Evaluating the cognitive demand and structural complexity of the vocabulary association task for the word ""theory"":

This cognitive item requires multi-step reasoning and semantic synthesis to evaluate and compare the associative strength of each option against the target word. The structural requirement to ""choose two"" words increases cognitive load by forcing the test-taker to hold and rank multiple relationships in working memory rather than stopping at a single correct answer. Semantically, the phrase ""best go with"" is ambiguous, requiring the user to deduce whether the relationship is based on synonymy or collocation. ""Idea"" and ""argument"" are strong semantic matches, while ""theme"" acts as a tricky distractor due to its shared academic context, raising the threshold for correct selection.
Regarding the magnitude of the underlying latent trait needed to correctly answer this semantic association item, a low to moderate level of cognitive ability and verbal comprehension is required.","Original Text: Choose two words that best go with the word [ target word ].: 19. theory
idea
theme
argument
fairy
The item requires selecting two words from a provided list (idea, theme, argument, fairy) that are most closely related to or best associate with the target word ""theory.""
This assessment item targets the construct of **lexical-semantic knowledge (verbal ability)**. It measures receptive vocabulary and semantic association skills by requiring the test-taker to evaluate relational meaning and select the closest conceptual counterparts (""idea"" and ""argument"") for the target word ""theory.""
To evaluate the cognitive demand and structural complexity of this vocabulary association task:

* **Cognitive Demand:** The item requires **comparative semantic evaluation and recall**, demanding that the test-taker assess fine-grained conceptual overlaps rather than relying on basic recognition or multi-step logic.
* **Load-Increasing Elements:** 
  * **Multi-Answer Selection:** Requiring two correct options instead of one increases working memory load and requires parallel elimination.
  * **Semantic Near-Distractors:** The presence of abstract, domain-adjacent terms (e.g., ""theme"" vs. ""idea"" and ""argument"") creates semantic ambiguity, requiring precise discrimination of how abstract conceptual terms co-occur or align with ""theory.""
To successfully identify the semantic associations for the word ""theory"" (selecting ""idea"" and ""argument""), a respondent requires a **low-to-moderate level of verbal cognitive ability and basic abstract vocabulary comprehension**. The item demands standard language proficiency and fundamental conceptual reasoning to link academic/abstract terms while ruling out unrelated, concrete distractors.","Original Text: Choose two words that best go with the word [ target word ].: 19. theory
idea
theme
argument
fairy
The task is to pick the two words most closely associated with “theory” from the given options.
Primary construct: verbal-semantic association / vocabulary knowledge.

Justification: The item asks the respondent to select words that are most closely related in meaning to the target word “theory,” which measures understanding of semantic relationships and word knowledge rather than clinical symptoms or attitudes.
This is a low-severity, low-demand vocabulary association item: it mainly requires simple word recall and basic semantic matching, not multi-step reasoning or deep synthesis. The structure is straightforward, but the “choose two” instruction adds a small selection burden, and the distractors are semantically related enough to require modest discrimination.
This item requires a moderate-to-high level of the underlying verbal/semantic trait: the respondent must understand the target word’s meaning and select the two closest semantic associates, indicating solid vocabulary and word-association ability rather than minimal knowledge.","Original Text: Choose two words that best go with the word [ target word ].: 19. theory
idea
theme
argument
fairy
The task is to identify the two options most closely associated with the target word “theory” from the choices idea, theme, argument, and fairy.
This item is primarily measuring **verbal semantic association / vocabulary knowledge**. It asks the respondent to identify the two words most conceptually related to **theory**—most likely **idea** and **argument**—which assesses understanding of word meaning and semantic relationships.
Core ask: assess the cognitive demand of choosing the two best associates for “theory” and note any wording features that affect difficulty.

This is a low-to-moderate cognitive-demand verbal association item. It mainly requires semantic recall/vocabulary knowledge plus a small amount of comparison, not deep multi-step reasoning or synthesis. The test-taker must identify the closest meanings/associations among near-related options.

Load-increasing elements:
- Forced selection of exactly two answers adds comparison/elimination.
- “Best go with” is somewhat broad, requiring judgment of semantic closeness rather than exact synonymy.
- Presence of plausible distractors increases difficulty:
  - “idea” is broadly related to “theory.”
  - “argument” can also relate to “theory” in some contexts.
  - “theme” is abstract and may attract weaker associative reasoning.
- “fairy” is an easy distractor and lowers overall difficulty.

No conditional logic, emotional wording, or endorsement threshold is involved.
This item appears to require a moderately high level of the underlying trait, since identifying the best matches for “theory” depends on fairly strong verbal-conceptual reasoning and sensitivity to abstract semantic relationships.","Original Text: Choose two words that best go with the word [ target word ].: 19. theory
idea
theme
argument
fairy
Select the two words most closely associated with “theory” from: idea, theme, argument, and fairy.
**Primary construct:** Verbal-semantic reasoning (word association/vocabulary).

**Justification:** Selecting the two words most meaningfully related to “theory” requires understanding semantic relationships among “idea,” “theme,” “argument,” and “fairy.”
This is a **low-demand cognitive/ability item** requiring **semantic recall and association**, not multi-step reasoning or synthesis. Selecting two responses is complicated by the vague phrase “best go with” and several plausible semantic links—especially **idea, theme, and argument**—creating ambiguity. “Fairy” functions as a weaker distractor. No conditional logic, emotional wording, or introspection is involved.
The item requires a moderate-to-high level of verbal-conceptual ability: respondents must recognize abstract semantic relationships, especially between “theory” and “idea” or “argument.”","Original Text: Choose two words that best go with the word [ target word ].: 19. theory
idea
theme
argument
fairy
Choose the two words most closely associated with “theory” from: idea, theme, argument, and fairy.
**Domain: Vocabulary—semantic association/word meaning.** The item measures recognition of words most closely related to **“theory”**; **“idea”** and **“argument”** are the strongest semantic associates.
Low-to-moderate cognitive demand: requires semantic knowledge and comparison among related words, not multi-step reasoning or synthesis. Selecting two answers adds some load because **idea, theme,** and **argument** are plausible associates, while **fairy** is an obvious distractor. No complex phrasing, conditional logic, or emotional content.
This item requires a moderately high level of verbal-semantic ability, as the respondent must distinguish closely related abstract concepts and select “idea” and “argument.”",0.963165332846002,1.6440994572282424,1.6717411352343456,1.904445250583321,6.7156810739204085,1533.0,gilbert_meta_102,1.6504277292565908,0.4386922040759024,1.4079931517075972,0.374251842778117,1.0174242145752874,0.39744125750366016,0.8394036709505556,0.3279002462852142,1.1224847686856805,0.4048894299822071,0.9353876453167185,0.33740196846335746,0.9134163230866261,0.42316238322642924,1.0289028628834076,0.4766643386609888,0.9263837463873855,0.4131555268818978,0.8498503271014133,0.3790225822005191,1.6965028006047036,0.4336174925893314,1.3839082890246013,0.3537199243328945,1.7066417414266568,0.4339745582438672,1.433714435564027,0.3645730522808105
vocab_q5,Choose two words that best go with the word [ target word ].,6. nervous,"Choose two words that best go with the word [ target word ].: 6. nervous
neuron
ribs
brain
toes","Original Text: Choose two words that best go with the word [ target word ].: 6. nervous
neuron
ribs
brain
toes
Identify two terms from the provided list that are anatomically or semantically associated with the target word ""nervous.""
To identify the construct measured by the association of ""nervous"" with ""neuron"" and ""brain,"" this item targets the knowledge domain of **Human Anatomy**. The justification is that the item tests the ability to categorize specific biological components under the umbrella of the nervous system, distinguishing them from unrelated anatomical structures.
This analysis evaluates the cognitive demand and structural complexity of the word association item for ""nervous.""

**Cognitive Demand:** This item requires **synthesis**. The respondent must integrate biological knowledge with linguistic association, moving beyond simple recall to identify specific categorical relationships within a physiological system.

**Structural/Semantic Elements:**
*   **Polysemy:** The target word ""nervous"" functions as a semantic distractor; its common emotional connotation (anxiety) must be suppressed to identify the biological context.
*   **Multi-selection Logic:** The requirement to ""choose two"" increases cognitive load by forcing a comparative evaluation of all options rather than a single-match identification.
*   **Categorical Filtering:** The respondent must distinguish between anatomical components of the nervous system (neuron, brain) and unrelated skeletal or peripheral structures (ribs, toes).
To correctly associate ""neuron"" and ""brain"" with the target word ""nervous,"" a respondent requires a moderate level of cognitive ability and crystallized verbal knowledge. This task necessitates the ability to bypass the common emotional connotation of the word to identify its biological context and recognize specific anatomical relationships.","Original Text: Choose two words that best go with the word [ target word ].: 6. nervous
neuron
ribs
brain
toes
The core task presented in this item is to select two words from a provided list of four anatomical terms that best associate with the target word ""nervous.""
The objective is to determine the primary construct being assessed by the provided word association item and justify this classification.

**Primary Construct:** Semantic knowledge of biological vocabulary. 

**Justification:** The item requires the respondent to recognize semantic relationships between the target word (""nervous"") and related anatomical terms (""neuron"", ""brain""), demonstrating an understanding of the human nervous system and related word meanings.
Assessing the cognitive demand and structural elements of the provided word association item:

This cognitive item requires multi-step reasoning and synthesis. The cognitive load is elevated by semantic ambiguity, requiring the respondent to bypass the common emotional definition of ""nervous"" (anxious) and access its specific biological context (the nervous system). Furthermore, the structural requirement to select exactly two correct options (""neuron"" and ""brain"") increases the threshold for success by forcing simultaneous evaluation of all distractors and preventing a simple single-elimination strategy.
Regarding the magnitude of the underlying latent trait needed to correctly answer this item, a low-to-moderate level of cognitive ability and basic biological vocabulary is required to successfully associate ""nervous"" with ""neuron"" and ""brain.""","Original Text: Choose two words that best go with the word [ target word ].: 6. nervous
neuron
ribs
brain
toes
The core task presented in the item is to identify two terms from a provided list of anatomical words (neuron, ribs, brain, toes) that share the strongest conceptual and biological association with the target term ""nervous.""
The underlying psychological construct and skill measured by this item is **semantic memory and domain-specific biological knowledge (conceptual association)**. 

**Justification:** The task requires the test-taker to correctly identify the anatomical context of the polysemous term ""nervous"" (referring to the nervous system) and map it to its semantically related biological components (""neuron"" and ""brain"") while filtering out unrelated anatomical distractors (""ribs"" and ""toes"").
**Cognitive Demand Assessment**
This evaluation examines the cognitive requirements and structural load of the biological association item:

* **Cognitive Requirement:** The item relies on **semantic recall** and **category-matching reasoning**, requiring the test-taker to recognize the anatomical domain of the target term and link it to its constituent biological components (*neuron*, *brain*).
* **Semantic Ambiguity (Polysemy):** The target word ""nervous"" frequently cues an emotional or psychological state (anxiety) in colloquial usage, requiring the test-taker to shift context to its anatomical/physiological definition (""nervous system"").
* **Distractor Category Overlap:** The distractors (*ribs*, *toes*) are anatomically valid body parts, demanding categorical precision to isolate the nervous system from general skeletal or peripheral anatomy.
* **Dual-Selection Constraint:** Requiring two correct options slightly elevates cognitive load by necessitating comparative evaluation across all options rather than halting at the first plausible match.
The overall level of the latent trait—specifically general cognitive ability and foundational semantic/biological knowledge—required to successfully solve this word-association item is **low to moderate**, as correctly linking ""nervous"" with ""neuron"" and ""brain"" demands only basic vocabulary recognition and elementary conceptual understanding of human anatomy.","Original Text: Choose two words that best go with the word [ target word ].: 6. nervous
neuron
ribs
brain
toes
The task is to pick the two words most closely associated with “nervous” from the given options.
Primary construct: semantic vocabulary knowledge, specifically word association/lexical categorization.

Justification: The item asks the respondent to select the two words most closely related to “nervous,” which measures understanding of word meaning and semantic associations rather than clinical symptoms or attitudes.
This is a low-demand word-association item requiring simple recall and semantic matching, not multi-step reasoning or deep introspection. The main load comes from the forced-choice structure and the need to select exactly two related words; “neuron” and “brain” are the clear matches, while “ribs” and “toes” are distractors.
This item requires a moderate-to-high level of verbal-semantic association skill, with a strong tendency toward the target concept’s meaning and related body/biology terms.","Original Text: Choose two words that best go with the word [ target word ].: 6. nervous
neuron
ribs
brain
toes
The task is to pick the two words most closely associated with “nervous” from the list: neuron, ribs, brain, and toes.
This item is primarily measuring **verbal semantic association / vocabulary knowledge**. It asks the respondent to identify words most closely related in meaning or conceptual association to the target word “nervous” (most likely **neuron** and **brain**), which reflects lexical-semantic knowledge rather than a clinical symptom or attitude.
This asks for the cognitive demand and any wording features that affect difficulty for the item about selecting two associates of “nervous.”

Low to moderate cognitive demand: it mainly requires semantic association/recall rather than multi-step reasoning or synthesis. The likely task is identifying words related to the “nervous” target sense, with “neuron” and “brain” as plausible matches. Cognitive load is slightly increased by lexical ambiguity: “nervous” can mean anxious or relate to the nervous system, so the item depends on recognizing the intended biological meaning. Structurally, the instruction is simple, with no conditional logic or emotionally intense wording; difficulty comes mostly from the distractors (“ribs,” “toes”) and the need to choose exactly two.
This item appears to require a relatively low to moderate level of the underlying trait, since identifying the two words most associated with “nervous” (“neuron” and “brain”) depends on fairly basic verbal-semantic knowledge rather than especially advanced ability.","Original Text: Choose two words that best go with the word [ target word ].: 6. nervous
neuron
ribs
brain
toes
Choose the two words most closely associated with “nervous” from the options provided.
**Primary domain:** Basic anatomy/biology knowledge, especially the nervous system.  

**Justification:** Selecting **neuron** and **brain** demonstrates recognition of terms semantically associated with “nervous,” distinguishing nervous-system structures from unrelated body parts.
This is a low-demand lexical-association item requiring recall of common relationships, not multi-step reasoning or synthesis. The respondent must select two options associated with “nervous,” likely through body/anatomy or physiological associations. Its main load comes from vague instructions (“go with”), multiple plausible body-related distractors, and weak or nonstandard collocations; no conditional logic, complex phrasing, or severe emotional/attitudinal threshold is involved.
A **moderate level of cognitive ability**, especially basic verbal association and knowledge of anatomy, is sufficient; the item does not require unusually high ability.","Original Text: Choose two words that best go with the word [ target word ].: 6. nervous
neuron
ribs
brain
toes
Choose the two words most closely associated with “nervous” from neuron, ribs, brain, and toes.
**Semantic vocabulary knowledge:** The item assesses recognizing conceptually related words, linking “nervous” to “neuron” and “brain” within the nervous-system category.
**Demand: low to moderate.** This cognitive vocabulary/association item requires recall plus simple semantic categorization: select **“neuron”** and **“brain”** as related to “nervous.” Cognitive load is slightly increased by requiring two answers and by the polysemy of **“nervous”** (emotional state vs. nervous system); the distractors are concrete body-related terms but not especially tricky.
This item requires a moderately high level of verbal and conceptual ability, particularly recognizing that “neuron” and “brain” are associated with “nervous.”",1.490097859711018,-0.3784739792328124,-0.5464765285754003,-0.5496363151854505,0.5771596764255129,739.0,gilbert_meta_102,0.7010860464976121,0.35506423302891976,0.5981021372387064,0.30290814899614793,1.0751559075326136,0.37417753284683225,0.8870339458195285,0.30870701734768996,0.11464186991196229,0.3571557854761825,0.09553322391823378,0.2976246257479139,-0.4597015384335605,0.36541810985213874,-0.517823271832794,0.41161924729546584,-1.4306676882723504,0.4177800649760964,-1.3124727280601995,0.3832650629514758,0.7562133098851724,0.365479738696772,0.6168748247558408,0.2981371086877803,1.5318542127171373,0.40681274313872595,1.2868790471022893,0.34175497308639885
vocab_q22,Choose two words that best go with the word [ target word ].,23. paleontologist,"Choose two words that best go with the word [ target word ].: 23. paleontologist
paint
history
dinosaur
pair","Original Text: Choose two words that best go with the word [ target word ].: 23. paleontologist
paint
history
dinosaur
pair
Identify the two words from the provided list—paint, history, dinosaur, and pair—that share the strongest semantic association with the target term ""paleontologist.""
This item measures the primary knowledge domain of **lexical semantics** and the skill of **semantic association**. It requires the respondent to identify conceptually related terms—specifically ""history"" and ""dinosaur""—for the target profession ""paleontologist,"" thereby assessing depth of vocabulary and the ability to recognize categorical relationships between words.
This analysis evaluates the cognitive demand and structural complexity of the vocabulary association task for the term ""paleontologist.""

**Cognitive Demand**
The item requires **recall** of the specific definition of ""paleontologist"" and **synthesis** to identify which two disparate concepts—""history"" and ""dinosaur""—share the strongest semantic relationship with the target word.

**Structural and Semantic Elements**
*   **Phonetic Distractors:** The options ""paint"" and ""pair"" serve as phonetic traps, utilizing alliteration (the ""pa-"" prefix) to increase cognitive load for test-takers relying on surface-level recognition rather than semantic depth.
*   **Multi-Selection Constraint:** The requirement to select exactly two words increases the threshold for a correct response, as it necessitates evaluating the relative strength of all four options simultaneously.
To successfully identify the semantic associations for ""paleontologist,"" a respondent requires a moderate level of crystallized intelligence and general scientific literacy.","Original Text: Choose two words that best go with the word [ target word ].: 23. paleontologist
paint
history
dinosaur
pair
The objective of this request is to provide a summary of the provided item's primary task. The item requires the user to select two words from a list of four options (paint, history, dinosaur, pair) that are most closely associated with the target word ""paleontologist"".
In identifying the primary skill or psychological construct assessed by this item and providing a concise justification:

**Construct:** Semantic knowledge (Vocabulary)
**Justification:** The task requires the individual to comprehend the meaning of the target word (""paleontologist"") and recognize its conceptual relationships to the correct associated terms (""history"" and ""dinosaur"") while rejecting unrelated distractors.
Assessing the cognitive demand and structural elements of the provided word association item:

This cognitive task requires vocabulary recall to define ""paleontologist"" and synthesis to map that definition to two related concepts (""history"" and ""dinosaur""). The cognitive load is elevated by the multi-selection requirement (""Choose two words""). Additionally, the distractors ""paint"" and ""pair"" serve as orthographic and phonetic traps, sharing the initial ""pa-"" letter string with the target word to confuse respondents relying on superficial visual or auditory similarities rather than semantic meaning.
In assessing the degree of the underlying latent trait—specifically cognitive ability and verbal knowledge—needed to successfully identify the words associated with the target item, a moderate level is required. Because ""paleontologist"" is a specialized but culturally familiar term, an individual needs only average general knowledge and vocabulary to correctly select ""history"" and ""dinosaur"" over the unrelated distractors.","Original Text: Choose two words that best go with the word [ target word ].: 23. paleontologist
paint
history
dinosaur
pair
The objective is to identify the two words from a provided list that are most closely associated with the target profession, ""paleontologist.""
**Construct Assessed:** Semantic Knowledge (specifically depth of receptive vocabulary and conceptual association).

**Justification:** This word-association task evaluates an individual's semantic memory and verbal reasoning by requiring them to retrieve the meaning of the target concept (""paleontologist"") and identify related thematic terms (""dinosaur,"" ""history"") while correctly rejecting orthographic and phonological distractors (""paint,"" ""pair"").
**Assessment of Item Demand and Structural Elements**

* **Demand Level:** Low-to-moderate cognitive demand primarily requiring **direct recall** of domain-specific vocabulary and straightforward semantic association, rather than multi-step reasoning or synthesis.
* **Structural Elements Increasing Load:** 
  * **Dual-Selection Constraint:** Requiring the identification of two correct answers instead of one slightly increases working memory and decision-making load.
* **Semantic and Distractor Elements:** 
  * **Orthographic/Phonological Distractors:** Options like *""paint""* and *""pair""* share surface-level letter patterns and phonetic features with *""paleontologist,""* introducing visual interference intended to catch rapid or superficial scanning.
  * **Varying Semantic Distance:** *""Dinosaur""* is a direct, primary association, whereas *""history""* requires a broader, more generalized categorical link, necessitating a minor shift in semantic abstraction.
Successfully identifying the correct associations for ""paleontologist"" requires a **low-to-moderate level of verbal intelligence and general semantic knowledge**, as recognizing the relationship between paleontology, dinosaurs, and natural history relies on basic scientific vocabulary and standard associative reasoning acquired through primary-level education.","Original Text: Choose two words that best go with the word [ target word ].: 23. paleontologist
paint
history
dinosaur
pair
The task is to pick the two words most closely associated with “paleontologist” from the given options.
Primary domain: vocabulary/semantic association, specifically knowledge of word meaning and related concepts. The item measures whether the respondent can identify words most strongly associated with “paleontologist” — here, “history” and “dinosaur” — indicating lexical-semantic understanding rather than clinical or attitudinal content.
This is a low-demand word-association item: it mainly requires simple semantic recall and matching, not multi-step reasoning or deep synthesis. The core task is to pick two related words for “paleontologist,” and the likely answers are “history” and “dinosaur.” The structure is straightforward, with minimal cognitive load; the only mild challenge is selecting exactly two from four options.
This item requires a high level of vocabulary and semantic association skill, especially knowledge of the target word’s domain and its related concepts. A respondent would need strong verbal reasoning and background knowledge to identify the best-fitting words, with the strongest endorsement reflecting high cognitive ability in language-based association.","Original Text: Choose two words that best go with the word [ target word ].: 23. paleontologist
paint
history
dinosaur
pair
The task is to pick the two words most associated with “paleontologist” from the list: paint, history, dinosaur, and pair.
This item is measuring **verbal semantic association / vocabulary knowledge**. It asks the respondent to identify the two words most meaningfully related to **“paleontologist”**—namely **history** and **dinosaur**—which assesses understanding of word meaning and conceptual relationships.
This asks for the cognitive demand and any wording features that affect difficulty for the item about selecting two associates for “paleontologist.”

Moderate cognitive demand: it mainly requires semantic knowledge/recall plus a small amount of comparison, not deep multi-step reasoning or synthesis. The test-taker must know what a paleontologist is and identify the two closest associates (“history” and especially “dinosaur”) while rejecting weaker distractors (“paint,” “pair”). Load is increased slightly by the instruction to choose exactly two words, which requires weighing relative fit among options, but the phrasing is simple, with no conditional logic or emotional/attitudinal threshold.
This item appears to require a moderately high level of the underlying trait, since correctly selecting “history” and “dinosaur” for “paleontologist” depends on fairly strong vocabulary knowledge and semantic reasoning rather than only very basic word association.","Original Text: Choose two words that best go with the word [ target word ].: 23. paleontologist
paint
history
dinosaur
pair
Choose two words associated with “paleontologist” from the provided options.
**Primary construct:** Vocabulary and semantic association knowledge.  
**Justification:** The item measures whether the respondent can identify words conceptually related to “paleontologist,” most plausibly “dinosaur” and “history.”
This is a low-demand vocabulary/association item requiring simple recall, not multi-step reasoning or synthesis. The best choices are likely **history** and **dinosaur**. The only cognitive load comes from selecting two semantically related options; **paint** and **pair** are straightforward distractors. No complex phrasing, conditional logic, or emotional content is present.
The item requires a **low-to-moderate level of verbal comprehension and general knowledge**. Successfully identifying “history” and “dinosaur” mainly depends on recognizing common associations with paleontology, rather than advanced reasoning or specialized expertise.","Original Text: Choose two words that best go with the word [ target word ].: 23. paleontologist
paint
history
dinosaur
pair
Select the two words most closely associated with “paleontologist” from paint, history, dinosaur, and pair.
**Knowledge domain: Vocabulary/semantic association.** The item measures understanding of *paleontologist* by selecting the most closely related words—**history** and **dinosaur**.
Low-to-moderate cognitive demand: requires vocabulary recall and selecting two semantic associations (“history,” “dinosaur”), not multi-step reasoning or synthesis. Cognitive load is slightly increased by the two-answer format and unrelated distractors, especially “paint” and “pair,” which may create superficial sound/visual interference.
This item requires a **moderate level of underlying verbal/cognitive ability**, as respondents must know that a paleontologist is associated with **history** and **dinosaurs**.",1.54921518829451,-0.9370793397932644,-1.3776462856643923,-1.467435392032424,0.2305159106993566,453.0,gilbert_meta_102,0.47915969257025676,0.38708434409647346,0.40877498223877173,0.3302247629264893,0.9869830214793749,0.38425803193661273,0.8142888281280949,0.31702371339222796,0.2228102499379095,0.38433663576909194,0.18567196710017098,0.32027493893030173,1.4419977077376498,0.4050754674675644,1.6243147098016892,0.45629062851954855,1.1626434880494427,0.384931584079707,1.0665914125483427,0.3531303673208086,0.16614663817324304,0.41158565473264114,0.13553276167865166,0.3357476327331095,1.055305614387447,0.3930518351816234,0.8865404241280648,0.3301947188715492
vocab_q1,Choose two words that best go with the word [ target word ].,2. skeletal,"Choose two words that best go with the word [ target word ].: 2. skeletal
protection
hair
eye
support","Original Text: Choose two words that best go with the word [ target word ].: 2. skeletal
protection
hair
eye
support
Identify the two terms from the provided list—protection, hair, eye, and support—that are most conceptually or functionally associated with the word ""skeletal.""
This response identifies the primary knowledge domain and justification for the item requiring the association of ""skeletal"" with ""protection"" and ""support.""

**Primary Knowledge Domain:** Human Anatomy (Skeletal System)

**Justification:** The item assesses the respondent's understanding of the biological functions of the skeletal system, specifically its roles in providing structural support and protecting internal organs.
To analyze the cognitive demand and structural complexity of the item associated with the word ""skeletal"":

This cognitive item requires **multi-step reasoning** and **synthesis**. The respondent must recall the biological functions of the skeletal system and evaluate each option to synthesize a pair of correct associations.

**Structural and Semantic Elements:**
*   **Multiple-response format**: Requiring two correct answers instead of one increases cognitive load and the threshold for a correct response.
*   **Functional association**: The item moves beyond simple definition, requiring the respondent to link the target word to its physiological roles (**protection** and **support**).
*   **Categorical distractors**: The inclusion of other biological terms (**hair**, **eye**) creates a semantic field that requires precise domain-specific knowledge to filter out irrelevant anatomical features.
The level of the underlying latent trait—specifically crystallized intelligence or basic biological knowledge—required to successfully answer this item is low to moderate. Identifying ""protection"" and ""support"" as the primary functions of the ""skeletal"" system relies on the retrieval of foundational anatomical concepts typically mastered during early secondary education.","Original Text: Choose two words that best go with the word [ target word ].: 2. skeletal
protection
hair
eye
support
The core task presented in this item is to select two words from a provided list (protection, hair, eye, support) that are most closely associated with the target word ""skeletal.""
In identifying the primary domain or construct measured by the provided text and justifying this selection:

**Primary Knowledge Domain:** Biology/Anatomy 
**Justification:** The item requires the respondent to correctly associate the skeletal system with its primary physiological functions, which are ""protection"" and ""support.""
To assess the cognitive demand, reasoning requirements, and structural or semantic elements that elevate the difficulty of this word association item:

This cognitive item requires multi-step reasoning and synthesis. The user must first recall the biological definition of ""skeletal"" and then synthesize that knowledge to identify its primary anatomical functions. The cognitive load is increased by the structural instruction to ""choose two words,"" which forces the user to evaluate all options and hold multiple correct answers in working memory rather than stopping at the first plausible choice. Semantically, the distractors (""hair,"" ""eye"") increase difficulty because they belong to the same broad category of human anatomy, requiring precise differentiation. Additionally, matching the adjective ""skeletal"" to the functional nouns ""protection"" and ""support"" requires a conceptual leap regarding biological purpose rather than simple synonym recognition.
Regarding the degree of the underlying latent trait—specifically cognitive ability and verbal reasoning—needed to successfully identify the correct associations for this item, a low to moderate level is required. Connecting ""skeletal"" with ""protection"" and ""support"" depends on basic vocabulary and foundational biological knowledge rather than advanced cognitive proficiency.","Original Text: Choose two words that best go with the word [ target word ].: 2. skeletal
protection
hair
eye
support
The core task is to select two words from the provided list (protection, hair, eye, support) that have the strongest association or functional connection to the target word ""skeletal.""
**Primary Construct Measured:** Domain-specific science vocabulary comprehension and semantic association (specifically in human biology and anatomy).

**Justification:** This item evaluates a learner's conceptual understanding of the skeletal system by requiring them to identify and link its key physiological functions—""protection"" and ""support""—to the anatomical term ""skeletal.""
**Cognitive Demand Evaluation**

* **Processing Level:** This item primarily requires **conceptual recall and functional association**. It demands single-step semantic retrieval to identify the primary biological functions (""protection"" and ""support"") associated with the target term ""skeletal.""
* **Structural and Semantic Elements:**
  * **Multi-Response Format:** Requiring the selection of *two* correct options marginally increases working memory load compared to standard single-choice items, as test-takers must validate two distinct functional links.
  * **Domain-Specific Distractors:** The distractors (""hair,"" ""eye"") share the broad semantic domain of human anatomy/body parts, but their functional divergence from the skeletal framework minimizes trickiness, keeping the overall cognitive demand low to moderate.
The level of the underlying latent trait—specifically verbal comprehension and basic semantic reasoning—required to correctly identify ""protection"" and ""support"" as associates for ""skeletal"" is low to moderate. Successfully completing this item requires only elementary functional knowledge and foundational associative ability rather than advanced cognitive capacity or specialized vocabulary.","Original Text: Choose two words that best go with the word [ target word ].: 2. skeletal
protection
hair
eye
support
The task is to pick the two words that most naturally associate with “skeletal” from the given options.
Primary construct: semantic vocabulary knowledge, specifically word association/lexical meaning.

Justification: The item asks the respondent to select words that most appropriately relate to “skeletal,” which measures understanding of the target word’s meaning and associated concepts.
This is a low-severity, low-demand vocabulary association item. It mainly requires simple recall/word association rather than multi-step reasoning or synthesis. The structure is straightforward, with only a mild constraint to choose two matches; there are no tricky distractors, conditional logic, or emotionally loaded terms.
This item requires a moderate level of the underlying verbal-semantic trait: the respondent must recognize the target word’s meaning and select the two most semantically related options.","Original Text: Choose two words that best go with the word [ target word ].: 2. skeletal
protection
hair
eye
support
The task is to select the two options most closely associated with “skeletal” from the list: protection, hair, eye, and support.
This item is measuring verbal semantic association/vocabulary knowledge, specifically understanding the meaning of “skeletal.” The best matches are “protection” and “support,” which reflect core functions of the skeleton, so the task assesses knowledge of word meaning and conceptual relationships.
This asks for the cognitive demand of choosing two associates for “skeletal.”

Moderate cognitive demand: it mainly requires semantic recall plus a small comparison step, not deep multi-step reasoning or synthesis. The respondent must retrieve the meaning of “skeletal” and evaluate which two options are most closely related. “Protection” and “support” are both plausible, which raises difficulty because both fit core functions of the skeleton and require discrimination rather than simple one-to-one matching. Structural load is low: wording is simple, but the “choose two” format increases load by requiring ranking among several semantically related options. No emotional wording, introspection, or endorsement threshold is involved.
This item appears to require a relatively low to moderate level of the underlying trait, since identifying “support” and “protection” as the best matches for “skeletal” depends on fairly common verbal-conceptual knowledge rather than especially advanced ability.","Original Text: Choose two words that best go with the word [ target word ].: 2. skeletal
protection
hair
eye
support
Choose the two words most associated with “skeletal” from: protection, hair, eye, and support.
**Primary domain:** Basic anatomy/science knowledge—specifically the functions of the skeletal system.  

**Justification:** “Protection” and “support” are key functions of the skeleton, whereas “hair” and “eye” are not.
This is a low-demand verbal-association item requiring recall of semantic relationships and basic vocabulary, not multi-step reasoning or synthesis. The respondent must select exactly two options—likely **protection** and **support**—that relate to “skeletal.” Distractors (“hair,” “eye”) are straightforward, with minimal ambiguity and no emotional or introspective burden.
This item requires a **low to moderate level of cognitive ability**: the respondent must recognize that the skeletal system provides **support** and **protection**. It relies mainly on basic vocabulary and general knowledge, not advanced reasoning.","Original Text: Choose two words that best go with the word [ target word ].: 2. skeletal
protection
hair
eye
support
Choose the two words most closely associated with “skeletal” from: protection, hair, eye, and support.
**Knowledge domain: Vocabulary/semantic association.** The item measures understanding of the word **“skeletal”** by identifying its strongest conceptual associations—**protection** and **support**, key functions of the skeletal system.
Low-to-moderate cognitive demand: requires semantic recall and selecting two associations (“support,” “protection”), not multi-step reasoning or synthesis. The vague phrase “best go with” adds ambiguity, while biologically related distractors (“hair,” “eye”) modestly increase difficulty.
This item requires a moderate level of the underlying verbal/conceptual ability to identify “support” and “protection” as functions associated with “skeletal.”",1.1266778282187466,-0.400959091270317,-0.4748702074896831,-0.4709857991779568,0.6243864451492473,767.0,gilbert_meta_102,-0.025579552223274793,0.38837799916038,-0.02182212145111038,0.33132839045186585,0.8056615818692696,0.40233741204679446,0.6646935267283766,0.3319397118671925,-0.31154065569268397,0.3891349537972224,-0.25961268115024866,0.3242734674867908,-0.20135014192505457,0.37422317239977926,-0.22680757090983322,0.42153756584764657,-0.8508472648412557,0.43447652724670066,-0.7805543104124246,0.3985821429169265,-1.3287544306577281,0.4290100969452581,-1.0839205629427455,0.3499614790062047,1.4137710639752894,0.4515991545472799,1.1876798356693623,0.3793791111787184
vocab_q17,Choose two words that best go with the word [ target word ].,18. evidence,"Choose two words that best go with the word [ target word ].: 18. evidence
feeling
choosing
proving
showing","Original Text: Choose two words that best go with the word [ target word ].: 18. evidence
feeling
choosing
proving
showing
The core task is to identify two terms from a provided list that are most semantically associated with the target word ""evidence.""
This item evaluates the primary knowledge domain of **lexical semantics** and the cognitive skill of **semantic association**.

**Justification:** The task requires identifying synonyms or functional correlates (""proving"" and ""showing"") for the target word ""evidence,"" assessing the respondent's vocabulary depth and ability to recognize precise semantic relationships.
This analysis evaluates the cognitive demand and structural complexity of the vocabulary item for the word ""evidence.""

**Cognitive Demand**
This item requires **synthesis**. The respondent must integrate the definition of ""evidence"" with its functional applications to identify which two options (""proving"" and ""showing"") share a semantic relationship with the target word.

**Structural and Semantic Elements**
*   **Multi-select constraint:** Requiring two correct answers increases cognitive load by forcing the respondent to evaluate the relationship of every option against the target rather than stopping at the first plausible match.
*   **Abstract semantic mapping:** The options are abstract verbs, requiring the respondent to understand ""evidence"" as a functional tool for demonstration rather than just a static noun.
*   **Conceptual distractors:** ""Feeling"" and ""choosing"" serve as distractors that test the boundary between subjective internal processes and the objective, external nature of proof, increasing the threshold for correct identification.
To identify the words most closely associated with ""evidence,"" a respondent requires a moderate level of verbal cognitive ability. This involves the semantic comprehension necessary to recognize functional synonyms and collocations related to verification and demonstration, distinguishing them from unrelated behavioral distractors.","Original Text: Choose two words that best go with the word [ target word ].: 18. evidence
feeling
choosing
proving
showing
To summarize the primary task presented in the item, the user must select two words from a provided list of four that most strongly associate with the target word ""evidence.""
To determine the primary skill or construct assessed by the word association task and justify this classification:

**Primary Skill/Construct:** Semantic knowledge (Verbal Comprehension)

**Justification:** The item evaluates lexical understanding by requiring the respondent to identify words (""proving,"" ""showing"") that share a synonymous or associative relationship with the target word (""evidence"").
In evaluating the cognitive demand and structural elements that dictate the difficulty of this word association task, this cognitive item requires multi-step reasoning and semantic synthesis to determine the relational fit of each option to the target word (""evidence""). The cognitive load is elevated by the structural requirement to select exactly two correct answers rather than one. Additionally, all options (""feeling,"" ""choosing,"" ""proving,"" ""showing"") are structurally parallel gerunds, functioning as tricky distractors that eliminate grammatical clues and force strict reliance on semantic understanding.
Regarding the overall magnitude of the underlying latent trait necessary to successfully answer this item, a low to moderate level of verbal cognitive ability is required because the target word (""evidence"") and its correct associations (""proving,"" ""showing"") are common, concrete terms with direct semantic links.","Original Text: Choose two words that best go with the word [ target word ].: 18. evidence
feeling
choosing
proving
showing
The item requires identifying two options from a provided list (feeling, choosing, proving, showing) that share the strongest semantic association or conceptual relationship with the target noun ""evidence.""
The psychological construct this item assesses is **lexical-semantic ability** (specifically, **vocabulary knowledge and semantic association**). 

**Justification:** The task requires the test-taker to demonstrate verbal comprehension and relational reasoning by identifying the two words (""proving"" and ""showing"") that share direct semantic and functional relationships with the target concept ""evidence.""
This analysis evaluates the cognitive demand and structural complexity of the provided vocabulary association item (""evidence"").

* **Cognitive Demand:** The item requires **relational reasoning and semantic recall**. The test-taker must retrieve the abstract definition of ""evidence"" and evaluate its functional collocations across the options.
* **Structural/Semantic Elements Affecting Load:**
  * **Dual-Response Format:** Requiring two answers instead of one increases working memory load and prevents simple single-elimination strategies.
  * **Abstract Semantic Mapping:** The target noun (""evidence"") and correct choices (""proving,"" ""showing"") represent abstract conceptual functions rather than concrete associations, requiring conceptual linking rather than direct perceptual recall.
  * **Distractor Plausibility:** The distractors (""feeling,"" ""choosing"") have low semantic overlap, keeping the overall cognitive difficulty moderate by making incorrect options easily separable.
To successfully identify the correct associations for the word ""evidence,"" a respondent requires a low-to-moderate level of verbal cognitive ability (specifically crystallized intelligence and basic semantic reasoning), as distinguishing ""proving"" and ""showing"" as associates relies on standard, intermediate vocabulary comprehension rather than advanced linguistic or abstract reasoning skills.","Original Text: Choose two words that best go with the word [ target word ].: 18. evidence
feeling
choosing
proving
showing
The task is to pick the two words that best associate with “evidence”: **proving** and **showing**.
Primary construct: semantic association / vocabulary knowledge.

Justification: The item asks the respondent to select words most closely related in meaning or usage to “evidence,” which measures word association and lexical understanding rather than a clinical or psychological symptom.
This is a low-to-moderate demand vocabulary association item: it requires selecting two semantically related words for the target term. It mainly involves recall and simple semantic matching, not multi-step reasoning or deep synthesis. The wording is straightforward, with minimal structural complexity; the only mild load comes from having to choose exactly two options and distinguish close associates like “proving” and “showing.”
This item requires a moderate level of the underlying trait: the respondent needs enough verbal and semantic reasoning to identify the two strongest word associations, but it does not demand especially high cognitive ability or deep domain knowledge.","Original Text: Choose two words that best go with the word [ target word ].: 18. evidence
feeling
choosing
proving
showing
The task is to select the two words most closely associated with “evidence” from the options: feeling, choosing, proving, and showing.
This item is primarily measuring **verbal semantic association / vocabulary knowledge**. It asks the respondent to identify which two options are most closely related in meaning to **“evidence”**—most plausibly **“proving”** and **“showing”**—so it assesses understanding of word meaning and semantic relationships.
Core ask: assess the cognitive demand of choosing the two best associates for “evidence” and note any wording features that affect difficulty.

This is a low-to-moderate cognitive-demand verbal association item. It mainly requires semantic knowledge/recall plus a small amount of comparison, not deep multi-step reasoning or synthesis. The respondent must evaluate which options are most closely related to “evidence,” likely distinguishing stronger links (“proving,” “showing”) from a weaker distractor (“feeling”).

Load-increasing elements:
- Forced selection of exactly two answers, which adds comparison.
- “Best go with” is somewhat vague, requiring judgment of degree of relatedness rather than a single clearly defined rule.
- Presence of semantically plausible distractors, especially “choosing,” can increase ambiguity slightly.
- No conditional logic, emotional wording, or severe endorsement threshold.
This item appears to require a relatively high level of the underlying latent trait, since identifying the best matches for “evidence” depends on recognizing strong semantic links—especially with “proving” and “showing”—and rejecting weaker distractors like “feeling” and “choosing.”","Original Text: Choose two words that best go with the word [ target word ].: 18. evidence
feeling
choosing
proving
showing
Select the two words that best pair with “evidence” from: feeling, choosing, proving, and showing.
**Primary construct:** Verbal-semantic knowledge, specifically word association and collocation.

**Justification:** The item measures the ability to identify which words (“proving” and “showing”) form meaningful semantic or grammatical associations with “evidence.”
This is a low-to-moderate cognitive-demand vocabulary item requiring lexical recall and semantic/collocational judgment, not multi-step reasoning or synthesis. The likely answers are **proving** and **showing**, both forming plausible associations with “evidence.” The lack of context creates ambiguity because both options are semantically similar; “feeling” and “choosing” are weaker distractors.
The item requires a **low-to-moderate level of cognitive ability**, mainly basic vocabulary and semantic-association skills; selecting **“proving”** and **“showing”** is relatively straightforward.","Original Text: Choose two words that best go with the word [ target word ].: 18. evidence
feeling
choosing
proving
showing
Choose the two words most closely associated with “evidence” from feeling, choosing, proving, and showing.
**Construct:** Receptive vocabulary and semantic association.

**Justification:** The item tests whether the respondent understands *evidence* and can identify the most closely related words, **proving** and **showing**.
This verbal-association item has low-to-moderate demand: it requires lexical recall and comparison, not multi-step reasoning or synthesis. The examinee must select two semantic associates of “evidence” (“proving” and “showing”). Cognitive load comes from choosing exactly two and distinguishing plausible but weaker distractors, especially “feeling.”
This item requires a relatively low-to-moderate level of verbal/cognitive ability, because recognizing “proving” and “showing” as closely related to “evidence” relies on common vocabulary and straightforward semantic associations.",2.1750468670205843,-0.8613546192728602,-1.531825834988989,-1.6370552987238105,0.1945520974213474,410.0,gilbert_meta_102,0.7742011208172368,0.40258789469096046,0.6604771943852522,0.3434509664598136,0.24024544678094217,0.37834596429942535,0.19820926912110215,0.3121460908563473,0.07221403258016995,0.3932246035926157,0.060177309998675696,0.3276814494915374,-0.07053935704425213,0.3689899291017434,-0.07945790388716618,0.4156426646121189,0.6988216097967317,0.38301007196994485,0.6410882919603171,0.3513676014029275,-0.8577828364497945,0.43977683710780735,-0.6997293356207698,0.3587443592651792,-0.5902909167147224,0.41001502455309996,-0.49589119258782105,0.34444514348308003
vocab_q15,Choose two words that best go with the word [ target word ].,16. hypothesis,"Choose two words that best go with the word [ target word ].: 16. hypothesis
hippo
poem
guess
thought","Original Text: Choose two words that best go with the word [ target word ].: 16. hypothesis
hippo
poem
guess
thought
Identify two synonyms or conceptually related terms for the word ""hypothesis"" from the provided list.
This item measures **lexical knowledge**, specifically **semantic association**. It evaluates the respondent's ability to identify synonyms or conceptually related terms for the target word ""hypothesis,"" thereby assessing vocabulary depth and verbal reasoning.
This analysis evaluates the cognitive demand and structural complexity of the vocabulary item for the target word ""hypothesis.""

**Cognitive Demand**
This ability item requires **recall** of the definition of ""hypothesis"" and **synthesis** of semantic relationships to identify two related concepts.

**Structural and Semantic Elements**
*   **Phonetic Distractor:** The inclusion of ""hippo"" acts as an orthographic and phonetic lure, targeting superficial word recognition rather than semantic understanding.
*   **Multiple-Response Format:** Requiring the selection of two words increases cognitive load by forcing the examinee to evaluate the strength of associations across all options simultaneously.
*   **Semantic Nuance:** The item requires mapping a formal scientific term to more generalized synonyms (""guess"" and ""thought""), necessitating an understanding of varying registers of language.
To determine the level of the underlying latent trait required to correctly associate ""hypothesis"" with ""guess"" and ""thought,"" this item requires a moderate level of verbal intelligence and academic vocabulary. A respondent must possess sufficient linguistic proficiency to bypass phonetic distractors and recognize the abstract, tentative nature of the target term within a scientific or logical context.","Original Text: Choose two words that best go with the word [ target word ].: 16. hypothesis
hippo
poem
guess
thought
The core task presented in this item requires selecting two words from a provided list of four options that are most closely associated with the target word ""hypothesis.""
The objective is to determine the main skill, construct, or knowledge domain assessed by the provided test item and justify this classification.

**Primary Skill/Construct:** Semantic knowledge (Vocabulary). 

**Justification:** The item requires the respondent to comprehend the meaning of the target word (""hypothesis"") and identify its correct semantic associations (""guess,"" ""thought"") while disregarding phonological (""hippo"") or unrelated (""poem"") distractors.
To assess the cognitive demand and structural elements of this word association item:

This cognitive task requires semantic recall of the target word's definition and synthesis to map its meaning to related concepts. The cognitive load is elevated by the structural requirement to select exactly two correct answers (""guess"" and ""thought"") instead of a single option. Additionally, ""hippo"" acts as a tricky orthographic and phonological distractor, increasing the difficulty for respondents who might rely on superficial letter or sound similarities rather than actual semantic understanding.
Evaluating the degree of the underlying latent trait necessary to correctly answer this item, a low to moderate level of cognitive ability and verbal reasoning is required. The target word is common, and the correct associations (""guess,"" ""thought"") are easily distinguishable from the unrelated distractors (""hippo,"" ""poem"").","Original Text: Choose two words that best go with the word [ target word ].: 16. hypothesis
hippo
poem
guess
thought
The task requires selecting the two words from the provided list that are most closely related in meaning or association to the target word ""hypothesis.""
**Construct Measured:** Semantic knowledge and receptive vocabulary comprehension.

**Justification:** This item evaluates verbal ability by requiring the test-taker to demonstrate an understanding of the abstract definition of ""hypothesis"" through the identification of conceptually related terms and synonyms (""guess"" and ""thought"") while filtering out unrelated distractors.
This item assesses verbal ability at the level of definitional recall and conceptual association rather than multi-step reasoning or deep synthesis. 

Elements affecting cognitive load include:
* **Multi-Response Format:** Requiring two answers increases processing demand, as the test-taker must evaluate the entire set of options for multiple partial synonyms/associates (""guess"" and ""thought"") rather than identifying a single direct equivalent.
* **Surface-Level Distractor:** ""Hippo"" introduces an orthographic/phonetic distractor that exploits the prefix ""hypo-,"" potentially catching test-takers relying on superficial word-structure cues.
* **Semantic Granularity:** Successfully pairing ""hypothesis"" with both an action-oriented mental construct (""thought"") and an uncertainty-based construct (""guess"") requires understanding different facets of the target word's definition.
The level of the underlying latent trait—verbal cognitive ability and lexical comprehension—required to successfully identify the correct associations for ""hypothesis"" (""guess"" and ""thought"") is low-to-moderate (intermediate). Successfully answering this item demands a standard middle-school to high-school academic vocabulary and basic semantic reasoning to map conceptual synonyms while rejecting phonologically similar distractors like ""hippo.""","Original Text: Choose two words that best go with the word [ target word ].: 16. hypothesis
hippo
poem
guess
thought
The task is to pick the two words that best relate to the target word “hypothesis” from the given options.
Primary construct: verbal-semantic association / vocabulary knowledge.

Justification: The item asks for words that best relate to “hypothesis,” which primarily measures understanding of word meaning and the ability to select semantically associated terms; “guess” and “thought” fit best.
This is a low-to-moderate demand vocabulary association item. It mainly requires recall and semantic matching, with a small amount of selection among distractors. The target word “hypothesis” is best linked to “guess” and “thought,” so endorsement depends on recognizing the closest meanings rather than multi-step reasoning. Structural load is modest: the “choose two words” instruction adds a minor constraint, and the distractors (“hippo,” “poem”) are simple but potentially attention-checking.
This item requires a moderate level of the underlying verbal/semantic trait: the respondent needs enough word-association and vocabulary skill to identify the two best semantic matches, but it is not especially demanding.","Original Text: Choose two words that best go with the word [ target word ].: 16. hypothesis
hippo
poem
guess
thought
The task is to pick the two words most closely associated with “hypothesis” from the options given.
This item is measuring verbal reasoning / semantic association, specifically the ability to identify words most conceptually related to a target word. For “hypothesis,” the best matches are “guess” and “thought,” so the task assesses vocabulary-based understanding of meaning relationships rather than a clinical or attitudinal construct.
Core ask: assess the cognitive demand of choosing the two words most related to “hypothesis” and note any features that raise difficulty.

This is a low-to-moderate cognitive-demand verbal association item. It mainly requires vocabulary knowledge/recall of the meaning of “hypothesis,” with light comparison across options rather than deep multi-step reasoning or synthesis. The likely related choices (“guess,” “thought”) depend on recognizing semantic similarity.

Load-increasing elements:
- Forced selection of two answers increases comparison demands.
- “Best go with” is somewhat vague, requiring judgment of degree of fit rather than a strict rule.
- Presence of an obvious distractor (“hippo”) and a less-related but plausible abstract noun (“poem”) adds mild distractor filtering.
- No conditional logic, emotional wording, or severe endorsement threshold.
This item appears to require a moderately high level of the underlying latent trait, since correctly linking “hypothesis” with “guess” and “thought” depends on fairly strong verbal/conceptual reasoning rather than only basic word recognition.","Original Text: Choose two words that best go with the word [ target word ].: 16. hypothesis
hippo
poem
guess
thought
Select the two words most closely associated with “hypothesis” from: hippo, poem, guess, and thought.
**Primary construct:** Verbal-semantic association and vocabulary knowledge.  

**Justification:** The item requires recognizing which options—“guess” and “thought”—are meaningfully associated with “hypothesis,” distinguishing them from unrelated words.
This is a low-demand verbal-association item requiring semantic recall and simple comparison, not multi-step reasoning or synthesis. Selecting **“guess”** and **“thought”** depends on recognizing conceptual links to “hypothesis.” The vague phrase **“go with”** introduces mild ambiguity about the intended relationship; the unrelated distractors (**“hippo,” “poem”**) are not particularly tricky.
This item requires a **moderate level of cognitive ability**, particularly vocabulary knowledge and semantic association. Identifying the best-matching words is generally accessible but requires distinguishing meaningful conceptual links from distractors.","Original Text: Choose two words that best go with the word [ target word ].: 16. hypothesis
hippo
poem
guess
thought
Select the two words most closely associated with “hypothesis” from hippo, poem, guess, and thought.
**Construct:** Receptive vocabulary/semantic word association.

**Justification:** The item measures understanding of “hypothesis” by requiring selection of the two semantically related words, **“guess”** and **“thought,”** while rejecting unrelated distractors.
**Low-to-moderate cognitive demand:** requires vocabulary recall and brief semantic comparison, not synthesis. The best matches are **“guess”** and **“thought.”** Selecting exactly two adds a small decision step; **“hippo”** is a phonological distractor, while **“poem”** is a weaker conceptual distractor. Phrasing is simple, with no conditional logic or emotional content.
This item requires a relatively low to moderate level of the underlying verbal ability, as “guess” and “thought” are straightforward associations with “hypothesis.”",2.0216722795123645,-0.0335241081603435,-0.0707254749263255,-0.0203168035007173,0.9798881921190136,922.0,gilbert_meta_102,0.6111927258861841,0.3780279735301485,0.5214134234213755,0.3224987004575465,0.08525926222224212,0.3875515956173415,0.07034129585932926,0.3197409963156221,1.212764825476324,0.40171099950605277,1.0106197126875198,0.3347533226359632,0.16084897437001577,0.36005316939086673,0.18118569379394994,0.4055759979465287,0.6709278973774399,0.3781872736071357,0.6154990253998318,0.34694323970383567,0.8719292039802741,0.41465751225108166,0.7112691192733762,0.3382534753883395,0.6344524567639083,0.39327908670312095,0.5329903891727636,0.3303856281754566
vocab_q25,Choose two words that best go with the word [ target word ].,26. unique,"Choose two words that best go with the word [ target word ].: 26. unique
different
terrible
careful
characteristic","Original Text: Choose two words that best go with the word [ target word ].: 26. unique
different
terrible
careful
characteristic
Identify two words from the provided list that are most closely associated with the meaning of ""unique.""
This item measures **lexical knowledge**, specifically vocabulary breadth and semantic association. By requiring the selection of synonyms or related terms for the target word ""unique,"" the task evaluates a respondent's ability to recognize nuanced word meanings and identify correct semantic relationships within a language.
This analysis evaluates the cognitive demand and structural complexity of the vocabulary item for the word ""unique.""

**Cognitive Demand:** This item requires **synthesis** and **multi-step reasoning**. The respondent must move beyond simple recall to evaluate the semantic overlap between the target and multiple options, identifying both a direct synonym (""different"") and a more abstract conceptual relationship (""characteristic"").

**Structural/Semantic Elements:**
*   **Multiple-Response Format:** The requirement to select exactly two words increases cognitive load by necessitating a comparative evaluation of all options rather than a single identification.
*   **Semantic Nuance:** The inclusion of ""characteristic"" increases the threshold for success, as it requires recognizing a functional attribute of uniqueness rather than a surface-level synonym.
*   **Elimination Logic:** The presence of unrelated distractors (""terrible,"" ""careful"") forces the respondent to use exclusionary reasoning to validate the less obvious second match.
To correctly identify ""different"" and ""characteristic"" as the words most closely associated with ""unique,"" a respondent requires a **low-to-moderate level of verbal cognitive ability**. This level of the latent trait involves basic synonym recognition and the capacity to understand semantic relationships between distinctiveness and defining qualities.","Original Text: Choose two words that best go with the word [ target word ].: 26. unique
different
terrible
careful
characteristic
To summarize the core task presented in the item: the user must select two words from a list of four options that most closely associate with the target word ""unique.""
To identify the primary construct this item attempts to measure and provide a concise justification:

**Construct:** Vocabulary knowledge (Semantic association)
**Justification:** The task requires the respondent to comprehend the meaning of the target word (""unique"") and identify semantically related terms from the provided options.
Assessing the cognitive demand and structural elements of the vocabulary association item:

This cognitive item requires multi-step reasoning and synthesis. The respondent must recall the definition of ""unique"" and evaluate multiple semantic relationships simultaneously. The cognitive load is primarily increased by the structural requirement to select exactly *two* correct words instead of one. Semantically, while ""different"" is a direct association, ""characteristic"" serves as a complex target requiring the recognition of a more abstract relationship (a defining trait), which raises the threshold for a completely correct response.
Assessing the overall level of the underlying latent trait required for a respondent to successfully answer the item matching ""unique"" with ""different"" and ""characteristic,"" a low to moderate level of verbal cognitive ability and vocabulary knowledge is necessary.","Original Text: Choose two words that best go with the word [ target word ].: 26. unique
different
terrible
careful
characteristic
The core task is a multiple-choice vocabulary assessment requiring the selection of two words from the provided list that are most closely associated with or related in meaning to the target word ""unique.""
The construct this item evaluates is **verbal comprehension and receptive vocabulary knowledge** (specifically semantic association). 

This is justified because the task assesses a test-taker's lexical ability to recognize semantic relationships by requiring them to identify appropriate synonyms or related attributes (""different"" and ""characteristic"") that align with the meaning of the target word (""unique"").
**Cognitive Demand and Complexity Analysis:**

This vocabulary association item requires **multi-step reasoning and nuanced semantic synthesis** rather than straightforward recall. 

**Key Elements Increasing Cognitive Load:**
* **Dual-Selection Constraint:** Requiring two valid associates forces an exhaustive evaluation of all options rather than a quick identification of a single dominant synonym.
* **Semantic Polysemy and Register Variance:** While *different* serves as an accessible, primary-level synonym, identifying *characteristic* requires deeper lexical knowledge to recognize secondary, relational usages (e.g., ""a feature unique to/characteristic of""), elevating the reasoning threshold.
Successfully identifying the correct semantic associations for this item requires a moderate level of underlying verbal cognitive ability, characterized by intermediate vocabulary proficiency and the capacity to discern both direct and nuanced conceptual relationships.","Original Text: Choose two words that best go with the word [ target word ].: 26. unique
different
terrible
careful
characteristic
The task is to pick the two words that best match the target word “unique” from the given options.
Primary construct: **semantic vocabulary knowledge / word association**.

Justification: The item asks the respondent to select words that best fit the target word **“unique,”** which assesses understanding of its meaning and related associations rather than clinical symptoms or attitudes.
This is a low-demand word-association item: it mainly requires simple semantic recall and matching, not multi-step reasoning or synthesis. The threshold is modest because “unique” most directly pairs with “different” and “characteristic,” while “terrible” and “careful” are clear distractors. The main load comes from selecting two best fits among several plausible options, but the wording is straightforward and not emotionally or psychologically severe.
This item requires a moderate level of the underlying verbal-semantic trait: the respondent needs enough vocabulary and word-association skill to identify “unique” and “different” as the best matches, but it does not demand especially high ability or deep knowledge.","Original Text: Choose two words that best go with the word [ target word ].: 26. unique
different
terrible
careful
characteristic
The task is to identify the two choices most closely associated with “unique”; the best matches are “different” and “characteristic.”
This item is primarily measuring **verbal semantic reasoning / vocabulary knowledge**. It asks the respondent to identify which two options are most semantically related to **“unique,”** so performance depends on understanding word meanings and recognizing conceptual similarity (e.g., **different** and **characteristic**).
This asks for the cognitive demand and any wording features that affect difficulty.

Moderate cognitive demand: it mainly requires vocabulary knowledge plus a small comparison step to identify the two closest associates of “unique.” This is more than simple recall because the respondent must evaluate multiple options, but it does not require deep multi-step reasoning or synthesis.

Load-increasing elements:
- Forced selection of exactly two answers increases discrimination demand.
- “Best go with” is somewhat vague, requiring semantic judgment rather than a single factual match.
- The distractors vary in plausibility: “different” is a strong match, while “characteristic” is only moderately related, making the second choice less obvious.
- No conditional logic or emotional wording.
This item appears to require a moderately high level of the underlying latent trait, since correctly identifying “different” and “characteristic” as the two words most closely associated with “unique” depends on fairly strong verbal reasoning and nuanced vocabulary knowledge.","Original Text: Choose two words that best go with the word [ target word ].: 26. unique
different
terrible
careful
characteristic
Choose the two words that best pair with “unique” from the listed options.
**Primary construct:** Verbal ability—specifically vocabulary and semantic association.

**Justification:** The item tests whether the respondent understands that *unique* is semantically related to *different* and *characteristic*, rather than unrelated distractors.
This is a low-to-moderate verbal-semantic item requiring vocabulary recall and comparison, not multi-step reasoning or synthesis. The respondent must identify two words associated with “unique,” most plausibly **different** and **characteristic**. Cognitive load increases because “go with” is vague, exactly two choices are required, and distractors such as **terrible** and **careful** may be syntactically compatible but semantically weaker.
A **moderate level of verbal–semantic ability** is required: the respondent must recognize that *unique* relates most closely to **different** and **characteristic**. This item is not demanding and does not require exceptionally high cognitive ability.","Original Text: Choose two words that best go with the word [ target word ].: 26. unique
different
terrible
careful
characteristic
Select the two words most closely associated with “unique” from: different, terrible, careful, and characteristic.
**Receptive vocabulary/semantic word knowledge** — the item assesses understanding of “unique” by selecting the two most closely related words, “different” and “characteristic.”
Low-to-moderate cognitive demand: requires vocabulary knowledge and comparing four options to identify two semantic associates (“different” and “characteristic”). Minimal multi-step reasoning; no synthesis or emotional endorsement. Load increases slightly because “characteristic” is polysemous and less directly synonymous with “unique,” while “terrible” and “careful” are straightforward distractors.
This item requires a **moderate level of verbal/cognitive ability**, as respondents must recognize that “different” and “characteristic” are most closely associated with “unique.”",2.610504736547918,-0.1647878166568993,-0.3308596146124786,-0.3084376384697932,0.7345937611618232,817.0,gilbert_meta_102,-0.27757337230515433,0.39580155719465576,-0.23680007332285904,0.3376614874353201,0.9990063583331388,0.40394045407207463,0.8242084201208386,0.3332622667478721,1.570388379400352,0.4231181250902804,1.3086341386707598,0.35259228255047154,-0.6651853498091025,0.38523230218408216,-0.7492871470195729,0.43393861985404625,0.7385359382625548,0.37345749822091745,0.677521611487902,0.34260421586542206,0.7611840122848984,0.40740606830240667,0.6209296345980664,0.3323381692748502,1.2930316562669741,0.42430704244309997,1.086249156007118,0.356451572169808
vocab_q14,Choose two words that best go with the word [ target word ].,15. fossil,"Choose two words that best go with the word [ target word ].: 15. fossil
bone
folks
footprint
utensil","Original Text: Choose two words that best go with the word [ target word ].: 15. fossil
bone
folks
footprint
utensil
Identify the two terms most closely associated with the target word ""fossil"" from the provided list.
This analysis identifies the primary knowledge domain and cognitive skill measured by the word association task for ""fossil.""

**Knowledge Domain: Paleontology / Semantic Vocabulary**

**Justification:** The item assesses the respondent's ability to recognize correct categorical associations and definitions within the field of natural history by requiring the selection of terms (""bone"" and ""footprint"") that represent physical evidence of prehistoric life.
This analysis evaluates the cognitive demand and structural complexity of associating terms with the word ""fossil.""

**Demand:** This cognitive item requires **recall** of semantic definitions and **synthesis** to identify multiple valid categorical associations (biological remains versus trace evidence).

**Structural/Semantic Elements:**
*   **Multi-select constraint:** The requirement to identify two correct words increases cognitive load and the probability of partial error compared to single-choice formats.
*   **Phonetic/Orthographic distractors:** ""Folks"" and ""utensil"" serve as lures by mimicking the initial consonant cluster or the ""il/el"" suffix sound of ""fossil,"" targeting surface-level processing errors.
*   **Categorical breadth:** The inclusion of ""footprint"" alongside ""bone"" requires the test-taker to move beyond the most common association (skeletal remains) to a broader scientific definition of fossilization.
The level of the underlying latent trait, specifically general cognitive ability and vocabulary knowledge, required to correctly associate ""fossil"" with ""bone"" and ""footprint"" is low to moderate. This item necessitates basic semantic recognition and familiarity with common scientific concepts typically introduced in primary education.","Original Text: Choose two words that best go with the word [ target word ].: 15. fossil
bone
folks
footprint
utensil
The core task requires selecting two words from a provided list of four options that are most closely associated with the target word ""fossil.""
In identifying the primary construct or skill the provided word association item attempts to measure and justifying this classification:

**Construct:** Semantic knowledge (Vocabulary/Word Association)
**Justification:** The task requires the respondent to comprehend the meaning of the target word (""fossil"") and recognize its conceptual relationships to the correct associated words (""bone"" and ""footprint"") while rejecting unrelated distractors.
In evaluating the cognitive demand and structural elements that influence the difficulty of this word association task, this cognitive item requires vocabulary recall and multi-step reasoning to identify semantic relationships. The primary structural element increasing cognitive load is the requirement to ""choose two words,"" forcing the test-taker to evaluate all options and hold multiple correct answers in working memory rather than stopping at a single match. The distractors (""folks,"" ""utensil"") lack semantic overlap with the target, keeping the overall threshold for correct endorsement low.
Regarding the overall magnitude of the underlying latent trait needed to correctly answer this item, a low to moderate level of cognitive ability and verbal comprehension is required, given the common vocabulary and straightforward semantic associations involved.","Original Text: Choose two words that best go with the word [ target word ].: 15. fossil
bone
folks
footprint
utensil
The task requires identifying and selecting the two options from a provided four-word list that share the strongest semantic association with the target term ""fossil.""
This item is designed to measure **semantic association and crystallized verbal knowledge**. It assesses an individual's lexical-conceptual categorization skills and vocabulary depth by requiring them to identify semantically related exemplars (such as body and trace remnants like ""bone"" and ""footprint"") connected to the central concept ""fossil.""
**Item Demand and Complexity Analysis:**

This vocabulary association item requires low-to-moderate cognitive demand centered on **semantic recall and conceptual categorization** rather than multi-step reasoning or synthesis. 

**Elements Influencing Cognitive Load:**
* **Dual-Selection Format:** Requiring test-takers to identify two correct associates (""bone"" and ""footprint"") increases working memory load compared to single-response formats.
* **Semantic Breadth/Distractor Nuance:** Successfully pairing ""footprint"" with ""fossil"" requires knowledge of trace fossils, challenging individuals with a narrow schema restricted only to skeletal remains (""bone""). 
* **Low Syntactic Complexity:** The prompt uses direct, minimal phrasing without conditional logic, and distractors (""folks,"" ""utensil"") provide clear orthographic and category contrasts with low interference.
The level of the underlying latent trait—crystallized verbal ability and basic semantic reasoning—required to successfully identify the correct associations (""bone"" and ""footprint"") for the target word ""fossil"" is **low to moderate**, as it relies on foundational vocabulary and common conceptual knowledge rather than advanced or highly specialized cognitive skills.","Original Text: Choose two words that best go with the word [ target word ].: 15. fossil
bone
folks
footprint
utensil
The task is to pick the two words most closely associated with “fossil” from the options given.
Primary construct: semantic association / vocabulary knowledge.  
Justification: It measures which two options are most strongly related in meaning to “fossil” (e.g., bone, footprint), rather than a clinical symptom or attitude.
This is a low-demand word-association item requiring simple recall and semantic matching, not multi-step reasoning or deep synthesis. The main load comes from selecting two related words among plausible distractors: “bone” and “footprint” fit fossil, while “folks” and “utensil” are distractors. The phrasing is straightforward, with no conditional logic or emotionally loaded language.
This item requires a moderate level of the underlying verbal-semantic trait: the respondent needs enough vocabulary and associative knowledge to recognize that “fossil” most strongly pairs with “bone” and “footprint,” rather than the distractors.","Original Text: Choose two words that best go with the word [ target word ].: 15. fossil
bone
folks
footprint
utensil
The task is to pick the two words most closely associated with “fossil” from the options: bone, folks, footprint, and utensil.
This item is primarily measuring **verbal semantic association / vocabulary knowledge**. It asks the respondent to identify which options are most meaningfully related to **“fossil”** (most likely **bone** and **footprint**), so it assesses understanding of word meanings and conceptual relationships rather than attitude, symptom, or belief.
Core ask: assess the cognitive demand of choosing the two words most associated with “fossil” and note any features that raise difficulty.

This is a low-to-moderate cognitive-demand item. It primarily requires semantic recall/association, not deep synthesis. The task involves a small amount of comparison and elimination across four options to identify the two best fits, so it uses light multi-step reasoning.

Load-increasing features:
- Forced selection of exactly two answers increases discrimination demand.
- “Best go with” is somewhat vague, requiring judgment of degree of relatedness rather than a single clear rule.
- Presence of plausible distractors with partial surface similarity, especially “footprint,” can compete with the strongest associate.
- No complex syntax, conditional logic, or emotional wording.
This item appears to require a moderately high level of the underlying trait, since correctly selecting “bone” and “footprint” as the two words most associated with “fossil” depends on fairly strong verbal/conceptual knowledge rather than only very basic association.","Original Text: Choose two words that best go with the word [ target word ].: 15. fossil
bone
folks
footprint
utensil
Select the two words most closely associated with “fossil” from the listed options.
**Primary construct:** Verbal-semantic association and vocabulary reasoning.  
**Justification:** The respondent must identify words meaningfully related to “fossil”—most plausibly **bone** and **footprint**—while rejecting unrelated distractors.
This is a low-to-moderate cognitive-demand verbal-association item. It requires single-step semantic reasoning and vocabulary knowledge to select **bone** and **footprint** as the two strongest associations with “fossil.” The requirement to choose exactly two options introduces mild selection difficulty; **folks** and **utensil** are relatively straightforward distractors. It involves no multi-step reasoning, synthesis, emotional wording, or deep introspection.
This item requires a **low-to-moderate level of verbal and semantic ability**: the respondent must recognize common associations with “fossil,” most plausibly **bone** and **footprint**.","Original Text: Choose two words that best go with the word [ target word ].: 15. fossil
bone
folks
footprint
utensil
Choose the two words most closely associated with “fossil” from bone, folks, footprint, and utensil.
**Vocabulary/semantic association:** The item measures understanding of the word **“fossil”** by selecting the two most closely related words, **bone** and **footprint**.
This is a low-to-moderate cognitive-demand verbal association item requiring recall and comparison, not multi-step reasoning or synthesis. The respondent must select **bone** and **footprint** as associations with “fossil.” Cognitive load comes from choosing two answers and resisting phonologically similar distractors (**folks**, **utensil**); phrasing and logic are otherwise simple.
This item requires a relatively low to moderate level of the underlying verbal/cognitive ability, since “bone” and “footprint” are common, readily recognized associations with “fossil.”",1.665444490693588,-0.7423166650989765,-1.141476178622583,-1.2077632419048954,0.2988650211185066,528.0,gilbert_meta_102,-1.7001066471885569,0.45439185604559174,-1.4503746356056888,0.38764534196967027,-0.9767181740571298,0.4158978620337908,-0.8058200395101864,0.3431274655453156,-0.33437661014313635,0.37812856706181946,-0.2786423110016893,0.31510163864858887,0.0006759199370903191,0.35174192881291017,0.0007613789471181293,0.3962139370673503,0.6947759701365277,0.3720237132734037,0.6373768838079541,0.34128888341125346,-0.1145203921959731,0.3805611613489497,-0.09341907361771788,0.3104396559109223,-0.7065532497515071,0.4040371328429129,-0.5935607743993204,0.33942324027334775
vocab_q6,Choose two words that best go with the word [ target word ].,7. diagnosis,"Choose two words that best go with the word [ target word ].: 7. diagnosis
treatment
symptom
exercise
toothbrush","Original Text: Choose two words that best go with the word [ target word ].: 7. diagnosis
treatment
symptom
exercise
toothbrush
Select two words semantically related to the target term ""diagnosis"" from the provided list of options.
This item evaluates the respondent's ability to identify semantic relationships associated with medical terminology.

**Primary Knowledge Domain:** Health Literacy

**Justification:** The task requires the respondent to recognize the conceptual links between ""diagnosis"" and its clinical correlates, ""treatment"" and ""symptom,"" while successfully rejecting unrelated distractors.
This analysis evaluates the cognitive demand and structural complexity of the vocabulary item for the word ""diagnosis.""

**Cognitive Demand**
This item requires **synthesis** and **relational reasoning**. Rather than simple recall of a definition, the respondent must identify functional and temporal relationships within the medical process—recognizing that a diagnosis is preceded by a ""symptom"" and followed by ""treatment.""

**Structural and Semantic Elements**
*   **Multi-select Format:** Requiring exactly two correct associations increases cognitive load by forcing the respondent to evaluate all options against each other rather than stopping at the first plausible match.
*   **Semantic Clustering:** The use of domain-specific terminology (healthcare) creates a thematic set, requiring the respondent to apply categorical logic to exclude unrelated distractors (""exercise,"" ""toothbrush"").
*   **Conditional Logic:** The item relies on an ""if-then"" understanding of medical workflow (if a diagnosis occurs, then these related concepts apply), which elevates the threshold for correct endorsement.
The level of the underlying latent trait—specifically verbal ability and general health literacy—required for this item is low to moderate, as it necessitates recognizing foundational semantic associations between common medical terms.","Original Text: Choose two words that best go with the word [ target word ].: 7. diagnosis
treatment
symptom
exercise
toothbrush
The core request is to summarize the provided item text. The item presents a word association task requiring the selection of two words from a provided list (treatment, symptom, exercise, toothbrush) that are most closely related to the target word ""diagnosis.""
The objective is to determine the primary construct or domain assessed by the provided word association item and briefly justify this classification.

**Primary Construct:** Semantic memory and verbal comprehension. 

**Justification:** The task requires the individual to understand the meaning of the target word (""diagnosis"") and identify its strongest semantic relationships (""treatment,"" ""symptom"") among unrelated distractors, thereby assessing lexical knowledge and semantic network organization.
Assessing the cognitive requirements and structural difficulty of selecting two related words for the target word ""diagnosis.""

This cognitive item requires multi-step reasoning and synthesis to evaluate the semantic proximity of each option to the target word. The structural requirement to ""choose two words"" increases cognitive load by forcing the test-taker to hold multiple relationships in working memory rather than stopping after identifying a single match. Semantically, the threshold for endorsement is relatively low: ""treatment"" and ""symptom"" share a strong, specific medical context with the target, while ""exercise"" acts as a weak health-adjacent distractor and ""toothbrush"" is entirely unrelated.
Regarding the degree of the underlying latent trait—specifically cognitive ability and verbal reasoning—necessary to successfully answer this item, a low level is required. The vocabulary is common, and the semantic associations between ""diagnosis,"" ""treatment,"" and ""symptom"" are highly familiar and straightforward.","Original Text: Choose two words that best go with the word [ target word ].: 7. diagnosis
treatment
symptom
exercise
toothbrush
The item requires selecting the two words from a provided four-option list (treatment, symptom, exercise, toothbrush) that are most semantically or conceptually related to the target word ""diagnosis.""
The primary cognitive skill and domain evaluated by this item is **semantic association** (a component of **semantic memory and receptive vocabulary**). 

**Justification:** The task requires recognizing thematic and conceptual relationships by correctly linking the target concept (""diagnosis"") to its closely related contextual counterparts (""symptom"" and ""treatment"") while differentiating them from unrelated categorical distractors (""exercise"" and ""toothbrush"").
This analysis evaluates the cognitive demand and structural features of the provided vocabulary association item:

* **Cognitive Demand:** The item requires basic semantic recall and categorical recognition rather than multi-step reasoning or synthesis. The respondent must activate a clinical/medical schema to associate ""diagnosis"" with its direct functional counterparts (""treatment"" and ""symptom"").
* **Structural and Semantic Elements:**
  * **Dual-Selection Format:** Requiring two correct options slightly increases working memory load compared to a standard single-choice task.
  * **Distractor Plausibility:** ""Exercise"" serves as a weak, health-adjacent distractor that requires basic semantic boundary discrimination, while ""toothbrush"" is a distant distractor that presents negligible interference.
  * **Low Phrasing Complexity:** The prompt utilizes direct, simple syntax with no conditional logic, keeping construct-irrelevant cognitive load minimal.
To successfully identify the correct semantic associations for the word ""diagnosis,"" a respondent requires a **low-to-moderate level of verbal ability and basic general knowledge**. The item relies on common, everyday healthcare terminology (""symptom"" and ""treatment"") with obvious distractors, demanding only foundational semantic reasoning and standard vocabulary proficiency rather than advanced cognitive aptitude or specialized medical literacy.","Original Text: Choose two words that best go with the word [ target word ].: 7. diagnosis
treatment
symptom
exercise
toothbrush
The task is to pick the two words most closely associated with “diagnosis” from the given options.
This item is measuring **medical/health vocabulary knowledge**, specifically the ability to associate the target word **“diagnosis”** with related clinical terms. The best matches are **“treatment”** and **“symptom,”** which are conceptually linked to diagnosis in a healthcare context.
This is a low-severity cognitive association item: it mainly requires simple word recall and semantic matching, not multi-step reasoning or deep synthesis. The task is straightforward, but the “choose two words” instruction adds a small selection constraint, and the target word “diagnosis” creates a modest semantic cluster with “treatment” and “symptom,” while “exercise” and “toothbrush” act as clear distractors.
This item requires a moderate-to-high level of the underlying trait: the respondent needs enough semantic knowledge and verbal reasoning to identify the two most strongly associated words, with the strongest fit being diagnosis and treatment.","Original Text: Choose two words that best go with the word [ target word ].: 7. diagnosis
treatment
symptom
exercise
toothbrush
The task is to pick the two options most closely associated with the target word “diagnosis.”
This item is primarily measuring **verbal semantic knowledge / vocabulary (lexical-semantic association)**. The task requires identifying which two options are most meaningfully related to **diagnosis**, which assesses understanding of word meanings and conceptual relationships; here, **treatment** and **symptom** are the closest semantic associates.
Core ask: assess the cognitive demand of choosing the two words most associated with “diagnosis” and note any features that raise difficulty.

This is a low-to-moderate cognitive-demand verbal association item. It mainly requires semantic knowledge/recall plus a small amount of comparison, not deep multi-step reasoning or synthesis. The likely pair is “treatment” and “symptom,” so the task is to identify the two strongest conceptual associates among plausible and implausible options.

Load-increasing elements:
- Forced selection of exactly two answers adds comparison/elimination.
- “Best go with” is somewhat vague, requiring judgment about strength of association rather than a single factual match.
- Presence of one semantically related distractor domain (“exercise” could relate to health) slightly increases difficulty.
- No complex phrasing, conditional logic, or emotional wording.
This item appears to require a relatively high level of the underlying latent trait, since correctly selecting “treatment” and “symptom” for “diagnosis” depends on fairly strong verbal/conceptual knowledge and precise semantic discrimination.","Original Text: Choose two words that best go with the word [ target word ].: 7. diagnosis
treatment
symptom
exercise
toothbrush
Choose the two words that best pair with “diagnosis” from the listed options.
**Primary construct:** Medical vocabulary and lexical-semantic association.

**Justification:** Selecting **treatment** and **symptom** shows recognition of words commonly and meaningfully associated with **diagnosis**, distinguishing them from unrelated options.
This is a low-demand verbal-association item requiring semantic recall and selecting two related words. The best choices are **treatment** and **symptom**. Distractors (**exercise**, **toothbrush**) are weakly or contextually unrelated; no complex phrasing, conditional logic, or emotional content increases difficulty.
This item requires a **low level of underlying cognitive ability**: recognizing common semantic associations, with **“treatment” and “symptom”** being the best choices for “diagnosis.”","Original Text: Choose two words that best go with the word [ target word ].: 7. diagnosis
treatment
symptom
exercise
toothbrush
Choose the two words most closely associated with “diagnosis” from: treatment, symptom, exercise, and toothbrush.
**Domain: Verbal semantic association (vocabulary knowledge).** The item measures recognition of words most closely related in meaning or context to “diagnosis”; **treatment** and **symptom** are the best semantic associates.
Low-demand verbal association item requiring basic semantic recall/categorization, not multi-step reasoning or synthesis. The respondent must select two related words (“treatment,” “symptom”) from concrete distractors. Cognitive load is slightly increased by choosing exactly two and the somewhat subjective phrase “best go with,” but there is no complex logic or emotional wording.
This item requires a **low level of the underlying verbal/cognitive ability**, because “treatment” and “symptom” are clearly associated with “diagnosis,” while the distractors are obviously unrelated.",1.766640676101035,-0.436146790249736,-0.6970909626020851,-0.7168945605191501,0.4882661851240579,683.0,gilbert_meta_102,-0.6102225112775247,0.3679932130526459,-0.520585725546174,0.31393796569716176,-1.6326948158829837,0.4465336103552386,-1.34701926921035,0.36840282191579016,-0.8818252404910149,0.39793851854819934,-0.7348415393195543,0.331609643382034,1.0590377461369063,0.39441409952560647,1.1929357307954687,0.44428130514697556,1.1102003382721886,0.4038766324183347,1.0184808663883602,0.3705102658675196,-2.3454708777014814,0.508866015608979,-1.913298691967917,0.4151032917559428,-1.2896200138071698,0.43013399714543304,-1.0833831057255188,0.3613466763204477
vocab_q16,Choose two words that best go with the word [ target word ].,17. brutal,"Choose two words that best go with the word [ target word ].: 17. brutal
cruel
harsh
friendly
brave","Original Text: Choose two words that best go with the word [ target word ].: 17. brutal
cruel
harsh
friendly
brave
Identify two synonyms for the word ""brutal"" from the provided list of options.
This item measures **lexical knowledge**, specifically the skill of **synonym recognition**. The task requires the respondent to identify semantically related terms (""cruel"" and ""harsh"") that correspond to the target word ""brutal"" while distinguishing them from unrelated or antonymous descriptors.
This analysis evaluates the cognitive demand and structural complexity of the vocabulary item for the word ""brutal.""

**Cognitive Demand**
This item requires **recall** of semantic definitions and **synthesis** to identify multiple synonyms that align with the target word's connotation.

**Structural and Semantic Elements**
*   **Multi-select Requirement:** The instruction to ""choose two"" increases cognitive load by requiring the examinee to evaluate the relationship of all options simultaneously rather than stopping at the first correct match.
*   **Semantic Overlap:** The proximity of ""cruel"" and ""harsh"" requires the respondent to recognize nuanced synonyms within the same semantic field.
*   **Valence Contrast:** The use of positive distractors (""friendly,"" ""brave"") against a negative target word tests the ability to maintain focus on emotional tone and word polarity.
To determine the level of the underlying latent trait required to correctly associate ""brutal"" with ""cruel"" and ""harsh,"" this item necessitates a low-to-moderate level of verbal ability and vocabulary knowledge. The respondent must possess sufficient lexical depth to recognize direct synonyms while successfully identifying and rejecting distractors with positive valences, representing a foundational to intermediate proficiency in English.","Original Text: Choose two words that best go with the word [ target word ].: 17. brutal
cruel
harsh
friendly
brave
The objective of this request is to provide a summary of the presented item's primary function; the core task of the item is to select two words from a provided list of four options (cruel, harsh, friendly, brave) that are most closely associated in meaning with the target word ""brutal.""
To identify the primary domain or construct measured by the provided text and justify this classification:

**Primary Skill/Domain:** Vocabulary knowledge (Semantic reasoning). 

**Justification:** The item requires the respondent to identify synonyms (""cruel,"" ""harsh"") for a target word (""brutal""), directly testing lexical comprehension and the ability to recognize semantic relationships between words.
In assessing the cognitive demand and identifying structural or semantic elements that increase the difficulty of this item: 

This is a cognitive ability task requiring vocabulary recall and basic comparative reasoning. The primary structural element increasing cognitive load is the instruction to select exactly *two* correct answers (""cruel"" and ""harsh""), which prevents the user from stopping after finding a single match and requires evaluating the entire option pool. The semantic threshold remains relatively low, as the distractors (""friendly,"" ""brave"") are straightforward antonyms or unrelated concepts lacking complex phrasing, tricky nuances, or conditional logic.
Regarding the overall level of the underlying latent trait required for a respondent to successfully answer this item, a low to moderate level of verbal cognitive ability and vocabulary comprehension is necessary, as the target word and its correct associations are common, high-frequency terms with clearly distinct distractors.","Original Text: Choose two words that best go with the word [ target word ].: 17. brutal
cruel
harsh
friendly
brave
The item presents a vocabulary association task requiring the selection of two words from a provided list that are most closely related in meaning to the target word ""brutal.""
**Measured Construct:** Semantic vocabulary knowledge (specifically synonym recognition and lexical association).

**Justification:** This item evaluates an individual's verbal comprehension and semantic mapping skills by requiring them to identify words (""cruel"" and ""harsh"") that share direct definitional and connotative equivalence with the target term (""brutal""), while rejecting antonymous (""friendly"") or conceptually distinct (""brave"") distractors.
**Cognitive Demand Analysis:**
This vocabulary association item operates at the level of **lexical recall and direct semantic mapping**, rather than complex multi-step reasoning or synthesis. 

**Structural and Semantic Load Elements:**
* **Multi-Selection Requirement:** The directive to choose two words introduces a minor increase in working memory load compared to standard single-response formats, as the test-taker must verify two distinct matches (""cruel"" and ""harsh"").
* **Low Distractor Interference:** The distractors (""friendly,"" ""brave"") rely on clear positive valences that contrast sharply with the target word (""brutal""), minimizing semantic nuance and eliminating the need for fine-grained elimination. 
* **Direct Phrasing:** The absence of conditional logic, abstract contexts, or near-synonym distractors keeps the overall cognitive threshold relatively low.
Successfully identifying the correct semantic associations for ""brutal"" requires a low-to-moderate level of the underlying latent trait of verbal comprehension and vocabulary ability, as the target term and its corresponding synonyms (""cruel"" and ""harsh"") are common, high-frequency words with direct semantic overlap and easily distinguishable distractors.","Original Text: Choose two words that best go with the word [ target word ].: 17. brutal
cruel
harsh
friendly
brave
The task is to select the two words that best match the meaning of “brutal” from the given options.
Primary construct: semantic vocabulary knowledge of word meaning and synonym recognition.

Justification: The item asks the respondent to select the two words most closely associated in meaning with the target word, which measures understanding of lexical semantics rather than attitude or clinical symptoms.
This is a low-to-moderate demand vocabulary association item: it mainly requires recall and simple semantic matching, not multi-step reasoning or synthesis. The endorsement threshold is low because “brutal” most strongly aligns with “cruel” and “harsh,” while “friendly” and “brave” are clear distractors. Structural load is modest, with only a brief instruction and a forced-choice selection of two best matches.
This item requires a moderate-to-high level of the underlying verbal-semantic trait: the respondent must understand the target word’s meaning well enough to identify the two closest synonyms or best-fitting descriptors.","Original Text: Choose two words that best go with the word [ target word ].: 17. brutal
cruel
harsh
friendly
brave
The task is to select the two words most closely associated with “brutal” from the options provided.
This item is measuring verbal semantic knowledge, specifically synonym recognition for the target word “brutal.” The correct pair, “cruel” and “harsh,” assesses understanding of word meaning and lexical relationships rather than attitude, symptom, or psychological construct.
Core ask: assess the cognitive demand of choosing the two best associates for “brutal” and note any wording features that affect difficulty.

This is a low-to-moderate cognitive-demand item. It mainly requires vocabulary knowledge/semantic recall, with a small amount of comparison to identify the two closest synonyms (“cruel” and “harsh”). It does not require multi-step reasoning or synthesis.

Load-increasing elements:
- Forced selection of exactly two answers, which requires discrimination between close semantic matches.
- Presence of distractors (“friendly,” “brave”) that are clearly mismatched, so trickiness is limited.
- Slight ambiguity in “best go with,” which asks for strongest semantic fit rather than a single synonym.

No psychological endorsement threshold is involved.
This item appears to require a relatively low-to-moderate level of the underlying latent trait, since identifying “cruel” and “harsh” as the two words that best match “brutal” depends on recognizing straightforward semantic similarity rather than making a highly difficult distinction.","Original Text: Choose two words that best go with the word [ target word ].: 17. brutal
cruel
harsh
friendly
brave
Select the two words most closely associated with “brutal” from the given options.
**Primary construct:** Vocabulary knowledge, specifically synonym recognition.  
**Justification:** The item asks the respondent to identify the two words synonymous or closely related to “brutal”: **cruel** and **harsh**.
This is a low-to-moderate verbal-semantic item requiring recognition and discrimination, not multi-step reasoning or synthesis. The respondent must identify two words associated with “brutal,” likely “cruel” and “harsh.” The vague phrase “best go with” and the overlap among three plausible synonyms increase ambiguity; “friendly” and “brave” are relatively clear distractors.
This item requires a relatively low level of verbal–semantic ability: recognizing that **“cruel”** and **“harsh”** are synonyms or close associates of **“brutal,”** while rejecting unrelated distractors.","Original Text: Choose two words that best go with the word [ target word ].: 17. brutal
cruel
harsh
friendly
brave
Select the two words most closely related in meaning to “brutal” from the given options.
**Vocabulary knowledge (word association/synonym recognition):** The item assesses understanding of *brutal* by requiring selection of its closest semantic associates, **cruel** and **harsh**.
This is a low-demand vocabulary association item requiring recall of synonyms. The respondent must select two answers—“cruel” and “harsh”—while rejecting plausible but semantically unrelated distractors. Cognitive load is modest, increased slightly by the two-response requirement; there is no conditional logic, deep introspection, or endorsement threshold.
This item requires a relatively low level of verbal ability, as “cruel” and “harsh” are common, direct associations with “brutal.”",2.780682220522128,-0.2784334669458607,-0.558575484628368,-0.5619704348384229,0.5700846417734075,733.0,gilbert_meta_102,-0.1177533559515006,0.3936170962399375,-0.10045633373172902,0.3357979062497317,-0.6224753115593848,0.3927392020526115,-0.5135596874084167,0.3240209179282899,-1.1317257603252493,0.42148470933628757,-0.9430883372559498,0.35123112651648847,1.2686879734986272,0.3891705246331172,1.4290927970582035,0.4383747660560225,-1.6813224587855682,0.4740852928381363,-1.5424195935367337,0.4349186206727534,-1.0181414073332058,0.4318749136411833,-0.8305405287308489,0.35229842980322895,-2.1452008977237185,0.48776156192350956,-1.8021389138650572,0.40975840181806883
vocab_q10,Choose two words that best go with the word [ target word ].,11. sensory,"Choose two words that best go with the word [ target word ].: 11. sensory
interact
detect
sleep
visual","Original Text: Choose two words that best go with the word [ target word ].: 11. sensory
interact
detect
sleep
visual
Identify two terms from the provided options that demonstrate the strongest semantic association with the target word ""sensory.""
This analysis identifies the primary construct measured by the word association task for the term ""sensory.""

**Construct:** Semantic knowledge.

**Justification:** The item evaluates the respondent's ability to recognize linguistic and conceptual relationships by requiring them to link the target word with its functional process (""detect"") and a specific modality (""visual"").
This analysis evaluates the cognitive demand and structural complexity of the vocabulary association item for the word ""sensory.""

**Cognitive Demand:**
This item requires **synthesis** and **multi-step reasoning**. The respondent must map the abstract concept of ""sensory"" onto both a functional process (**detect**) and a specific categorical modality (**visual**), requiring a higher level of semantic integration than simple recall.

**Structural/Semantic Elements:**
*   **Multi-select constraint:** The requirement to identify exactly two words increases cognitive load by forcing the respondent to evaluate the relative strength of all four options simultaneously.
*   **Functional vs. Categorical mapping:** The correct answers represent different semantic relationships—one being a verb of action and the other an adjective of classification—which requires shifting cognitive frameworks.
*   **Broad distractors:** ""Interact"" serves as a plausible distractor because sensory input is a prerequisite for interaction, requiring the respondent to distinguish between a core component and a secondary consequence.
To successfully identify the semantic associations for the item ""sensory,"" a respondent requires a moderate level of verbal cognitive ability. This involves specific vocabulary knowledge and the semantic reasoning necessary to link the target word with its functional application (detect) and a primary sensory modality (visual).","Original Text: Choose two words that best go with the word [ target word ].: 11. sensory
interact
detect
sleep
visual
The core task requires selecting two words from a provided list of four options (interact, detect, sleep, visual) that are most closely associated with the target word ""sensory.""
To identify the primary skill or psychological construct this item attempts to measure and provide a concise justification:

**Primary Skill/Construct:** Semantic knowledge (Vocabulary comprehension)

**Justification:** The task requires the individual to understand the definition of the target word (""sensory"") and identify its lexical associations (e.g., ""detect,"" ""visual"") by accessing their mental lexicon and shared semantic networks.
Assessing the cognitive requirements and structural difficulty of identifying two words semantically associated with the target word ""sensory"" from a provided list.

This cognitive item requires vocabulary recall, multi-step reasoning, and semantic synthesis to evaluate and compare the strength of association between the target and each option. 

Structural and semantic elements increasing cognitive load include:
*   **Multiple selections:** The requirement to ""choose two words"" forces the test-taker to hold multiple evaluations in working memory and prevents premature closure after finding a single match.
*   **Ambiguous phrasing:** The instruction ""best go with"" demands broad semantic synthesis rather than strict synonym recognition.
*   **Tricky distractors:** Options like ""detect"" and ""visual"" are strongly tied to the target, but ""interact"" shares a plausible functional association, requiring fine-grained discrimination to isolate the most accurate pair.
To determine the magnitude of the underlying latent trait needed to correctly answer this item, a moderate level of cognitive ability and verbal reasoning is required to successfully identify the correct semantic associations for the target word.","Original Text: Choose two words that best go with the word [ target word ].: 11. sensory
interact
detect
sleep
visual
The core objective of this item is to identify and select the two words from the provided options (interact, detect, sleep, visual) that have the strongest semantic association with the target word ""sensory.""
**Construct Measured:** Semantic association and verbal comprehension (Lexical knowledge).

**Justification:** This assessment task evaluates an individual's lexical-semantic network by requiring the identification of conceptually and functionally related terms (""detect"" and ""visual"") that directly link to the core meaning of the target concept (""sensory"").
**Cognitive Demand Analysis:**
This cognitive ability item operates at a low-to-moderate demand level, primarily requiring semantic recall, category recognition, and associative reasoning to link the target adjective (""sensory"") with a specific sensory modality (""visual"") and a sensory function (""detect""). It does not require complex multi-step reasoning or synthesis.

**Load-Increasing Structural and Semantic Elements:**
*   **Dual-Response Constraint:** Mandating the selection of two correct targets elevates working memory load compared to standard single-choice items.
*   **Asymmetric Relational Frameworks:** The correct associations operate on different semantic dimensions (""visual"" is a categorical subtype/modality, while ""detect"" is a functional mechanism), requiring the test-taker to evaluate multiple types of relationships simultaneously.
*   **Abstract Distractor Plausibility:** The distractor ""interact"" introduces slight interference due to its broad, adjacent relevance to sensory processing and environmental engagement.
Successfully identifying the correct semantic associations for the word ""sensory"" requires an **average to moderately low level of verbal cognitive ability and vocabulary comprehension**, as recognizing the direct conceptual links to ""detect"" and ""visual"" relies on standard lexical knowledge rather than advanced or complex abstract reasoning.","Original Text: Choose two words that best go with the word [ target word ].: 11. sensory
interact
detect
sleep
visual
The task is to pick the two words that best associate with the target word “sensory” from the given options.
Primary construct: semantic vocabulary knowledge, specifically word association/lexical meaning.

Justification: The item asks the respondent to select words that best relate to “sensory,” which measures understanding of the target word’s meaning and its closest semantic associates.
This is a low-to-moderate demand vocabulary association item: it mainly requires word meaning recall and simple semantic matching, not multi-step reasoning or synthesis. The threshold for endorsement is modest, since “best go with” asks for the closest collocations rather than a deep judgment. Structural load is slightly increased by the instruction to choose two words and by the placeholder target word, but there are no tricky distractors, conditional logic, or emotionally loaded terms.
This item requires a moderate level of the underlying verbal-semantic ability: the respondent must recognize the target word’s meaning and select the two most closely related associates.","Original Text: Choose two words that best go with the word [ target word ].: 11. sensory
interact
detect
sleep
visual
The task is to pick the two words most closely associated with “sensory”: detect and visual.
This item is primarily measuring **verbal semantic association / vocabulary knowledge**. It asks the respondent to identify words most closely related in meaning or conceptual category to **“sensory”**—likely **“detect”** and **“visual”**—which reflects understanding of word meanings and semantic relationships.
Core ask: assess the cognitive demand of choosing the two words most associated with “sensory” and note features that raise difficulty.

This is a low-to-moderate cognitive-demand item. It mainly requires semantic recall/association, with a small amount of comparison across options to identify the two best matches (“detect” and “visual”). It does not require deep multi-step reasoning or synthesis.

Load-increasing elements:
- Forced selection of exactly two answers increases discrimination demand.
- “Best go with” is somewhat vague, requiring judgment of degree of relatedness rather than a single factual match.
- Presence of a plausible but weaker distractor (“sleep”) raises ambiguity slightly.
- No complex phrasing, conditional logic, or emotional wording.
This item appears to require a relatively high level of the underlying trait, since correctly selecting the best associates for “sensory” depends on recognizing strong semantic links like “detect” and “visual” while rejecting weaker distractors.","Original Text: Choose two words that best go with the word [ target word ].: 11. sensory
interact
detect
sleep
visual
Select the two words that best relate to “sensory” from: interact, detect, sleep, and visual.
This item measures **verbal-semantic reasoning and vocabulary**—specifically, the ability to identify words that form meaningful associations with “sensory,” likely **detect** and **visual**.
This is a low-demand verbal-association item requiring semantic recall and comparison, not multi-step reasoning or synthesis. The likely associations are **visual** and **detect** (via “sensory detection”), though phrasing ambiguity may increase difficulty because “sensory” pairs more naturally with “visual” than with the verb “detect.” “Interact” and “sleep” function as weaker distractors; no conditional logic or emotional content is present.
The item requires a **moderate level of verbal-semantic reasoning**: enough ability to recognize common conceptual or collocational links and select the two most appropriate words, but not advanced cognitive ability.","Original Text: Choose two words that best go with the word [ target word ].: 11. sensory
interact
detect
sleep
visual
Choose the two words most closely associated with “sensory” from: interact, detect, sleep, and visual.
**Semantic vocabulary knowledge (word associations):** The item measures understanding of the target word *sensory* by requiring selection of the most closely related words, *detect* and *visual*.
Moderate cognitive demand: requires semantic knowledge and comparison to select **detect** and **visual** as most related to **sensory**. The “choose two” format adds discrimination; **interact** and **sleep** are plausible but weaker distractors. Phrasing is simple, with no conditional logic or emotional content.
This item requires a relatively low-to-moderate level of verbal/cognitive ability, as “detect” and “visual” are fairly direct associations with “sensory.”",0.5756949852160518,0.873132565400906,0.5752489439993876,0.6961948295315852,2.006104595550416,1175.0,gilbert_meta_102,1.4702668229722673,0.40718669947944924,1.2542964355429813,0.34737424376147946,1.5134451833097227,0.4293642628727828,1.2486349591973576,0.3542376260239121,0.6397292246043413,0.3738489512120854,0.5330983811420502,0.311535354361961,0.1729495720186583,0.34392324158965143,0.19481621390685552,0.3874067048505927,-0.4334374746237808,0.3760810041511688,-0.39762893188002363,0.3450109802129954,1.223371059438009,0.4224271403335435,0.9979549394823292,0.34459148597230355,0.7031679545438985,0.3900059929174021,0.5907168578994596,0.3276359697699278
vocab_q26,Choose two words that best go with the word [ target word ].,27. survive,"Choose two words that best go with the word [ target word ].: 27. survive
music
food
dirt
alive","Original Text: Choose two words that best go with the word [ target word ].: 27. survive
music
food
dirt
alive
The core task is to identify the two terms most closely associated with the target word ""survive"" from the provided options: music, food, dirt, and alive.
This item measures **lexical knowledge and semantic association** by requiring the respondent to identify words conceptually linked to ""survive."" The task assesses vocabulary depth and the ability to recognize functional relationships (food) and synonymous states (alive) associated with the target word.
This analysis evaluates the cognitive demand and structural complexity of the association task for the target word ""survive.""

**Demand:** This cognitive item requires **synthesis** of semantic relationships and **multi-step reasoning** to categorize words based on biological necessity and linguistic synonymy.

**Structural/Semantic Elements:** The item utilizes **semantic proximity** and **categorical filtering**, forcing the examinee to distinguish between a functional requirement (""food"") and a resultant state (""alive""). The requirement to select exactly two words increases cognitive load by necessitating the rejection of unrelated distractors through **logical elimination**.
To successfully associate ""survive"" with ""food"" and ""alive,"" a respondent requires a low to moderate level of verbal-cognitive ability. This level of the latent trait involves basic semantic knowledge and the capacity to identify fundamental functional and definitional relationships between common words.","Original Text: Choose two words that best go with the word [ target word ].: 27. survive
music
food
dirt
alive
The purpose of this prompt is to summarize the primary activity presented in the provided text. The core task of the item requires selecting two words from a list of four options (music, food, dirt, alive) that are most closely associated with the target word ""survive.""
Determining the primary domain or construct measured by the provided word association item and justifying the selection:

**Primary Skill/Construct:** Semantic knowledge (Lexical association)

**Justification:** The task requires the respondent to understand the meaning of the target word (""survive"") and identify conceptually related terms (""food,"" ""alive"") from a set of options, directly assessing vocabulary and the strength of semantic network connections.
Evaluating the cognitive demand, required mental processes, and structural/semantic complexities of the provided word association task:

This cognitive item requires semantic recall and basic synthesis. The cognitive load is increased by the structural requirement to select exactly two words, forcing the test-taker to evaluate all options rather than stopping at the first correct match. Semantically, the threshold for success is raised because the two correct associations rely on different relational logic: ""alive"" is a synonymous outcome of the target word, while ""food"" is a functional requirement for it, demanding flexible associative reasoning rather than simple synonym matching.
Regarding the degree of the underlying latent trait necessary to successfully answer this word association item, a low level of cognitive ability and verbal reasoning is required, as the semantic connections between ""survive,"" ""food,"" and ""alive"" rely on basic, everyday vocabulary.","Original Text: Choose two words that best go with the word [ target word ].: 27. survive
music
food
dirt
alive
Select the two words from the provided options that have the strongest semantic association with the target word ""survive.""
This item assesses **semantic knowledge and verbal associative reasoning** within the domain of language and cognitive ability. 

**Justification:** The task requires the test-taker to access the conceptual meaning of the target word (""survive"") and identify related terms (""alive"" and ""food"") based on functional and definitional relationships, reflecting lexical comprehension and relational semantic processing.
**Cognitive Demand:**
Evaluating the cognitive complexity of this vocabulary association item reveals that it requires basic semantic recall and low-level associative reasoning rather than multi-step deduction or synthesis. 

**Structural and Semantic Elements Influencing Load:**
* **Dual-Response Format:** Requiring the selection of two correct options rather than one slightly increases working memory load.
* **Mixed Associative Relationships:** The two correct answers link to ""survive"" via different semantic pathways—""food"" as a functional prerequisite and ""alive"" as a definitional state—requiring flexible category recognition.
* **Low Distractor Plausibility:** Cognitive load is kept low because the distractors (""music,"" ""dirt"") share no strong thematic or contextual overlap with the target word, making elimination straightforward.
The degree of underlying verbal ability and semantic reasoning required to correctly identify the associations for ""survive"" is low to low-average, as the item relies on high-frequency vocabulary and fundamental, universally familiar conceptual links.","Original Text: Choose two words that best go with the word [ target word ].: 27. survive
music
food
dirt
alive
The task is to pick the two words that best associate with “survive” from the given options.
Primary construct: semantic vocabulary knowledge, specifically word association and synonym/antonym understanding.

Justification: The item asks the respondent to select the two words most closely related in meaning to “survive,” which assesses lexical-semantic knowledge rather than clinical or attitudinal traits.
This is a low-demand word-association item: it mainly requires simple semantic recall and choosing the closest pair. The core task is matching the target word to related words, not multi-step reasoning or deep synthesis. The only mild load comes from the “choose two words” instruction and the need to infer the intended pair among distractors; there is no strong emotional wording or complex conditional logic.
This item requires a moderate level of the underlying verbal-semantic association trait: the respondent must recognize that the target word “survive” most strongly pairs with “alive” and, secondarily, “dirt” or “food” depending on context.","Original Text: Choose two words that best go with the word [ target word ].: 27. survive
music
food
dirt
alive
The task is to pick the two options most associated with “survive”; the best matches are **food** and **alive**.
This item is primarily measuring **verbal semantic reasoning / vocabulary knowledge**, specifically understanding the meaning of **“survive”** and identifying semantically related words. The best matches are **food** and **alive**, since surviving is closely associated with staying alive and needing food.
Core ask: assess the cognitive demand of choosing the two words most associated with “survive” and note any features that raise difficulty.

This is a low-to-moderate cognitive-demand ability item. It mainly requires semantic association and simple selection, not recall of a specific fact or deep synthesis. Some light reasoning is needed to identify the two best fits—likely “food” and “alive”—from plausible options.

Load-increasing elements:
- Forced choice of exactly two answers, which requires comparison rather than single recognition.
- Mild distractors: “dirt” and “music” are not absurd, since one might survive in dirt-related conditions or survive through music metaphorically.
- The phrase “best go with” is somewhat vague, inviting judgment about strongest association rather than a strictly defined relation.

No complex phrasing, conditional logic, or emotional/severe endorsement threshold is involved.
This item appears to require a low-to-moderate level of the underlying latent trait, since identifying that “survive” goes best with “alive” is a fairly accessible verbal association rather than one that demands especially high ability.","Original Text: Choose two words that best go with the word [ target word ].: 27. survive
music
food
dirt
alive
Choose the two options most closely associated with “survive” from: music, food, dirt, and alive.
**Primary construct:** Verbal-semantic reasoning (vocabulary/word association).  
**Justification:** Selecting the two words most meaningfully related to “survive”—likely **food** and **alive**—requires recognizing semantic relationships and common usage.
This is a low-to-moderate verbal-association item requiring semantic comparison rather than factual recall or multi-step reasoning. Selecting two options depends on judging likely associations with “survive,” most plausibly **food** and **alive**. Cognitive load is increased by the sparse context, the requirement to choose exactly two, and somewhat ambiguous or grammatically uneven alternatives (“music,” “dirt,” and “alive” do not form equally natural pairings). No complex logic, emotional wording, or introspection is involved.
This item requires a **low-to-moderate level of verbal-semantic ability**: the respondent must recognize that **“food”** and **“alive”** are the strongest associations with “survive.” It does not require advanced reasoning.","Original Text: Choose two words that best go with the word [ target word ].: 27. survive
music
food
dirt
alive
Choose the two words most closely associated with “survive” from music, food, dirt, and alive.
**Vocabulary/semantic association:** The item measures understanding of the word **“survive”** by identifying semantically related words—**“food”** and **“alive.”**
This is a low-demand verbal association item requiring basic semantic knowledge and simple selection, not multi-step reasoning or synthesis. The best associations are **food** and **alive**. Cognitive load is slightly increased by the instruction to choose two options and by distractors with weaker possible associations, but there is no complex phrasing, conditional logic, or emotional severity.
This item requires a **low overall level of the underlying verbal/cognitive ability**, as “food” and “alive” are straightforward associations with “survive.”",2.604180401596308,-0.9248736458314332,-1.7835627998782906,-1.9122572052056657,0.1477465157252706,343.0,gilbert_meta_102,-1.2689049693889718,0.44881434904682205,-1.0825130209561862,0.38288712595168917,-1.844572156818706,0.5469656033238859,-1.521824050957096,0.4512620485501339,-1.8669818431401826,0.5360124861216283,-1.55579104396113,0.4466692744888969,-2.1626701300137676,0.5734612646362625,-2.4361043611791975,0.6459660529638163,-2.2958019520197226,0.5879679485957896,-2.1061337134774587,0.539392833032636,-0.25339126233121667,0.4078340225859048,-0.20670185052543655,0.33268726948266925,-2.1779190836202718,0.6017684032167023,-1.8296247852619112,0.5055331916567785
vocab_q2,Choose two words that best go with the word [ target word ].,3. repair,"Choose two words that best go with the word [ target word ].: 3. repair
harm
surgery
heal
motor","Original Text: Choose two words that best go with the word [ target word ].: 3. repair
harm
surgery
heal
motor
Identify two terms semantically associated with the concept of ""repair"" from a provided list.
This item measures **Semantic Association**, a component of verbal intelligence and lexical knowledge. It requires the respondent to identify synonyms and contextually related terms for the target word ""repair,"" evaluating their ability to recognize conceptual relationships and categorize linguistic information.
This analysis evaluates the cognitive demand and structural complexity of the word association task for the target word ""repair.""

**Cognitive Demand:** This item requires **synthesis** and **multi-step reasoning**. The respondent must evaluate multiple semantic relationships—including synonyms, functional collocations, and antonyms—to identify the most cohesive pair of associations.

**Structural/Semantic Elements:**
*   **Multi-select format:** Requiring two words increases cognitive load by necessitating a comparative evaluation of all options rather than simple elimination.
*   **Semantic Ambiguity:** ""Repair"" functions as both a verb and a noun, which triggers competing associations.
*   **Categorical Distractors:** The options present two distinct associative clusters—medical/biological (""surgery,"" ""heal"") and mechanical (""motor"")—forcing the respondent to determine which conceptual framework provides the ""best"" fit.
To determine the level of the latent trait required for the item ""repair,"" this analysis identifies that a **low to moderate level of verbal reasoning and semantic knowledge** is necessary. A respondent must possess the foundational vocabulary to recognize ""repair"" as a functional action applicable across diverse contexts, specifically linking it to both mechanical maintenance (motor) and medical intervention (surgery).","Original Text: Choose two words that best go with the word [ target word ].: 3. repair
harm
surgery
heal
motor
The core task presented in this item requires selecting two words from a provided list of four options (harm, surgery, heal, motor) that are most closely associated with the target word ""repair"".
To determine the primary psychological construct or skill measured by the provided word association item and justify this classification:

**Construct:** Semantic association (Verbal comprehension). 
**Justification:** The task requires the individual to understand the meaning of the target word and evaluate its conceptual, synonymous, or contextual relationships with the provided options to identify the strongest lexical connections.
In evaluating the cognitive demand, reasoning level, and structural elements that increase the difficulty of this word association task, this item requires multi-step reasoning and semantic synthesis. The cognitive load is elevated by the structural requirement to select exactly two words, forcing the user to hold multiple comparisons in working memory. Furthermore, the ambiguous semantic instruction ""best go with"" introduces tricky distractors, requiring the user to weigh competing types of relationships—such as synonymy (""heal""), collocation (""motor""), and opposition (""harm"")—rather than relying on simple recall.
Regarding the overall level of the underlying latent trait (verbal cognitive ability) required to successfully identify the two words most associated with the target word ""repair,"" this item requires a low to moderate level of cognitive ability, as the vocabulary and semantic relationships are common and straightforward.","Original Text: Choose two words that best go with the word [ target word ].: 3. repair
harm
surgery
heal
motor
The item requires selecting two words from the provided options that are most closely associated with the target word ""repair.""
This item primarily measures the psychological construct of **semantic association and verbal reasoning** (a component of crystallized intelligence and semantic memory). 

**Justification:** The task evaluates an individual's ability to identify nuanced conceptual relationships and polysemous meanings of the target word (""repair"") across distinct contextual domains—specifically linking mechanical restoration (""motor"") and biological restoration (""heal"" or ""surgery"")—thereby testing vocabulary depth and the organization of semantic retrieval networks.
**Assessment of Cognitive Demand and Structural Complexity:**

* **Core Cognitive Demand:** This vocabulary-association item requires **multi-step semantic reasoning and synthesis**. Rather than simple recall, the solver must analyze conceptual overlaps across different semantic domains (mechanical vs. biological restoration) and evaluate relative associational strength.
* **Semantic Load and Competing Distractors:** Cognitive load is elevated by splitting the semantic associations into two distinct contexts—mechanical (*motor*) versus biological (*surgery*, *heal*)—forcing the solver to differentiate between figurative/analogous relations and direct context pairs. Additionally, the inclusion of an antonym (*harm*) introduces polarity interference.
* **Structural Constraints:** The requirement to select *two* co-occurring or most closely related terms demands exhaustive cross-comparison among all options rather than basic isolated matching.
To determine the degree of the underlying latent trait required for success on this item, a respondent needs a low-to-moderate (average) level of verbal cognitive ability and semantic reasoning. Successfully identifying the concepts related to the target word ""repair"" demands only standard vocabulary comprehension and basic conceptual association skills.","Original Text: Choose two words that best go with the word [ target word ].: 3. repair
harm
surgery
heal
motor
The task is to pick the two words most closely associated with “repair” from the given options.
Primary construct: semantic association / vocabulary knowledge.

Justification: The item asks the respondent to select the two words most closely related in meaning or association to “repair,” which measures word knowledge and semantic matching rather than clinical or psychological traits.
This is a low-severity, low-demand word-association item: it mainly requires simple semantic recall and matching, not multi-step reasoning or deep introspection. The core task is to pick two words related to “repair,” with “harm” as a distractor and “surgery”/“heal” as likely matches; the bracketed placeholder and “choose two” instruction add a small amount of structural load, but there is no strong emotional wording or conditional complexity.
This item requires a moderate-to-high level of the underlying verbal-semantic trait: the respondent must understand the target word well enough to identify the two strongest associative or meaning-based matches among plausible distractors.","Original Text: Choose two words that best go with the word [ target word ].: 3. repair
harm
surgery
heal
motor
The task is to pick the two words most closely associated with “repair”; the best matches are “heal” and “motor.”
This item is measuring verbal semantic association/vocabulary knowledge, specifically understanding the meaning of “repair.” The best matches are “harm” only as a contrast and not a fit, while “surgery” and “heal” are semantically related to repairing or fixing, so the task assesses word meaning and conceptual relatedness.
This asks for the cognitive demand and any wording features that make the item harder to answer.

Low to moderate cognitive demand: it mainly requires semantic knowledge and comparison, with light multi-step reasoning to identify the two closest associates of “repair.” Likely targets are “heal” and “motor,” though “surgery” is a plausible distractor because it can be related indirectly via healing/repair. “Harm” is the opposite and serves as an easier reject.

Load-increasing features:
- Forced selection of exactly two answers
- Need to evaluate relative semantic fit across multiple plausible options
- Presence of a near-related distractor (“surgery”)
- Broad target word (“repair”) with both physical and metaphorical meanings

No severe endorsement threshold applies, since this is a cognitive vocabulary/association item, not an attitudinal or symptom item.
This item appears to require a relatively low to moderate level of the underlying latent trait, since identifying the two best associates for “repair” (“heal” and likely “motor”) depends more on recognizing common semantic relationships than on especially advanced verbal ability.","Original Text: Choose two words that best go with the word [ target word ].: 3. repair
harm
surgery
heal
motor
Choose the two words that best pair with “repair” from: harm, surgery, heal, and motor.
**Primary construct:** Lexical-semantic knowledge (vocabulary and verbal association).

**Justification:** The item requires recognizing which options form natural or meaningful associations/collocations with “repair,” assessing word meaning and verbal reasoning.
This is a low-demand verbal-association item requiring simple lexical knowledge and recognition of common pairings, not multi-step reasoning or synthesis. The respondent must select two words associated with “repair,” likely **motor** and **surgery**. The plural-choice requirement and semantically related distractors (**harm**, **heal**) create mild ambiguity; no complex phrasing, conditional logic, or emotional content is present.
This item requires a **low-to-moderate level of verbal–semantic ability**: recognizing common associations such as **motor** and **heal** with “repair.” It does not require advanced reasoning, though distinguishing the best pair among plausible distractors adds modest difficulty.","Original Text: Choose two words that best go with the word [ target word ].: 3. repair
harm
surgery
heal
motor
Choose the two words most closely associated with “repair” from harm, surgery, heal, and motor.
**Semantic vocabulary knowledge (word association):** It measures recognition of words meaningfully related to “repair,” particularly **heal** (similar meaning) and **motor** (something commonly repaired).
Low-to-moderate cognitive demand: requires semantic association and comparison, not recall or multi-step reasoning. Selecting exactly two increases load because several options relate indirectly to “repair” (“heal,” “surgery,” “motor”), creating ambiguity; “harm” is a straightforward opposite distractor.
This item requires a relatively low to moderate level of the underlying verbal-association ability.",1.66659196804692,-0.6809914340966703,-1.0475493111622949,-1.1055105975036723,0.3310418099599349,560.0,gilbert_meta_102,-0.2618343379935062,0.3630467748104143,-0.22337297673907025,0.3097181195039912,0.08273789424524719,0.36844077284025056,0.06826109616937967,0.30397402855117583,1.1591829245946283,0.39341500371276544,0.9659689080659049,0.32784011348861186,0.13063488882779256,0.34285725101415404,0.14715153179348678,0.3862059372189944,-1.1982840366988678,0.409593604841284,-1.0992875085732419,0.37575492921855547,0.7949908762381308,0.3663855726830226,0.6485073074637575,0.2988760353559859,0.6598737675275115,0.37072824834032303,0.5543463066614978,0.3114411351925373
vocab_q3,Choose two words that best go with the word [ target word ].,4. organ,"Choose two words that best go with the word [ target word ].: 4. organ
lungs
sweat
heart
thought","Original Text: Choose two words that best go with the word [ target word ].: 4. organ
lungs
sweat
heart
thought
The core task is to identify two words from a provided list that are classified as biological organs.
This analysis identifies the primary construct measured by the word association task involving the term ""organ.""

**Primary Knowledge Domain:** Human Anatomy

**Justification:** The item assesses the ability to categorize biological structures by requiring the respondent to distinguish between internal organs (lungs, heart) and physiological excretions or cognitive processes (sweat, thought).
This analysis evaluates the cognitive demand and structural complexity of the vocabulary item for the target word ""organ.""

**Demand:** This cognitive item requires **recall** of biological classifications and **multi-step reasoning** to differentiate between anatomical structures and their physiological outputs.

**Structural/Semantic Elements:**
*   **Multiple Selection:** The ""choose two"" constraint increases cognitive load by requiring a comparative evaluation of all options rather than the identification of a single correct answer.
*   **Functional Distractors:** The options ""sweat"" and ""thought"" serve as semantic distractors that represent products or functions of organs, requiring the respondent to apply a strict categorical definition of anatomical structures to avoid errors.
To successfully identify ""lungs"" and ""heart"" as the correct associations for ""organ,"" a respondent requires a low level of the underlying latent trait of basic biological knowledge and verbal categorization. The item necessitates the ability to distinguish anatomical structures from physiological secretions and cognitive processes.","Original Text: Choose two words that best go with the word [ target word ].: 4. organ
lungs
sweat
heart
thought
The main task presented in the item is to select two words from a provided list of four options (lungs, sweat, heart, thought) that are most closely associated with the target word ""organ"".
The objective is to determine the main psychological construct, skill, or domain assessed by the provided word association item and justify this classification.

**Primary Construct:** Semantic knowledge (Vocabulary/Verbal Comprehension)

**Justification:** The item requires the individual to understand the definition of the target word (""organ"") and correctly identify its categorical exemplars (""lungs"" and ""heart"") from a set of distractors.
In evaluating the cognitive demand and structural elements of this word association item, it primarily requires semantic recall and basic categorization. The cognitive load is increased by the structural requirement to select exactly two correct answers (""lungs"" and ""heart"") rather than a single option. Additionally, the distractors (""sweat"" and ""thought"") elevate the difficulty, as they are semantically related to human biology and bodily functions, requiring the respondent to strictly differentiate between a physical anatomical structure and a biological product or process.
Evaluating the degree of the underlying latent trait needed to successfully answer this item indicates that a very low level of cognitive ability and basic semantic knowledge is required, as associating ""lungs"" and ""heart"" with ""organ"" relies on fundamental, elementary-level vocabulary.","Original Text: Choose two words that best go with the word [ target word ].: 4. organ
lungs
sweat
heart
thought
The presented item tasks the respondent with selecting the two options from a multiple-choice list (lungs, sweat, heart, thought) that are most strongly associated with the target term ""organ.""
**Target Construct/Skill Measured:** Semantic categorization (verbal reasoning and semantic memory retrieval).

**Justification:** The task requires identifying subordinate category exemplars (""lungs"" and ""heart"") that semantically belong to the superordinate target concept (""organ""), measuring the integrity, organization, and retrieval of conceptual knowledge within verbal semantic memory.
**Cognitive Demand Assessment:**

* **Required Cognitive Processing:** This item demands basic **semantic recall and categorical classification**. Test-takers must access lexical knowledge regarding human anatomy and categorize terms based on the defining features of an ""organ.""
* **Structural and Semantic Elements Increasing Demand:**
  * **Dual-Selection Format:** Requiring the selection of two correct answers increases tracking load compared to a standard single-choice format.
  * **Domain-Specific Distractors:** The distractors (""sweat"" and ""thought"") belong to the same overarching biological/physiological domain. This introduces minor cognitive interference, requiring the test-taker to discriminate between anatomical structures (lungs, heart) and physiological or mental outputs (sweat, thought).
Successfully identifying the correct associations for this item requires a **low to low-average level of crystallized cognitive ability and basic verbal comprehension**, as recognizing ""lungs"" and ""heart"" as anatomical organs reflects elementary categorical knowledge and common vocabulary accessible to individuals with standard primary-level education.","Original Text: Choose two words that best go with the word [ target word ].: 4. organ
lungs
sweat
heart
thought
The task is to pick the two words that most closely relate to “organ” from the given options.
Primary construct: semantic vocabulary knowledge, specifically word association and category-based lexical understanding.

Justification: The item asks the respondent to select words that most naturally relate to “organ,” which measures knowledge of semantic relationships rather than clinical symptoms or attitudes.
This is a low-severity, low-demand word-association item. It mainly requires simple recall and basic semantic matching, not multi-step reasoning or deep synthesis. The task is straightforward, but the “choose two” instruction adds a small structural load, and the distractors are semantically related enough to require modest discrimination.
This item requires a moderate level of verbal-semantic ability: the respondent must recognize common word associations and select the two most strongly related terms.","Original Text: Choose two words that best go with the word [ target word ].: 4. organ
lungs
sweat
heart
thought
The task is to select the two options most closely associated with the target word “organ” from the choices: lungs, sweat, heart, and thought.
This item is primarily measuring **verbal semantic association / vocabulary knowledge**. It asks the respondent to identify which two options are most conceptually related to **“organ”** (likely **lungs** and **heart**), so it assesses understanding of word meaning and category relationships rather than a clinical symptom or attitude.
Core ask: assess the cognitive demand of this item and note what raises difficulty.

This is a low-to-moderate cognitive-demand verbal association item. It mainly requires semantic knowledge/recall plus a small amount of comparison, not deep multi-step reasoning or synthesis. The likely task is to identify two words most closely related to “organ” (e.g., lungs, heart), so the challenge is selecting among plausible associates.

Load-increasing elements:
- Ambiguity/polysemy: “organ” can mean body part or musical instrument, though the options push toward the body-part meaning.
- Multiple plausible distractors: “thought” and “sweat” are related to bodily/mental processes, which can momentarily compete.
- Forced selection of exactly two: requires ranking associations rather than spotting a single match.
- Sparse phrasing: minimal instruction means the respondent must infer the intended relation type (“category member”/“example of”).
This item appears to require a relatively high level of the underlying latent trait, since correctly selecting “lungs” and “heart” depends on recognizing organ-category membership while rejecting weaker associative distractors like “sweat” and “thought.”","Original Text: Choose two words that best go with the word [ target word ].: 4. organ
lungs
sweat
heart
thought
Select the two words most closely associated with “organ” from the listed options.
**Primary construct:** Verbal-semantic association, specifically vocabulary knowledge of body organs.  

**Justification:** The item requires identifying the two options—**lungs** and **heart**—that are anatomically associated with “organ,” rather than unrelated choices like “sweat” or “thought.”
This is a low-demand semantic association item requiring basic categorization, not multi-step reasoning or synthesis. The respondent must identify two options that are body organs: **lungs** and **heart**. The vague phrase “go with” introduces slight ambiguity, while **sweat** may distract through its association with sweat glands; **thought** is a weaker, abstract distractor.
This item requires a **low-to-moderate level of verbal/semantic ability**. A respondent needs basic vocabulary and category knowledge to identify **“lungs” and “heart”** as organs; it does not require advanced reasoning.","Original Text: Choose two words that best go with the word [ target word ].: 4. organ
lungs
sweat
heart
thought
Select the two words most closely associated with “organ” from lungs, sweat, heart, and thought.
**Vocabulary/semantic association:** The item measures understanding of word relationships by identifying **lungs** and **heart** as organs.
**Moderate cognitive demand:** requires semantic association and selecting two category members—**lungs** and **heart**—that are organs. The item involves simple recall plus comparison across four options. Cognitive load comes from the “choose two” requirement and plausible distractors (**sweat**, linked to bodily function; **thought**, linked to the brain). No complex phrasing, conditional logic, or emotional content.
This item requires a **low level of the underlying cognitive/verbal ability**, as identifying “lungs” and “heart” as organs is straightforward.",2.966380712598912,-0.9142395850364758,-1.849429926015506,-1.9876761118573265,0.1370134597187852,329.0,gilbert_meta_102,-2.7885598948283503,0.5959805513877496,-2.3789428433884243,0.5084357951758633,-2.210170086113521,0.5316169878357216,-1.8234526534079378,0.43859900790277545,-1.893790900412517,0.48872386750520264,-1.5781315350347795,0.4072627802077393,-0.19748748812445588,0.38947980286227046,-0.22245654777469426,0.43872314745381485,-0.0468819927591963,0.4001188118505491,-0.043008825486137305,0.3670628985630143,-1.6190331933372426,0.4873799171050824,-1.320713090285934,0.3975761825712465,-1.8207131198042932,0.47323004336833896,-1.5295434416728244,0.3975507735751322
vocab_q28,Choose two words that best go with the word [ target word ].,29. behavior,"Choose two words that best go with the word [ target word ].: 29. behavior
acts
does
fur
grass","Original Text: Choose two words that best go with the word [ target word ].: 29. behavior
acts
does
fur
grass
Identify two terms semantically associated with ""behavior"" from the provided list.
This item measures **semantic knowledge and vocabulary association**. The task requires identifying synonyms or functional correlates (""acts,"" ""does"") for the target word ""behavior"" while rejecting semantically unrelated distractors, thereby assessing lexical depth and word-relationship skills.
This analysis evaluates the cognitive demand and structural complexity of the word association item for ""behavior.""

**Cognitive Demand:** This item requires **synthesis**. The respondent must integrate the abstract concept of ""behavior"" with both a synonymous noun (""acts"") and a functional verb (""does""), necessitating a conceptual rather than purely grammatical mapping.

**Structural/Semantic Elements:** The **multi-selection format** (choosing two words) increases cognitive load relative to single-choice items. The use of **part-of-speech variation**—linking a noun to a verb—requires higher-level semantic processing, though the **low-association distractors** (""fur,"" ""grass"") provide a clear categorical contrast that lowers the overall threshold for correct identification.
To describe the level of the latent trait required for the item ""behavior,"" this task necessitates a low to moderate level of verbal ability and semantic processing. A respondent must possess basic vocabulary knowledge to associate the abstract noun with its corresponding functional verbs (""acts,"" ""does"") while distinguishing them from semantically unrelated concrete distractors (""fur,"" ""grass"").","Original Text: Choose two words that best go with the word [ target word ].: 29. behavior
acts
does
fur
grass
The core task presented in this item is to select two words from a provided list of four options (""acts,"" ""does,"" ""fur,"" ""grass"") that are most closely associated with the target word ""behavior.""
The core objective is to classify the specific domain, skill, or construct evaluated by the provided word-matching item and provide a brief rationale for this classification.

**Primary Skill/Domain:** Semantic knowledge (Vocabulary / Verbal Comprehension)

**Justification:** The item requires the respondent to understand the definition of the target word (""behavior"") and recognize semantically related terms (""acts"", ""does"") among unrelated distractors (""fur"", ""grass""), which directly measures lexical comprehension and word association abilities.
Assessing the cognitive demand and structural elements of the provided word association item:

This cognitive task requires multi-step reasoning and semantic synthesis. The primary structural element increasing cognitive load is the instruction to select exactly two correct words (""acts"" and ""does""), forcing the respondent to evaluate all options rather than stopping at the first plausible match. However, the distractors (""fur,"" ""grass"") are semantically distant from the target word (""behavior""), keeping the overall difficulty low.
To successfully answer this item, the required level of the underlying latent trait (verbal cognitive ability and vocabulary) is very low. Identifying the correct associations (""acts,"" ""does"") for the target word (""behavior"") demands minimal cognitive effort, as these are basic, high-frequency words and the distractors (""fur,"" ""grass"") are entirely unrelated.","Original Text: Choose two words that best go with the word [ target word ].: 29. behavior
acts
does
fur
grass
The core task of this item requires selecting the two words from a four-option list (""acts,"" ""does,"" ""fur,"" ""grass"") that are most closely associated with the target word ""behavior.""
The psychological construct this item assesses is **semantic vocabulary knowledge (crystallized verbal ability)**. It evaluates a respondent's lexical comprehension and conceptual association skills by requiring them to link the target abstract noun (""behavior"") with its semantically related action counterparts (""acts,"" ""does"") while rejecting unrelated distractors.
Evaluating the cognitive demand and structural complexity of identifying the two strongest semantic associations for the target word ""behavior"":

* **Cognitive Demand:** Low; the item requires basic semantic recall and concept association rather than multi-step reasoning or complex synthesis.
* **Semantic/Structural Nuance:** The primary source of load is a slight part-of-speech mismatch, as the noun target (""behavior"") must be mapped to words functioning as either plural nouns or verbs (""acts"", ""does""), requiring abstract semantic alignment rather than direct grammatical equivalence. 
* **Distractor Interference:** Minimal; the distractors (""fur"", ""grass"") are completely unrelated concrete nouns, allowing for rapid elimination with very low cognitive demand.
To determine the latent trait level necessary to correctly complete this semantic association item for ""behavior,"" the respondent requires a low to low-average level of verbal cognitive ability. Successfully identifying ""acts"" and ""does"" while rejecting the unrelated distractors demands only elementary English vocabulary knowledge and basic functional semantic categorization skills.","Original Text: Choose two words that best go with the word [ target word ].: 29. behavior
acts
does
fur
grass
The task is to pick the two words that most naturally pair with the target word “behavior” from the given options.
Primary construct: semantic vocabulary knowledge, specifically word association and meaning recognition.

Justification: The item asks the respondent to select the two words most closely related in meaning to “behavior,” which tests understanding of the target word’s semantic field rather than factual knowledge or clinical symptoms.
This is a low-demand vocabulary association item requiring simple recall/recognition, not multi-step reasoning or synthesis. The main task is to select two semantically related words to “behavior,” with minimal cognitive load. Structural features are straightforward; the only mild challenge is that all options are short and some are distractors, but there is no complex phrasing, conditional logic, or emotionally loaded wording.
This item requires a low level of the underlying trait: it mainly reflects basic vocabulary and semantic association, with only modest cognitive demand.","Original Text: Choose two words that best go with the word [ target word ].: 29. behavior
acts
does
fur
grass
The task is to select the two options that are most closely associated with the target word “behavior.”
This item is primarily measuring **verbal semantic association / vocabulary knowledge**. The task is to identify words most closely related in meaning or usage to **“behavior”**; **“acts”** and **“does”** fit as action-related semantic associates, whereas **“fur”** and **“grass”** do not.
Core ask: assess the cognitive demand of this item and note any wording/features that affect difficulty.

This is a low-to-moderate cognitive-demand verbal association item. It mainly requires semantic knowledge/recall plus a small amount of comparison, not deep multi-step reasoning or synthesis. The test-taker must identify which two options are most closely related to “behavior,” likely “acts” and “does,” which adds some selection difficulty because both are near-synonyms and the item requires choosing exactly two.

Load-increasing features:
- Forced selection of two answers rather than one
- Semantic similarity among correct options
- Slight ambiguity because “does” is less cleanly noun-matched to “behavior” than “acts”
- Minimal distractor complexity: “fur” and “grass” are clearly unrelated, so distractor difficulty is low

No psychological endorsement threshold is involved.
This item appears to require a relatively high level of the underlying verbal reasoning/vocabulary trait, since correctly linking behavior with acts and does depends on recognizing close semantic associations while rejecting weaker distractors like fur and grass.","Original Text: Choose two words that best go with the word [ target word ].: 29. behavior
acts
does
fur
grass
Choose the two words that best relate to “behavior” from: acts, does, fur, and grass.
This item measures **semantic language knowledge, specifically word association and vocabulary**. It requires identifying which options are meaningfully related to “behavior” (“acts” and “does”), rather than assessing behavior itself.
This is a low-demand verbal-association item requiring simple semantic recall, not multi-step reasoning or synthesis. The main load comes from selecting two associations among weak or ambiguous options: “acts” and “does” are semantically related to behavior, while “fur” and “grass” may suggest animal behavior. The phrasing is simple, with no conditional logic or emotional content.
The item requires a **low-to-moderate level of verbal ability**, mainly basic vocabulary and semantic association, to identify **“acts”** and **“does”** as related to “behavior.”","Original Text: Choose two words that best go with the word [ target word ].: 29. behavior
acts
does
fur
grass
Choose the two words most closely associated with “behavior” from: acts, does, fur, and grass.
**Vocabulary/semantic association:** Measures understanding of the word **“behavior”** by identifying the semantically related words **“acts”** and **“does,”** while rejecting unrelated distractors.
This is a low-demand verbal association item requiring basic vocabulary recall and simple comparison. The respondent must select two semantically related words—“acts” and “does”—while rejecting obvious distractors (“fur,” “grass”). Cognitive load is slightly increased by choosing two answers, but there is no complex phrasing, conditional logic, synthesis, or emotional/attitudinal threshold.
This item requires a low level of the underlying verbal ability, as “acts” and “does” are straightforward associations with “behavior.”",2.2798840615941853,-1.0239430352956536,-1.8665833091258963,-2.0027116906312727,0.1349687929456985,323.0,gilbert_meta_102,-1.5047461027329767,0.4624047591794361,-1.2837109860369653,0.39448121399105895,-2.727617714321423,0.6117438083963749,-2.250361540006125,0.5047058946435095,-2.126222691612519,0.5529424495986103,-1.7718213132238299,0.4607773311091882,-2.1487998915115964,0.6043198120651426,-2.420480458099018,0.6807261585055114,-0.11091225095409396,0.4144878169332326,-0.10174920827407814,0.3802448047841258,-0.174284329714397,0.41952966449162254,-0.14217101701976514,0.34222789374395374,-2.3684673096120514,0.5635941908744008,-1.9897004095971966,0.47346382526726766
vocab_q33,Choose two words that best go with the word [ target word ].,34. habitat,"Choose two words that best go with the word [ target word ].: 34. habitat
forest
place
wing
weather","Original Text: Choose two words that best go with the word [ target word ].: 34. habitat
forest
place
wing
weather
Identify two terms from the provided list that are most semantically related to the concept of a ""habitat.""
This item measures **vocabulary and semantic knowledge**. It evaluates the respondent's ability to identify synonyms and categorical associations by requiring them to link the target word ""habitat"" with its defining characteristics, such as a specific environment (forest) or a general location (place).
This analysis evaluates the cognitive demand and structural complexity of the vocabulary item ""habitat.""

**Cognitive Demand**
This item requires **synthesis** of semantic relationships. The respondent must integrate a specific example of the concept (*forest*) with its categorical definition (*place*).

**Structural and Semantic Elements**
*   **Multi-select Constraint:** Requiring two correct answers increases cognitive load by necessitating multiple successful retrieval and verification cycles.
*   **Hierarchical Variation:** The correct options operate at different levels of abstraction—one as a hyponym (forest) and one as a hypernym (place)—requiring the respondent to shift perspectives on the word's meaning.
*   **Thematic Distractor:** The word ""weather"" acts as a thematic distractor, sharing a general environmental context with ""habitat"" without meeting the specific semantic criteria, which increases the threshold for accurate discrimination.
The level of the underlying latent trait required to correctly identify associations for ""habitat"" is low-to-moderate, necessitating basic vocabulary knowledge and the ability to recognize semantic synonyms and categorical examples.","Original Text: Choose two words that best go with the word [ target word ].: 34. habitat
forest
place
wing
weather
The core task presented in this item is to select two words from a provided list of four options that are most closely associated with the target word ""habitat.""
The core request is to classify the underlying domain or construct of the provided word association item and briefly justify the choice.

Primary Domain/Skill: Semantic knowledge (Vocabulary). 

Justification: The item requires the test-taker to comprehend the meaning of the target word (""habitat"") and recognize its correct semantic relationships and categorical associations (""forest,"" ""place"") among unrelated distractors.
To analyze the cognitive demand and structural complexity of this vocabulary association item: 

This task requires recall of the target word's definition and multi-step reasoning to evaluate and compare semantic relationships. The structural requirement to ""choose two words"" increases cognitive load by forcing the user to evaluate all options and hold multiple associations in working memory, preventing a single-answer elimination strategy. Semantically, the phrase ""best go with"" demands synthesis of broad conceptual networks rather than strict synonym matching. The distractors ""weather"" (an environmental condition) and ""wing"" (an animal attribute) act as tricky elements because they share tangential thematic links to ""habitat,"" requiring precise conceptual boundaries to reject in favor of the correct answers.
To determine the magnitude of the unobservable characteristic needed to correctly solve this vocabulary association task, a low to moderate level of verbal cognitive ability is required, as the target word and its correct associations are common, concrete concepts.","Original Text: Choose two words that best go with the word [ target word ].: 34. habitat
forest
place
wing
weather
The core task of this item requires identifying two words from the provided options (forest, place, wing, weather) that share the strongest semantic association or conceptual link with the target word ""habitat.""
This item evaluates **semantic association and receptive vocabulary knowledge**. It measures a test-taker's comprehension of the target word ""habitat"" by requiring the identification of conceptually related and defining terms (""forest"" and ""place"") from a set of distractors.
**Cognitive Demand and Severity Analysis:**

* **Processing Level:** Low-to-moderate demand requiring semantic recall, conceptual categorization, and basic relational reasoning rather than multi-step problem solving.
* **Dual-Selection Format:** Requiring two correct answers increases cognitive load compared to standard single-choice items, as the respondent must evaluate and confirm multiple valid relationships.
* **Asymmetrical Semantic Relationships:** Correctly pairing ""habitat"" with both a broad hypernym/definition (""place"") and a concrete exemplar (""forest"") requires shifting between levels of semantic abstraction.
* **Contextual Distractor:** The option ""weather"" functions as a thematic/environmental distractor, creating interference for test-takers who rely on superficial contextual co-occurrence rather than core definitional and taxonomic links.
To correctly identify the semantic associations for the target word ""habitat,"" a respondent requires a **low-to-moderate (basic to intermediate) level of verbal ability and lexical comprehension**, as the item relies on foundational ecological vocabulary and standard category-exemplar associations typically acquired during primary education.","Original Text: Choose two words that best go with the word [ target word ].: 34. habitat
forest
place
wing
weather
The task is to pick the two words that best associate with “habitat” from the given options.
Primary construct: vocabulary/semantic association knowledge.

Justification: It measures the ability to identify words most closely related in meaning to “habitat”; “forest” and “place” are the strongest semantic matches.
This is a low-demand vocabulary association item: it mainly requires simple recall/recognition of a word’s meaning and selecting the closest semantic matches. The core task is to identify two fitting associates for “habitat,” with minimal reasoning or synthesis. Cognitive load is slightly increased by the forced “choose two” format and the presence of plausible distractors, but there is no complex phrasing, conditional logic, or emotionally loaded language.
This item requires a low level of the underlying trait: it mainly reflects basic vocabulary and semantic association, with only modest cognitive demand to identify the two closest word pairings.","Original Text: Choose two words that best go with the word [ target word ].: 34. habitat
forest
place
wing
weather
The task is to pick the two options most closely associated with “habitat”; the best matches are “forest” and “place.”
This item is measuring **verbal semantic reasoning / vocabulary knowledge**, specifically understanding the meaning and associations of **“habitat.”** The best matches are **forest** and **place** because a habitat is the **place** where an organism lives, and a **forest** is an example of one.
This asks for the cognitive demand and any wording features that make the item harder.  
Demand: low to moderate. It mainly requires vocabulary knowledge/semantic association plus a small amount of comparison across options, not deep multi-step reasoning or synthesis. The likely pair is “forest” and “place,” so the task is to identify both a concrete example and a broader definitional associate of “habitat.”

Load-increasing features:
- “Choose two words” adds a mild selection/comparison burden over single-answer items.
- “Best go with” is somewhat vague, requiring judgment about strength/type of association.
- The options mix a strong distractor (“forest”), a broad abstract associate (“place”), and weaker but plausible nature-related distractors (“wing,” “weather”), which slightly raises ambiguity.
- No conditional logic, emotional wording, or high endorsement threshold applies.
This item appears to require a relatively low to moderate level of the underlying latent trait, since the correct associations for “habitat” (“forest” and “place”) are fairly concrete and broadly accessible rather than highly abstract or difficult.","Original Text: Choose two words that best go with the word [ target word ].: 34. habitat
forest
place
wing
weather
Choose the two words most closely associated with “habitat” from the listed options.
**Primary construct:** Verbal semantic knowledge and associative reasoning.  

**Justification:** The item measures whether the respondent understands *habitat* and can identify its two most meaningfully related words—likely **forest** and **place**—among distractors.
This is a low-demand vocabulary/semantic-association item requiring recall of word relationships, not multi-step reasoning or synthesis. The likely choices are **forest** and **place**. The two-choice format adds minimal load; **place** is a broad synonym/category, while **wing** and **weather** are plausible but weaker associations, creating slight ambiguity.
This item requires a **low-to-moderate level of verbal comprehension and semantic association ability**: recognizing that *habitat* relates most directly to **forest** and **place**. It does not require high cognitive ability or specialized knowledge.","Original Text: Choose two words that best go with the word [ target word ].: 34. habitat
forest
place
wing
weather
Choose the two words most closely associated with “habitat” from forest, place, wing, and weather.
**Vocabulary—semantic word association.** The item measures understanding of *habitat* by selecting the most closely related words, **forest** and **place**, from unrelated distractors.
**Low–moderate cognitive demand:** requires semantic knowledge and comparing multiple associations, not simple recall. The best matches are **forest** and **place**. Cognitive load comes from the vague phrase “go with” and plausible distractors: **weather** is environmentally related, while **wing** is indirectly associated with animals and habitats.
This item requires a relatively low-to-moderate level of the underlying verbal/cognitive ability, as recognizing “forest” and “place” as related to “habitat” involves common vocabulary and straightforward semantic association.",1.240875075204713,-0.6566636132246365,-0.8315081058540247,-0.862975985914234,0.4219046299296819,629.0,gilbert_meta_102,-0.41343048682487615,0.3977978851983225,-0.35270086889461355,0.3393645708893232,0.3710688263998583,0.39369604679750647,0.3061422468555831,0.3248103418282606,0.05325203401220796,0.3946737978333448,0.044375920362223854,0.3288890902776385,-1.762284572311132,0.5026045984395419,-1.985096604732149,0.5661507213767699,-1.9277471770742214,0.5070516318163867,-1.7684858735855535,0.46516143751108613,0.16224872992314454,0.4035068286890094,0.13235307489284387,0.32915739644031666,0.13968327571229017,0.3983730948072448,0.11734503143475751,0.33466499904544206
vocab_q23,Choose two words that best go with the word [ target word ].,24. reptile,"Choose two words that best go with the word [ target word ].: 24. reptile
report
lizard
mobile
cold-blooded","Original Text: Choose two words that best go with the word [ target word ].: 24. reptile
report
lizard
mobile
cold-blooded
The core task is to identify two terms from a provided list that are most closely associated with the target word ""reptile.""
This item measures **semantic knowledge within the domain of zoology**. The task requires the respondent to identify defining biological characteristics and specific examples associated with the category ""reptile,"" demonstrating functional vocabulary and semantic categorization skills.
This analysis evaluates the cognitive demand and structural complexity of the multiple-selection item for the target word ""reptile.""

**Cognitive Demand**
This item requires **recall** of biological classifications and the **synthesis** of disparate attributes. The respondent must connect the target to both a specific taxonomic example (""lizard"") and a defining physiological characteristic (""cold-blooded"").

**Structural and Semantic Elements**
*   **Multi-response format:** Requiring two correct answers increases cognitive load compared to single-choice items.
*   **Semantic diversity:** The correct options represent different relationship types (category member vs. property), requiring the respondent to shift between concrete and abstract associations.
*   **Low-intensity distractors:** The words ""report"" and ""mobile"" lack semantic or phonetic proximity to the target, lowering the threshold for elimination despite the multi-step selection process.
The level of the underlying latent trait required to successfully identify the associations for ""reptile"" is low to moderate. This item necessitates a foundational level of crystallized intelligence and basic biological knowledge to recognize a specific taxonomic example (lizard) and a defining physiological characteristic (cold-blooded) of the category.","Original Text: Choose two words that best go with the word [ target word ].: 24. reptile
report
lizard
mobile
cold-blooded
To summarize the core task presented in the item: the user must select two words from a provided list of four options that are most strongly associated with the target word ""reptile.""
The objective is to determine the primary skill or psychological construct assessed by the provided word association item and justify this classification.

**Primary Skill/Construct:** Semantic knowledge (Vocabulary / Verbal Comprehension)

**Justification:** The item requires the individual to understand the meaning, categorical examples (lizard), and defining biological attributes (cold-blooded) of the target word (reptile) in order to correctly identify its semantic associations.
Assessing the cognitive requirements and structural difficulty of selecting two related terms for the word ""reptile.""

This cognitive item requires semantic recall and basic synthesis to identify both an example and an attribute of a target category. The primary structural element increasing cognitive load is the multi-step requirement to select exactly two correct answers rather than one. Semantically, the correct options demand flexible associative reasoning, as they represent different relationship types: ""lizard"" is a categorical example (hyponym), while ""cold-blooded"" is a defining characteristic (attribute). The distractors (""report,"" ""mobile"") are semantically unrelated, which keeps the overall threshold for endorsement relatively low.
Regarding the magnitude of the underlying latent trait—specifically cognitive ability and verbal reasoning—necessary to successfully answer this item, only a low level is required. Correctly associating ""lizard"" and ""cold-blooded"" with ""reptile"" relies on basic, elementary-level vocabulary and general knowledge, and the task is further simplified by completely unrelated distractors.","Original Text: Choose two words that best go with the word [ target word ].: 24. reptile
report
lizard
mobile
cold-blooded
The task requires identifying and selecting the two words from the given list that share the strongest semantic association with the target term ""reptile.""
The cognitive construct measured by this item is **semantic knowledge**, specifically conceptual association and verbal categorization. 

**Justification:** The task requires accessing long-term semantic memory to correctly identify both a subordinate category member (""lizard"") and an essential biological characteristic (""cold-blooded"") linked to the target concept (""reptile"") while filtering out unrelated distractors.
Evaluating the cognitive demand and structural complexity of the provided vocabulary-association item indicates the following:

* **Cognitive Demand:** The item requires basic semantic recall and categorization. The test-taker must recognize both an exemplar (""lizard"") and a defining biological characteristic (""cold-blooded"") associated with the target category (""reptile"") rather than engaging in multi-step reasoning or complex synthesis.
* **Structural and Semantic Elements:** 
  * **Dual-Selection Requirement:** Mandating two correct responses slightly increases cognitive load compared to single-choice formats by requiring sustained evaluation across all options.
  * **Surface Distractors:** The incorrect options (""report"" and ""mobile"") rely on weak orthographic and phonological similarities (the ""rep-"" prefix and ""-ile"" suffix) rather than near-category semantic overlap, keeping the overall cognitive threshold low.
The required level of the underlying latent trait—basic verbal comprehension and elementary semantic knowledge—to successfully solve this vocabulary association item is **low**, as identifying ""lizard"" and ""cold-blooded"" as associates of ""reptile"" relies on foundational, widely known biological concepts and elementary-level categorization skills.","Original Text: Choose two words that best go with the word [ target word ].: 24. reptile
report
lizard
mobile
cold-blooded
The task is to pick the two words that best match the target word “reptile” from the given options.
Primary domain: semantic vocabulary knowledge, specifically category and attribute association for “reptile.” The best matches are “lizard” and “cold-blooded,” which reflect correct taxonomic and descriptive knowledge.
This is a low-demand vocabulary matching item: it mainly requires simple recall/recognition of the target word’s associations, not multi-step reasoning or synthesis. The endorsement threshold is low because the correct choices are straightforward semantic matches. Structural load is minimal, though the “choose two words” instruction adds a small selection constraint and the distractors are ordinary but unrelated.
This item requires a moderate level of the underlying trait: the respondent needs enough vocabulary and semantic knowledge to identify that “reptile” most strongly pairs with “lizard” and “cold-blooded.”","Original Text: Choose two words that best go with the word [ target word ].: 24. reptile
report
lizard
mobile
cold-blooded
The task is to pick the two options most closely associated with “reptile”; the best matches are “lizard” and “cold-blooded.”
This item is measuring **verbal semantic reasoning / vocabulary knowledge**, specifically **categorical association**. The task is to identify the two options most semantically related to **“reptile”**—likely **“lizard”** and **“cold-blooded”**—which reflects understanding of word meaning, category membership, and defining attributes.
Core ask: assess the cognitive demand of this item and note features that raise difficulty.

This is a low-to-moderate cognitive-demand verbal association item. It mainly requires recall/semantic knowledge plus a small amount of comparison, not deep multi-step reasoning or synthesis. The test-taker must know what “reptile” means and identify the two strongest associates: “lizard” and “cold-blooded.”

Load-increasing elements:
- Forced selection of exactly two answers increases discrimination demand.
- One distractor (“report”) is orthographically similar to “reptile” only weakly and is mostly irrelevant.
- One distractor (“mobile”) may tempt superficial association if the target word is not well known.
- The phrase “best go with” is somewhat vague, requiring judgment about category membership vs characteristic.

No severe psychological endorsement threshold is involved; this is purely a cognitive/semantic item.
This item appears to require a moderately high level of the underlying verbal/conceptual ability, since correctly selecting “lizard” and “cold-blooded” depends on recognizing categorical and defining associations for “reptile” rather than relying on superficial similarity.","Original Text: Choose two words that best go with the word [ target word ].: 24. reptile
report
lizard
mobile
cold-blooded
Choose the two words most closely associated with “reptile” from the listed options.
**Primary construct:** Verbal-semantic association and vocabulary knowledge.  

**Justification:** The item assesses whether the respondent recognizes words conceptually related to “reptile,” most clearly **lizard** and **cold-blooded**, rather than unrelated distractors.
This is a low-demand verbal-association item requiring simple semantic recall and selection, not multi-step reasoning or synthesis. The best choices are **lizard** and **cold-blooded**. Cognitive load is slightly increased by needing to identify two answers and reject superficially unrelated distractors (**report**, **mobile**); no complex phrasing, conditional logic, or emotional content is present.
This item requires a relatively low-to-moderate level of verbal-semantic ability and general knowledge. Respondents need to recognize that **“lizard”** and **“cold-blooded”** are strongly associated with **“reptile.”**","Original Text: Choose two words that best go with the word [ target word ].: 24. reptile
report
lizard
mobile
cold-blooded
Select the two words most closely associated with “reptile.”
**Knowledge domain: Vocabulary/semantic word association.** The item measures understanding of the target word *reptile* by identifying its defining semantic associates: *lizard* and *cold-blooded*.
This is a low-demand verbal association item requiring basic recall/classification. The respondent must select **“lizard”** and **“cold-blooded”** as associations with **“reptile.”** Cognitive load is slightly increased by choosing two answers and rejecting unrelated distractors, but the phrasing and logic are simple.
This item requires a relatively low level of the underlying verbal reasoning ability, as “lizard” and “cold-blooded” are straightforward associations with “reptile.”",3.894404647132189,-0.6613267491351478,-1.4393115035921349,-1.535258561511967,0.215399989821894,435.0,gilbert_meta_102,-1.2340056833626685,0.37634581187222904,-1.0527401597436246,0.32106363483641653,-1.8712458593376304,0.4307860541313499,-1.5438306078008162,0.3554106439103253,-3.1082010857108116,0.5802316909129763,-2.5901223569725156,0.4835179685660448,0.4270613806891008,0.35195137703444695,0.4810563005192591,0.3964498665874588,0.8891378064197373,0.38346884807095355,0.8156814695538318,0.3517884756043899,-1.470910745087303,0.41040189237730795,-1.1998834141718464,0.3347819882701608,-1.8773111574211372,0.4195632022619036,-1.5770902826917437,0.35246637013079984
vocab_q27,Choose two words that best go with the word [ target word ].,28. species,"Choose two words that best go with the word [ target word ].: 28. species
type
not real
furry
family","Original Text: Choose two words that best go with the word [ target word ].: 28. species
type
not real
furry
family
The task requires selecting two terms from the provided options—type, not real, furry, and family—that are most semantically linked to the target word ""species.""
This item assesses the respondent's understanding of word associations and semantic categorization related to the term ""species.""

**Primary Knowledge Domain:** Lexical Semantics / Vocabulary Knowledge.

**Justification:** The task requires identifying synonyms or hierarchical classifications—specifically ""type"" and ""family""—that define the target word's meaning within a biological or taxonomic context.
This analysis evaluates the cognitive demand and structural complexity of the vocabulary item for the word ""species.""

**Cognitive Demand:** This item requires **synthesis** of semantic relationships and **recall** of biological classification hierarchies.

**Structural/Semantic Elements:**
*   **Multiple-Response Format:** The requirement to select exactly two words increases cognitive load and the threshold for a correct response compared to single-choice items.
*   **Thematic Distractor:** The option ""furry"" serves as a semantic distractor by evoking common associations with animals, requiring the test-taker to bypass surface-level imagery for technical definitions.
*   **Categorical Logic:** The item uses ""type"" and ""family"" as synonyms or hierarchical relatives, necessitating an understanding of ""species"" as a unit of classification rather than a general descriptor.
To correctly identify ""type"" and ""family"" as the words best associated with ""species,"" a respondent requires a moderate level of verbal intelligence and basic scientific literacy. This task necessitates the ability to distinguish between general associations and specific taxonomic or categorical relationships.","Original Text: Choose two words that best go with the word [ target word ].: 28. species
type
not real
furry
family
A summary of the core task presented in this item is to select two words from a provided list of four options that are most closely associated with the target word ""species"".
To identify the primary skill or psychological construct measured by the provided word association item and justify this determination:

**Construct:** Semantic knowledge (Vocabulary comprehension)

**Justification:** The task requires the individual to understand the meaning of the target word (""species"") and recognize its correct categorical and relational associations (e.g., ""type,"" ""family"") among a set of distractors.
Evaluating the cognitive demand and structural elements of this word association task reveals that it requires multi-step reasoning and synthesis. The respondent must recall the definition of ""species"" and synthesize its semantic relationships to evaluate all options. The structural requirement to ""choose two words"" increases cognitive load by forcing comparative analysis and sustained working memory to identify multiple correct answers. Semantically, the distractor ""furry"" raises the difficulty threshold by providing a tricky thematic association (animals) that must be rejected in favor of the precise definitional matches (""type"" and ""family"").
The overall level of the underlying latent trait (verbal reasoning and vocabulary) required for a respondent to successfully answer this item is moderate.","Original Text: Choose two words that best go with the word [ target word ].: 28. species
type
not real
furry
family
The task requires selecting two words from a provided four-option list that are most closely associated with the target term ""species.""
This item measures the cognitive construct of **lexical-semantic knowledge** (specifically, vocabulary breadth and semantic association). 

**Justification:** The task requires the test-taker to understand the categorical and taxonomic definition of the target word (""species"") and retrieve its correct conceptual associations and synonyms (""type"" and ""family"") from a set of distractors.
**Cognitive Demand Assessment:**
Evaluating the cognitive load and complexity of the association item for ""species"" reveals a demand for **multi-step categorical reasoning and semantic synthesis** rather than basic rote recall.

**Structural and Semantic Load Factors:**
* **Dual-Target Constraint:** Requiring two correct associations expands the search space and necessitates comparative evaluation across all options.
* **Cross-Domain Association:** Successful completion requires synthesizing two distinct semantic contexts: specialized biological taxonomy (*family*) and generalized hierarchical categorization (*type*).
* **Thematic Distractor Interference:** The option *furry* acts as a concrete, sensory-based distractor that exploits superficial associations with animal species, testing the ability to inhibit prototypical imagery in favor of precise conceptual relationships.
To successfully identify the correct associations for the target word ""species"" (""type"" and ""family""), a respondent requires a **low-to-moderate level of verbal cognitive ability**, specifically reflecting intermediate semantic comprehension and basic scientific/taxonomic vocabulary typically acquired by late elementary or early middle school.","Original Text: Choose two words that best go with the word [ target word ].: 28. species
type
not real
furry
family
The task is to pick the two words that best associate with “species” from the given options.
Primary construct: semantic association / vocabulary knowledge.

Justification: The item asks the respondent to select the two words most closely related in meaning or category to “species,” which assesses word knowledge and semantic grouping rather than clinical or attitudinal content.
This is a low-demand word-association item requiring simple semantic recall and basic matching, not multi-step reasoning or deep introspection. The main threshold is choosing two closely related words to the target; “not real” and “furry” are distractors, while “type” and “family” are the likely fits. The phrasing is straightforward, with minimal cognitive load and no strong emotional or conditional complexity.
This item requires a moderate level of the underlying verbal-semantic trait: the respondent needs enough vocabulary and category knowledge to recognize that “species” most strongly pairs with “type” and “family,” rather than the distractors.","Original Text: Choose two words that best go with the word [ target word ].: 28. species
type
not real
furry
family
The task is to pick the two options most closely associated with “species” from the listed words.
This item is measuring **verbal semantic categorization / vocabulary knowledge**. It asks the respondent to identify words most conceptually related to **“species”**; **“type”** and **“family”** fit taxonomic meaning, so the task assesses understanding of word meaning and semantic relationships.
Core ask: assess the cognitive demand of choosing the two words most related to “species” and note any features that raise difficulty.

This is a low-to-moderate cognitive-demand verbal association item. It mainly requires semantic knowledge/recall plus a small amount of comparison, not deep multi-step reasoning or synthesis. The likely task is to identify category-related associates (e.g., “type,” possibly “family”) and reject weaker distractors.

Load-increasing elements:
- Forced selection of exactly two answers, which adds discrimination pressure.
- Semantic overlap among options: “type” and “family” are both plausibly related at different levels of taxonomy.
- Distractors vary in obviousness: “not real” and “furry” are concrete but semantically mismatched, requiring inhibition.
- The prompt is simple and has no conditional logic or emotionally loaded wording.
This item appears to require a relatively high level of the underlying trait, since correctly linking “species” with conceptually appropriate associates like “type” and “family” depends on fairly strong verbal/conceptual knowledge and discrimination among distractors.","Original Text: Choose two words that best go with the word [ target word ].: 28. species
type
not real
furry
family
Select the two options that best relate to or commonly pair with “species.”
**Primary construct:** Vocabulary and semantic association.

**Justification:** The item measures recognition of words that form meaningful conceptual relationships with “species,” particularly “type” and “family” as taxonomic terms.
**Demand/severity:** Low-demand cognitive item requiring simple semantic association and selection of two options; primarily recognition/recall, not multi-step reasoning or synthesis.

**Load-increasing elements:** The incomplete prompt and ambiguous target word (“species”) require interpreting word relationships. Distractors vary in semantic plausibility (“type,” “family”) and concreteness (“furry”), but there is no conditional logic, complex phrasing, or emotional content.
This item requires a **low-to-moderate level of verbal-semantic ability**: recognizing that “species” is meaningfully associated with **type** and **family**.","Original Text: Choose two words that best go with the word [ target word ].: 28. species
type
not real
furry
family
Choose the two words most closely associated with “species” from: type, not real, furry, and family.
**Receptive vocabulary and semantic association:** The item assesses understanding of “species” by identifying related concepts—“type” and “family”—rather than unrelated descriptors.
Low-demand cognitive item requiring vocabulary recall and simple semantic matching. “Type” and “family” best relate to “species.” Cognitive load is mildly increased by selecting exactly two options and rejecting plausible but less relevant distractors (“furry,” “not real”); no multi-step reasoning, synthesis, conditional logic, or emotional threshold is involved.
This item requires a relatively low to moderate level of underlying verbal or cognitive ability to identify “type” and “family” as related to “species.”",1.051998863747423,0.4261483752429095,0.4641527363152327,0.573653460509687,1.77473916087584,1128.0,gilbert_meta_102,0.44549274841828523,0.4015492001116465,0.38005344177710615,0.34256484777163054,1.4559782317218963,0.4495091449546362,1.2012231034245955,0.3708577218778648,0.9785606361240717,0.41926091655809855,0.8154529618210243,0.34937799821711907,-0.38055690421207894,0.38328506785890615,-0.42867209435310316,0.4317451896281574,0.7850075564879055,0.38167832977073496,0.7201539656324567,0.3501458814105087,0.027451276051362994,0.38974453680846094,0.022393153997884722,0.3179309193589477,-0.15133962535903034,0.4068731699093432,-0.12713728973294203,0.3418057363668376
vocab_q19,Choose two words that best go with the word [ target word ].,20. hunter,"Choose two words that best go with the word [ target word ].: 20. hunter
search
handout
catcher
conclusion","Original Text: Choose two words that best go with the word [ target word ].: 20. hunter
search
handout
catcher
conclusion
Identify two words from the provided list—search, handout, catcher, and conclusion—that are most closely associated with the target word ""hunter.""
The construct measured by this word association task for ""hunter"" is **semantic association and lexical knowledge**. This item evaluates the respondent's ability to identify synonyms or functionally related concepts within a linguistic network, specifically requiring the recognition of shared semantic features between the target word and its correlates.
This analysis evaluates the cognitive demand and structural complexity of the word association item for ""hunter.""

**Cognitive Demand:** This item requires **synthesis** and **multi-step reasoning**. The respondent must evaluate multiple semantic relationships—identifying ""search"" as a functional process of hunting and ""catcher"" as a related role or outcome—to select the two most compatible terms.

**Structural/Semantic Elements:** The **multiple-response format** increases cognitive load by requiring the validation of two separate links. The **vague phrasing** (""best go with"") necessitates internal categorization of relationships, though the **low-plausibility distractors** (""handout,"" ""conclusion"") decrease the overall threshold for correct endorsement.
The level of the underlying latent trait required to successfully identify the semantic associations for the item ""hunter"" is **low-to-moderate verbal-semantic ability**. A respondent must possess sufficient vocabulary breadth and relational reasoning to recognize functional and categorical links between the target word and the correct options—""search"" and ""catcher""—while distinguishing them from semantically unrelated distractors.","Original Text: Choose two words that best go with the word [ target word ].: 20. hunter
search
handout
catcher
conclusion
The core task presented in this item is to select two words from a provided list of four options (""search,"" ""handout,"" ""catcher,"" ""conclusion"") that are most closely associated with the target word ""hunter.""
In determining the primary domain, skill, or construct assessed by the word selection task and justifying this classification:

**Primary Skill/Construct:** Semantic association (Vocabulary / Verbal Comprehension)

**Justification:** The item requires the respondent to understand the meaning of the target word (""hunter"") and identify semantically related concepts (""search,"" ""catcher"") from a list of distractors, directly measuring lexical knowledge and semantic network connectivity.
To analyze the cognitive demand and structural complexity of this semantic association task:

This item requires multi-step reasoning and synthesis to evaluate the relational fit between the target concept and each option. The structural requirement to ""choose two words"" increases the cognitive load by forcing the test-taker to evaluate all choices and hold multiple relationships in working memory rather than stopping at a single match. Semantically, the item relies on functional associations (""search"" and ""catcher"" representing the actions or goals of a ""hunter""), requiring the user to synthesize these conceptual links while filtering out categorically unrelated distractors (""handout,"" ""conclusion"").
Regarding the degree of the underlying latent trait necessary to successfully answer this item, a low to moderate level of cognitive ability (specifically verbal reasoning) is required, as identifying the semantic associations between ""hunter,"" ""search,"" and ""catcher"" relies on basic vocabulary and straightforward conceptual links.","Original Text: Choose two words that best go with the word [ target word ].: 20. hunter
search
handout
catcher
conclusion
The core task presented is to select two words from a provided list (search, handout, catcher, conclusion) that have the strongest semantic association or connection to the target word ""hunter.""
**Construct Measured:** Semantic Association (Lexical-Semantic Knowledge / Verbal Reasoning)

**Justification:** This item evaluates an individual's lexical-semantic knowledge and verbal reasoning by requiring them to recognize meaningful conceptual and functional relationships between the target stimulus (""hunter"") and semantically related terms (""search"" and ""catcher"") from a set of distractors.
This cognitive association item requires **moderate multi-step reasoning and semantic synthesis** to evaluate relational links between words rather than relying on direct recall. 

The structural and semantic elements that heighten cognitive load include:
* **Dual-Selection Requirement:** Requiring two answers increases the combinatorial complexity and verification steps compared to standard single-choice items.
* **Ambiguous Relational Framing:** The phrase ""best go with"" lacks explicit criteria, forcing the test-taker to deduce both thematic/functional (""search"") and role-based/occupational (""catcher"") parallels to the target word.
* **Morphological and Abstract Distractors:** Words like ""handout"" present plausible compound/affixed word forms that must be filtered out against more abstract distractors like ""conclusion.""
To successfully resolve this semantic association item, a respondent requires a **low-to-moderate level of the underlying latent trait of verbal cognitive ability and associative reasoning**. The vocabulary terms are common, and the conceptual relationships linking ""hunter"" to ""search"" and ""catcher"" are direct and foundational, requiring only standard semantic processing rather than advanced verbal intelligence.","Original Text: Choose two words that best go with the word [ target word ].: 20. hunter
search
handout
catcher
conclusion
The task is to pick the two words that most naturally pair with “hunter” from the given options.
Primary construct: **vocabulary/semantic association knowledge**.

Justification: The item asks the respondent to select the two words most closely related in meaning or association to **“hunter”** from a set of options, which measures word knowledge and semantic matching rather than clinical or psychological traits.
This is a low-to-moderate demand vocabulary association item: it mainly requires recall and simple semantic matching, not multi-step reasoning or deep synthesis. The endorsement threshold is low, but the structure adds some load because it asks for two best matches and includes distractors with weaker or indirect relations. The bracketed target-word format is straightforward; the main challenge is selecting the closest associations among similar options.
This item requires a moderate-to-high level of the underlying verbal-semantic trait: the respondent must recognize the target word’s meaning and select the two strongest associative or collocational matches.","Original Text: Choose two words that best go with the word [ target word ].: 20. hunter
search
handout
catcher
conclusion
The task is to pick the two words most closely associated with “hunter” from the options: search, handout, catcher, and conclusion.
This item is primarily measuring **verbal semantic association / vocabulary knowledge**. It asks the respondent to identify the two words most meaningfully related to **“hunter”**—likely **“search”** and **“catcher”**—which assesses understanding of word meaning and conceptual relationships rather than a clinical symptom, belief, or psychological trait.
This asks for the cognitive demand of a word-association item. It requires low-to-moderate recall plus simple comparison/elimination, not multi-step reasoning or synthesis. The main load comes from selecting two answers rather than one, which adds a mild combinational check. Structurally, the phrasing “best go with” is somewhat vague and relies on semantic association rather than a clearly defined relation. “Hunter” pairs fairly directly with “search” and “catcher,” while “handout” and “conclusion” function as distractors with weak relevance. No conditional logic or emotionally loaded wording increases difficulty.
This item appears to require a moderately high level of the underlying latent trait, since correctly identifying the two associated words for “hunter” depends on recognizing meaningful semantic relationships rather than relying on obvious or superficial similarity.","Original Text: Choose two words that best go with the word [ target word ].: 20. hunter
search
handout
catcher
conclusion
Choose the two words that best pair with “hunter” from the listed options.
This item measures **verbal ability, specifically semantic association and vocabulary**. It requires identifying which words are meaningfully or commonly associated with “hunter” among distractors, assessing recognition of word relationships and collocations.
This is a low-to-moderate verbal-association item requiring recall of common word pairings and brief comparison, not multi-step reasoning or synthesis. Its difficulty comes from the vague phrase “go with” and several loosely related distractors—especially “search” and “catcher”—which may require interpreting compounds, associations, or semantic roles. No complex syntax, conditional logic, emotional wording, or introspective endorsement is involved.
This item requires a **moderate level of verbal association and semantic reasoning**: the respondent must recognize common relationships involving “hunter,” but it does not demand high cognitive ability or specialized knowledge.","Original Text: Choose two words that best go with the word [ target word ].: 20. hunter
search
handout
catcher
conclusion
Select the two words most closely associated with “hunter” from the given options.
**Construct:** Semantic vocabulary knowledge (word association).  
**Justification:** The item tests whether the respondent can identify words meaningfully related to “hunter” (e.g., “search” and “catcher”) while rejecting unrelated options.
This is a low-to-moderate cognitive-demand verbal association item requiring recall and comparison across four options to select two semantically related words (“search” and “catcher”). Load is increased slightly by the two-answer requirement and distractors; phrasing and logic are otherwise simple, with no emotional or introspective demand.
This item requires a **moderate level of verbal cognitive ability**, as respondents must recognize the semantic associations between “hunter,” “search,” and “catcher.”",1.2198683022137633,-0.913368634750569,-1.1399511296611655,-1.2055669614107516,0.2995221338725932,528.0,gilbert_meta_102,-1.9157551372701405,0.47576674357273524,-1.6343460945363502,0.4058804301975531,-0.26151346904647466,0.4106617284101505,-0.2157559873019728,0.33880750763365325,0.442852981038563,0.428545480265885,0.36903770876123715,0.3571149995793632,-0.5321959866416937,0.40114940523770426,-0.5994834561531778,0.45186817999737733,0.09676960618636932,0.40857820169511155,0.08877496155526321,0.37482341385110685,1.4548455037676649,0.44774762932977513,1.1867783249144028,0.36524646785123177,0.9800746335323701,0.45725009991644716,0.8233404328027617,0.38412635352823815
vocab_q30,Choose two words that best go with the word [ target word ].,31. advantage,"Choose two words that best go with the word [ target word ].: 31. advantage
helps
follows
finds
power","Original Text: Choose two words that best go with the word [ target word ].: 31. advantage
helps
follows
finds
power
Select two words from the provided options that are most semantically related to the target word ""advantage.""
This item measures **lexical semantic knowledge** by requiring the respondent to identify conceptual associations and functional synonyms for the target word ""advantage."" The task evaluates the respondent's ability to link the target word with ""helps"" and ""power,"" demonstrating an understanding of the word's meaning and its contextual relationships.
This analysis evaluates the cognitive demand and structural complexity of the word association task for the target word ""advantage.""

**Cognitive Demand**
This item requires **synthesis** and **multi-step reasoning**. The respondent must evaluate the semantic relationship between the target and each option, comparing abstract definitions to identify which two words represent the most common functional or conceptual collocations.

**Structural and Semantic Elements**
*   **Multi-select constraint:** Requiring exactly two choices increases cognitive load by necessitating a comparative analysis of all options rather than a simple identification of a single synonym.
*   **Vague relational phrasing:** The instruction ""best go with"" is semantically broad, forcing the respondent to determine if the relationship is based on synonymy (helps) or situational outcome (power).
*   **Semantic breadth:** The target word ""advantage"" spans multiple contexts (benefit vs. leverage), requiring the test-taker to bridge different conceptual domains to select both correct associations.
To describe the level of the latent trait required for this item, the respondent must possess a **moderate** level of verbal cognitive ability. Successfully identifying ""helps"" and ""power"" as the associates for ""advantage"" requires the ability to recognize both functional relationships and abstract semantic synonyms, distinguishing them from common but unrelated verbs.","Original Text: Choose two words that best go with the word [ target word ].: 31. advantage
helps
follows
finds
power
The core task presented in the item requires selecting two words from a provided list (helps, follows, finds, power) that best associate with the target word ""advantage.""
In identifying the primary skill or construct assessed by the provided text and justifying this classification:

**Primary Skill/Construct:** Lexical semantic knowledge (Vocabulary)

**Justification:** The item requires the respondent to comprehend the meaning of the target word (""advantage"") and identify semantically related concepts (e.g., ""helps,"" ""power"") from a list, directly assessing depth of vocabulary and word association abilities.
Assessing the cognitive requirements and structural difficulty of selecting two words associated with the target word ""advantage."" 

This cognitive item requires multi-step reasoning and synthesis to evaluate and compare the semantic relationships between the target and all provided options. The cognitive load is increased by the structural requirement to select exactly two words, which disables a simple single-elimination strategy and taxes working memory. Additionally, the vague semantic phrasing ""best go with"" forces the test-taker to infer the intended relationship type (e.g., conceptual link versus synonymy), while options like ""helps"" and ""power"" serve as tricky distractors due to their abstract, context-dependent connections to the target word.
Regarding the overall magnitude of the underlying latent trait necessary to successfully answer this verbal association item, a low to moderate level of cognitive ability and verbal reasoning is required, as the target word and its correct associations rely on basic, everyday vocabulary rather than advanced linguistic comprehension.","Original Text: Choose two words that best go with the word [ target word ].: 31. advantage
helps
follows
finds
power
The core task is a vocabulary association exercise requiring the selection of two words from a given list that are most closely related to the target word ""advantage.""
**Construct Measured:** Lexical-Semantic Knowledge (Semantic Association and Vocabulary Comprehension)

**Justification:** The item assesses an individual's verbal ability to recognize conceptual overlap and semantic relationships by requiring them to identify words that functionally or definitionally relate to the target concept (""advantage""—specifically ""helps"" and ""power"") from a set of distractors.
Evaluating the cognitive demand level and load-increasing elements of this verbal association task reveals the following:

* **Cognitive Demand:** Requires **multi-step reasoning and semantic synthesis**. Rather than simple rote recall, the respondent must abstract the core definition and functional properties of ""advantage"" to evaluate overlapping semantic relationships across all options.
* **Dual-Selection Constraint:** The requirement to choose two correct options increases combinatorial cognitive load compared to a standard single-choice format.
* **Semantic and Collocational Distractors:** Distractors like ""finds"" and ""follows"" introduce plausible syntactic co-occurrences (e.g., ""finds an advantage""), requiring the test-taker to distinguish between superficial contextual pairings and direct conceptual or functional associations (e.g., ""helps,"" ""power"").
Successfully identifying the words most closely associated with the target word ""advantage"" requires an average to moderate level of the underlying latent trait of verbal cognitive ability and semantic comprehension.","Original Text: Choose two words that best go with the word [ target word ].: 31. advantage
helps
follows
finds
power
The task is to pick the two words that best associate with “advantage” from the given options.
This item appears to measure **vocabulary knowledge / semantic association**. The task asks the respondent to select words that most naturally relate to the target word “advantage,” which assesses understanding of word meaning and relatedness.
This is a low-demand vocabulary association item: it mainly requires simple word recall and semantic matching, not multi-step reasoning or deep synthesis. The threshold for endorsement is modest, since “advantage” only needs selecting the two closest associates. Structural load is slightly increased by the forced-choice format and the presence of plausible distractors, but the wording is straightforward and not emotionally loaded.
This item appears to require a moderate-to-high level of the underlying verbal-semantic trait, since the respondent must infer the target word’s meaning and select the two strongest associates rather than rely on simple recognition.","Original Text: Choose two words that best go with the word [ target word ].: 31. advantage
helps
follows
finds
power
The task is to select the two words most closely associated with “advantage” from the options: helps, follows, finds, and power.
This item is primarily measuring **verbal semantic reasoning / vocabulary knowledge**. It asks the respondent to identify which options are most meaningfully associated with **“advantage,”** so success depends on understanding the target word’s meaning and selecting semantically related words rather than demonstrating a clinical symptom, attitude, or psychological trait.
This asks for the cognitive demand of a word-association item and what makes it harder or easier to answer.

Low to moderate cognitive demand: it mainly requires semantic recall/vocabulary knowledge plus a small amount of comparison, not deep multi-step reasoning or synthesis. The task is somewhat harder than simple recognition because the respondent must select two words, which adds elimination and ranking among plausible options.

Load-increasing elements:
- The instruction “choose two words” adds a mild multi-step selection requirement.
- “Best go with” is somewhat vague, requiring judgment about strength of association rather than a single clearly defined relation.
- The options may invite distractor processing because more than one word can seem loosely related to “advantage”:
  - “helps” is a fairly direct semantic match.
  - “power” can feel associated in some contexts.
  - “follows” and “finds” are weaker but still require evaluation.
- No complex phrasing, conditional logic, or emotional wording.
This item appears to require a moderately high level of the underlying latent trait, since correctly linking “advantage” most strongly with “helps” depends on fairly strong verbal/conceptual ability, though not an extreme level.","Original Text: Choose two words that best go with the word [ target word ].: 31. advantage
helps
follows
finds
power
Choose the two options that best pair with “advantage”: helps, follows, finds, or power.
**Primary domain:** Verbal ability—specifically vocabulary and semantic association.

**Justification:** The item requires recognizing which two options form meaningful relationships or common collocations with “advantage,” assessing word meaning, contextual association, and verbal reasoning.
This is a **low-to-moderate cognitive-demand verbal-association item**. It primarily requires **lexical recall and comparison of word pairings**, not multi-step reasoning or synthesis. The instruction to select exactly two options creates a mild discrimination demand, while the lack of a sentence frame makes the intended relationship ambiguous. The distractors are semantically loose rather than strongly tricky, and there is no emotional or attitudinal threshold.
The item requires a **low-to-moderate level of verbal ability**: “advantage” is a common word, and identifying related terms mainly depends on basic vocabulary and semantic association rather than advanced reasoning.","Original Text: Choose two words that best go with the word [ target word ].: 31. advantage
helps
follows
finds
power
Choose the two words most closely associated with “advantage” from: helps, follows, finds, and power.
**Construct:** Receptive vocabulary and semantic association.  
**Justification:** The item tests understanding of the meaning of “advantage” by requiring selection of the two most closely related words (“helps” and “power”).
This is a low-demand verbal association item requiring basic vocabulary recall. The respondent must select two related words (“helps” and “power”) from simple distractors. Cognitive load is mildly increased by requiring two choices and by the somewhat indirect noun–verb association; there is no conditional logic, complex phrasing, or emotional content.
This item requires a **low-to-moderate level of verbal/cognitive ability**, as recognizing “helps” and “power” as related to “advantage” relies on fairly common vocabulary and semantic associations.",1.1353110890419131,0.7571261228744082,0.8765480089276447,1.0302730552048025,2.80183078473628,1279.0,gilbert_meta_102,1.1615939178992862,0.4076902940784046,0.990965101031164,0.34780386435861127,0.5852260873050367,0.38396579976281614,0.4828280268766172,0.31678261360716226,1.511664246826026,0.43211452312846704,1.2596982157750907,0.360089150046611,-0.5167441859217827,0.38232491749094605,-0.582078028205825,0.43066364396554613,-0.5554140468885863,0.40024904776627324,-0.5095283798595501,0.36718237500677764,0.45349908713462345,0.421740410470207,0.3699381725317474,0.3440312917009747,-0.12258943129172062,0.4102597070068,-0.10298484621828152,0.3446506961526788
vocab_q12,Choose two words that best go with the word [ target word ].,13. carnivore,"Choose two words that best go with the word [ target word ].: 13. carnivore
care
prey
meat
fruit","Original Text: Choose two words that best go with the word [ target word ].: 13. carnivore
care
prey
meat
fruit
The core task is to identify two words from a provided list that are most closely associated with the target word ""carnivore.""
This item assesses the conceptual categorization of biological terms through semantic association.

**Primary Knowledge Domain:** Biological Science (Zoology/Ecology)

**Justification:** The item requires identifying the defining dietary source (meat) and ecological relationship (prey) essential to the definition of a carnivore.
This analysis evaluates the cognitive demand and structural complexity of the vocabulary association task for the word ""carnivore.""

**Demand:** The item requires **recall** of the biological definition of a carnivore and **synthesis** to connect the term to both its food source (""meat"") and its ecological role (""prey"").

**Structural/Semantic Elements:** The **multi-select format** increases cognitive load by requiring the identification of two correct associations rather than one. The use of **categorical associations** requires the respondent to distinguish between the substance consumed and the predatory relationship, while the inclusion of a **direct antonym** (""fruit"") serves as a low-level distractor.
To determine the level of the underlying latent trait—specifically verbal intelligence and foundational biological knowledge—required to correctly associate ""carnivore"" with ""prey"" and ""meat,"" a respondent needs a low-to-moderate level of cognitive ability. The item relies on basic vocabulary acquisition and the ability to identify primary semantic relationships typically mastered at an elementary educational stage.","Original Text: Choose two words that best go with the word [ target word ].: 13. carnivore
care
prey
meat
fruit
The objective of this request is to summarize the provided test item, which tasks the user with selecting two words from a given list of four that are most conceptually related to the target word ""carnivore.""
The objective is to determine the main psychological construct, skill, or knowledge area assessed by the provided test item and justify this classification. 

**Construct:** Semantic knowledge (Vocabulary / Verbal Comprehension)

**Justification:** The item requires the respondent to understand the definition of the target word (""carnivore"") and correctly identify its logical semantic associations (""prey"" and ""meat"") while rejecting unrelated or contrasting distractors.
To analyze the cognitive demand and structural complexity of the vocabulary association task for the word ""carnivore"": 

This item requires recall of the target word's definition and multi-step reasoning to map that definition to related concepts. The cognitive load is elevated by the structural requirement to ""choose two words,"" which forces the test-taker to evaluate all options and hold multiple associations in working memory rather than stopping after identifying a single match. Additionally, the distractor ""fruit"" requires categorical discrimination regarding animal diets (meat vs. plants), while ""care"" serves as a tricky orthographic distractor sharing the first three letters of the target word.
Regarding the magnitude of the underlying latent trait needed to correctly answer this word association item, a low to moderate level of cognitive ability and verbal comprehension is required, as linking ""prey"" and ""meat"" to ""carnivore"" relies on basic, commonly acquired vocabulary and semantic knowledge.","Original Text: Choose two words that best go with the word [ target word ].: 13. carnivore
care
prey
meat
fruit
The core task requires selecting two terms from the provided four-option list that are most closely associated with the target concept ""carnivore.""
**Target Construct:** Lexical-Semantic Knowledge (Vocabulary and Semantic Association)

**Justification:** This item evaluates a respondent's comprehension of word meanings and conceptual relationships by requiring them to identify terms semantically linked to the biological concept of a ""carnivore"" (""meat"" and ""prey"") while discriminating against unrelated or incorrect options.
This cognitive ability item assesses the demand and structural complexity of a multi-response vocabulary association task.

*   **Cognitive Demand:** Low-to-moderate recall and basic semantic association. It requires retrieving the definition of ""carnivore"" and identifying related diet- and behavior-based concepts (""meat"" and ""prey"") rather than complex multi-step reasoning or synthesis.
*   **Structural and Semantic Elements:** 
    *   *Multi-Selection Format:* Requiring two correct options slightly elevates cognitive load compared to a standard single-choice task.
    *   *Orthographic Distractor:* The option ""care"" acts as a surface-level visual distractor due to its shared initial letters (*car-*) with the target word.
    *   *Categorical Distractor:* The option ""fruit"" introduces a basic semantic contrast distractor testing direct category discrimination (herbivorous vs. carnivorous diets).
To successfully identify the correct semantic associations for the term ""carnivore,"" a respondent requires a **low to moderate level of the underlying latent trait of verbal and cognitive ability**, characterized by foundational vocabulary and elementary science knowledge.","Original Text: Choose two words that best go with the word [ target word ].: 13. carnivore
care
prey
meat
fruit
The task is to pick the two words most closely associated with “carnivore” from the options given.
Primary construct: vocabulary/semantic association knowledge, specifically understanding of the word “carnivore.”  
Justification: The item asks the respondent to select the two words most semantically related to “carnivore”; “prey” and “meat” best match its meaning as an animal that eats meat.
This is a low-severity, low-demand vocabulary matching item. It mainly requires simple recall/word association rather than multi-step reasoning or synthesis. The task is straightforward, but the “choose two” instruction adds a small structural load, and the distractors create a basic semantic contrast: “prey” and “meat” fit, while “care” and “fruit” do not.
This item requires a moderate-to-high level of the underlying verbal-semantic trait: the respondent must understand the target word’s meaning and select the most semantically related options. For “carnivore,” the strongest endorsements would come from recognizing that it is associated with meat and prey, indicating solid vocabulary and conceptual knowledge rather than extreme ability.","Original Text: Choose two words that best go with the word [ target word ].: 13. carnivore
care
prey
meat
fruit
The task is to select the two words most associated with “carnivore” from the options given.
This item is measuring **verbal semantic knowledge / vocabulary (categorical association)**. It asks the respondent to identify the two words most meaningfully associated with **“carnivore”**—likely **prey** and **meat**—which assesses understanding of word meaning and semantic relationships.
Core ask: assess the cognitive demand of selecting the two words most associated with “carnivore” and note any features that raise difficulty.

This is a low-to-moderate cognitive-demand item. It mainly requires vocabulary knowledge/semantic association plus a small amount of comparison, not deep multi-step reasoning or synthesis. The likely pair is “prey” and “meat,” so the task is to identify the two strongest category-related associates.

Load-increasing elements:
- Forced selection of exactly two answers increases discrimination demand.
- Semantic overlap/trap: both “prey” and “meat” fit, while “fruit” is a clear distractor and “care” is unrelated.
- The phrase “best go with” is somewhat broad, requiring judgment about strongest association rather than a single factual match.

No severe endorsement threshold applies, since this is not a psychological/attitudinal item.
This item requires a moderately high level of the underlying trait, since correctly selecting **prey** and **meat** depends on a fairly strong vocabulary/semantic understanding of **carnivore**.","Original Text: Choose two words that best go with the word [ target word ].: 13. carnivore
care
prey
meat
fruit
Select the two words most closely associated with “carnivore” from the options provided.
**Primary domain:** Vocabulary and semantic association.

**Justification:** The item measures whether the respondent understands that a carnivore eats **meat** and hunts **prey**, distinguishing related words from an unrelated option like “fruit.”
This is a low-demand cognitive association item requiring simple semantic recall, not multi-step reasoning or synthesis. The best choices are **prey** and **meat**. Distractors (**care**, **fruit**) are semantically unrelated, with no complex phrasing, conditional logic, or emotional wording.
This item requires a relatively low level of verbal reasoning or cognitive ability: identifying that “carnivore” is associated with **prey** and **meat** is straightforward.","Original Text: Choose two words that best go with the word [ target word ].: 13. carnivore
care
prey
meat
fruit
Choose the two words most closely associated with “carnivore” from care, prey, meat, and fruit.
**Vocabulary/semantic association:** Measures understanding of the word **“carnivore”** by selecting its strongest semantic associates, **“prey”** and **“meat.”**
This is a low-demand vocabulary/semantic association item requiring recall and simple comparison. The respondent must select two related words: **prey** and **meat**. Cognitive load is mildly increased by the two-answer requirement and distractors, but there is no complex phrasing, conditional logic, or emotional content.
This item requires a **low to moderate level of the underlying verbal/cognitive ability**, as recognizing that a carnivore is associated with “prey” and “meat” relies on common vocabulary and basic conceptual knowledge.",2.677214393785563,-0.2814059000200685,-0.5559135005021949,-0.5590157032129084,0.5717715798910697,734.0,gilbert_meta_102,-1.670185981635877,0.5423648573996368,-1.424849075506379,0.4626958160049386,-0.4699961393699137,0.4157479909221844,-0.3877600700553221,0.3430038176514974,-1.116705133121318,0.4330864033548797,-0.9305713664217559,0.36089903609751794,0.5533954418140334,0.3934646247000119,0.6233632353590944,0.44321178477428425,0.5203052793075675,0.40601844704324125,0.4773201316803129,0.372475133954493,-2.8686192665613266,0.6044696260521718,-2.3400527129308917,0.49309115532201164,-1.011798250530596,0.42812354067987735,-0.8499907874346835,0.35965773341768553
vocab_q9,Choose two words that best go with the word [ target word ].,10. system,"Choose two words that best go with the word [ target word ].: 10. system
interconnect
cold
direction
network","Original Text: Choose two words that best go with the word [ target word ].: 10. system
interconnect
cold
direction
network
Identify two words from the provided list—interconnect, cold, direction, and network—that are most closely associated with the target word ""system.""
This item measures the psychological construct of **Verbal Reasoning**, specifically focusing on **Semantic Association**.

**Justification:** The task requires the respondent to identify conceptually related terms (""interconnect"" and ""network"") for a target word (""system""), evaluating their ability to recognize linguistic relationships and vocabulary depth.
This analysis evaluates the cognitive demand and structural complexity of the word association task for the target word ""system.""

**Cognitive Demand:** This item requires **synthesis** and **multi-step reasoning**. The respondent must move beyond simple recall to evaluate the semantic proximity of multiple abstract terms, identifying a specific conceptual cluster (interconnectivity) that aligns with the target.

**Structural/Semantic Elements:**
*   **Multi-select constraint:** Requiring two correct answers increases cognitive load by forcing the respondent to maintain multiple potential associations in working memory.
*   **Abstract semantic mapping:** The target and correct options (""interconnect,"" ""network"") are abstract concepts, requiring higher-level linguistic processing than concrete nouns.
*   **Functional clustering:** The item relies on identifying a functional relationship rather than a direct synonym, increasing the threshold for correct identification.
To describe the level of the latent trait required to correctly associate ""system"" with ""interconnect"" and ""network,"" this item necessitates a moderate level of cognitive ability and verbal reasoning, specifically involving the capacity for abstract semantic mapping and the identification of structural synonyms.","Original Text: Choose two words that best go with the word [ target word ].: 10. system
interconnect
cold
direction
network
The objective of this request is to distill the primary activity described in the provided text. 

The item requires the user to identify which two words from a list of four options (interconnect, cold, direction, network) share the strongest semantic association with the target word ""system.""
To identify the primary construct measured by the provided word association item and justify this classification:

**Construct:** Semantic knowledge (Verbal comprehension)

**Justification:** The task requires the respondent to understand the meaning of the target word (""system"") and recognize conceptually related terms (""interconnect,"" ""network"") among unrelated distractors, which directly assesses vocabulary and the strength of semantic network associations.
To analyze the cognitive demand and structural elements of this word association task: 

This cognitive item requires multi-step reasoning and synthesis to evaluate the semantic relationships between the target word (""system"") and the provided options. The structural requirement to ""choose two words"" increases cognitive load by demanding higher working memory than a standard single-choice item. Additionally, the semantic closeness of the correct answers (""interconnect"" and ""network"") requires precise vocabulary knowledge to successfully bypass plausible distractors (such as ""direction"").
Evaluating the degree of the underlying latent trait necessary to successfully answer this item indicates that a low to moderate level of cognitive ability (specifically verbal reasoning and semantic knowledge) is required, given that the target word ""system"" and its correct associations (""interconnect,"" ""network"") rely on common vocabulary and straightforward conceptual relationships.","Original Text: Choose two words that best go with the word [ target word ].: 10. system
interconnect
cold
direction
network
The core task is to identify and select the two options from the provided list that are most closely associated with the target word ""system.""
The primary psychological construct this item is attempting to measure is **semantic association and verbal comprehension** (crystallized intelligence). 

**Justification:** The task evaluates an individual's ability to access lexical knowledge and identify meaningful conceptual and thematic relationships by pairing the target word (""system"") with its correct semantic associates (""interconnect"" and ""network"").
**Cognitive Demand Analysis:**

This item requires **moderate semantic reasoning and conceptual synthesis** rather than basic recall, as the test-taker must map abstract relationships between a target concept and multiple candidates. 

**Structural and Semantic Load Factors:**
* **Dual-Selection Requirement:** Mandates a multi-step comparative evaluation to identify two valid associates rather than recognizing a single correct answer, increasing working memory load.
* **Cross-Syntactic Mapping:** Links a noun target (*system*) to both a structural noun (*network*) and a functional verb (*interconnect*), requiring cognitive flexibility across different parts of speech.
* **Abstract Distractor Interference:** The distractor *direction* introduces mild interference due to its plausible connection to systematic processes, requiring fine-grained semantic discrimination.
Successfully identifying the correct semantic associates for ""system"" requires a **low-to-moderate (average) level of verbal cognitive ability and semantic reasoning**, reflecting foundational vocabulary knowledge and basic relational abstraction.","Original Text: Choose two words that best go with the word [ target word ].: 10. system
interconnect
cold
direction
network
Identify the two words that most strongly associate with the target word “system” from the given options.
This item is measuring **semantic association / vocabulary knowledge**—specifically, the ability to identify words most closely related in meaning or context to a target term. The best matches are likely **interconnect** and **network**, which are conceptually linked to “system.”
This is a low-demand word-association item: it mainly requires simple semantic recall and selecting the two closest associates to “system.” The threshold is modest, but the task has mild cognitive load from the forced-choice format and the need to compare multiple plausible options. Structural features increasing load include the placeholder target word, the instruction to choose exactly two, and distractor words that are semantically related but less direct.
This item requires a very high level of the underlying trait: strong verbal-semantic reasoning and lexical association ability. The correct response reflects advanced language knowledge and the capacity to identify the most fitting collocations among distractors.","Original Text: Choose two words that best go with the word [ target word ].: 10. system
interconnect
cold
direction
network
The task is to select the two words that are most closely associated with the target word “system” from the options: interconnect, cold, direction, and network.
This item is measuring verbal semantic association / vocabulary knowledge. It asks the respondent to identify words most conceptually related to “system,” which assesses understanding of word meaning and semantic relationships rather than attitude, symptom, or belief.
Core ask: assess the cognitive demand of choosing the two words most associated with “system” and note any features that raise difficulty.

This is a cognitive/ability item requiring low-to-moderate semantic reasoning, not mere recall. The test-taker must compare multiple associations and select the two best fits, which involves light multi-step reasoning rather than synthesis.

Load-increasing elements:
- Forced choice of exactly two answers increases discrimination demand.
- “Best go with” is somewhat vague, requiring judgment of semantic closeness rather than a single factual match.
- Plausible distractors: “direction” and “cold” are real words but weakly related, so the main challenge is ranking associations.
- “interconnect” and “network” are both strongly linked to “system,” making the item manageable overall.

No complex phrasing, conditional logic, or emotional wording.
This item appears to require a moderately high level of the underlying trait, because correctly linking “system” with “interconnect” and “network” depends on fairly strong verbal-conceptual reasoning and recognition of abstract semantic relationships.","Original Text: Choose two words that best go with the word [ target word ].: 10. system
interconnect
cold
direction
network
Choose the two words that best pair with “system” from: interconnect, cold, direction, and network.
**Primary construct:** Verbal–semantic reasoning, specifically identifying words that form meaningful associations or collocations. The item assesses vocabulary and relational word knowledge by requiring selection of the two options most semantically connected to a target word.
This is a low-to-moderate verbal-association item requiring semantic recall and comparison, with slight synthesis to select the two strongest collocations for “system.” Its main difficulty comes from the vague phrase “go with,” mixed word classes, and multiple plausible pairings (especially “network,” “direction,” and “interconnect”), making the distractors somewhat ambiguous. It does not require multi-step reasoning, emotional endorsement, or deep introspection.
This item requires a **moderate level of verbal–semantic reasoning**, involving recognition that “system” relates most strongly to concepts such as **network** and **interconnection**.","Original Text: Choose two words that best go with the word [ target word ].: 10. system
interconnect
cold
direction
network
Select the two words most closely associated with “system” from: interconnect, cold, direction, and network.
**Domain: Vocabulary—semantic word association.** The item measures understanding of the target word **“system”** by selecting its closest semantic associates, **“interconnect”** and **“network.”**
Moderate cognitive demand: requires semantic association and selecting two related words (“interconnect,” “network”) while rejecting plausible but weaker distractors. Minimal recall and no multi-step reasoning or synthesis; simple phrasing with a two-choice constraint slightly increases load.
This item requires a **moderate level of verbal reasoning and vocabulary ability** to identify “interconnect” and “network” as most closely related to “system.”",1.083178320430531,-0.5003418800578889,-0.5739680592972105,-0.5791667159437885,0.560365115387528,728.0,gilbert_meta_102,1.5614477928831203,0.4037968920313062,1.3320836533197726,0.3444823718012679,0.8044983884373262,0.3682901474535911,0.6637338593420382,0.30384975835916644,1.2979919623715142,0.4016492423355597,1.0816410869827118,0.33470185922558965,1.3618602477667496,0.4040007108485011,1.5340451800108974,0.4550799865216912,0.7943708202596889,0.3801890228729442,0.7287436810826879,0.348779613965535,1.4218731333288432,0.410671396334495,1.1598813833102921,0.3350018339197779,1.2337086966517898,0.402815380565196,1.0364131643656778,0.3383968714492841
vocab_q20,Choose two words that best go with the word [ target word ].,21. organism,"Choose two words that best go with the word [ target word ].: 21. organism
creature
practice
animal
order","Original Text: Choose two words that best go with the word [ target word ].: 21. organism
creature
practice
animal
order
Identify two synonyms or semantically related terms for the target word ""organism"" from the provided options.
This assessment identifies the primary knowledge domain and skill measured by the word association task for the term ""organism.""

**Knowledge Domain:** Biological Science
**Skill:** Semantic Association / Vocabulary Breadth

**Justification:** The item requires the respondent to identify synonyms (""creature"" and ""animal"") that define the target word, measuring the ability to recognize categorical relationships and lexical depth within life science terminology.
This analysis evaluates the cognitive demand and structural complexity of the vocabulary item for the target word ""organism.""

**Cognitive Demand**
This item requires **synthesis** and **multi-step reasoning**. The respondent must categorize the target word within a biological framework and perform a comparative evaluation of the options to identify the two most semantically equivalent terms.

**Structural and Semantic Elements**
*   **Multiple Selection:** The requirement to choose two words increases cognitive load by preventing a simple process of elimination and requiring a higher threshold for certainty across the entire set.
*   **Taxonomic Distractor:** The inclusion of ""order"" functions as a sophisticated distractor; it is a biological term related to organisms (taxonomic rank) but does not share the synonymous relationship found in ""creature"" and ""animal.""
*   **Semantic Categorization:** The item forces a distinction between concrete biological entities and abstract concepts (""practice""), requiring precise vocabulary mapping.
The level of the underlying latent trait—specifically verbal intelligence and basic scientific literacy—required to correctly associate ""organism"" with ""creature"" and ""animal"" is low to moderate. A respondent must possess a foundational vocabulary to recognize ""organism"" as a biological classification and distinguish its synonyms from abstract or organizational terms.","Original Text: Choose two words that best go with the word [ target word ].: 21. organism
creature
practice
animal
order
The core task presented in this item is to select two words from a provided list of four options (""creature,"" ""practice,"" ""animal,"" ""order"") that are most closely associated with the target word ""organism.""
In identifying the primary construct or skill assessed by the provided text and justifying this selection:

**Construct:** Semantic knowledge (Vocabulary)
**Justification:** The task requires the respondent to understand word meanings and recognize lexical relationships by selecting synonyms (""creature,"" ""animal"") that are semantically related to the target word (""organism"").
To assess the cognitive demand, required mental processes, and structural or semantic elements that influence the difficulty of this vocabulary association task:

This cognitive item requires semantic recall and basic synthesis to match the target word (""organism"") with its closest related concepts. The cognitive load is slightly elevated by the structural requirement to select exactly two options (""creature"" and ""animal"") rather than a single correct answer. The threshold for success is relatively low, as the distractors (""practice,"" ""order"") lack strong semantic overlap, though ""order"" may act as a weak distractor for individuals recalling biological taxonomy.
Regarding the magnitude of the underlying latent trait necessary to successfully answer this item, a low level of cognitive ability and verbal comprehension is required, as the target word ""organism"" and its correct associations (""creature,"" ""animal"") are common, foundational vocabulary.","Original Text: Choose two words that best go with the word [ target word ].: 21. organism
creature
practice
animal
order
The core task is to identify and select two words from the provided options that share the strongest semantic association or meaning with the target word ""organism.""
This item is assessing **verbal comprehension and semantic association (a facet of crystallized intelligence/vocabulary knowledge)**. 

**Justification:** The task requires the respondent to recognize the core meaning of the target concept (""organism"") and accurately link it to its semantically related counterparts (""creature"" and ""animal"") while rejecting unrelated distractors.
This verbal association item evaluates cognitive ability through semantic recall and categorical classification (identifying hyponyms/synonyms of ""organism""). 

The cognitive load is driven by two main elements:
* **Dual-Selection Format:** Requiring two correct answers (""creature"" and ""animal"") increases processing demands relative to standard single-choice items, as the test-taker must evaluate the relative associative strength of all options simultaneously.
* **Domain-Specific Distractor:** The distractor ""order"" introduces semantic interference by referencing biological classification/taxonomy, requiring test-takers to differentiate between biological categorization terms and entities that actually define a living being.
The degree of underlying verbal ability and semantic knowledge required to correctly identify the associates for ""organism"" is low to low-moderate. Successfully linking ""organism"" to ""creature"" and ""animal"" relies on basic categorical classification and foundational life-science vocabulary rather than advanced lexical or abstract reasoning skills.","Original Text: Choose two words that best go with the word [ target word ].: 21. organism
creature
practice
animal
order
The task is to pick the two words that best match the target word “organism” from the given options.
This item is measuring **vocabulary/semantic association knowledge**—specifically, the ability to identify words most closely related in meaning to **“organism.”** The best matches are **“creature”** and **“animal,”** which are direct semantic associates, unlike **“practice”** and **“order.”**
This is a low-to-moderate demand vocabulary association item. It mainly requires recall and semantic matching, not multi-step reasoning or synthesis. The endorsement threshold is modest: the target word “organism” is best matched by two related terms, so the task depends on recognizing close synonyms/near-synonyms.

Structural load is slightly increased by the forced-choice format and the instruction to choose exactly two words, which requires filtering distractors. The distractors “practice” and “order” are semantically unrelated, making the item relatively straightforward rather than tricky.
This item requires a moderate level of the underlying verbal-semantic trait: the respondent must recognize that the target word is most strongly associated with living things and select the two closest semantic matches.","Original Text: Choose two words that best go with the word [ target word ].: 21. organism
creature
practice
animal
order
The task is to select the two words most closely associated with “organism” from the given options.
This item is measuring **verbal semantic association / vocabulary knowledge**. It asks the respondent to identify the two words most closely related in meaning or category to **“organism”**—namely **“creature”** and **“animal”**—which assesses understanding of word meanings and conceptual relationships.
This asks for the cognitive demand of a word-association item.

Low to moderate demand: it mainly requires semantic knowledge/recall plus a small amount of comparison, not deep multi-step reasoning or synthesis. The respondent must identify which two options are most closely related to “organism” (“creature” and “animal”), so the task involves recognizing near-synonyms/category overlap and rejecting the weaker distractors (“practice,” “order”).

Load-increasing elements: forced selection of exactly two answers, similarity-based discrimination among related meanings, and somewhat abstract wording (“best go with”) rather than a precise relation type. No conditional logic, emotional wording, or endorsement threshold issues.
This item appears to require a relatively low to moderate level of the underlying trait, since the correct associations for “organism” (“creature” and “animal”) are fairly direct and common. Successfully answering it likely reflects basic to modest verbal/conceptual ability rather than a high level of the latent trait.","Original Text: Choose two words that best go with the word [ target word ].: 21. organism
creature
practice
animal
order
Choose the two words most closely associated with “organism” from “creature,” “practice,” “animal,” and “order.”
**Primary construct:** Vocabulary and semantic association (verbal reasoning).

**Justification:** The item measures the ability to recognize words closely related in meaning to **“organism,”** with **“creature”** and **“animal”** being the strongest associations.
This is a low-to-moderate verbal ability item requiring semantic association and vocabulary knowledge, primarily recall rather than multi-step reasoning or synthesis. The respondent must identify two near-synonyms of “organism”: **creature** and **animal**. “Practice” and “order” are plausible only in indirect or specialized contexts, creating mild distractor ambiguity. No complex phrasing, conditional logic, emotional wording, or introspection is involved.
The item requires a relatively low-to-moderate level of verbal-semantic ability: recognizing that **“creature”** and **“animal”** are associated with **“organism.”** It does not require high cognitive ability or strong psychological/attitudinal traits.","Original Text: Choose two words that best go with the word [ target word ].: 21. organism
creature
practice
animal
order
Select the two words most closely associated with “organism” from: creature, practice, animal, and order.
**Receptive vocabulary and semantic association:** The item measures understanding of the word **“organism”** by requiring selection of its closest semantic associates, **“creature”** and **“animal.”**
**Moderate cognitive demand:** requires semantic recall and comparison across options to identify two synonyms/close associates: **creature** and **animal**. The “choose two” format adds a small multi-selection burden, while distractors **practice** and **order** may evoke alternative meanings of “organism” only weakly. No multi-step reasoning, synthesis, emotional intensity, or introspection is required.
This item requires a relatively low to moderate level of the underlying verbal/cognitive ability, as “creature” and “animal” are straightforward associations with “organism.”",1.014476428583222,-0.2889839651290605,-0.3170734248287791,-0.2931042605544314,0.7459443640698018,824.0,gilbert_meta_102,-0.1562046954142351,0.38681465473020465,-0.13325948026023554,0.3299946887620387,-1.5336537524912757,0.4695083335315656,-1.265307598704699,0.3873576164813314,-1.0609437811305233,0.4376716634053176,-0.8841043842466493,0.36472001943858,0.5696916949957209,0.3768038906247563,0.6417198829568197,0.42444457364120275,-1.8999165502271824,0.4778887495613948,-1.7429544807673738,0.43840785389061,-0.3745034024074898,0.3966321504059739,-0.305498088582527,0.3235494338381453,-0.5783288304217179,0.4105723438009245,-0.4858420912553958,0.3449133358584498
vocab_q0,Choose two words that best go with the word [ target word ].,1. signal,"Choose two words that best go with the word [ target word ].: 1. signal
similar
messenger
metal
transmit","Original Text: Choose two words that best go with the word [ target word ].: 1. signal
similar
messenger
metal
transmit
Identify two words from the provided list that are most closely associated with the target word ""signal.""
This item measures **lexical-semantic knowledge**, specifically the ability to identify functional and synonymous associations. It requires the respondent to recognize ""messenger"" and ""transmit"" as words related to the target ""signal,"" evaluating the depth of their vocabulary and understanding of word relationships.
This analysis evaluates the cognitive demand and structural complexity of the vocabulary association item for the target word **signal**.

**Cognitive Demand**
This item requires **multi-step reasoning** and **synthesis**. The respondent must move beyond simple recall to evaluate semantic relationships across different parts of speech, identifying both a functional action (*transmit*) and a related agent or medium (*messenger*).

**Structural and Semantic Elements**
*   **Multiple-Response Format:** Requiring the selection of ""two words"" increases cognitive load by forcing the respondent to hold multiple potential relationships in working memory simultaneously.
*   **Phonetic Distractor:** The word *similar* acts as a ""tricky distractor"" due to its visual and phonetic overlap with the prefix of *signal*, potentially triggering an incorrect intuitive response.
*   **Categorical Shift:** The correct options span different grammatical categories (a noun and a verb), requiring the respondent to synthesize diverse conceptual links rather than identifying simple synonyms.
To determine the level of the underlying latent trait required for this item, the core task is to assess the verbal cognitive ability and semantic reasoning necessary to correctly associate ""signal"" with ""messenger"" and ""transmit."" This item requires a **moderate** level of verbal ability, as it necessitates the identification of functional and communicative relationships while distinguishing them from phonological distractors (e.g., ""similar"") or unrelated categories (e.g., ""metal"").","Original Text: Choose two words that best go with the word [ target word ].: 1. signal
similar
messenger
metal
transmit
The core task presented in this item is to select two words from a provided list that are most closely associated with the target word ""signal.""
In determining the primary construct or skill this item aims to evaluate and providing a brief rationale:

**Skill/Construct:** Semantic knowledge (Lexical association)
**Justification:** The task requires the individual to comprehend the meaning of a target word and identify its conceptual and functional relationships with other words in a given list.
In analyzing the cognitive demand, required mental processes, and structural elements that increase the difficulty of this word association task:

This cognitive item requires vocabulary recall and multi-step reasoning to evaluate and synthesize semantic relationships with the target word ""signal."" The cognitive load is elevated by the structural requirement to ""choose two words,"" which taxes working memory more than a standard single-answer format. Semantically, the instruction ""best go with"" is broad, forcing the user to infer associative links (e.g., the functional relationships of ""transmit"" and ""messenger"") rather than identifying strict synonyms. Additionally, the distractor ""similar"" acts as a phonetic or visual trap, raising the threshold for correct selection.
Evaluating the overall magnitude of the underlying latent trait (verbal cognitive ability) necessary to successfully identify the two words most closely associated with the target word ""signal,"" this item requires a low to moderate level of verbal reasoning and vocabulary.","Original Text: Choose two words that best go with the word [ target word ].: 1. signal
similar
messenger
metal
transmit
The presented item requires identifying the two words from a given list that share the strongest semantic association or relationship with the target word ""signal.""
The primary cognitive skill and psychological construct this item assesses is **semantic association and vocabulary depth (verbal comprehension)**. 

**Justification:** The task requires the test-taker to analyze lexical relationships within their mental lexicon and identify which response options (""messenger"" and ""transmit"") share functional and conceptual meaning with the target word (""signal""), evaluating the breadth of their receptive vocabulary and semantic reasoning abilities.
This evaluation measures the cognitive complexity and semantic processing load of the provided vocabulary association task.

**Cognitive Demand Level:**
The item requires **multi-step reasoning and associative synthesis** rather than basic recall. The test-taker must actively map the semantic network of the target word (""signal"") and simultaneously cross-evaluate functional relationships among all four response options to identify a cohesive pair.

**Structural and Semantic Load Factors:**
* **Dual-Selection Constraint:** Requiring two answers instead of one expands the decision matrix, forcing working memory to hold and compare multiple candidate pairings.
* **Abstract/Functional Linkages:** The primary connections (""transmit"" as the action, ""messenger"" as the agent) rely on functional communication concepts rather than direct synonyms, necessitating deeper relational mapping.
* **Orthographic and Tangential Distractors:** ""Similar"" functions as a visual/orthographic distractor (shared *s-i* onset), while ""metal"" presents a weak, tangential association (physical transmission medium) that tests the examinee's ability to reject low-salience associations in favor of primary communicative links.
Successfully identifying the terms associated with ""signal"" requires a low-to-moderate level of the underlying latent trait of verbal cognitive ability, specifically standard semantic reasoning and basic vocabulary comprehension.","Original Text: Choose two words that best go with the word [ target word ].: 1. signal
similar
messenger
metal
transmit
The task is to pick the two words that best associate with the target word “signal” from the four options.
Primary construct: semantic association / vocabulary knowledge.

Justification: The item measures the ability to identify words most closely related in meaning or association to the target word, reflecting lexical-semantic knowledge rather than clinical or attitudinal traits.
This is a low-severity, low-demand word-association item. It mainly requires simple semantic recall and matching, not multi-step reasoning or deep synthesis. The main load comes from the instruction to choose two options and the need to infer the target word’s meaning from the surrounding choices. Structural complexity is minimal; there is no conditional logic or emotionally loaded wording, and the only mild distractor effect comes from having several plausible semantic neighbors.
This item requires a moderate to high level of verbal-semantic ability, specifically the capacity to recognize close word associations and select the two most semantically related options.","Original Text: Choose two words that best go with the word [ target word ].: 1. signal
similar
messenger
metal
transmit
The task is to pick the two words most closely associated with the target word “signal” from the options: similar, messenger, metal, and transmit.
This item is measuring verbal semantic reasoning, specifically synonym/association knowledge. The task is to identify the two words most semantically related to “signal” (“messenger” and “transmit”), which assesses vocabulary-based conceptual linkage rather than attitude, symptom, or belief.
Core ask: assess the cognitive demand of this verbal analogy-style item and note features that raise difficulty.

This item requires low-to-moderate cognitive demand, mainly semantic association plus a small amount of comparison. It does not require deep recall or synthesis, but it does require selecting the two strongest associates among plausible options, so there is some multi-step reasoning: interpret “signal,” evaluate each option’s relation, then choose the best pair.

Load-increasing elements:
- “Choose two” adds comparison/elimination rather than simple recognition.
- Multiple plausible associates create mild distractor difficulty:
  - “transmit” is a strong functional associate.
  - “messenger” is also plausibly related through communication.
  - “similar” and “metal” are weaker/less relevant distractors.
- “Best go with” is somewhat vague, requiring judgment about semantic closeness rather than a single explicit rule.

No severe emotional, attitudinal, or introspective threshold is involved.
This item appears to require a moderately high level of the underlying verbal reasoning ability, since successfully selecting “messenger” and “transmit” depends on recognizing abstract semantic associations with “signal” rather than relying on simple surface similarity.","Original Text: Choose two words that best go with the word [ target word ].: 1. signal
similar
messenger
metal
transmit
Choose the two words most closely associated with “signal” from the options provided.
**Primary domain:** Verbal reasoning and lexical-semantic association.  

**Justification:** The item assesses the ability to recognize which words form meaningful semantic or collocational relationships with a target word, requiring vocabulary knowledge and associative language processing.
This cognitive item requires **semantic association and selection**, mainly recall with light comparison—not multi-step reasoning or synthesis. Because the target word is omitted, difficulty and correct pair cannot be determined. The five options include overlapping associations (“signal,” “messenger,” “transmit”) and a potentially ambiguous distractor (“metal”), increasing ambiguity and cognitive load.
This item requires a **moderate level of verbal-semantic ability**: the respondent must recognize the strongest associations among “signal,” “messenger,” and “transmit,” but it does not demand advanced cognitive ability.","Original Text: Choose two words that best go with the word [ target word ].: 1. signal
similar
messenger
metal
transmit
Select the two words most closely associated with “signal” from: similar, messenger, metal, and transmit.
**Primary skill: Vocabulary knowledge and semantic association.** The item measures understanding of the target word’s meaning by requiring selection of two related words—“messenger” and “transmit” for “signal”—while rejecting unrelated distractors.
Moderate cognitive demand: requires semantic association and comparison to select two related words (“messenger,” “transmit”), not simple recall. Load increases because two answers are required and distractors share superficial features, especially “similar” (same initial sound) and “metal” (possible contextual association). No complex syntax or conditional logic.
This item requires a **low-to-moderate level of verbal/cognitive ability**, as the relevant associations with “signal” are based on common vocabulary and straightforward semantic relationships.",1.9097488975637928,-0.6190311460348488,-1.0283411870554768,-1.0884772409241965,0.3367288604304934,568.0,gilbert_meta_102,0.9415681974523475,0.3834118261311188,0.8032593917188502,0.3270917083533747,0.6336698559961516,0.3783678784806586,0.5227955022831035,0.3121641706738999,0.6662350263776878,0.3761485119105473,0.5551861637112807,0.3134516214927086,0.29546160331334437,0.36318155002583724,0.3328178858178682,0.40909991109560967,0.4836522724668395,0.39237518728458187,0.4436952219446694,0.35995901543034775,1.5676839254684847,0.4093093207999319,1.2788253448524525,0.3338907319387569,0.4565195187284543,0.3737040816367318,0.3835126073797926,0.3139410712080052
vocab_q32,Choose two words that best go with the word [ target word ].,33. adaptation,"Choose two words that best go with the word [ target word ].: 33. adaptation
change
scientist
fit
freeze","Original Text: Choose two words that best go with the word [ target word ].: 33. adaptation
change
scientist
fit
freeze
Identify two words from the provided list—change, scientist, fit, and freeze—that are most semantically related to the target word ""adaptation.""
This item measures the primary knowledge domain of **lexical semantics** and the skill of **verbal association**. It requires the respondent to identify synonyms or conceptual correlates—specifically ""change"" and ""fit""—that define the target word ""adaptation,"" thereby assessing vocabulary breadth and the ability to recognize semantic relationships.
This analysis evaluates the cognitive demand and structural complexity of the vocabulary item for the word ""adaptation.""

**Cognitive Demand**
This item requires **synthesis** and **multi-step reasoning**. The respondent must move beyond simple recall to integrate the definition of ""adaptation"" with its functional application, identifying both the process (change) and the resulting state (fit).

**Structural and Semantic Elements**
*   **Multi-select format:** Increases cognitive load by requiring the identification of two correct associations rather than a single synonym.
*   **Thematic distractor:** ""Scientist"" acts as an associative distractor, leveraging common contextual priming (biological adaptation) to test the ability to distinguish a concept from its field of study.
*   **Functional-synonym pairing:** The correct answers represent different semantic facets—""change"" as the mechanism and ""fit"" as the outcome—requiring a nuanced conceptual understanding to link them to the target word.
To identify the correct associations for the item ""adaptation,"" a respondent requires a **moderate level of verbal intelligence and semantic reasoning**. This level is characterized by the ability to recognize ""adaptation"" as both a process of ""change"" and a state of ""fit,"" requiring the respondent to distinguish core functional synonyms from thematic distractors or conceptual opposites.","Original Text: Choose two words that best go with the word [ target word ].: 33. adaptation
change
scientist
fit
freeze
The core task presented in this item is to select two words from a provided list that are most closely associated with the target word ""adaptation.""
The objective is to determine the underlying construct, domain, or skill assessed by the provided word association item and justify this classification.

**Primary Skill/Construct:** Semantic knowledge (Vocabulary depth). 

**Justification:** The item requires the respondent to understand the definition of the target word (""adaptation"") and identify its correct semantic associations (""change"" and ""fit"") from a list of distractors, which measures verbal comprehension and the depth of a person's vocabulary.
In analyzing the cognitive demand and structural complexity of the vocabulary association item for ""adaptation,"" the task requires recall of definitions and multi-step reasoning to evaluate semantic relationships. The cognitive load is increased by the structural requirement to select exactly two words. Additionally, ""scientist"" serves as a tricky distractor by offering a thematic association (biology/evolution) rather than a direct semantic match like the target answers (""change"" and ""fit"").
Assessing the magnitude of the underlying latent construct necessary to correctly respond to this vocabulary association task reveals that a moderate level of cognitive ability and verbal reasoning is required.","Original Text: Choose two words that best go with the word [ target word ].: 33. adaptation
change
scientist
fit
freeze
The item requires selecting the two words from the provided list that are most closely related in meaning or association to the target word ""adaptation.""
The primary skill and knowledge domain evaluated by this item is **semantic vocabulary knowledge (specifically, lexical association and synonym recognition)**. 

This item measures a respondent's depth of receptive vocabulary and verbal comprehension by requiring them to identify concepts that are semantically and definitionally linked to the target word ""adaptation"" (specifically, ""change"" and ""fit"").
Evaluating the cognitive demand of this dual-selection vocabulary item indicates that it requires **multi-step relational reasoning and semantic recall**. 

Key elements influencing the cognitive load include:

* **Dual-Response Structure:** Requiring two correct selections increases working memory load, necessitating a comparative evaluation across all options rather than simple single-choice elimination.
* **Thematic Distractor Interference:** The distractor ""scientist"" introduces domain-level interference (evolutionary biology), requiring the test-taker to actively suppress a strong contextual association to select the true functional definitions (""change"" and ""fit"").
To successfully identify the two words most closely associated with the target concept, a respondent requires a moderate to moderately high level of verbal cognitive ability, characterized by intermediate vocabulary proficiency and abstract semantic reasoning.","Original Text: Choose two words that best go with the word [ target word ].: 33. adaptation
change
scientist
fit
freeze
The task is to pick the two words that best relate to the target word “adaptation” from the given options.
Primary construct: semantic vocabulary knowledge, specifically understanding of the word “adaptation.”

Justification: The item asks the respondent to select the two words most semantically related to the target term, which measures word meaning knowledge rather than clinical or attitudinal traits.
This is a low-demand vocabulary association item: it mainly requires simple recall/word knowledge and basic semantic matching, not multi-step reasoning or deep synthesis. Endorsement is easy because the target word “adaptation” has clear close associates, especially “change” and “fit.” The main structural feature increasing load is the forced-choice “choose two” format, which adds a small selection constraint, but there is no tricky wording, conditional logic, or emotionally loaded language.
This item requires a moderate level of the underlying verbal/semantic association ability: the respondent must recognize the target word’s meaning and select closely related synonyms or conceptually fitting words, but the task is not especially demanding.","Original Text: Choose two words that best go with the word [ target word ].: 33. adaptation
change
scientist
fit
freeze
The task is to select the two words most closely associated with “adaptation” from the options: change, scientist, fit, and freeze.
This item is measuring verbal semantic association/vocabulary knowledge, specifically understanding the meaning of “adaptation.” The best matches are “change” and “fit,” indicating recognition that adaptation involves adjusting or becoming suited to conditions.
Core ask: assess the cognitive demand of choosing the two words most associated with “adaptation” and note any features that raise difficulty.

This is a low-to-moderate cognitive-demand verbal association item. It mainly requires semantic recall plus a small amount of comparison/elimination, not deep multi-step reasoning or synthesis. The likely pair is “change” and “fit,” so the task is to recognize core meanings of adaptation and reject weaker distractors like “scientist” and “freeze.”

Load-increasing elements:
- Forced selection of exactly two answers increases discrimination demand.
- “Best go with” is somewhat vague, requiring judgment about strongest semantic fit rather than a single definitional match.
- Distractors are semantically uneven: “scientist” may weakly cue evolution/adaptation, and “freeze” may cue biological survival responses, which can create mild ambiguity.
- No complex syntax, conditional logic, or emotional wording.
This item appears to require a moderately high level of the underlying trait, since identifying “change” and “fit” as the best matches for “adaptation” depends on fairly strong verbal-conceptual reasoning and semantic precision rather than only basic word association.","Original Text: Choose two words that best go with the word [ target word ].: 33. adaptation
change
scientist
fit
freeze
Select the two options most closely associated with “adaptation” from: change, scientist, fit, and freeze.
**Primary domain:** Vocabulary and verbal-semantic reasoning.  
**Justification:** The item tests understanding of the meaning and common associations of “adaptation,” especially its relationship to “change” and “fit.”
This is a low-demand verbal-association item requiring semantic recall and selecting two related words, not multi-step reasoning or synthesis. “Change” and “fit” are the strongest associations with “adaptation,” but “freeze” may also relate contextually, creating mild ambiguity. The brief format is simple, with no complex syntax, conditional logic, or emotional wording.
The item requires a **moderate level of verbal-conceptual ability**: recognizing that “adaptation” is most strongly associated with **change** and **fit**. It does not require exceptionally high cognitive ability.","Original Text: Choose two words that best go with the word [ target word ].: 33. adaptation
change
scientist
fit
freeze
Choose the two words most closely associated with “adaptation” from: change, scientist, fit, and freeze.
**Vocabulary—semantic word association.** The item measures understanding of *adaptation* by identifying its closest conceptual associates, **change** and **fit**, while rejecting unrelated distractors.
Moderate cognitive demand: requires vocabulary recall and semantic comparison to select **“change”** and **“fit.”** It involves brief multi-option reasoning, not synthesis. Cognitive load increases because **“best go with” is somewhat ambiguous**, two answers are required, and **“scientist”** is a plausible associative distractor.
This item requires a **moderate level of underlying verbal/cognitive ability** to identify “change” and “fit” as the strongest associations with “adaptation.”",1.5448397040117492,0.3995060238977795,0.5658151232805277,0.6866167630316942,1.986981718615122,1165.0,gilbert_meta_102,1.4029320039127144,0.4303015553414265,1.196852560584564,0.3670937129508585,1.6115528325117836,0.4339128934006137,1.3295765366719179,0.3579903744922124,1.6227093725571118,0.4435793162503186,1.3522342051971308,0.36964297753849656,0.7151422773341629,0.3613448027980741,0.8055603101459985,0.4070309372517304,0.9905070070379682,0.37814428692699453,0.9086760289244661,0.346903804378765,1.2615440036388417,0.4055262633859464,1.0290942066130264,0.3308047337834904,1.447655663534953,0.41140480946778174,1.2161455870644882,0.3456126730507342
vocab_q13,Choose two words that best go with the word [ target word ].,14. extinct,"Choose two words that best go with the word [ target word ].: 14. extinct
existing
gone forever
living
lost","Original Text: Choose two words that best go with the word [ target word ].: 14. extinct
existing
gone forever
living
lost
The core task is to identify two synonyms or closely related terms for the target word ""extinct"" from a provided list of options.
This item measures **lexical knowledge**, specifically the ability to identify semantic associations and synonyms. The task requires the respondent to recognize the definition of ""extinct"" by selecting terms with equivalent meanings, thereby demonstrating vocabulary depth and word recognition skills.
This analysis evaluates the cognitive demand and structural complexity of the vocabulary item for the word ""extinct.""

**Cognitive Demand**
This ability item requires **synthesis** and **multi-step reasoning**. The respondent must retrieve the definition of the target word and simultaneously evaluate four options to identify a specific pair of synonyms, rather than a single correct answer.

**Structural and Semantic Elements**
*   **Multi-select format:** Requiring two correct answers increases cognitive load by forcing a comparative evaluation of all options.
*   **Antonym distractors:** The inclusion of ""existing"" and ""living"" functions as a semantic trap, requiring the respondent to actively inhibit related but opposite concepts.
*   **Varying semantic specificity:** The item pairs a literal, descriptive phrase (""gone forever"") with a broader synonym (""lost""), requiring the respondent to bridge different linguistic registers to find the correct set.
The level of the underlying latent trait—specifically verbal ability and vocabulary proficiency—required to successfully answer this item is moderate. A respondent must possess a foundational grasp of academic English to distinguish the permanent state of being ""extinct"" from its antonyms and correctly identify ""gone forever"" and ""lost"" as the appropriate descriptors.","Original Text: Choose two words that best go with the word [ target word ].: 14. extinct
existing
gone forever
living
lost
The objective of this prompt is to summarize the provided item's core task, which is a vocabulary exercise requiring the selection of two words from a four-option list that are most closely associated with the target word ""extinct.""
To determine the primary construct measured by the provided word-association item and justify this classification:

**Primary Skill/Knowledge Domain:** Vocabulary knowledge (Semantic comprehension)

**Justification:** The item requires the respondent to understand the definition of the target word (""extinct"") and select semantically related synonyms or phrases (""gone forever,"" ""lost""), directly assessing lexical comprehension.
Assessing the cognitive requirements and structural difficulty of a vocabulary task requiring the selection of two related terms for the word ""extinct.""

This cognitive item requires direct recall of the target word's definition, followed by multi-step reasoning to evaluate and select exactly two corresponding concepts from the provided list. 

Structural and semantic elements increasing cognitive load include:
*   **Multiple selections:** The instruction to ""choose two words"" forces the evaluation of all options and prevents the test-taker from stopping at the first correct match.
*   **Tricky distractors:** The inclusion of direct antonyms (""existing,"" ""living"") requires the test-taker to suppress related but opposite semantic associations.
*   **Format asymmetry:** Matching a single target word to a multi-word phrase (""gone forever"") and a broader, less precise synonym (""lost"") requires semantic flexibility rather than simple one-to-one vocabulary recall.
The overall level of the underlying latent trait (verbal cognitive ability and vocabulary knowledge) required for a respondent to successfully answer this item is low, as the target word and its correct associations are common, foundational vocabulary.","Original Text: Choose two words that best go with the word [ target word ].: 14. extinct
existing
gone forever
living
lost
The core task requires identifying and selecting two words or phrases from the provided options that are most closely associated with or define the target word ""extinct.""
The primary skill assessed by this item is **receptive vocabulary knowledge (specifically, lexical semantic comprehension and synonym recognition)**. 

**Justification:** The task evaluates a test-taker's understanding of word meanings by requiring them to identify precise semantic associates and defining characteristics (""gone forever"" and ""lost"") that correspond to the target term ""extinct.""
This cognitive vocabulary item evaluates semantic recall and comparative reasoning to identify multiple synonymous associations for a single target word.

* **Multi-Response Format:** Requiring two selections instead of one increases working memory load and prevents straightforward elimination strategies.
* **Semantic Nuance and Distractors:** While ""gone forever"" is a direct, literal definition of ""extinct,"" ""lost"" is an imperfect synonym with broader meanings, requiring subtle distinction over direct antonyms (""existing,"" ""living"") that act as interference.
The level of the underlying latent trait, specifically basic verbal ability and vocabulary comprehension, required for a respondent to successfully identify the correct associations for this item is low to moderate.","Original Text: Choose two words that best go with the word [ target word ].: 14. extinct
existing
gone forever
living
lost
Select the two words that best match the meaning of “extinct” from the given options.
Primary construct: vocabulary knowledge of word meaning, specifically semantic understanding of “extinct.”

Justification: The item asks the respondent to select the two closest synonyms/associations for “extinct,” which tests knowledge of its meaning rather than a clinical or psychological trait.
This is a low-to-moderate demand vocabulary item: it mainly requires recall of the meaning of “extinct” and simple semantic matching. The “choose two words” instruction adds a small multi-selection step, but there is no real multi-step reasoning or deep synthesis. The threshold for endorsement is low because the correct choices are straightforward synonyms/near-synonyms (“gone forever,” “lost”), while the distractors are clear opposites or unrelated (“existing,” “living”).
This item requires a moderate-to-high level of the underlying trait: the respondent must understand the target word’s meaning well enough to identify the two semantically closest options, indicating solid vocabulary knowledge and word-association ability.","Original Text: Choose two words that best go with the word [ target word ].: 14. extinct
existing
gone forever
living
lost
The task is to select the two options most closely associated with the target word “extinct.”
This item is measuring **verbal semantic knowledge / vocabulary (synonym recognition)**, specifically understanding the meaning of **“extinct.”** The correct pair, **“gone forever”** and **“lost,”** reflects knowledge that *extinct* means no longer existing.
This asks for the cognitive demand and any wording features that affect difficulty.

Moderate cognitive demand: it mainly requires vocabulary knowledge plus a small comparison step to identify the two strongest semantic matches. “Extinct” maps most directly to “gone forever” and secondarily to “lost,” while “existing” and “living” are distractors because they are near the same semantic field but opposite or only loosely related.

Load-increasing elements:
- Multi-select format: choosing two words raises comparison demands.
- Plausible distractors: “living” and “existing” are semantically adjacent to biological status, making them tempting.
- Degree of precision: “gone forever” is the clearest synonym, but “lost” is less exact, requiring finer semantic judgment.
- No severe endorsement threshold: this is a cognitive/vocabulary item, not an attitudinal or symptom item.
This item requires a relatively low-to-moderate level of the underlying trait, since correctly identifying “gone forever” and “lost” as matching “extinct” depends on fairly common vocabulary knowledge rather than especially advanced verbal ability.","Original Text: Choose two words that best go with the word [ target word ].: 14. extinct
existing
gone forever
living
lost
Choose the two options most closely associated with “extinct” from the listed words.
**Primary construct:** Vocabulary knowledge—specifically recognizing synonyms and semantic associations.

**Justification:** The item tests whether the respondent understands *extinct* as meaning no longer existing, or “gone forever,” and can select the semantically related words.
This is a low-demand verbal-semantic item requiring word-meaning recognition, not multi-step reasoning or synthesis. The best associations are **“gone forever”** and **“lost,”** though **“lost”** is somewhat ambiguous because it does not always imply extinction. Opposite-word distractors (**“existing,” “living”**) are straightforward; the brief format imposes minimal cognitive load.
This item requires a **low level of verbal/cognitive ability**: basic vocabulary and semantic understanding are sufficient to identify “gone forever” and “lost” as related to “extinct.”","Original Text: Choose two words that best go with the word [ target word ].: 14. extinct
existing
gone forever
living
lost
Choose the two words most closely associated with “extinct” from the provided options.
**Vocabulary knowledge—understanding “extinct.”** The item measures whether the respondent recognizes that *extinct* most closely means **“gone forever”** and **“lost,”** rather than existing or living.
Low-to-moderate cognitive demand: requires vocabulary recall and selecting two related meanings (“gone forever,” “lost”) while rejecting antonyms (“existing,” “living”). The two-choice format and the less precise distractor “lost” add minor semantic ambiguity; “gone forever” uses absolute wording.
This item requires a relatively low to moderate level of verbal ability, as “extinct” is a common term and the correct associations (“gone forever” and “lost”) contrast clearly with “existing” and “living.”",2.463860111339528,-0.338106091991953,-0.6417415196667751,-0.6542678726203851,0.5198224995903717,702.0,gilbert_meta_102,0.4005100388616363,0.3881918754354484,0.34167833096292827,0.33116960680722113,-1.0865686029026675,0.4101640421985716,-0.8964497413665834,0.33839690247309573,-0.1907409422576395,0.3922769260955577,-0.15894801053984367,0.32689173202968647,0.48120899434857695,0.36610942386264417,0.5420499934327763,0.4123979666445539,-0.9274975395817986,0.40410215951172573,-0.8508721039992558,0.37071716098505164,-1.8160490218316512,0.49148571311238415,-1.4814271415832718,0.4009254520953072,-0.515852161637682,0.3808776388270022,-0.43335673375631917,0.3199674282625545
vocab_q7,Choose two words that best go with the word [ target word ].,8. fracture,"Choose two words that best go with the word [ target word ].: 8. fracture
solve
attach
crack
fragment","Original Text: Choose two words that best go with the word [ target word ].: 8. fracture
solve
attach
crack
fragment
Identify two synonyms for the word ""fracture"" from the provided list: solve, attach, crack, and fragment.
This analysis identifies the specific attribute measured by the word association item.

**Primary Knowledge Domain:** Lexical Semantics

**Justification:** The item evaluates the respondent's ability to recognize synonyms and semantic relationships by requiring them to link the target word ""fracture"" with its related terms, ""crack"" and ""fragment.""
This analysis evaluates the cognitive demand and structural complexity of the vocabulary item for the word ""fracture.""

**Cognitive Requirements**
The item requires **recall** of semantic definitions and **multi-step reasoning** to compare the target word against multiple options to identify a synonymous pair.

**Structural and Semantic Elements**
The **multi-select format** increases cognitive load by requiring the identification of two correct associations rather than a single best answer. The **semantic clarity** of the correct options (""crack,"" ""fragment"") relative to the distinct distractors (""solve,"" ""attach"") maintains a moderate threshold for endorsement.
To describe the level of the latent trait required for the item ""fracture,"" this analysis identifies the verbal ability and vocabulary knowledge necessary for success. This item requires a low-to-moderate level of verbal intelligence, as it necessitates the recognition of common synonyms and semantic associations for a basic physical concept frequently encountered in everyday language and introductory medical or scientific contexts.","Original Text: Choose two words that best go with the word [ target word ].: 8. fracture
solve
attach
crack
fragment
A summary of the core task presented in this item is to select two words from a provided list of four options that are most closely associated in meaning with the target word ""fracture.""
The objective is to determine the primary construct assessed by the provided word association item and provide a brief rationale.

**Primary Skill:** Semantic knowledge (Vocabulary)

**Justification:** The item requires the respondent to comprehend the meaning of the target word (""fracture"") and identify its synonyms or semantically related terms (""crack,"" ""fragment"") from a set of distractors.
In analyzing the cognitive demand and structural complexity of the vocabulary association item for the word ""fracture,"" this cognitive task requires semantic recall and multi-step reasoning. The structural requirement to ""choose two words"" increases the cognitive load by forcing the evaluation of all options rather than stopping at a single match. Semantically, the distractor ""attach"" serves as a tricky foil by presenting an antonymous concept (repairing a break), while selecting both ""crack"" and ""fragment"" requires synthesizing the target word's semantic field.
In assessing the magnitude of the underlying latent trait needed to successfully answer this item, a low to moderate level of verbal cognitive ability is required, as the target word (""fracture"") and its correct associations (""crack,"" ""fragment"") are common vocabulary terms with easily distinguishable distractors.","Original Text: Choose two words that best go with the word [ target word ].: 8. fracture
solve
attach
crack
fragment
The core task presented in this item is to select two words from a provided multiple-choice list that are most closely related or synonymous to the stimulus word ""fracture.""
**Construct Measured:** Semantic Knowledge and Verbal Comprehension (specifically, synonym recognition and semantic association).

**Justification:** This item evaluates a respondent's lexical proficiency and verbal reasoning by requiring them to identify semantically related words and direct synonyms (""crack"" and ""fragment"") for the target concept (""fracture""), distinguishing them from unrelated or antonymous distractors.
**Cognitive Demand Analysis:**
This item assesses verbal ability at a low-to-moderate demand level, requiring semantic recall and association rather than multi-step reasoning or synthesis. 

**Structural and Semantic Load Elements:**
* **Dual-Selection Format:** Requiring test-takers to identify two correct associates (""crack"" and ""fragment"") increases working-memory load compared to standard single-choice items.
* **Lexical Category Flexibility:** The target (""fracture"") and correct responses (""crack,"" ""fragment"") can function as both nouns and verbs, requiring flexible semantic mapping.
* **Low Distractor Interference:** The non-target options (""solve,"" ""attach"") are clearly differentiated (unrelated or antonymic), keeping the overall cognitive threshold relatively low.
To successfully solve this vocabulary item by identifying the words paired with ""fracture,"" a respondent requires a **low to low-moderate level of underlying verbal cognitive ability**. The task demands only basic lexical comprehension and straightforward semantic recognition, as the target term and its correct associates (*crack* and *fragment*) are common, high-frequency words with direct, non-abstract relationships.","Original Text: Choose two words that best go with the word [ target word ].: 8. fracture
solve
attach
crack
fragment
The task is to pick the two words most closely associated with “fracture” from the options given.
Primary construct: vocabulary knowledge / semantic association for the word “fracture.”

Justification: The item asks the respondent to select words most closely related in meaning to “fracture,” which tests understanding of its semantic field; “crack” and “fragment” are the best matches.
This is a low-to-moderate demand word-association item: it mainly requires semantic recall and simple matching, not multi-step reasoning or deep synthesis. The core task is to identify two synonyms/near-synonyms for “fracture,” which should be “crack” and “fragment.” The main load comes from selecting multiple correct options and distinguishing close semantic neighbors; there is no strong emotional wording, conditional logic, or tricky distractor structure beyond basic synonym discrimination.
This item requires a moderate-to-high level of verbal-semantic ability, specifically recognizing close synonym or association relationships. The correct choices are the words most strongly linked to “fracture” in meaning: “crack” and “fragment.”","Original Text: Choose two words that best go with the word [ target word ].: 8. fracture
solve
attach
crack
fragment
The task is to select the two words most closely associated with “fracture” from the options given: solve, attach, crack, and fragment.
This item is measuring verbal semantic association/vocabulary knowledge, specifically understanding the meaning of “fracture.” The best matches are “crack” and “fragment,” so the task assesses recognition of synonym/related-word relationships.
This asks for the cognitive demand and any wording features that affect difficulty for the word-association item.

Moderate cognitive demand: it mainly requires semantic knowledge/recall plus a small amount of comparison, not deep multi-step reasoning or synthesis. The test-taker must identify the two closest associates of “fracture” among the options, likely “crack” and “fragment,” which involves distinguishing stronger from weaker semantic relations.

Load-increasing elements:
- Forced selection of exactly two answers increases comparison demands.
- “Best go with” is somewhat vague, requiring judgment about degree of relatedness.
- Presence of plausible but weaker distractors (“solve,” “attach”) raises discrimination difficulty.
- No complex syntax, conditional logic, or emotional wording.
This item appears to require a moderately high level of the underlying trait, since correctly selecting “crack” and “fragment” depends on fairly strong verbal reasoning and nuanced semantic knowledge rather than only basic vocabulary.","Original Text: Choose two words that best go with the word [ target word ].: 8. fracture
solve
attach
crack
fragment
Select the two words from the list that best relate to “fracture.”
**Primary construct:** Verbal-semantic association ability (vocabulary).

**Justification:** The item assesses whether the respondent can recognize words closely related in meaning or usage to **“fracture,”** such as **“crack”** and **“fragment.”**
This is a low-demand verbal-association item requiring semantic recall and comparison, not multi-step reasoning or synthesis. Selecting **“crack”** and **“fragment”** depends on recognizing meanings related to **“fracture.”** The vague phrase “best go with” and the target’s noun/verb ambiguity add slight cognitive load; distractors are relatively weak, with no conditional logic or emotional content.
The item requires a **moderate level of verbal–semantic ability**: recognizing that **“fracture”** is most closely associated with **“crack”** and **“fragment.”**","Original Text: Choose two words that best go with the word [ target word ].: 8. fracture
solve
attach
crack
fragment
Choose the two words most closely associated with “fracture” from: solve, attach, crack, and fragment.
**Construct:** Vocabulary knowledge and semantic association.  
**Justification:** The item tests understanding of “fracture” by identifying its closest meaning-related words: **crack** and **fragment**.
Low-demand cognitive item requiring basic vocabulary recall and semantic association. The two best matches are **crack** and **fragment**. Cognitive load is slightly increased by selecting two answers and distinguishing related meanings from unrelated distractors (**solve**, **attach**); no multi-step reasoning or complex phrasing is involved.
This item requires a **low-to-moderate level of verbal ability**, as recognizing “crack” and “fragment” as related to “fracture” is relatively straightforward.",1.3702719821691838,0.2055215971940197,0.265754995801836,0.3529278602540958,1.423228468390097,1056.0,gilbert_meta_102,-1.2955154635976518,0.4423205072807486,-1.105214647295349,0.37734717738391843,-0.015443583464284538,0.4186393121173599,-0.01274139190599393,0.34538923918005865,-1.1392965703447953,0.4403231359245604,-0.9493972354743329,0.36692954130077915,0.7960553502090087,0.4072469698408516,0.8967035163942705,0.4587366818165635,0.7516642504774906,0.4001082366299634,0.6895653249853182,0.3670531970168581,1.0229873831449743,0.44568944481243694,0.83449359387871,0.36356752065888337,-0.006773213992789295,0.4246878177927244,-0.005690037012987078,0.3567714536670267
vocab_q34,Choose two words that best go with the word [ target word ].,35. physical characteristics,"Choose two words that best go with the word [ target word ].: 35. physical characteristics
sleeps
looks like
acts like
claws","Original Text: Choose two words that best go with the word [ target word ].: 35. physical characteristics
sleeps
looks like
acts like
claws
Identify two terms from the provided list that best define or exemplify the concept of ""physical characteristics.""
This item assesses the conceptual categorization of descriptive terminology.

**Primary Knowledge Domain:** Semantic Knowledge (Vocabulary)

**Justification:** The task requires the respondent to differentiate between observable anatomical traits (""looks like,"" ""claws"") and behavioral patterns (""sleeps,"" ""acts like"") to demonstrate an accurate understanding of the term ""physical characteristics.""
This analysis evaluates the cognitive demand and structural complexity of the item ""physical characteristics.""

**Cognitive Demand**
This item requires **synthesis** and **multi-step reasoning**. The respondent must first define the abstract concept of ""physical characteristics"" and then evaluate the options to distinguish between anatomical traits and behavioral patterns.

**Structural and Semantic Elements**
*   **Multiple-Response Format:** Requiring the selection of two words increases cognitive load by forcing the respondent to find two distinct types of associations (one descriptive and one categorical).
*   **Categorical Shift:** The correct answers represent different levels of abstraction—""looks like"" is a general descriptor, while ""claws"" is a specific anatomical feature—requiring flexible reasoning.
*   **Behavioral Distractors:** ""Sleeps"" and ""acts like"" serve as semantic traps that test the ability to differentiate between external appearance and internal/functional behaviors.
To describe the level of the latent trait required for the item ""physical characteristics,"" this analysis identifies a **moderate level of verbal reasoning and semantic categorization**. A respondent must possess the conceptual clarity to distinguish between anatomical or observable traits (""looks like,"" ""claws"") and behavioral actions (""sleeps,"" ""acts like""), necessitating a foundational grasp of descriptive classification.","Original Text: Choose two words that best go with the word [ target word ].: 35. physical characteristics
sleeps
looks like
acts like
claws
The core task of this prompt is to summarize the provided item, which requires the user to select two options from a given list (""sleeps,"" ""looks like,"" ""acts like,"" ""claws"") that best associate with the target concept of ""physical characteristics.""
To identify the primary construct measured by the provided word association item and justify this classification:

**Primary Skill/Construct:** Semantic knowledge (vocabulary comprehension). 

**Justification:** The item requires the individual to understand the meaning of the phrase ""physical characteristics"" and correctly categorize related physical attributes (""looks like,"" ""claws"") while distinguishing them from behavioral traits (""sleeps,"" ""acts like"").
In evaluating the cognitive demand and structural complexity of this word association task, the item requires multi-step reasoning and semantic synthesis. The respondent must define the abstract concept of ""physical characteristics"" and map it to concrete examples. The cognitive load is elevated by the multi-select format (""Choose two words"") and the inclusion of tricky distractors (""acts like,"" ""sleeps""). These distractors represent behavioral traits, requiring the test-taker to strictly differentiate between physical attributes (""looks like,"" ""claws"") and actions.
Regarding the degree of the underlying latent trait necessary to successfully answer this item, a low to moderate level of cognitive ability and verbal reasoning is required. Correctly categorizing ""looks like"" and ""claws"" as physical characteristics—while excluding the behavioral descriptors ""sleeps"" and ""acts like""—relies on basic semantic knowledge and foundational vocabulary rather than advanced cognitive proficiency.","Original Text: Choose two words that best go with the word [ target word ].: 35. physical characteristics
sleeps
looks like
acts like
claws
The core task requires selecting two options from a provided list that are most closely associated with the target concept of ""physical characteristics.""
**Construct Measured:** Semantic Knowledge and Vocabulary Association

**Justification:** The core psychological construct assessed by this item is semantic comprehension, specifically the ability to categorize related concepts and identify defining attributes of abstract vocabulary (in this case, connecting ""physical characteristics"" with visual appearance and anatomical traits like ""looks like"" and ""claws"").
To assess the cognitive demand and structural complexity of this ability item:

* **Cognitive Demand Level:** The item requires **multi-step reasoning and semantic categorization**, as the test-taker must evaluate each option against the abstract definition of ""physical characteristics"" to separate visible/structural traits from behavioral ones.
* **Structural/Semantic Elements Increasing Load:**
  * **Multi-Select Format:** Requiring the selection of two correct responses increases working memory load and reduces the efficacy of simple elimination strategies.
  * **Parallel Phrasing Distractors:** The near-identical structure of ""looks like"" (physical) versus ""acts like"" (behavioral) creates semantic interference, demanding precise differentiation between appearance and action.
  * **Mixed Abstraction Levels:** Combining a functional phrase (""looks like"") with a concrete anatomical noun (""claws"") requires shifting between different representational levels to identify shared categorical membership.
The level of the underlying latent trait—specifically verbal cognitive ability and semantic categorization skill—required to successfully answer this vocabulary association item is **low to moderate**. 

A respondent needs only foundational conceptual reasoning and elementary vocabulary knowledge to correctly identify concrete, observable structural attributes (""looks like,"" ""claws"") and distinguish them from behavioral actions (""sleeps,"" ""acts like"").","Original Text: Choose two words that best go with the word [ target word ].: 35. physical characteristics
sleeps
looks like
acts like
claws
The task is to pick the two words that best match the target word’s physical characteristics: **looks like** and **claws**.
This item is measuring **semantic word association / vocabulary knowledge**, specifically the ability to identify words that are **meaningfully related to a target word**. The correct choices are likely **“looks like”** and **“acts like,”** which reflect conceptual similarity rather than unrelated features like “sleeps” or “claws.”
This is a low-demand matching task: it mainly requires simple recall/recognition of word associations, not multi-step reasoning or deep synthesis. The wording is straightforward, with only a mild structural load from the instruction to choose two options. The main cognitive burden comes from selecting the two semantically related choices among distractors; “looks like” and “acts like” are the likely matches, while “sleeps” and “claws” are distractors.
This item requires a moderate level of the underlying trait: the respondent needs enough verbal-semantic understanding to recognize that the target word is best matched by words describing appearance or behavior, rather than unrelated features.","Original Text: Choose two words that best go with the word [ target word ].: 35. physical characteristics
sleeps
looks like
acts like
claws
The task is to pick the two options most associated with “physical characteristics”; the best matches are “looks like” and “claws.”
This item is primarily measuring **verbal semantic association / vocabulary knowledge**. It asks the respondent to identify the two words most conceptually related to the target phrase “physical characteristics,” which assesses understanding of word meaning and category-based relationships rather than a clinical symptom, belief, or psychological trait.
This asks for the cognitive demand and any wording features that affect difficulty.

Moderate cognitive demand: it requires semantic categorization plus a small amount of comparison/elimination rather than simple recall. The respondent must infer which two options fit the category “physical characteristics,” distinguishing observable traits from behaviors. “Looks like” and “claws” fit; “sleeps” and “acts like” are behavioral. This involves light multi-step reasoning, not synthesis.

Load-increasing elements: the instruction “choose two” adds selection/elimination demands; the options mix noun-like and verb-like phrases, creating mild ambiguity; “looks like” is somewhat broad/vague, which can slightly raise difficulty. No emotional wording, conditional logic, or severe endorsement threshold.
This item appears to require a relatively low-to-moderate level of the underlying latent trait, since identifying “physical characteristics” as best matching “looks like” and “claws” depends more on basic semantic association than on especially high ability or extreme endorsement propensity.","Original Text: Choose two words that best go with the word [ target word ].: 35. physical characteristics
sleeps
looks like
acts like
claws
Select the two options most closely associated with “physical characteristics” from: “sleeps,” “looks like,” “acts like,” and “claws.”
**Primary construct:** Semantic vocabulary and word-association ability.  
**Justification:** The item requires recognizing which choices relate meaningfully to “physical characteristics”—“looks like” and “claws”—rather than selecting actions or behaviors.
This is a low-demand verbal-semantic association item requiring basic categorization and minimal reasoning, not recall, multi-step reasoning, or synthesis. The best matches are likely **“looks like”** and **“claws,”** both linked to physical traits. Cognitive load is slightly increased by the instruction to select two answers and by grammatical/semantic mismatch among options; distractors (“sleeps,” “acts like”) represent behavior rather than appearance.
This item requires a low-to-moderate level of verbal and semantic ability: the respondent must recognize straightforward, concrete associations with the target word. Strong performance reflects basic vocabulary and categorization skills rather than high cognitive ability.","Original Text: Choose two words that best go with the word [ target word ].: 35. physical characteristics
sleeps
looks like
acts like
claws
Choose the two options most closely associated with physical characteristics.
**Domain: Receptive vocabulary and semantic concept knowledge.** The item assesses understanding that “physical characteristics” refer to appearance and body features, represented by “looks like” and “claws.”
Low cognitive demand: requires basic semantic categorization and selecting two associations (“looks like,” “claws”), not recall or multi-step reasoning. Cognitive load comes from choosing exactly two and distinguishing physical traits from behavioral distractors (“sleeps,” “acts like”); the wording “best go with” is somewhat vague.
This item requires a **low to moderate level of the underlying cognitive/verbal ability**, as identifying “looks like” and “claws” as related to physical characteristics is relatively straightforward.",0.4145540439989226,4.861691234361199,2.2906051298165595,2.579569073239912,13.191452384833031,1664.0,gilbert_meta_102,0.944743931647517,0.39931143942778363,0.8059686360675599,0.3406557961590169,0.097594012859896,0.39861511373810954,0.08051781300643537,0.32886871078433794,0.29768660005218184,0.3951712818376983,0.2480678363156682,0.3293036530444543,-1.4253654246006286,0.4963773648085964,-1.6055795467621894,0.5591361560041342,-1.5758379383642946,0.5082671887383522,-1.4456497025129034,0.4662765709012944,-0.9227465019126152,0.4754789603384225,-0.7527229145806003,0.3878680743907982,-0.8365347459437323,0.44373125213202047,-0.7027555414810283,0.37276944905892473
vocab_q24,Choose two words that best go with the word [ target word ].,25. potential,"Choose two words that best go with the word [ target word ].: 25. potential
report
future
bones
ability","Original Text: Choose two words that best go with the word [ target word ].: 25. potential
report
future
bones
ability
Identify two words from the provided list that are most semantically related to the target term ""potential.""
This item assesses the identification of semantic relationships associated with the word ""potential.""

**Primary Knowledge Domain:** Vocabulary and Semantic Knowledge

**Justification:** The task requires the respondent to recognize synonyms or conceptually related terms—specifically ""future"" and ""ability""—to demonstrate an understanding of the target word's definition and linguistic application.
This analysis evaluates the cognitive demand and structural complexity of the vocabulary association task for the word ""potential.""

*   **Demand:** This cognitive item requires **synthesis** of semantic relationships and **multi-step reasoning** to identify the two most relevant correlates from the provided list.
*   **Structural/Semantic Elements:** The **multi-select format** increases cognitive load by requiring the simultaneous validation of two correct answers. The **semantic breadth** of the options increases the threshold for success, as the respondent must recognize both the temporal aspect (""future"") and the latent capacity aspect (""ability"") of the target word while rejecting the weak contextual distractor (""report"").
To describe the level of the latent trait required for the item ""potential,"" this task necessitates a moderate level of cognitive ability and verbal comprehension. A respondent must possess the abstract reasoning skills to identify semantic associations between ""potential"" and its correlates, ""future"" and ""ability,"" while rejecting unrelated distractors.","Original Text: Choose two words that best go with the word [ target word ].: 25. potential
report
future
bones
ability
The core task requires selecting two words from a provided list of four options (report, future, bones, ability) that are most closely associated with the target word ""potential.""
In identifying and justifying the primary construct measured by the provided word association item:

**Primary Skill/Construct:** Semantic knowledge (Verbal comprehension)

**Justification:** The item requires the respondent to understand the meaning of the target word (""potential"") and recognize its lexical associations (""future"" and ""ability"") among unrelated distractors, directly testing vocabulary and semantic network processing.
Analyzing the cognitive demand, required reasoning level, and structural elements that increase the difficulty of the provided vocabulary association item:

This cognitive item requires multi-step reasoning and semantic synthesis. The respondent must evaluate the target word (""potential"") against all options to identify multiple valid relationships, rather than relying on simple recall of a single definition. 

The primary structural element increasing cognitive load is the dual-selection requirement (""Choose two words""), which taxes working memory. Additionally, the semantic phrasing ""best go with"" requires synthesizing different types of associations—specifically, linking ""potential"" to a related temporal concept (""future"") and a near-synonym (""ability""). The distractors (""report,"" ""bones"") lack semantic overlap, which prevents the cognitive load from being excessively high.
Evaluating the degree of the underlying latent trait—specifically verbal cognitive ability—needed to successfully answer this item indicates that a low to moderate level is required. The target word ""potential"" and its correct associations (""future,"" ""ability"") are common, everyday vocabulary words that do not demand advanced linguistic comprehension or complex abstract reasoning.","Original Text: Choose two words that best go with the word [ target word ].: 25. potential
report
future
bones
ability
The core task presents a vocabulary association exercise requiring the selection of two words from a provided four-option list (""report,"" ""future,"" ""bones,"" ""ability"") that share the strongest semantic relationship or contextual pairing with the target term ""potential.""
This item is designed to assess **verbal ability**, specifically focusing on **semantic knowledge and vocabulary association**. 

**Justification:** The task requires the test-taker to identify direct conceptual links, synonyms, and collocations related to the target word ""potential"" (correctly identifying ""future"" and ""ability"" as semantic associates) while rejecting unrelated distractors.
**Cognitive Demand and Complexity Analysis for the Item ""Potential"":**

* **Cognitive Demand:** This cognitive ability item requires **semantic synthesis and multi-step relational reasoning**. Rather than simple rote recall, it demands evaluating abstract semantic overlap, latent meanings, and collocational strength across multiple options.
* **Structural and Semantic Elements Increasing Load:**
  * **Dual-Selection Constraint:** Requiring test-takers to identify *two* correct associates increases working memory load through simultaneous, comparative evaluation of all choices rather than a single elimination process.
  * **Semantic Abstraction and Polysemy:** The target word ""potential"" operates across distinct grammatical and conceptual categories—functioning as an adjective relating to prospective time (""future"") and as a noun denoting latent capacity (""ability"")—requiring cognitive flexibility to recognize and bridge dual semantic dimensions.
To successfully identify the correct semantic associations for ""potential"" (""future"" and ""ability""), a respondent requires a **low-to-moderate level of verbal cognitive ability**, as the task assesses standard vocabulary comprehension and straightforward conceptual matching rather than complex or specialized verbal reasoning.","Original Text: Choose two words that best go with the word [ target word ].: 25. potential
report
future
bones
ability
Select the two words most closely associated with “potential” from the given options.
Primary construct: **semantic vocabulary knowledge / word association**.

Justification: The item asks the respondent to select the two words most closely related in meaning or association to **“potential”**. The best matches are **“future”** and **“ability,”** indicating understanding of the target word’s semantic field rather than a clinical symptom or attitude.
This is a low-severity, low-demand vocabulary association item: it mainly requires simple word recall and semantic matching, not multi-step reasoning or deep synthesis. The main load comes from selecting two best-fit synonyms/associates for “potential,” with mild ambiguity because several options can feel loosely related. Structural complexity is minimal; there are no conditional cues, distractors with strong emotional force, or tricky wording beyond the “choose two” constraint.
This item requires a moderate level of the underlying verbal-semantic trait: the respondent needs enough vocabulary and associative reasoning to identify the two words most strongly related to the target word.","Original Text: Choose two words that best go with the word [ target word ].: 25. potential
report
future
bones
ability
The task is to pick the two words most closely associated with “potential”; the best matches are “future” and “ability.”
This item is measuring verbal semantic association/vocabulary knowledge, specifically understanding the meaning of “potential.” The best matches are “future” and “ability,” indicating recognition that “potential” relates to possible future capacity.
Core ask: assess the cognitive demand of this item and note any features that raise difficulty.

This is a low-to-moderate cognitive-demand verbal association item. It mainly requires semantic recall plus a small amount of comparison/elimination, not deep multi-step reasoning or synthesis. The likely pairings for “potential” are “future” and “ability,” so the task is to recognize meaning overlap and choose the two closest associates.

Load-increasing elements:
- Forced selection of exactly two answers increases comparison demands.
- Multiple plausible nouns create mild distractor pressure.
- “Potential” is somewhat abstract/polysemous, so test-takers must choose the intended sense.
- No conditional logic, emotional wording, or severe endorsement threshold is involved.
This item appears to require a moderately high level of the underlying latent trait, since correctly linking potential with future and ability depends on fairly strong verbal-conceptual reasoning rather than only basic word association.","Original Text: Choose two words that best go with the word [ target word ].: 25. potential
report
future
bones
ability
Choose the two words that best pair with “potential” from: report, future, bones, and ability.
This item measures **verbal reasoning and semantic association**. It requires identifying which words naturally relate to “potential” (likely **future** and **ability**), indicating vocabulary knowledge and conceptual word relationships.
This is a low-demand verbal-association item requiring recall of common word pairings. The likely choices are **future** and **ability** (“potential future,” “potential ability”), though “potential report” may create mild ambiguity. It involves minimal reasoning, no conditional logic, emotional wording, or deep introspection.
The item requires a **low-to-moderate level of verbal ability**, especially vocabulary and semantic-association reasoning, to identify the two words most closely related to the target.","Original Text: Choose two words that best go with the word [ target word ].: 25. potential
report
future
bones
ability
Select the two words most closely associated with “potential” from: report, future, bones, and ability.
**Construct:** Verbal semantic knowledge (word association/vocabulary).

**Justification:** The respondent must recognize that “potential” is most closely related in meaning to **future** and **ability**, demonstrating understanding of word meanings and conceptual relationships.
Moderate cognitive demand: requires semantic recall and comparing two meanings of **“potential”**—**future** possibility and **ability**. Choosing exactly two adds selection load; **report** and **bones** are straightforward distractors. No multi-step reasoning or synthesis is required.
This item requires a relatively low-to-moderate level of verbal/cognitive ability, as “future” and “ability” are common associations with “potential.”",1.2378345691190784,0.2855324955993544,0.3476552249354251,0.4445488890488178,1.5597864003729691,1083.0,gilbert_meta_102,1.163955534628656,0.3708871772112355,0.9929798152309846,0.3164068297645492,-0.5139941613272154,0.3923787053795535,-0.42405967902515496,0.32372349800610273,1.0703317500176792,0.380933857106665,0.8919275550874844,0.31743933954456716,0.21574681867795736,0.3514431530025085,0.24302447173881464,0.39587738594721733,0.7601982367388904,0.3778432447353481,0.6973942738890663,0.34662763286124887,0.26959221527166843,0.3860657039848715,0.21991764542798384,0.31492994156115894,0.40486052364970304,0.3717848206956711,0.3401149538633474,0.3123287397795516
vocab_q8,Choose two words that best go with the word [ target word ].,9. structure,"Choose two words that best go with the word [ target word ].: 9. structure
framework
wheel
building-block
symbol","Original Text: Choose two words that best go with the word [ target word ].: 9. structure
framework
wheel
building-block
symbol
The core task is to identify two words from the provided list—framework, wheel, building-block, and symbol—that are most semantically related to the target word ""structure.""
This item measures **semantic knowledge and verbal reasoning** by requiring the identification of words conceptually linked to the target ""structure.""

**Justification:** The task assesses the ability to recognize synonyms and constituent components—specifically ""framework"" and ""building-block""—that define the target word's lexical and conceptual boundaries.
This analysis evaluates the cognitive demand and structural complexity of the word association task for the target word ""structure.""

**Cognitive Demand**
This item requires **synthesis** and **multi-step reasoning**. The respondent must evaluate the semantic relationship between the target and four distinct options, then synthesize these relationships to select the two most compatible terms.

**Structural and Semantic Elements**
*   **Semantic Breadth:** The target word ""structure"" functions both abstractly (framework) and concretely (building-block), requiring the respondent to navigate multiple conceptual domains simultaneously.
*   **Forced-Choice Constraint:** The requirement to select exactly two words increases cognitive load by necessitating a comparative ranking of the options' relevance rather than simple identification.
*   **Distractor Plausibility:** While ""wheel"" is a clear distractor, ""symbol"" introduces a potential abstract association that must be rejected in favor of more direct structural components.
To successfully identify ""framework"" and ""building-block"" as the primary associations for ""structure,"" a respondent requires a moderate level of verbal reasoning and abstract conceptualization. This level of the latent trait involves the ability to recognize structural metaphors and foundational components while distinguishing them from unrelated concrete or symbolic distractors.","Original Text: Choose two words that best go with the word [ target word ].: 9. structure
framework
wheel
building-block
symbol
The core task of this item is to select two words from a provided list of four options that are most closely associated with the target word ""structure.""
To identify the primary construct measured by the provided word association item and justify this classification:

**Construct:** Semantic knowledge (Verbal comprehension)
**Justification:** The item requires the individual to understand the definition of a target word and recognize its conceptual relationships or synonyms (""framework,"" ""building-block"") among unrelated distractors.
In analyzing the cognitive demand and structural elements that increase the difficulty of selecting two associated words for the target word ""structure,"" this cognitive item requires multi-step reasoning and semantic synthesis. The respondent must retrieve the meaning of the target word and evaluate multiple conceptual relationships simultaneously. The cognitive load is increased by the ""choose two"" constraint, which taxes working memory more than a standard single-answer format. Additionally, the instruction ""best go with"" is semantically broad, requiring the respondent to deduce the specific associative relationship. Success requires synthesizing abstract and metaphorical meanings to correctly identify ""framework"" and ""building-block"" over the distractors.
To determine the overall magnitude of the underlying latent trait needed to successfully answer this item, a moderate level of cognitive ability and verbal reasoning is required.","Original Text: Choose two words that best go with the word [ target word ].: 9. structure
framework
wheel
building-block
symbol
The core task requires selecting two words from the provided options that are most closely associated with or related to the target word ""structure.""
**Construct Measured:** Lexical-semantic knowledge and verbal association ability (a facet of crystallized intelligence).

**Justification:** The task evaluates an individual's capacity to comprehend conceptual relationships and identify precise semantic overlaps or synonyms (specifically linking the target word ""structure"" to ""framework"" and ""building-block"") while filtering out semantically incongruent distractors.
To evaluate the cognitive demand and structural complexity of this semantic association item:

* **Cognitive Demand:** The item requires **multi-step relational reasoning and semantic categorization** rather than simple recall. The respondent must simultaneously evaluate abstract and concrete relationships to identify both an architectural/conceptual synonym (*framework*) and a constituent part-whole relation (*building-block*).
* **Structural and Semantic Elements Increasing Load:**
  * **Dual-Selection Constraint:** Requiring two correct answers necessitates simultaneous pairwise comparisons across all options, increasing working memory load.
  * **Polysemy and Semantic Abstraction:** The target word *structure* operates across physical (architectural) and conceptual (organizational) domains, requiring the respondent to resolve meaning across different levels of abstraction.
  * **Categorical Distractors:** *Symbol* introduces an abstract conceptual distractor, while *wheel* presents a functional/mechanical component distractor, requiring fine-grained boundary discrimination between mere components and foundational structural elements.
The level of the underlying latent trait—specifically verbal cognitive ability and semantic comprehension—required to successfully answer this item is low to moderate (average), as identifying ""framework"" and ""building-block"" as related to ""structure"" relies on standard vocabulary knowledge and basic conceptual categorization rather than advanced or specialized reasoning.","Original Text: Choose two words that best go with the word [ target word ].: 9. structure
framework
wheel
building-block
symbol
The task is to pick the two words that best associate with “structure” from the given options.
Primary construct: semantic association / vocabulary knowledge.

Justification: The item asks the respondent to select words most closely related in meaning to “structure,” which measures understanding of word relationships and lexical semantics rather than clinical or attitudinal content.
This is a low-to-moderate demand vocabulary association item: it mainly requires recall and simple semantic matching, not multi-step reasoning or deep synthesis. The “choose two words” instruction adds a small selection burden, but the wording is straightforward. The main load comes from distinguishing close semantic relations among the options; there is no strong emotional wording, conditional logic, or obvious distractor complexity.
This item requires a moderate-to-high level of the underlying verbal-semantic trait: the respondent must understand the target word’s meaning and select closely related associates, indicating solid vocabulary and semantic association ability rather than minimal knowledge.","Original Text: Choose two words that best go with the word [ target word ].: 9. structure
framework
wheel
building-block
symbol
The task is to select the two options most closely associated with the target word “structure” from the list provided.
This item is primarily measuring **verbal semantic association / vocabulary knowledge**. It asks the respondent to identify the two words most conceptually related to **“structure”**—likely **“framework”** and **“building-block”**—which tests understanding of word meaning and semantic relationships.
Core ask: assess the cognitive demand of choosing the two best associates for “structure” and note any wording/features that raise difficulty.

This is a low-to-moderate cognitive-demand verbal association item. It mainly requires semantic recall plus light comparison/elimination, not deep multi-step reasoning or synthesis. The respondent must retrieve meanings of “structure” and each option, then judge which two are most closely related.

Load-increasing elements:
- Forced selection of exactly two answers increases discrimination demand.
- “Best go with” is somewhat vague, requiring relative semantic judgment rather than a single clear rule.
- Options include one strong abstract synonym/associate (“framework”), one plausible metaphorical/functional associate (“building-block”), and weaker distractors (“wheel,” “symbol”), so subtle overlap can create mild ambiguity.
- No conditional logic, complex phrasing, or emotional wording.
This item appears to require a moderately high level of the underlying latent trait, since correctly linking “structure” with “framework” and “building-block” depends on fairly strong verbal-conceptual reasoning and sensitivity to abstract semantic relationships.","Original Text: Choose two words that best go with the word [ target word ].: 9. structure
framework
wheel
building-block
symbol
Select the two words most closely associated with “structure” from the provided options.
**Primary construct:** Verbal-semantic reasoning and vocabulary knowledge.  

**Justification:** The item measures the ability to identify the two words most closely associated with “structure,” likely **framework** and **building-block**, based on semantic relationships and common usage.
This is a low-to-moderate cognitive-demand vocabulary/semantic-association item. It primarily requires recall and comparison of word relationships, with minimal synthesis rather than multi-step reasoning. The “choose two” format requires ranking plausible associations; distractors such as “wheel” and “symbol” may be semantically related but less direct, creating mild ambiguity. No complex phrasing, conditional logic, emotional wording, or deep introspection is involved.
This item requires a **moderate level of verbal–conceptual ability**: the respondent must recognize semantic relationships and identify **“framework”** and **“building-block”** as the strongest associations with “structure.”","Original Text: Choose two words that best go with the word [ target word ].: 9. structure
framework
wheel
building-block
symbol
Select the two words most closely associated with “structure” from: framework, wheel, building-block, and symbol.
**Construct:** Verbal semantic reasoning/word association.  
**Justification:** The item tests recognition of words most closely related in meaning to “structure” (“framework” and “building-block”).
**Moderate cognitive demand:** requires semantic association and comparing four options to select two—likely **framework** and **building-block**. Load is increased by the ambiguous polysemy of **structure** and plausible distractors (**wheel**, **symbol**), but no recall-heavy knowledge, conditional logic, or multi-step synthesis is required.
This item requires a **moderate level of the underlying verbal reasoning ability**, as respondents must recognize that “framework” and “building-block” are most closely related to “structure.”",1.097143742866621,-0.6685735580791383,-0.7724718379188137,-0.7993859240089971,0.4496049709820694,655.0,gilbert_meta_102,1.0791782958781444,0.42709379528540464,0.920655671940465,0.3643571470830308,1.5534388722599144,0.4505642934158191,1.2816308805040462,0.37172824911618546,1.1662963038999474,0.43055044184796853,0.9718966206765962,0.35878577173194354,0.8180464533649201,0.39116882959444643,0.9214750345105892,0.44062572396388855,1.0919277437620387,0.39192030573134906,1.0017178667329791,0.3595417140276463,1.5192082213109925,0.432679577703917,1.2392816855222435,0.3529548279334887,1.5281710924901375,0.43371546825976576,1.2837849339623204,0.36435539614285284
vocab_q31,Choose two words that best go with the word [ target word ].,32. diversity,"Choose two words that best go with the word [ target word ].: 32. diversity
large pieces
riches
mix
variety","Original Text: Choose two words that best go with the word [ target word ].: 32. diversity
large pieces
riches
mix
variety
Select two synonyms for the word ""diversity"" from the provided list.
This item measures **lexical knowledge (vocabulary)**. It assesses the ability to identify semantic synonyms and word associations for the target term ""diversity"" by requiring the selection of ""mix"" and ""variety"" from a list of options.
This analysis evaluates the cognitive demand and structural complexity of the vocabulary item for the word ""diversity.""

**Cognitive Demand**
This item requires **synthesis** of semantic relationships, as the respondent must integrate their understanding of the target word to identify multiple conceptually related synonyms.

**Structural and Semantic Elements**
*   **Multi-response format:** The requirement to select two words increases cognitive load by necessitating a comparative evaluation of all options rather than a single-choice elimination.
*   **Semantic distractors:** The option ""riches"" acts as a distractor by leveraging the common association between ""diversity"" and ""richness"" or ""abundance.""
*   **Synonym mapping:** The task requires distinguishing between abstract conceptual matches (""mix,"" ""variety"") and literal or tangential associations (""large pieces,"" ""riches"").
The level of the underlying latent trait—specifically verbal ability and vocabulary knowledge—required to successfully identify ""mix"" and ""variety"" as synonyms for ""diversity"" is low-to-moderate. This item necessitates a foundational grasp of common academic terminology (Tier 2 vocabulary) rather than advanced linguistic nuance or specialized expertise.","Original Text: Choose two words that best go with the word [ target word ].: 32. diversity
large pieces
riches
mix
variety
The core task presented in this item is to select two words from a provided list that are most closely associated with the target word ""diversity.""
The objective is to determine the primary domain or construct assessed by the provided text and justify this classification.

**Primary Skill/Domain:** Vocabulary knowledge (Lexical semantics)

**Justification:** The item requires the respondent to understand the meaning of the target word (""diversity"") and identify its semantic synonyms (""mix"" and ""variety"") from a list of options.
To analyze the cognitive demand and structural complexity of the vocabulary item targeting the word ""diversity"": 

This cognitive item requires semantic recall and multi-step evaluation. The primary structural element that increases the cognitive load is the instruction to choose exactly two words (""mix"" and ""variety""). This forces the respondent to evaluate the entire set of options rather than stopping at the first recognized synonym, though the straightforward nature of the distractors (""large pieces,"" ""riches"") keeps the overall threshold for correct endorsement relatively low.
Regarding the overall magnitude of the underlying latent trait needed to correctly answer this vocabulary question, a low level of cognitive ability and verbal comprehension is required, as the target word ""diversity"" and its correct associations (""mix"" and ""variety"") are highly common, foundational terms.","Original Text: Choose two words that best go with the word [ target word ].: 32. diversity
large pieces
riches
mix
variety
The core task requires selecting two terms from a provided four-option list that are most closely associated with or synonymous with the target word ""diversity.""
**Target Construct / Skill:** Receptive Vocabulary Knowledge (specifically, lexical semantics and synonym recognition).

**Justification:** This assessment item evaluates an individual's understanding of word meanings and semantic associations by requiring them to identify precise synonyms (""mix"" and ""variety"") that correspond to the target term (""diversity"").
**Cognitive Demand Assessment:**

* **Processing Requirement:** This item relies on basic **semantic recall and synonym matching**. It does not require multi-step reasoning or synthesis, as it primarily tests direct vocabulary knowledge of the target word ""diversity.""
* **Structural and Semantic Elements Affecting Load:**
  * **Multi-Selection Format:** Requiring the selection of *two* correct answers (""mix"" and ""variety"") slightly increases working memory load compared to a standard single-choice format.
  * **Distractor Plausibility:** The distractors (""large pieces,"" ""riches"") share low semantic overlap with the target, resulting in low interference and keeping the overall cognitive difficulty low.
To successfully identify the correct synonyms for this vocabulary item, a respondent requires a low-to-moderate (average) level of the underlying latent trait of verbal cognitive ability, as the target word and its matching associates are common, high-frequency terms requiring only standard vocabulary comprehension.","Original Text: Choose two words that best go with the word [ target word ].: 32. diversity
large pieces
riches
mix
variety
The task is to pick the two words that best match the target word “diversity” from the given options.
Primary construct: vocabulary knowledge / semantic association for the concept of diversity.

Justification: The item measures whether the respondent can identify words most closely related in meaning to “diversity,” with “mix” and “variety” being the strongest semantic matches.
This is a low-demand vocabulary association item. It mainly requires simple recall/recognition of synonyms or near-synonyms, not multi-step reasoning or synthesis. The threshold for endorsement is modest: “diversity” most directly aligns with “variety” and “mix,” while “large pieces” and “riches” are distractors. The structure is straightforward, with no conditional logic or emotionally loaded wording.
This item requires a moderate level of the underlying trait: the respondent needs enough verbal and semantic knowledge to recognize the target word’s meaning and select the closest associates, but it does not demand especially high cognitive ability or deep expertise.","Original Text: Choose two words that best go with the word [ target word ].: 32. diversity
large pieces
riches
mix
variety
The task is to pick the two options most associated with “diversity”; the best matches are “mix” and “variety.”
This item is measuring **verbal semantic knowledge / vocabulary (synonym recognition)**. It asks the respondent to identify the two words most closely associated in meaning with **“diversity,”** which assesses understanding of word meaning and semantic relationships.
Core ask: assess the cognitive demand of choosing the two best associates for “diversity” and note any features that raise difficulty.

This is a low-demand cognitive/ability item. It mainly requires vocabulary knowledge/semantic recall, with light comparison among options rather than multi-step reasoning or synthesis. The best matches are likely “mix” and “variety.”

Load-increasing elements:
- Forced selection of two answers increases discrimination demand slightly.
- “Best go with” is somewhat vague, requiring semantic judgment rather than a single explicit relation.
- Presence of a plausible but weaker distractor (“riches,” via “diversity” sometimes implying abundance) adds mild ambiguity.
- No complex phrasing, conditional logic, or emotional wording.
This item appears to require a relatively low-to-moderate level of the underlying trait, since identifying “mix” and “variety” as the two words that best match “diversity” depends on recognizing a fairly common synonym relationship rather than demonstrating especially advanced ability.","Original Text: Choose two words that best go with the word [ target word ].: 32. diversity
large pieces
riches
mix
variety
Choose the two options that best relate to “diversity” from the choices provided.
**Primary construct:** Verbal ability, specifically vocabulary and semantic association.

**Justification:** Selecting “mix” and “variety” requires recognizing words synonymous or closely associated with “diversity,” rather than relying on factual or clinical knowledge.
This is a low-to-moderate cognitive-demand vocabulary item requiring semantic association and selection of two answers, not multi-step reasoning or synthesis. “Diversity” most strongly matches **mix** and **variety**; **large pieces** and **riches** are distractors. The phrasing is simple, with minimal cognitive load and no emotional or attitudinal endorsement threshold.
This item requires a relatively low-to-moderate level of verbal ability: basic vocabulary and semantic association are sufficient to identify **“mix”** and **“variety”** as related to *diversity*.","Original Text: Choose two words that best go with the word [ target word ].: 32. diversity
large pieces
riches
mix
variety
Choose the two words most closely associated with “diversity” from the provided options.
**Vocabulary/semantic association:** The item measures understanding of the word **“diversity”** by identifying its closest related meanings, **“mix”** and **“variety.”**
**Demand: Low.** Requires basic vocabulary recall and simple semantic matching: **“mix”** and **“variety”** relate to *diversity*. The only added load is selecting exactly two options; distractors are straightforward, with no complex phrasing, conditional logic, or emotional content.
The item requires a **low to moderate level of verbal ability**, as recognizing “mix” and “variety” as related to “diversity” is relatively straightforward.",0.6659626958788449,0.8636763394926967,0.6484301079337706,0.7780546688023677,2.1772327044555237,1196.0,gilbert_meta_102,-0.5980387617369253,0.42924230764404125,-0.5101916709558456,0.3661900602325706,-1.6303974031290185,0.4921506083941414,-1.3451238388955014,0.4060381318121479,-0.7914216234438846,0.4396173486203561,-0.6595065068657564,0.3663413954809057,-0.18139178227971658,0.37677789394399774,-0.20432580344135606,0.4244152901057744,-1.9446090884385876,0.6049730108637684,-1.7839547340275084,0.5549930179313662,-0.7289113774630113,0.4508126385107126,-0.5946034966024474,0.3677467240311355,-1.1709244571508242,0.47484348474968074,-0.9836694230675209,0.39890619231546626
vocab_q21,Choose two words that best go with the word [ target word ].,22. trait,"Choose two words that best go with the word [ target word ].: 22. trait
truth
feature
characteristic
exam","Original Text: Choose two words that best go with the word [ target word ].: 22. trait
truth
feature
characteristic
exam
Identify two synonyms for the word ""trait"" from the provided list.
This item measures **lexical knowledge**, specifically the ability to identify semantic associations and synonyms. The task requires the respondent to recognize that ""feature"" and ""characteristic"" share a definitional relationship with ""trait,"" distinguishing them from semantically unrelated distractors.
To analyze the cognitive demand and structural elements of the vocabulary item for the word ""trait"":

**Cognitive Demand**
This item requires **recall** of precise lexical definitions and **synthesis** to identify semantic equivalence across multiple terms.

**Structural and Semantic Elements**
*   **Multi-response format:** The ""choose two"" instruction increases cognitive load by requiring the examinee to validate multiple correct associations rather than stopping at the first plausible match.
*   **Semantic Proximity:** The high degree of synonymy between ""feature"" and ""characteristic"" requires specific knowledge of abstract nouns.
*   **Low-threshold Distractors:** The words ""truth"" and ""exam"" lack semantic relation to the target, reducing the difficulty of the elimination process.
To successfully identify the synonyms for ""trait,"" a respondent requires a moderate level of verbal ability and vocabulary knowledge. This item necessitates the capacity to recognize semantic equivalence among abstract nouns, specifically identifying ""feature"" and ""characteristic"" as functional synonyms for the target word.","Original Text: Choose two words that best go with the word [ target word ].: 22. trait
truth
feature
characteristic
exam
The core task presented in this item is to select two words from a provided list of four options that are most synonymous or closely associated with the target word ""trait.""
In identifying the primary skill or psychological construct measured by the provided text and justifying this classification:

**Primary Skill/Construct:** Vocabulary (Synonym Recognition / Verbal Comprehension)

**Justification:** The item requires the respondent to understand the semantic meaning of the target word (""trait"") and identify its closest lexical equivalents (""feature"" and ""characteristic"") from a set of distractors.
To evaluate the cognitive demand and structural complexity of this vocabulary item: 

This cognitive task requires recall of word meanings and multi-step reasoning to identify synonyms. The cognitive load is elevated by the structural requirement to select exactly *two* correct answers (""feature"" and ""characteristic""), preventing the respondent from stopping after finding a single match and forcing an evaluation of all options. Additionally, the word ""truth"" serves as a tricky distractor due to its orthographic and phonetic similarity to the target word ""trait,"" requiring precise semantic discrimination rather than superficial pattern matching.
Regarding the degree of the underlying latent trait necessary to successfully answer this item, a low to moderate level of verbal cognitive ability and vocabulary knowledge is required to correctly identify ""feature"" and ""characteristic"" as the words that best associate with ""trait.""","Original Text: Choose two words that best go with the word [ target word ].: 22. trait
truth
feature
characteristic
exam
The core task is to identify two options from the provided list that are most closely related or synonymous with the target word ""trait.""
The cognitive construct being evaluated is **verbal ability**, specifically **lexical semantic knowledge and synonym recognition**. 

**Justification:** The task requires the test-taker to demonstrate an understanding of the target word ""trait"" by successfully identifying its semantic equivalents (""feature"" and ""characteristic"") among unrelated distractors.
To evaluate the cognitive demand and structural complexity of the provided vocabulary item:

* **Cognitive Demand:** The item primarily demands **semantic recall and synonym recognition** rather than complex multi-step reasoning or synthesis. The task relies on standard lexical association to link the target word (""trait"") to its near-synonyms.
* **Structural/Semantic Elements:** 
  * **Multi-Response Format:** Requiring the selection of *two* correct answers (""feature"" and ""characteristic"") slightly increases working memory load compared to a standard single-choice format.
  * **Distractor Plausibility:** The cognitive load remains low because the distractors (""truth,"" ""exam"") have minimal semantic overlap with the target, preventing ambiguity or fine-grained discrimination challenges.
To successfully identify the correct associations for the word ""trait,"" a respondent requires an average to moderately low level of the underlying latent trait of verbal cognitive ability (intermediate vocabulary knowledge), as recognizing ""feature"" and ""characteristic"" relies on standard semantic comprehension without requiring advanced linguistic proficiency or complex reasoning.","Original Text: Choose two words that best go with the word [ target word ].: 22. trait
truth
feature
characteristic
exam
The task is to pick the two words that best match the target word “trait” from the given options.
Primary construct: vocabulary/semantic association knowledge, specifically understanding of the word “trait” and its closest synonyms.  
Justification: The item asks the respondent to select words that best match the target word, which measures lexical meaning recognition rather than clinical or attitudinal content.
This is a low-demand vocabulary matching item. It mainly requires simple semantic recall/association, not multi-step reasoning or synthesis. The endorsement threshold is low because the target word “trait” has clear near-synonyms, and the task is just to choose two best matches. The only modest load comes from having to discriminate among closely related options, with “exam” as an obvious distractor.
This item requires a low level of the underlying trait: it mainly reflects basic vocabulary and word-association knowledge, with only modest cognitive demand.","Original Text: Choose two words that best go with the word [ target word ].: 22. trait
truth
feature
characteristic
exam
The task is to select the two options most closely associated with the target word “trait”; the best matches are “feature” and “characteristic.”
This item is measuring verbal semantic reasoning / vocabulary knowledge, specifically understanding synonymy and category relations. The target word “trait” is best matched by “feature” and “characteristic,” so the task assesses knowledge of word meanings and the ability to identify semantically related terms.
This asks for the cognitive demand of a word-association item and what makes it harder or easier to answer.

Low to moderate cognitive demand: it mainly requires vocabulary knowledge/semantic recall plus a small comparison step to identify the two closest associates. It does not require deep multi-step reasoning or synthesis.

Load-increasing elements:
- Forced selection of exactly two answers adds comparison/elimination demand.
- Semantic overlap between “feature” and “characteristic” creates a subtle distractor structure, since both are near-synonyms of “trait.”
- “truth” and “exam” are clearer distractors, so overall complexity stays fairly low.
- The phrasing “best go with” is somewhat vague, requiring interpretation as synonymy/semantic relatedness rather than a more explicit relation.
This item appears to require a moderately high level of the underlying trait, since correctly selecting “feature” and “characteristic” as the two words most closely associated with “trait” depends on fairly strong verbal reasoning and vocabulary knowledge.","Original Text: Choose two words that best go with the word [ target word ].: 22. trait
truth
feature
characteristic
exam
Select the two words most closely associated with “trait” from the options provided.
**Primary domain:** Vocabulary and semantic association.  
**Justification:** The item measures the ability to recognize words conceptually related or synonymous with “trait,” especially **characteristic** and **feature**.
This is a low-demand verbal-association item requiring basic lexical knowledge and comparison, not multi-step reasoning or synthesis. The respondent must identify two words semantically related to “trait,” most plausibly “feature” and “characteristic.” The synonym overlap creates mild ambiguity, while “truth” and “exam” function as relatively weak distractors. No complex phrasing, conditional logic, emotional wording, or introspection is involved.
This item requires a **low-to-moderate level of verbal ability**: basic vocabulary, semantic association, and recognition of common word pairings. It does not require a high latent trait level or strong psychological symptomology.","Original Text: Choose two words that best go with the word [ target word ].: 22. trait
truth
feature
characteristic
exam
Select the two words most closely associated with “trait” from truth, feature, characteristic, and exam.
**Construct:** Receptive vocabulary—understanding word meaning and semantic associations.

**Justification:** The respondent must identify “feature” and “characteristic” as the two words most closely related in meaning to “trait.”
Low-demand cognitive item requiring vocabulary recall and semantic matching, not multi-step reasoning or synthesis. “Feature” and “characteristic” best match “trait.” Cognitive load comes from selecting exactly two options; “truth” is an orthographically similar distractor, while “exam” is semantically unrelated.
This item requires a moderate level of verbal ability, as respondents must recognize “feature” and “characteristic” as the two words most closely related to “trait.”",2.097460092862604,0.1150253614004218,0.1814425594847098,0.2602248540406565,1.2972217394246297,1019.0,gilbert_meta_102,0.2164440783065123,0.33842328067034466,0.18465018163534067,0.2887116188825149,0.6403674315704089,0.3539491901890651,0.5283211910203695,0.2920180641648099,0.3265740925152604,0.34009952856124037,0.2721403264803075,0.2834113264331575,-0.7260666705716361,0.3309827152780673,-0.8178659140565104,0.3728300608464497,0.6365479539403501,0.3422556842331882,0.583959389380008,0.3139801473548972,-0.6654351256869021,0.35680503429478083,-0.5428232631964911,0.29106078949604375,0.7832322210877771,0.3471356228771852,0.6579771925850787,0.2916214584095938
vocab_q11,Choose two words that best go with the word [ target word ].,12. function,"Choose two words that best go with the word [ target word ].: 12. function
operate
mystery
teeth
perform","Original Text: Choose two words that best go with the word [ target word ].: 12. function
operate
mystery
teeth
perform
The task is to identify two words from the provided list—operate, mystery, teeth, and perform—that are most semantically related to the target word ""function.""
This item measures **lexical semantic knowledge**, specifically the ability to identify synonyms or semantically related terms. By requiring the selection of ""operate"" and ""perform"" as correlates to ""function,"" the task assesses vocabulary breadth and the respondent's capacity to recognize linguistic equivalencies.
To analyze the cognitive demand and structural complexity of the word association item for ""function"":

**Cognitive Demand**
This cognitive ability item requires **synthesis**. The respondent must evaluate the semantic relationships between the target word and multiple options to identify functional synonyms across different contexts (mechanical vs. general execution).

**Structural and Semantic Elements**
*   **Multiple-Response Format:** Requiring two correct selections increases cognitive load compared to single-choice items by necessitating a more exhaustive search of the provided set.
*   **Semantic Mapping:** The demand is driven by the need to recognize ""operate"" and ""perform"" as functional equivalents to ""function,"" requiring the test-taker to bridge slightly different linguistic applications of the word.
*   **Low-Interference Distractors:** The words ""mystery"" and ""teeth"" lack semantic proximity to the target, which lowers the threshold for endorsement by making the correct pair more distinct.
To correctly associate ""function"" with ""operate"" and ""perform,"" a respondent requires a low-to-moderate level of verbal cognitive ability. This item necessitates basic vocabulary proficiency and the ability to identify common synonyms while rejecting semantically unrelated distractors.","Original Text: Choose two words that best go with the word [ target word ].: 12. function
operate
mystery
teeth
perform
The core task presented in this item is to select two words from a provided list of four options that are most closely associated with the target word ""function.""
The objective is to determine the primary construct or domain assessed by the provided word association item and justify this classification.

**Primary Construct:** Semantic knowledge (Vocabulary/Synonym identification)

**Justification:** The item requires the respondent to understand the meaning of the target word (""function"") and identify semantically related words or synonyms (""operate,"" ""perform"") from the given choices.
Evaluating the cognitive demand and structural complexity of the vocabulary association task for the word ""function"":

This cognitive item requires semantic recall and basic synthesis to identify related concepts. The primary structural element increasing cognitive load is the requirement to select exactly *two* correct options (""operate"" and ""perform""), which forces the respondent to evaluate all choices rather than stopping at the first recognized match. However, the distractors (""mystery,"" ""teeth"") are semantically distant, keeping the overall difficulty and threshold for correct endorsement low.
Determining the overall level of the underlying latent trait required to successfully answer this item indicates that a low to moderate level of cognitive ability and verbal comprehension is needed, because the target word (""function"") and its correct associations (""operate,"" ""perform"") are common, everyday vocabulary words with easily eliminated distractors.","Original Text: Choose two words that best go with the word [ target word ].: 12. function
operate
mystery
teeth
perform
The core task of this item requires selecting two words from the provided list (operate, mystery, teeth, perform) that are most closely related or synonymous with the target term ""function.""
The primary skill being assessed by this item is **semantic vocabulary knowledge**, specifically **synonym identification and semantic association**. 

This task evaluates an individual's verbal comprehension by requiring them to recognize and select the two semantic equivalents (""operate"" and ""perform"") that share the same functional meaning as the target word (""function"") among unrelated distractors.
**Cognitive Demand Analysis:**
The item requires **direct semantic recall** and basic synonym identification rather than complex, multi-step reasoning or synthesis. 

**Structural and Semantic Factors Influencing Cognitive Load:**
* **Dual-Selection Requirement:** Instructing the test-taker to identify two correct associations (""operate"" and ""perform"") slightly increases working memory load relative to standard single-choice items.
* **Low-Distractor Interference:** The distractors (""mystery,"" ""teeth"") are completely unrelated semantically and categorically, minimizing cognitive load and keeping the threshold for correct identification low.
* **Polysemy/Part of Speech Mapping:** The item requires briefly disambiguating the target word ""function"" into its verb usage to align with the correct action-oriented options.
The level of the underlying latent trait required to successfully identify the correct associations for the word ""function"" is **low-to-moderate verbal cognitive ability and basic-to-intermediate English language proficiency**. Because the target term is a standard Tier 2 vocabulary word with direct, non-abstract synonyms (""operate"" and ""perform"") and distinct distractors, successful completion demands only standard lexical comprehension rather than advanced verbal reasoning.","Original Text: Choose two words that best go with the word [ target word ].: 12. function
operate
mystery
teeth
perform
The task is to pick the two words that most closely relate to the target word “function” from the given options.
Primary construct: semantic vocabulary knowledge, specifically word association/lexical semantics.

Justification: The item asks the respondent to select the two words most closely related in meaning to “function,” which assesses understanding of semantic relationships rather than clinical symptoms or attitudes.
This is a low-demand word-association item: it mainly requires simple recall of a related term, not multi-step reasoning or synthesis. The endorsement threshold is low, since “function” pairs straightforwardly with “operate” and there is no severe symptom or strong belief involved. Structural load is minimal, with only a basic instruction to choose two words and a small set of distractors; the only mild complexity is that multiple options may seem loosely related, but none create tricky conditional logic or emotional wording.
This item requires a moderate-to-high level of verbal reasoning and semantic association, since the respondent must identify the two words most strongly related to the target word.","Original Text: Choose two words that best go with the word [ target word ].: 12. function
operate
mystery
teeth
perform
The task is to select the two words most closely associated with “function” from the options: operate, mystery, teeth, and perform.
This item is measuring **verbal semantic association / vocabulary knowledge**. It asks the respondent to identify words most closely related in meaning to the target word “function,” with **operate** and **perform** being the best semantic matches.
Core ask: assess the cognitive demand of choosing the two words most associated with “function” and note any wording features that affect difficulty.

This is a low-to-moderate cognitive-demand verbal association item. It mainly requires lexical knowledge/recall plus a small amount of comparison, not deep multi-step reasoning or synthesis. The likely pair is “operate” and “perform,” so the task is to recognize near-synonyms and reject unrelated distractors (“mystery,” “teeth”).

Load-increasing elements:
- Forced selection of exactly two answers adds mild comparison/elimination demand.
- “Best go with” is somewhat vague, requiring semantic judgment rather than a strict rule.
- Presence of plausible synonym-level choices increases discrimination demand.
- No conditional logic, emotional wording, or severe endorsement threshold.
This item appears to require a moderately high level of the underlying latent trait, since correctly linking function with operate and perform depends on fairly strong verbal reasoning and semantic association ability.","Original Text: Choose two words that best go with the word [ target word ].: 12. function
operate
mystery
teeth
perform
Choose the two options most closely associated with the word “function” from: operate, mystery, teeth, and perform.
**Primary construct:** Verbal comprehension and semantic association.

**Justification:** The item requires recognizing which two options are most meaningfully related to “function”—likely **operate** and **perform**—thereby assessing vocabulary knowledge and understanding of word meanings.
This is a low-demand verbal association item requiring semantic recall, not multi-step reasoning or synthesis. The respondent must identify two words related to “function”: **operate** and **perform**. Cognitive load is slightly increased by the target’s noun/verb ambiguity and plausible but weaker distractors (“teeth,” “mystery”); no conditional logic or emotional wording is present.
This item requires a **low-to-moderate level of verbal reasoning**: recognizing that **“operate”** and **“perform”** are the strongest associations with “function.”","Original Text: Choose two words that best go with the word [ target word ].: 12. function
operate
mystery
teeth
perform
Select the two words most closely related to “function” from: operate, mystery, teeth, and perform.
**Vocabulary—semantic association (word meaning):** It measures understanding that *function* is most closely related to **operate** and **perform**.
Moderate cognitive demand: requires semantic association and selecting two synonyms (“operate,” “perform”) while rejecting unrelated distractors (“mystery,” “teeth”). The two-answer requirement adds slight working-memory and comparison load; phrasing and emotional content are otherwise simple.
This item requires a **low to moderate level of verbal/cognitive ability**, as identifying “operate” and “perform” as related to “function” is relatively straightforward.",2.0314165003224023,-0.2875300627446385,-0.5002847821787019,-0.4972642933187762,0.6081922214272452,755.0,gilbert_meta_102,-1.823947609635613,0.49779161137418926,-1.556024355333116,0.42467002181795127,-0.6725012914444453,0.40647104714780596,-0.5548325316722497,0.3353500774044503,-1.3933328249474775,0.460112021223935,-1.161090418889297,0.38341999118483266,0.08337298705649562,0.34782529636747056,0.09391413630500034,0.3918021105714572,0.5192358956195223,0.3711930314760297,0.476339095386632,0.3405268285932922,0.306495732271612,0.3941125846907008,0.250021387698364,0.3214941187058238,-0.7119683727248053,0.4116835970376895,-0.5981099072306093,0.3458468767232041
vocab_q29,Choose two words that best go with the word [ target word ].,30. camouflage,"Choose two words that best go with the word [ target word ].: 30. camouflage
tell
hide
air
protect","Original Text: Choose two words that best go with the word [ target word ].: 30. camouflage
tell
hide
air
protect
The core task is to select two words from the provided list—tell, hide, air, and protect—that are most closely associated with the meaning or function of the word ""camouflage.""
This analysis identifies the primary construct measured by the word association task for the term ""camouflage.""

**Construct:** Semantic Knowledge (Vocabulary)

**Justification:** The item evaluates the respondent's ability to identify functional and synonymous relationships between words, specifically requiring the recognition of ""hide"" and ""protect"" as the core attributes or purposes of the target term.
This analysis evaluates the cognitive demand and structural complexity of the vocabulary item for the target word ""camouflage.""

**Cognitive Demand**
This item requires **synthesis**. The respondent must integrate the definition of ""camouflage"" with both its direct functional synonym (""hide"") and its broader teleological purpose (""protect"") to identify the two correct associations.

**Structural and Semantic Elements**
*   **Multiple-Response Format:** Requiring two correct answers instead of one increases cognitive load by necessitating a comparative evaluation of all options.
*   **Functional vs. Purpose-Driven Logic:** The item pairs a literal action (""hide"") with a secondary outcome (""protect""), requiring the respondent to shift between different semantic relationships.
*   **Antonymous Distractor:** The word ""tell"" serves as a conceptual opposite, requiring the respondent to filter out conflicting associations.
The level of the underlying latent trait, specifically verbal cognitive ability, required to correctly associate ""camouflage"" with ""hide"" and ""protect"" is moderate. This item necessitates an understanding of both the primary definition and the functional utility of a mid-frequency vocabulary word, requiring the respondent to distinguish relevant semantic associations from unrelated distractors.","Original Text: Choose two words that best go with the word [ target word ].: 30. camouflage
tell
hide
air
protect
The core task presented in this item is to select two words from a provided list of four options that are most closely associated with the target word ""camouflage.""
In identifying and justifying the primary construct measured by the provided word association item:

**Construct:** Semantic knowledge and vocabulary comprehension. 

**Justification:** The item requires the individual to understand the definition of the target word (""camouflage"") and recognize its synonymous and functional relationships with the correct options (""hide"" and ""protect"").
In analyzing the cognitive demand and structural complexity of this vocabulary association item, the task requires both recall of the target word's definition and multi-step reasoning to evaluate semantic relationships. The structural requirement to select exactly two words increases the cognitive load by forcing a complete evaluation of all options rather than stopping at a single correct answer. Additionally, the semantic threshold is elevated because the correct selections represent different types of associations: ""hide"" is a direct synonym, whereas ""protect"" requires synthesizing the functional purpose of ""camouflage.""
Assessing the magnitude of the underlying latent trait needed to correctly solve this vocabulary association task, a moderate level of cognitive ability (specifically verbal comprehension) is required, as identifying ""hide"" and ""protect"" as correlates of ""camouflage"" relies on average, widely acquired semantic knowledge rather than highly advanced vocabulary.","Original Text: Choose two words that best go with the word [ target word ].: 30. camouflage
tell
hide
air
protect
The presented task requires selecting the two options from a provided list (tell, hide, air, protect) that have the strongest semantic association with the target word ""camouflage.""
The cognitive construct this item assesses is **lexical semantic knowledge (verbal comprehension and vocabulary breadth)**. 

**Justification:** The task evaluates an individual's receptive vocabulary and semantic network retrieval by requiring them to identify correct conceptual associations and functional synonyms (""hide"" and ""protect"") linked to the target concept (""camouflage"") while rejecting semantic distractors.
**Demand Analysis:**
This verbal ability item primarily demands semantic recall and direct conceptual association, rather than complex multi-step reasoning or synthesis. 

**Complexity-Driving Elements:**
* **Multi-Selection Format:** Requiring test-takers to select *two* correct associations increases working memory load compared to standard single-response formats.
* **Dual-Level Semantic Association:** ""Hide"" functions as a direct synonym/mechanism of ""camouflage,"" whereas ""protect"" represents a secondary, functional outcome, requiring the test-taker to recognize both direct and consequential relationships.
* **Low Distractor Plausibility:** The non-target options (""tell,"" ""air"") share no semantic overlap with the target, mitigating overall cognitive load.
The underlying latent trait of verbal cognitive ability and semantic comprehension required to correctly identify the associations for ""camouflage"" (""hide"" and ""protect"") is at a low-to-moderate (basic to intermediate) level, requiring only foundational vocabulary knowledge and direct conceptual association rather than advanced verbal reasoning.","Original Text: Choose two words that best go with the word [ target word ].: 30. camouflage
tell
hide
air
protect
The task is to pick the two words that best associate with “camouflage” from the given options.
Primary construct: semantic vocabulary knowledge, specifically word association/lexical meaning.

Justification: The item asks the respondent to select the two words most closely related in meaning or association to “camouflage,” which assesses understanding of the target word’s semantic field rather than clinical or attitudinal content.
This is a low-severity, low-demand vocabulary association item: it mainly requires simple word recall and basic semantic matching. Endorsement is easy because the target word “camouflage” strongly cues “hide” and possibly “protect,” so no deep reasoning or introspection is needed. The main load comes from selecting two best-fit options among close semantic neighbors, with minimal structural complexity.
This item requires a moderate-to-high level of the underlying verbal/semantic association ability: the respondent must infer the target word’s meaning and select the two most closely related words, here “hide” and “camouflage.”","Original Text: Choose two words that best go with the word [ target word ].: 30. camouflage
tell
hide
air
protect
The task is to select the two options most closely associated with “camouflage”; the best matches are hide and protect.
This item is measuring verbal semantic association/vocabulary knowledge, specifically understanding the meaning of “camouflage.” The best matches are “hide” and “protect,” indicating recognition of camouflage as concealment used for protection.
Core ask: assess the cognitive demand of choosing the two words most associated with “camouflage” and note any features that raise difficulty.

This is a low-to-moderate cognitive-demand verbal association item. It mainly requires lexical knowledge/semantic recall plus a small amount of comparison, not deep multi-step reasoning or synthesis. The likely pair is “hide” and “protect,” so the task involves identifying the strongest semantic links among plausible options.

Load-increasing elements:
- Forced selection of exactly two answers, which adds comparison/discrimination.
- Mild distractor plausibility: “protect” is related but less directly than “hide,” so ranking associations matters.
- Slight ambiguity in “best go with,” which relies on broad semantic relatedness rather than a single explicit rule.

No conditional logic, complex phrasing, or strong emotional wording.
This item appears to require a relatively high level of the underlying latent trait, since correctly selecting **hide** and **protect** for **camouflage** depends on fairly strong verbal/conceptual knowledge and nuanced semantic association rather than a simple, obvious pairing.","Original Text: Choose two words that best go with the word [ target word ].: 30. camouflage
tell
hide
air
protect
Select the two words that best relate to “camouflage” from the provided options.
**Primary construct:** Vocabulary and semantic association ability.  
**Justification:** The item requires recognizing which words are meaningfully associated with “camouflage”; “hide” and “protect” are the strongest associations.
This is a verbal-association item requiring basic semantic reasoning, not recall or synthesis. The respondent must identify two words associated with “camouflage,” most plausibly **hide** and **protect**. Cognitive load is low: the wording is simple, there is no conditional logic or complex phrasing, and distractors (“tell,” “air”) are relatively weak, though “protect” is somewhat indirect.
This item requires a relatively low level of verbal/cognitive ability: recognizing that **“camouflage”** is associated with **“hide”** and **“protect.”** A respondent with basic vocabulary and semantic reasoning should answer successfully; strong endorsement is not relevant.","Original Text: Choose two words that best go with the word [ target word ].: 30. camouflage
tell
hide
air
protect
Select the two words most closely associated with “camouflage” from: tell, hide, air, and protect.
**Vocabulary/semantic word association:** The item measures understanding of “camouflage” by requiring selection of the two most closely related words, **hide** and **protect**.
Low-to-moderate cognitive demand: requires semantic knowledge and comparison across options rather than multi-step reasoning or synthesis. Selecting two answers (“hide,” “protect”) adds minor load, while “tell” and “air” are straightforward distractors. No complex phrasing, conditional logic, or emotional content.
This item requires a **moderate level of underlying verbal/cognitive ability**, as respondents must recognize that “camouflage” is most closely associated with **hide** and **protect**.",2.75953880297134,-0.7722603123063079,-1.5207639401223625,-1.6238513905531171,0.1971379797574285,411.0,gilbert_meta_102,0.7698778977398146,0.4151390271984243,0.65678901805471,0.3541584384099145,1.3585477539228976,0.4306736986335595,1.1208402114555012,0.3553179474559401,-0.36436396890493095,0.42540355281379777,-0.30363134041569756,0.3544967724076885,-0.6152239828869728,0.4066499611387307,-0.6930089832069994,0.4580641911381587,0.8844470480910597,0.39224655821007526,0.8113782393692283,0.35984101307822264,-1.728284801429536,0.546385357786787,-1.4098341963485355,0.44570938838019303,0.8411526321018279,0.39804697281547724,0.706634932149815,0.3343910307039897
vocab_q35,Choose two words that best go with the word [ target word ].,36. complex,"Choose two words that best go with the word [ target word ].: 36. complex
upset
problem
hard
quick","Original Text: Choose two words that best go with the word [ target word ].: 36. complex
upset
problem
hard
quick
Identify two words from the provided list that are most closely associated with or synonymous to the target word ""complex.""
This response identifies the primary construct measured by the word association item for ""complex.""

**Construct:** Lexical Knowledge
**Justification:** The item evaluates the ability to recognize synonyms and semantic collocations, reflecting vocabulary depth and the capacity to identify linguistic relationships between words.
This analysis evaluates the cognitive demand and structural complexity of the word association task for the target word ""complex.""

**Cognitive Demand**
This item requires **synthesis** and **multi-step reasoning**. The respondent must evaluate the semantic proximity of four distinct options and perform a comparative analysis to determine which two share the strongest linguistic or conceptual bond with the target.

**Structural and Semantic Elements**
*   **Multiple-Response Format:** Requiring two selections instead of one increases cognitive load by necessitating a higher threshold for certainty across multiple variables.
*   **Semantic Ambiguity:** The target ""complex"" functions as both an adjective (intricate) and a noun (a system or psychological state), requiring the respondent to disambiguate the word's primary sense to match it with ""problem"" and ""hard.""
*   **Vague Relational Phrasing:** The prompt ""best go with"" is semantically broad, forcing the respondent to decide whether the relationship is based on synonymy (hard) or common collocation (problem).
To successfully identify the semantic associations for the word ""complex,"" a respondent requires a **moderate level of verbal cognitive ability** and vocabulary proficiency. This level of the latent trait is characterized by the capacity to recognize both synonymous relationships and common linguistic collocations while distinguishing them from semantically unrelated distractors.","Original Text: Choose two words that best go with the word [ target word ].: 36. complex
upset
problem
hard
quick
The core task presented in the item is to select two words from a provided list that are most closely associated with the target word ""complex.""
In determining the primary skill or psychological construct this item attempts to measure and providing a concise justification:

**Construct:** Verbal comprehension and semantic association. 
**Justification:** The task requires the respondent to understand the meaning of the target word (""complex"") and identify its correct lexical relationships or synonyms from the provided options.
To analyze the cognitive demand, reasoning requirements, and structural elements of this word association item:

This cognitive task requires vocabulary recall, multi-step reasoning, and synthesis to evaluate semantic relationships. The structural requirement to ""choose two words"" increases cognitive load by forcing the test-taker to hold and compare multiple correct associations in working memory. Semantically, the item utilizes tricky distractors and associative logic—specifically, words like ""hard"" and ""problem"" that collocate with or describe ""complex""—which raises the difficulty by requiring the evaluation of nuanced contextual fit rather than direct synonymy.
Regarding the magnitude of the underlying latent trait (verbal cognitive ability) necessary to correctly identify the associations for the target word ""complex,"" a low to moderate level is required, as the vocabulary and conceptual relationships are common and straightforward.","Original Text: Choose two words that best go with the word [ target word ].: 36. complex
upset
problem
hard
quick
The core task requires identifying two options from the provided list that are most closely associated with or semantically linked to the target word ""complex.""
**Target Construct:** Lexical-Semantic Knowledge (specifically, vocabulary depth and semantic association).

**Justification:** The item assesses a test-taker's understanding of word meanings and conceptual relationships by requiring them to identify semantically related words and common collocates (e.g., ""hard"" as a synonym and ""problem"" as a conceptual associate) for the target word ""complex.""
**Cognitive Demand Analysis:**
This verbal ability item requires **semantic retrieval and multi-step evaluation** to identify both a synonym (""hard"") and a common collocation (""problem"") associated with the target word ""complex.""

**Elements Influencing Cognitive Load:**
*   **Dual-Selection Requirement:** Mandating two correct answers increases cognitive processing by forcing simultaneous evaluation and comparison across all four options rather than stopping at the first viable match.
*   **Semantic Nuance and Polysemy:** The target ""complex"" carries multiple meanings (e.g., intricate/hard vs. a psychological complex), introducing minor interference through distractors like ""upset,"" which could plausibly relate to emotional connotations of the noun form.
*   **Cross-Category Association:** The respondent must synthesize different linguistic relationships (the definitional equivalence of ""hard"" and the thematic/collocational pairing of ""complex problem"") rather than relying on a single rule like pure synonymy.
To successfully answer this vocabulary association item, a respondent requires a low-to-moderate (average) level of the underlying latent trait of verbal cognitive ability. Correctly linking ""complex"" with ""hard"" and ""problem"" relies on standard semantic understanding and basic associative reasoning rather than advanced verbal intelligence or specialized vocabulary.","Original Text: Choose two words that best go with the word [ target word ].: 36. complex
upset
problem
hard
quick
The task is to pick the two words that best associate with “complex” from the given options.
Primary construct: vocabulary/semantic association for the word “complex.”

Justification: The item asks the respondent to select the two words most closely related in meaning or association to “complex,” which primarily measures word knowledge and semantic understanding.
This is a low-to-moderate demand vocabulary association item: it mainly requires recall and simple semantic matching, not multi-step reasoning or deep synthesis. The threshold for endorsement is modest, since “complex” pairs most naturally with “hard” and possibly “problem,” making the task straightforward. Structural load is slightly increased by the “choose two words” instruction and the placeholder target word, but there is no tricky conditional logic or emotionally loaded wording.
This item requires a moderate-to-high level of the underlying trait: the respondent needs enough verbal and semantic reasoning to identify the two strongest associations, with “complex” and “hard” being the best fits.","Original Text: Choose two words that best go with the word [ target word ].: 36. complex
upset
problem
hard
quick
The task is to select the two options that are most closely associated with the target word “complex.”
This item is measuring verbal semantic reasoning/vocabulary, specifically the ability to identify synonyms or closely related meanings for a target word. For “complex,” the best matches are “hard” and “problem,” so it assesses understanding of word meaning and semantic association.
Core ask: assess the cognitive demand of choosing the two best associates for “complex” and note any wording features that raise difficulty.

This is a low-to-moderate cognitive-demand verbal association item. It mainly requires vocabulary knowledge and simple comparison, with limited multi-step reasoning rather than deep synthesis. The respondent must evaluate semantic closeness across several plausible options, which adds some discrimination demand.

Load-increasing elements:
- Forced selection of exactly two answers.
- Multiple partially related distractors: “hard” is a close synonym, while “problem” and “upset” can be contextually associated, making the choice less automatic.
- The word “complex” is polysemous, which increases ambiguity.
- Brief phrasing with no contextual sentence, so meaning must be inferred in isolation.

No severe symptom endorsement, belief intensity, or introspection is involved.
This item appears to require a relatively high level of the underlying trait, since correctly identifying the two words most associated with “complex” depends on recognizing higher-level verbal/semantic relationships rather than relying on obvious surface similarity.","Original Text: Choose two words that best go with the word [ target word ].: 36. complex
upset
problem
hard
quick
Select the two words that best pair with “complex” from the listed options.
**Primary domain:** Vocabulary and verbal-semantic reasoning.  
**Justification:** The item measures whether the respondent can recognize words semantically or contextually associated with “complex,” most clearly **problem** and **hard**.
This is a low-to-moderate verbal-association item requiring semantic recall and comparison, not multi-step reasoning or synthesis. The likely pairings are **“complex problem”** and **“hard problem.”** Cognitive load is increased by the unclear target-word formatting and several loosely compatible distractors (“upset,” “quick”), requiring judgment about collocation strength rather than simple recognition.
This item requires a **moderate level of verbal–semantic reasoning ability**: respondents must recognize the strongest word associations among the alternatives. It is not indicative of severe difficulty or exceptionally high cognitive ability.","Original Text: Choose two words that best go with the word [ target word ].: 36. complex
upset
problem
hard
quick
Select the two words most closely associated with “complex” from: upset, problem, hard, and quick.
**Construct:** Receptive vocabulary and semantic word-association ability.  
**Justification:** The item tests whether the respondent understands *complex* and can identify closely related words—*problem* and *hard*.
This cognitive item requires basic semantic association plus comparison among distractors. For “complex,” the best matches are “problem” and “hard.” Demand is low to moderate: simple vocabulary recall, with slight ambiguity because “complex” can be a noun or adjective; no multi-step reasoning, conditional logic, or strong emotional wording.
This item requires a **moderate level of verbal cognitive ability** to identify “problem” and “hard” as the strongest associations with “complex.”",1.3850550790215077,0.5422858502926161,0.7198570395320392,0.8575227456637745,2.357313788755537,1220.0,gilbert_meta_102,0.7685098252632308,0.4099755948756978,0.6556219044368738,0.34975347282382413,0.5405610634321308,0.4095448455919407,0.44597812251527663,0.3378860478097211,0.7565865133978594,0.4065894077412433,0.6304777552342726,0.3388185918666109,0.4309370480749317,0.3945256752139455,0.48542198259442715,0.4444069877544116,1.1429846761300304,0.4235541944298519,1.0485567181732631,0.38856216129126897,1.1171210135840424,0.4538567398243266,0.9112823332749376,0.37022992478921235,0.9818213722273095,0.42349877927780716,0.8248078318598124,0.3557725669986077
